x;y
0,0001;4,16E-27
0,0002;4,27E-27
0,0003;4,39E-27
0,0004;4,51E-27
0,0005;4,63E-27
0,0006;4,76E-27
0,0007;4,89E-27
0,0008;5,02E-27
0,0009;5,16E-27
0,001;5,30E-27
0,0011;5,45E-27
0,0012;5,59E-27
0,0013;5,75E-27
0,0014;5,90E-27
0,0015;6,07E-27
0,0016;6,23E-27
0,0017;6,40E-27
0,0018;6,58E-27
0,0019;6,76E-27
0,002;6,94E-27
0,0021;7,13E-27
0,0022;7,32E-27
0,0023;7,52E-27
0,0024;7,73E-27
0,0025;7,94E-27
0,0026;8,16E-27
0,0027;8,38E-27
0,0028;8,61E-27
0,0029;8,84E-27
0,003;9,08E-27
0,0031;9,33E-27
0,0032;9,59E-27
0,0033;9,85E-27
0,0034;1,01E-26
0,0035;1,04E-26
0,0036;1,07E-26
0,0037;1,10E-26
0,0038;1,13E-26
0,0039;1,16E-26
0,004;1,19E-26
0,0041;1,22E-26
0,0042;1,25E-26
0,0043;1,29E-26
0,0044;1,32E-26
0,0045;1,36E-26
0,0046;1,40E-26
0,0047;1,43E-26
0,0048;1,47E-26
0,0049;1,51E-26
0,005;1,55E-26
0,0051;1,60E-26
0,0052;1,64E-26
0,0053;1,68E-26
0,0054;1,73E-26
0,0055;1,78E-26
0,0056;1,82E-26
0,0057;1,87E-26
0,0058;1,92E-26
0,0059;1,98E-26
0,006;2,03E-26
0,0061;2,08E-26
0,0062;2,14E-26
0,0063;2,20E-26
0,0064;2,26E-26
0,0065;2,32E-26
0,0066;2,38E-26
0,0067;2,45E-26
0,0068;2,51E-26
0,0069;2,58E-26
0,007;2,65E-26
0,0071;2,72E-26
0,0072;2,80E-26
0,0073;2,87E-26
0,0074;2,95E-26
0,0075;3,03E-26
0,0076;3,11E-26
0,0077;3,19E-26
0,0078;3,28E-26
0,0079;3,37E-26
0,008;3,46E-26
0,0081;3,55E-26
0,0082;3,65E-26
0,0083;3,75E-26
0,0084;3,85E-26
0,0085;3,95E-26
0,0086;4,06E-26
0,0087;4,17E-26
0,0088;4,28E-26
0,0089;4,39E-26
0,009;4,51E-26
0,0091;4,63E-26
0,0092;4,76E-26
0,0093;4,89E-26
0,0094;5,02E-26
0,0095;5,15E-26
0,0096;5,29E-26
0,0097;5,43E-26
0,0098;5,58E-26
0,0099;5,73E-26
0,01;5,88E-26
0,0101;6,04E-26
0,0102;6,20E-26
0,0103;6,37E-26
0,0104;6,54E-26
0,0105;6,72E-26
0,0106;6,90E-26
0,0107;7,08E-26
0,0108;7,27E-26
0,0109;7,47E-26
0,011;7,67E-26
0,0111;7,87E-26
0,0112;8,08E-26
0,0113;8,30E-26
0,0114;8,52E-26
0,0115;8,75E-26
0,0116;8,98E-26
0,0117;9,22E-26
0,0118;9,47E-26
0,0119;9,73E-26
0,012;9,99E-26
0,0121;1,03E-25
0,0122;1,05E-25
0,0123;1,08E-25
0,0124;1,11E-25
0,0125;1,14E-25
0,0126;1,17E-25
0,0127;1,20E-25
0,0128;1,23E-25
0,0129;1,27E-25
0,013;1,30E-25
0,0131;1,33E-25
0,0132;1,37E-25
0,0133;1,41E-25
0,0134;1,44E-25
0,0135;1,48E-25
0,0136;1,52E-25
0,0137;1,56E-25
0,0138;1,60E-25
0,0139;1,65E-25
0,014;1,69E-25
0,0141;1,74E-25
0,0142;1,78E-25
0,0143;1,83E-25
0,0144;1,88E-25
0,0145;1,93E-25
0,0146;1,98E-25
0,0147;2,03E-25
0,0148;2,09E-25
0,0149;2,14E-25
0,015;2,20E-25
0,0151;2,26E-25
0,0152;2,32E-25
0,0153;2,38E-25
0,0154;2,44E-25
0,0155;2,51E-25
0,0156;2,57E-25
0,0157;2,64E-25
0,0158;2,71E-25
0,0159;2,78E-25
0,016;2,86E-25
0,0161;2,93E-25
0,0162;3,01E-25
0,0163;3,09E-25
0,0164;3,17E-25
0,0165;3,26E-25
0,0166;3,34E-25
0,0167;3,43E-25
0,0168;3,52E-25
0,0169;3,62E-25
0,017;3,71E-25
0,0171;3,81E-25
0,0172;3,91E-25
0,0173;4,01E-25
0,0174;4,12E-25
0,0175;4,23E-25
0,0176;4,34E-25
0,0177;4,46E-25
0,0178;4,57E-25
0,0179;4,69E-25
0,018;4,82E-25
0,0181;4,95E-25
0,0182;5,08E-25
0,0183;5,21E-25
0,0184;5,35E-25
0,0185;5,49E-25
0,0186;5,63E-25
0,0187;5,78E-25
0,0188;5,93E-25
0,0189;6,09E-25
0,019;6,25E-25
0,0191;6,42E-25
0,0192;6,58E-25
0,0193;6,76E-25
0,0194;6,94E-25
0,0195;7,12E-25
0,0196;7,31E-25
0,0197;7,50E-25
0,0198;7,70E-25
0,0199;7,90E-25
0,02;8,11E-25
0,0201;8,32E-25
0,0202;8,54E-25
0,0203;8,76E-25
0,0204;8,99E-25
0,0205;9,23E-25
0,0206;9,47E-25
0,0207;9,72E-25
0,0208;9,98E-25
0,0209;1,02E-24
0,021;1,05E-24
0,0211;1,08E-24
0,0212;1,11E-24
0,0213;1,14E-24
0,0214;1,17E-24
0,0215;1,20E-24
0,0216;1,23E-24
0,0217;1,26E-24
0,0218;1,29E-24
0,0219;1,33E-24
0,022;1,36E-24
0,0221;1,40E-24
0,0222;1,43E-24
0,0223;1,47E-24
0,0224;1,51E-24
0,0225;1,55E-24
0,0226;1,59E-24
0,0227;1,63E-24
0,0228;1,67E-24
0,0229;1,72E-24
0,023;1,76E-24
0,0231;1,81E-24
0,0232;1,86E-24
0,0233;1,90E-24
0,0234;1,95E-24
0,0235;2,00E-24
0,0236;2,06E-24
0,0237;2,11E-24
0,0238;2,17E-24
0,0239;2,22E-24
0,024;2,28E-24
0,0241;2,34E-24
0,0242;2,40E-24
0,0243;2,46E-24
0,0244;2,53E-24
0,0245;2,59E-24
0,0246;2,66E-24
0,0247;2,73E-24
0,0248;2,80E-24
0,0249;2,87E-24
0,025;2,95E-24
0,0251;3,03E-24
0,0252;3,10E-24
0,0253;3,18E-24
0,0254;3,27E-24
0,0255;3,35E-24
0,0256;3,44E-24
0,0257;3,53E-24
0,0258;3,62E-24
0,0259;3,71E-24
0,026;3,81E-24
0,0261;3,91E-24
0,0262;4,01E-24
0,0263;4,12E-24
0,0264;4,22E-24
0,0265;4,33E-24
0,0266;4,44E-24
0,0267;4,56E-24
0,0268;4,68E-24
0,0269;4,80E-24
0,027;4,92E-24
0,0271;5,05E-24
0,0272;5,18E-24
0,0273;5,32E-24
0,0274;5,45E-24
0,0275;5,59E-24
0,0276;5,74E-24
0,0277;5,89E-24
0,0278;6,04E-24
0,0279;6,20E-24
0,028;6,36E-24
0,0281;6,52E-24
0,0282;6,69E-24
0,0283;6,86E-24
0,0284;7,04E-24
0,0285;7,22E-24
0,0286;7,41E-24
0,0287;7,60E-24
0,0288;7,80E-24
0,0289;8,00E-24
0,029;8,20E-24
0,0291;8,41E-24
0,0292;8,63E-24
0,0293;8,85E-24
0,0294;9,08E-24
0,0295;9,32E-24
0,0296;9,56E-24
0,0297;9,80E-24
0,0298;1,01E-23
0,0299;1,03E-23
0,03;1,06E-23
0,0301;1,09E-23
0,0302;1,11E-23
0,0303;1,14E-23
0,0304;1,17E-23
0,0305;1,20E-23
0,0306;1,23E-23
0,0307;1,26E-23
0,0308;1,30E-23
0,0309;1,33E-23
0,031;1,36E-23
0,0311;1,40E-23
0,0312;1,43E-23
0,0313;1,47E-23
0,0314;1,51E-23
0,0315;1,55E-23
0,0316;1,59E-23
0,0317;1,63E-23
0,0318;1,67E-23
0,0319;1,71E-23
0,032;1,76E-23
0,0321;1,80E-23
0,0322;1,85E-23
0,0323;1,90E-23
0,0324;1,94E-23
0,0325;1,99E-23
0,0326;2,05E-23
0,0327;2,10E-23
0,0328;2,15E-23
0,0329;2,21E-23
0,033;2,26E-23
0,0331;2,32E-23
0,0332;2,38E-23
0,0333;2,44E-23
0,0334;2,50E-23
0,0335;2,57E-23
0,0336;2,63E-23
0,0337;2,70E-23
0,0338;2,77E-23
0,0339;2,84E-23
0,034;2,91E-23
0,0341;2,99E-23
0,0342;3,06E-23
0,0343;3,14E-23
0,0344;3,22E-23
0,0345;3,30E-23
0,0346;3,39E-23
0,0347;3,47E-23
0,0348;3,56E-23
0,0349;3,65E-23
0,035;3,75E-23
0,0351;3,84E-23
0,0352;3,94E-23
0,0353;4,04E-23
0,0354;4,14E-23
0,0355;4,25E-23
0,0356;4,36E-23
0,0357;4,47E-23
0,0358;4,58E-23
0,0359;4,70E-23
0,036;4,82E-23
0,0361;4,94E-23
0,0362;5,06E-23
0,0363;5,19E-23
0,0364;5,32E-23
0,0365;5,46E-23
0,0366;5,60E-23
0,0367;5,74E-23
0,0368;5,89E-23
0,0369;6,03E-23
0,037;6,19E-23
0,0371;6,34E-23
0,0372;6,51E-23
0,0373;6,67E-23
0,0374;6,84E-23
0,0375;7,01E-23
0,0376;7,19E-23
0,0377;7,37E-23
0,0378;7,56E-23
0,0379;7,75E-23
0,038;7,95E-23
0,0381;8,15E-23
0,0382;8,35E-23
0,0383;8,56E-23
0,0384;8,78E-23
0,0385;9,00E-23
0,0386;9,23E-23
0,0387;9,46E-23
0,0388;9,70E-23
0,0389;9,95E-23
0,039;1,02E-22
0,0391;1,05E-22
0,0392;1,07E-22
0,0393;1,10E-22
0,0394;1,13E-22
0,0395;1,16E-22
0,0396;1,18E-22
0,0397;1,21E-22
0,0398;1,24E-22
0,0399;1,28E-22
0,04;1,31E-22
0,0401;1,34E-22
0,0402;1,38E-22
0,0403;1,41E-22
0,0404;1,45E-22
0,0405;1,48E-22
0,0406;1,52E-22
0,0407;1,56E-22
0,0408;1,60E-22
0,0409;1,64E-22
0,041;1,68E-22
0,0411;1,72E-22
0,0412;1,76E-22
0,0413;1,81E-22
0,0414;1,85E-22
0,0415;1,90E-22
0,0416;1,95E-22
0,0417;2,00E-22
0,0418;2,05E-22
0,0419;2,10E-22
0,042;2,15E-22
0,0421;2,20E-22
0,0422;2,26E-22
0,0423;2,32E-22
0,0424;2,37E-22
0,0425;2,43E-22
0,0426;2,49E-22
0,0427;2,56E-22
0,0428;2,62E-22
0,0429;2,69E-22
0,043;2,75E-22
0,0431;2,82E-22
0,0432;2,89E-22
0,0433;2,96E-22
0,0434;3,04E-22
0,0435;3,11E-22
0,0436;3,19E-22
0,0437;3,27E-22
0,0438;3,35E-22
0,0439;3,44E-22
0,044;3,52E-22
0,0441;3,61E-22
0,0442;3,70E-22
0,0443;3,79E-22
0,0444;3,89E-22
0,0445;3,99E-22
0,0446;4,09E-22
0,0447;4,19E-22
0,0448;4,29E-22
0,0449;4,40E-22
0,045;4,51E-22
0,0451;4,62E-22
0,0452;4,74E-22
0,0453;4,85E-22
0,0454;4,97E-22
0,0455;5,10E-22
0,0456;5,22E-22
0,0457;5,35E-22
0,0458;5,49E-22
0,0459;5,62E-22
0,046;5,76E-22
0,0461;5,91E-22
0,0462;6,05E-22
0,0463;6,20E-22
0,0464;6,36E-22
0,0465;6,52E-22
0,0466;6,68E-22
0,0467;6,84E-22
0,0468;7,01E-22
0,0469;7,19E-22
0,047;7,37E-22
0,0471;7,55E-22
0,0472;7,74E-22
0,0473;7,93E-22
0,0474;8,12E-22
0,0475;8,33E-22
0,0476;8,53E-22
0,0477;8,74E-22
0,0478;8,96E-22
0,0479;9,18E-22
0,048;9,41E-22
0,0481;9,64E-22
0,0482;9,88E-22
0,0483;1,01E-21
0,0484;1,04E-21
0,0485;1,06E-21
0,0486;1,09E-21
0,0487;1,12E-21
0,0488;1,14E-21
0,0489;1,17E-21
0,049;1,20E-21
0,0491;1,23E-21
0,0492;1,26E-21
0,0493;1,29E-21
0,0494;1,32E-21
0,0495;1,36E-21
0,0496;1,39E-21
0,0497;1,42E-21
0,0498;1,46E-21
0,0499;1,50E-21
0,05;1,53E-21
0,0501;1,57E-21
0,0502;1,61E-21
0,0503;1,65E-21
0,0504;1,69E-21
0,0505;1,73E-21
0,0506;1,77E-21
0,0507;1,82E-21
0,0508;1,86E-21
0,0509;1,91E-21
0,051;1,95E-21
0,0511;2,00E-21
0,0512;2,05E-21
0,0513;2,10E-21
0,0514;2,15E-21
0,0515;2,21E-21
0,0516;2,26E-21
0,0517;2,32E-21
0,0518;2,37E-21
0,0519;2,43E-21
0,052;2,49E-21
0,0521;2,55E-21
0,0522;2,61E-21
0,0523;2,68E-21
0,0524;2,74E-21
0,0525;2,81E-21
0,0526;2,88E-21
0,0527;2,95E-21
0,0528;3,02E-21
0,0529;3,10E-21
0,053;3,17E-21
0,0531;3,25E-21
0,0532;3,33E-21
0,0533;3,41E-21
0,0534;3,49E-21
0,0535;3,58E-21
0,0536;3,67E-21
0,0537;3,76E-21
0,0538;3,85E-21
0,0539;3,94E-21
0,054;4,04E-21
0,0541;4,14E-21
0,0542;4,24E-21
0,0543;4,34E-21
0,0544;4,45E-21
0,0545;4,56E-21
0,0546;4,67E-21
0,0547;4,78E-21
0,0548;4,90E-21
0,0549;5,02E-21
0,055;5,14E-21
0,0551;5,27E-21
0,0552;5,39E-21
0,0553;5,52E-21
0,0554;5,66E-21
0,0555;5,80E-21
0,0556;5,94E-21
0,0557;6,08E-21
0,0558;6,23E-21
0,0559;6,38E-21
0,056;6,54E-21
0,0561;6,70E-21
0,0562;6,86E-21
0,0563;7,02E-21
0,0564;7,20E-21
0,0565;7,37E-21
0,0566;7,55E-21
0,0567;7,73E-21
0,0568;7,92E-21
0,0569;8,11E-21
0,057;8,31E-21
0,0571;8,51E-21
0,0572;8,72E-21
0,0573;8,93E-21
0,0574;9,14E-21
0,0575;9,37E-21
0,0576;9,59E-21
0,0577;9,82E-21
0,0578;1,01E-20
0,0579;1,03E-20
0,058;1,06E-20
0,0581;1,08E-20
0,0582;1,11E-20
0,0583;1,13E-20
0,0584;1,16E-20
0,0585;1,19E-20
0,0586;1,22E-20
0,0587;1,25E-20
0,0588;1,28E-20
0,0589;1,31E-20
0,059;1,34E-20
0,0591;1,37E-20
0,0592;1,41E-20
0,0593;1,44E-20
0,0594;1,47E-20
0,0595;1,51E-20
0,0596;1,55E-20
0,0597;1,58E-20
0,0598;1,62E-20
0,0599;1,66E-20
0,06;1,70E-20
0,0601;1,74E-20
0,0602;1,78E-20
0,0603;1,83E-20
0,0604;1,87E-20
0,0605;1,92E-20
0,0606;1,96E-20
0,0607;2,01E-20
0,0608;2,06E-20
0,0609;2,11E-20
0,061;2,16E-20
0,0611;2,21E-20
0,0612;2,26E-20
0,0613;2,32E-20
0,0614;2,37E-20
0,0615;2,43E-20
0,0616;2,49E-20
0,0617;2,55E-20
0,0618;2,61E-20
0,0619;2,67E-20
0,062;2,73E-20
0,0621;2,80E-20
0,0622;2,87E-20
0,0623;2,94E-20
0,0624;3,01E-20
0,0625;3,08E-20
0,0626;3,15E-20
0,0627;3,23E-20
0,0628;3,30E-20
0,0629;3,38E-20
0,063;3,46E-20
0,0631;3,55E-20
0,0632;3,63E-20
0,0633;3,72E-20
0,0634;3,81E-20
0,0635;3,90E-20
0,0636;3,99E-20
0,0637;4,09E-20
0,0638;4,18E-20
0,0639;4,28E-20
0,064;4,39E-20
0,0641;4,49E-20
0,0642;4,60E-20
0,0643;4,71E-20
0,0644;4,82E-20
0,0645;4,94E-20
0,0646;5,05E-20
0,0647;5,17E-20
0,0648;5,30E-20
0,0649;5,42E-20
0,065;5,55E-20
0,0651;5,68E-20
0,0652;5,82E-20
0,0653;5,96E-20
0,0654;6,10E-20
0,0655;6,24E-20
0,0656;6,39E-20
0,0657;6,54E-20
0,0658;6,70E-20
0,0659;6,86E-20
0,066;7,02E-20
0,0661;7,19E-20
0,0662;7,36E-20
0,0663;7,53E-20
0,0664;7,71E-20
0,0665;7,90E-20
0,0666;8,08E-20
0,0667;8,28E-20
0,0668;8,47E-20
0,0669;8,67E-20
0,067;8,88E-20
0,0671;9,09E-20
0,0672;9,30E-20
0,0673;9,52E-20
0,0674;9,75E-20
0,0675;9,98E-20
0,0676;1,02E-19
0,0677;1,05E-19
0,0678;1,07E-19
0,0679;1,10E-19
0,068;1,12E-19
0,0681;1,15E-19
0,0682;1,18E-19
0,0683;1,20E-19
0,0684;1,23E-19
0,0685;1,26E-19
0,0686;1,29E-19
0,0687;1,32E-19
0,0688;1,35E-19
0,0689;1,38E-19
0,069;1,42E-19
0,0691;1,45E-19
0,0692;1,48E-19
0,0693;1,52E-19
0,0694;1,55E-19
0,0695;1,59E-19
0,0696;1,63E-19
0,0697;1,67E-19
0,0698;1,71E-19
0,0699;1,75E-19
0,07;1,79E-19
0,0701;1,83E-19
0,0702;1,87E-19
0,0703;1,92E-19
0,0704;1,96E-19
0,0705;2,01E-19
0,0706;2,06E-19
0,0707;2,10E-19
0,0708;2,15E-19
0,0709;2,20E-19
0,071;2,26E-19
0,0711;2,31E-19
0,0712;2,36E-19
0,0713;2,42E-19
0,0714;2,47E-19
0,0715;2,53E-19
0,0716;2,59E-19
0,0717;2,65E-19
0,0718;2,72E-19
0,0719;2,78E-19
0,072;2,84E-19
0,0721;2,91E-19
0,0722;2,98E-19
0,0723;3,05E-19
0,0724;3,12E-19
0,0725;3,19E-19
0,0726;3,27E-19
0,0727;3,34E-19
0,0728;3,42E-19
0,0729;3,50E-19
0,073;3,58E-19
0,0731;3,67E-19
0,0732;3,75E-19
0,0733;3,84E-19
0,0734;3,93E-19
0,0735;4,02E-19
0,0736;4,12E-19
0,0737;4,21E-19
0,0738;4,31E-19
0,0739;4,41E-19
0,074;4,51E-19
0,0741;4,62E-19
0,0742;4,73E-19
0,0743;4,84E-19
0,0744;4,95E-19
0,0745;5,06E-19
0,0746;5,18E-19
0,0747;5,30E-19
0,0748;5,43E-19
0,0749;5,55E-19
0,075;5,68E-19
0,0751;5,81E-19
0,0752;5,95E-19
0,0753;6,09E-19
0,0754;6,23E-19
0,0755;6,37E-19
0,0756;6,52E-19
0,0757;6,67E-19
0,0758;6,83E-19
0,0759;6,98E-19
0,076;7,15E-19
0,0761;7,31E-19
0,0762;7,48E-19
0,0763;7,66E-19
0,0764;7,83E-19
0,0765;8,01E-19
0,0766;8,20E-19
0,0767;8,39E-19
0,0768;8,58E-19
0,0769;8,78E-19
0,077;8,99E-19
0,0771;9,19E-19
0,0772;9,41E-19
0,0773;9,62E-19
0,0774;9,85E-19
0,0775;1,01E-18
0,0776;1,03E-18
0,0777;1,05E-18
0,0778;1,08E-18
0,0779;1,10E-18
0,078;1,13E-18
0,0781;1,16E-18
0,0782;1,18E-18
0,0783;1,21E-18
0,0784;1,24E-18
0,0785;1,27E-18
0,0786;1,29E-18
0,0787;1,32E-18
0,0788;1,36E-18
0,0789;1,39E-18
0,079;1,42E-18
0,0791;1,45E-18
0,0792;1,48E-18
0,0793;1,52E-18
0,0794;1,55E-18
0,0795;1,59E-18
0,0796;1,63E-18
0,0797;1,66E-18
0,0798;1,70E-18
0,0799;1,74E-18
0,08;1,78E-18
0,0801;1,82E-18
0,0802;1,86E-18
0,0803;1,91E-18
0,0804;1,95E-18
0,0805;1,99E-18
0,0806;2,04E-18
0,0807;2,09E-18
0,0808;2,14E-18
0,0809;2,18E-18
0,081;2,23E-18
0,0811;2,29E-18
0,0812;2,34E-18
0,0813;2,39E-18
0,0814;2,45E-18
0,0815;2,50E-18
0,0816;2,56E-18
0,0817;2,62E-18
0,0818;2,68E-18
0,0819;2,74E-18
0,082;2,80E-18
0,0821;2,87E-18
0,0822;2,93E-18
0,0823;3,00E-18
0,0824;3,07E-18
0,0825;3,14E-18
0,0826;3,21E-18
0,0827;3,28E-18
0,0828;3,36E-18
0,0829;3,43E-18
0,083;3,51E-18
0,0831;3,59E-18
0,0832;3,67E-18
0,0833;3,76E-18
0,0834;3,84E-18
0,0835;3,93E-18
0,0836;4,02E-18
0,0837;4,11E-18
0,0838;4,21E-18
0,0839;4,30E-18
0,084;4,40E-18
0,0841;4,50E-18
0,0842;4,60E-18
0,0843;4,71E-18
0,0844;4,81E-18
0,0845;4,92E-18
0,0846;5,03E-18
0,0847;5,15E-18
0,0848;5,27E-18
0,0849;5,38E-18
0,085;5,51E-18
0,0851;5,63E-18
0,0852;5,76E-18
0,0853;5,89E-18
0,0854;6,02E-18
0,0855;6,16E-18
0,0856;6,30E-18
0,0857;6,44E-18
0,0858;6,59E-18
0,0859;6,74E-18
0,086;6,89E-18
0,0861;7,05E-18
0,0862;7,21E-18
0,0863;7,37E-18
0,0864;7,54E-18
0,0865;7,71E-18
0,0866;7,88E-18
0,0867;8,06E-18
0,0868;8,24E-18
0,0869;8,43E-18
0,087;8,62E-18
0,0871;8,81E-18
0,0872;9,01E-18
0,0873;9,21E-18
0,0874;9,42E-18
0,0875;9,64E-18
0,0876;9,85E-18
0,0877;1,01E-17
0,0878;1,03E-17
0,0879;1,05E-17
0,088;1,08E-17
0,0881;1,10E-17
0,0882;1,13E-17
0,0883;1,15E-17
0,0884;1,18E-17
0,0885;1,20E-17
0,0886;1,23E-17
0,0887;1,26E-17
0,0888;1,29E-17
0,0889;1,32E-17
0,089;1,35E-17
0,0891;1,38E-17
0,0892;1,41E-17
0,0893;1,44E-17
0,0894;1,47E-17
0,0895;1,50E-17
0,0896;1,54E-17
0,0897;1,57E-17
0,0898;1,61E-17
0,0899;1,64E-17
0,09;1,68E-17
0,0901;1,72E-17
0,0902;1,76E-17
0,0903;1,80E-17
0,0904;1,84E-17
0,0905;1,88E-17
0,0906;1,92E-17
0,0907;1,96E-17
0,0908;2,01E-17
0,0909;2,05E-17
0,091;2,10E-17
0,0911;2,14E-17
0,0912;2,19E-17
0,0913;2,24E-17
0,0914;2,29E-17
0,0915;2,34E-17
0,0916;2,39E-17
0,0917;2,45E-17
0,0918;2,50E-17
0,0919;2,56E-17
0,092;2,62E-17
0,0921;2,67E-17
0,0922;2,73E-17
0,0923;2,79E-17
0,0924;2,86E-17
0,0925;2,92E-17
0,0926;2,98E-17
0,0927;3,05E-17
0,0928;3,12E-17
0,0929;3,19E-17
0,093;3,26E-17
0,0931;3,33E-17
0,0932;3,41E-17
0,0933;3,48E-17
0,0934;3,56E-17
0,0935;3,64E-17
0,0936;3,72E-17
0,0937;3,80E-17
0,0938;3,89E-17
0,0939;3,97E-17
0,094;4,06E-17
0,0941;4,15E-17
0,0942;4,24E-17
0,0943;4,34E-17
0,0944;4,43E-17
0,0945;4,53E-17
0,0946;4,63E-17
0,0947;4,74E-17
0,0948;4,84E-17
0,0949;4,95E-17
0,095;5,06E-17
0,0951;5,17E-17
0,0952;5,28E-17
0,0953;5,40E-17
0,0954;5,52E-17
0,0955;5,64E-17
0,0956;5,77E-17
0,0957;5,89E-17
0,0958;6,02E-17
0,0959;6,16E-17
0,096;6,29E-17
0,0961;6,43E-17
0,0962;6,58E-17
0,0963;6,72E-17
0,0964;6,87E-17
0,0965;7,02E-17
0,0966;7,18E-17
0,0967;7,33E-17
0,0968;7,49E-17
0,0969;7,66E-17
0,097;7,83E-17
0,0971;8,00E-17
0,0972;8,18E-17
0,0973;8,36E-17
0,0974;8,54E-17
0,0975;8,73E-17
0,0976;8,92E-17
0,0977;9,12E-17
0,0978;9,32E-17
0,0979;9,52E-17
0,098;9,73E-17
0,0981;9,95E-17
0,0982;1,02E-16
0,0983;1,04E-16
0,0984;1,06E-16
0,0985;1,09E-16
0,0986;1,11E-16
0,0987;1,13E-16
0,0988;1,16E-16
0,0989;1,18E-16
0,099;1,21E-16
0,0991;1,24E-16
0,0992;1,26E-16
0,0993;1,29E-16
0,0994;1,32E-16
0,0995;1,35E-16
0,0996;1,38E-16
0,0997;1,41E-16
0,0998;1,44E-16
0,0999;1,47E-16
0,1;1,50E-16
0,1001;1,53E-16
0,1002;1,57E-16
0,1003;1,60E-16
0,1004;1,64E-16
0,1005;1,67E-16
0,1006;1,71E-16
0,1007;1,75E-16
0,1008;1,79E-16
0,1009;1,82E-16
0,101;1,86E-16
0,1011;1,90E-16
0,1012;1,95E-16
0,1013;1,99E-16
0,1014;2,03E-16
0,1015;2,08E-16
0,1016;2,12E-16
0,1017;2,17E-16
0,1018;2,21E-16
0,1019;2,26E-16
0,102;2,31E-16
0,1021;2,36E-16
0,1022;2,41E-16
0,1023;2,47E-16
0,1024;2,52E-16
0,1025;2,57E-16
0,1026;2,63E-16
0,1027;2,69E-16
0,1028;2,75E-16
0,1029;2,81E-16
0,103;2,87E-16
0,1031;2,93E-16
0,1032;2,99E-16
0,1033;3,06E-16
0,1034;3,12E-16
0,1035;3,19E-16
0,1036;3,26E-16
0,1037;3,33E-16
0,1038;3,40E-16
0,1039;3,48E-16
0,104;3,55E-16
0,1041;3,63E-16
0,1042;3,71E-16
0,1043;3,79E-16
0,1044;3,87E-16
0,1045;3,95E-16
0,1046;4,04E-16
0,1047;4,13E-16
0,1048;4,22E-16
0,1049;4,31E-16
0,105;4,40E-16
0,1051;4,49E-16
0,1052;4,59E-16
0,1053;4,69E-16
0,1054;4,79E-16
0,1055;4,90E-16
0,1056;5,00E-16
0,1057;5,11E-16
0,1058;5,22E-16
0,1059;5,33E-16
0,106;5,45E-16
0,1061;5,56E-16
0,1062;5,68E-16
0,1063;5,81E-16
0,1064;5,93E-16
0,1065;6,06E-16
0,1066;6,19E-16
0,1067;6,32E-16
0,1068;6,46E-16
0,1069;6,60E-16
0,107;6,74E-16
0,1071;6,88E-16
0,1072;7,03E-16
0,1073;7,18E-16
0,1074;7,34E-16
0,1075;7,49E-16
0,1076;7,65E-16
0,1077;7,82E-16
0,1078;7,99E-16
0,1079;8,16E-16
0,108;8,33E-16
0,1081;8,51E-16
0,1082;8,69E-16
0,1083;8,88E-16
0,1084;9,07E-16
0,1085;9,26E-16
0,1086;9,46E-16
0,1087;9,66E-16
0,1088;9,87E-16
0,1089;1,01E-15
0,109;1,03E-15
0,1091;1,05E-15
0,1092;1,07E-15
0,1093;1,10E-15
0,1094;1,12E-15
0,1095;1,14E-15
0,1096;1,17E-15
0,1097;1,19E-15
0,1098;1,22E-15
0,1099;1,25E-15
0,11;1,27E-15
0,1101;1,30E-15
0,1102;1,33E-15
0,1103;1,35E-15
0,1104;1,38E-15
0,1105;1,41E-15
0,1106;1,44E-15
0,1107;1,47E-15
0,1108;1,51E-15
0,1109;1,54E-15
0,111;1,57E-15
0,1111;1,60E-15
0,1112;1,64E-15
0,1113;1,67E-15
0,1114;1,71E-15
0,1115;1,74E-15
0,1116;1,78E-15
0,1117;1,82E-15
0,1118;1,86E-15
0,1119;1,90E-15
0,112;1,94E-15
0,1121;1,98E-15
0,1122;2,02E-15
0,1123;2,06E-15
0,1124;2,11E-15
0,1125;2,15E-15
0,1126;2,20E-15
0,1127;2,24E-15
0,1128;2,29E-15
0,1129;2,34E-15
0,113;2,39E-15
0,1131;2,44E-15
0,1132;2,49E-15
0,1133;2,54E-15
0,1134;2,60E-15
0,1135;2,65E-15
0,1136;2,71E-15
0,1137;2,77E-15
0,1138;2,82E-15
0,1139;2,88E-15
0,114;2,94E-15
0,1141;3,01E-15
0,1142;3,07E-15
0,1143;3,13E-15
0,1144;3,20E-15
0,1145;3,27E-15
0,1146;3,34E-15
0,1147;3,41E-15
0,1148;3,48E-15
0,1149;3,55E-15
0,115;3,63E-15
0,1151;3,70E-15
0,1152;3,78E-15
0,1153;3,86E-15
0,1154;3,94E-15
0,1155;4,02E-15
0,1156;4,11E-15
0,1157;4,19E-15
0,1158;4,28E-15
0,1159;4,37E-15
0,116;4,46E-15
0,1161;4,56E-15
0,1162;4,65E-15
0,1163;4,75E-15
0,1164;4,85E-15
0,1165;4,95E-15
0,1166;5,06E-15
0,1167;5,16E-15
0,1168;5,27E-15
0,1169;5,38E-15
0,117;5,49E-15
0,1171;5,61E-15
0,1172;5,73E-15
0,1173;5,85E-15
0,1174;5,97E-15
0,1175;6,09E-15
0,1176;6,22E-15
0,1177;6,35E-15
0,1178;6,48E-15
0,1179;6,62E-15
0,118;6,76E-15
0,1181;6,90E-15
0,1182;7,04E-15
0,1183;7,19E-15
0,1184;7,34E-15
0,1185;7,49E-15
0,1186;7,65E-15
0,1187;7,81E-15
0,1188;7,97E-15
0,1189;8,14E-15
0,119;8,30E-15
0,1191;8,48E-15
0,1192;8,65E-15
0,1193;8,83E-15
0,1194;9,02E-15
0,1195;9,21E-15
0,1196;9,40E-15
0,1197;9,59E-15
0,1198;9,79E-15
0,1199;9,99E-15
0,12;1,02E-14
0,1201;1,04E-14
0,1202;1,06E-14
0,1203;1,09E-14
0,1204;1,11E-14
0,1205;1,13E-14
0,1206;1,15E-14
0,1207;1,18E-14
0,1208;1,20E-14
0,1209;1,23E-14
0,121;1,25E-14
0,1211;1,28E-14
0,1212;1,31E-14
0,1213;1,33E-14
0,1214;1,36E-14
0,1215;1,39E-14
0,1216;1,42E-14
0,1217;1,45E-14
0,1218;1,48E-14
0,1219;1,51E-14
0,122;1,54E-14
0,1221;1,57E-14
0,1222;1,60E-14
0,1223;1,63E-14
0,1224;1,67E-14
0,1225;1,70E-14
0,1226;1,74E-14
0,1227;1,77E-14
0,1228;1,81E-14
0,1229;1,85E-14
0,123;1,89E-14
0,1231;1,92E-14
0,1232;1,96E-14
0,1233;2,00E-14
0,1234;2,05E-14
0,1235;2,09E-14
0,1236;2,13E-14
0,1237;2,17E-14
0,1238;2,22E-14
0,1239;2,26E-14
0,124;2,31E-14
0,1241;2,36E-14
0,1242;2,41E-14
0,1243;2,46E-14
0,1244;2,51E-14
0,1245;2,56E-14
0,1246;2,61E-14
0,1247;2,66E-14
0,1248;2,72E-14
0,1249;2,77E-14
0,125;2,83E-14
0,1251;2,89E-14
0,1252;2,95E-14
0,1253;3,01E-14
0,1254;3,07E-14
0,1255;3,13E-14
0,1256;3,20E-14
0,1257;3,26E-14
0,1258;3,33E-14
0,1259;3,40E-14
0,126;3,47E-14
0,1261;3,54E-14
0,1262;3,61E-14
0,1263;3,68E-14
0,1264;3,76E-14
0,1265;3,84E-14
0,1266;3,91E-14
0,1267;3,99E-14
0,1268;4,08E-14
0,1269;4,16E-14
0,127;4,24E-14
0,1271;4,33E-14
0,1272;4,42E-14
0,1273;4,51E-14
0,1274;4,60E-14
0,1275;4,69E-14
0,1276;4,79E-14
0,1277;4,89E-14
0,1278;4,99E-14
0,1279;5,09E-14
0,128;5,19E-14
0,1281;5,30E-14
0,1282;5,40E-14
0,1283;5,51E-14
0,1284;5,63E-14
0,1285;5,74E-14
0,1286;5,86E-14
0,1287;5,97E-14
0,1288;6,10E-14
0,1289;6,22E-14
0,129;6,35E-14
0,1291;6,47E-14
0,1292;6,61E-14
0,1293;6,74E-14
0,1294;6,88E-14
0,1295;7,01E-14
0,1296;7,16E-14
0,1297;7,30E-14
0,1298;7,45E-14
0,1299;7,60E-14
0,13;7,75E-14
0,1301;7,91E-14
0,1302;8,07E-14
0,1303;8,23E-14
0,1304;8,40E-14
0,1305;8,57E-14
0,1306;8,74E-14
0,1307;8,92E-14
0,1308;9,10E-14
0,1309;9,28E-14
0,131;9,47E-14
0,1311;9,66E-14
0,1312;9,85E-14
0,1313;1,01E-13
0,1314;1,03E-13
0,1315;1,05E-13
0,1316;1,07E-13
0,1317;1,09E-13
0,1318;1,11E-13
0,1319;1,13E-13
0,132;1,16E-13
0,1321;1,18E-13
0,1322;1,20E-13
0,1323;1,23E-13
0,1324;1,25E-13
0,1325;1,28E-13
0,1326;1,30E-13
0,1327;1,33E-13
0,1328;1,35E-13
0,1329;1,38E-13
0,133;1,41E-13
0,1331;1,44E-13
0,1332;1,47E-13
0,1333;1,50E-13
0,1334;1,53E-13
0,1335;1,56E-13
0,1336;1,59E-13
0,1337;1,62E-13
0,1338;1,65E-13
0,1339;1,69E-13
0,134;1,72E-13
0,1341;1,75E-13
0,1342;1,79E-13
0,1343;1,82E-13
0,1344;1,86E-13
0,1345;1,90E-13
0,1346;1,94E-13
0,1347;1,97E-13
0,1348;2,01E-13
0,1349;2,05E-13
0,135;2,09E-13
0,1351;2,14E-13
0,1352;2,18E-13
0,1353;2,22E-13
0,1354;2,27E-13
0,1355;2,31E-13
0,1356;2,36E-13
0,1357;2,40E-13
0,1358;2,45E-13
0,1359;2,50E-13
0,136;2,55E-13
0,1361;2,60E-13
0,1362;2,65E-13
0,1363;2,71E-13
0,1364;2,76E-13
0,1365;2,81E-13
0,1366;2,87E-13
0,1367;2,93E-13
0,1368;2,99E-13
0,1369;3,04E-13
0,137;3,11E-13
0,1371;3,17E-13
0,1372;3,23E-13
0,1373;3,29E-13
0,1374;3,36E-13
0,1375;3,43E-13
0,1376;3,49E-13
0,1377;3,56E-13
0,1378;3,63E-13
0,1379;3,70E-13
0,138;3,78E-13
0,1381;3,85E-13
0,1382;3,93E-13
0,1383;4,01E-13
0,1384;4,09E-13
0,1385;4,17E-13
0,1386;4,25E-13
0,1387;4,33E-13
0,1388;4,42E-13
0,1389;4,50E-13
0,139;4,59E-13
0,1391;4,68E-13
0,1392;4,78E-13
0,1393;4,87E-13
0,1394;4,97E-13
0,1395;5,06E-13
0,1396;5,16E-13
0,1397;5,27E-13
0,1398;5,37E-13
0,1399;5,47E-13
0,14;5,58E-13
0,1401;5,69E-13
0,1402;5,80E-13
0,1403;5,92E-13
0,1404;6,03E-13
0,1405;6,15E-13
0,1406;6,27E-13
0,1407;6,40E-13
0,1408;6,52E-13
0,1409;6,65E-13
0,141;6,78E-13
0,1411;6,91E-13
0,1412;7,05E-13
0,1413;7,19E-13
0,1414;7,33E-13
0,1415;7,47E-13
0,1416;7,62E-13
0,1417;7,77E-13
0,1418;7,92E-13
0,1419;8,07E-13
0,142;8,23E-13
0,1421;8,39E-13
0,1422;8,56E-13
0,1423;8,72E-13
0,1424;8,89E-13
0,1425;9,07E-13
0,1426;9,24E-13
0,1427;9,42E-13
0,1428;9,61E-13
0,1429;9,80E-13
0,143;9,99E-13
0,1431;1,02E-12
0,1432;1,04E-12
0,1433;1,06E-12
0,1434;1,08E-12
0,1435;1,10E-12
0,1436;1,12E-12
0,1437;1,14E-12
0,1438;1,17E-12
0,1439;1,19E-12
0,144;1,21E-12
0,1441;1,23E-12
0,1442;1,26E-12
0,1443;1,28E-12
0,1444;1,31E-12
0,1445;1,33E-12
0,1446;1,36E-12
0,1447;1,39E-12
0,1448;1,41E-12
0,1449;1,44E-12
0,145;1,47E-12
0,1451;1,50E-12
0,1452;1,53E-12
0,1453;1,55E-12
0,1454;1,58E-12
0,1455;1,62E-12
0,1456;1,65E-12
0,1457;1,68E-12
0,1458;1,71E-12
0,1459;1,74E-12
0,146;1,78E-12
0,1461;1,81E-12
0,1462;1,85E-12
0,1463;1,88E-12
0,1464;1,92E-12
0,1465;1,96E-12
0,1466;1,99E-12
0,1467;2,03E-12
0,1468;2,07E-12
0,1469;2,11E-12
0,147;2,15E-12
0,1471;2,19E-12
0,1472;2,24E-12
0,1473;2,28E-12
0,1474;2,32E-12
0,1475;2,37E-12
0,1476;2,41E-12
0,1477;2,46E-12
0,1478;2,51E-12
0,1479;2,56E-12
0,148;2,60E-12
0,1481;2,65E-12
0,1482;2,71E-12
0,1483;2,76E-12
0,1484;2,81E-12
0,1485;2,86E-12
0,1486;2,92E-12
0,1487;2,98E-12
0,1488;3,03E-12
0,1489;3,09E-12
0,149;3,15E-12
0,1491;3,21E-12
0,1492;3,27E-12
0,1493;3,33E-12
0,1494;3,40E-12
0,1495;3,46E-12
0,1496;3,53E-12
0,1497;3,60E-12
0,1498;3,67E-12
0,1499;3,74E-12
0,15;3,81E-12
0,1501;3,88E-12
0,1502;3,95E-12
0,1503;4,03E-12
0,1504;4,11E-12
0,1505;4,19E-12
0,1506;4,26E-12
0,1507;4,35E-12
0,1508;4,43E-12
0,1509;4,51E-12
0,151;4,60E-12
0,1511;4,69E-12
0,1512;4,78E-12
0,1513;4,87E-12
0,1514;4,96E-12
0,1515;5,05E-12
0,1516;5,15E-12
0,1517;5,25E-12
0,1518;5,35E-12
0,1519;5,45E-12
0,152;5,55E-12
0,1521;5,66E-12
0,1522;5,77E-12
0,1523;5,88E-12
0,1524;5,99E-12
0,1525;6,10E-12
0,1526;6,22E-12
0,1527;6,33E-12
0,1528;6,46E-12
0,1529;6,58E-12
0,153;6,70E-12
0,1531;6,83E-12
0,1532;6,96E-12
0,1533;7,09E-12
0,1534;7,22E-12
0,1535;7,36E-12
0,1536;7,50E-12
0,1537;7,64E-12
0,1538;7,79E-12
0,1539;7,93E-12
0,154;8,08E-12
0,1541;8,24E-12
0,1542;8,39E-12
0,1543;8,55E-12
0,1544;8,71E-12
0,1545;8,88E-12
0,1546;9,04E-12
0,1547;9,21E-12
0,1548;9,39E-12
0,1549;9,56E-12
0,155;9,74E-12
0,1551;9,93E-12
0,1552;1,01E-11
0,1553;1,03E-11
0,1554;1,05E-11
0,1555;1,07E-11
0,1556;1,09E-11
0,1557;1,11E-11
0,1558;1,13E-11
0,1559;1,15E-11
0,156;1,17E-11
0,1561;1,20E-11
0,1562;1,22E-11
0,1563;1,24E-11
0,1564;1,26E-11
0,1565;1,29E-11
0,1566;1,31E-11
0,1567;1,34E-11
0,1568;1,36E-11
0,1569;1,39E-11
0,157;1,41E-11
0,1571;1,44E-11
0,1572;1,47E-11
0,1573;1,49E-11
0,1574;1,52E-11
0,1575;1,55E-11
0,1576;1,58E-11
0,1577;1,61E-11
0,1578;1,64E-11
0,1579;1,67E-11
0,158;1,70E-11
0,1581;1,73E-11
0,1582;1,77E-11
0,1583;1,80E-11
0,1584;1,83E-11
0,1585;1,87E-11
0,1586;1,90E-11
0,1587;1,94E-11
0,1588;1,97E-11
0,1589;2,01E-11
0,159;2,05E-11
0,1591;2,08E-11
0,1592;2,12E-11
0,1593;2,16E-11
0,1594;2,20E-11
0,1595;2,24E-11
0,1596;2,29E-11
0,1597;2,33E-11
0,1598;2,37E-11
0,1599;2,42E-11
0,16;2,46E-11
0,1601;2,51E-11
0,1602;2,55E-11
0,1603;2,60E-11
0,1604;2,65E-11
0,1605;2,70E-11
0,1606;2,75E-11
0,1607;2,80E-11
0,1608;2,85E-11
0,1609;2,90E-11
0,161;2,96E-11
0,1611;3,01E-11
0,1612;3,07E-11
0,1613;3,12E-11
0,1614;3,18E-11
0,1615;3,24E-11
0,1616;3,30E-11
0,1617;3,36E-11
0,1618;3,42E-11
0,1619;3,49E-11
0,162;3,55E-11
0,1621;3,62E-11
0,1622;3,68E-11
0,1623;3,75E-11
0,1624;3,82E-11
0,1625;3,89E-11
0,1626;3,96E-11
0,1627;4,03E-11
0,1628;4,11E-11
0,1629;4,18E-11
0,163;4,26E-11
0,1631;4,34E-11
0,1632;4,42E-11
0,1633;4,50E-11
0,1634;4,58E-11
0,1635;4,67E-11
0,1636;4,75E-11
0,1637;4,84E-11
0,1638;4,93E-11
0,1639;5,02E-11
0,164;5,11E-11
0,1641;5,21E-11
0,1642;5,30E-11
0,1643;5,40E-11
0,1644;5,50E-11
0,1645;5,60E-11
0,1646;5,70E-11
0,1647;5,80E-11
0,1648;5,91E-11
0,1649;6,02E-11
0,165;6,13E-11
0,1651;6,24E-11
0,1652;6,35E-11
0,1653;6,47E-11
0,1654;6,59E-11
0,1655;6,71E-11
0,1656;6,83E-11
0,1657;6,96E-11
0,1658;7,08E-11
0,1659;7,21E-11
0,166;7,34E-11
0,1661;7,48E-11
0,1662;7,61E-11
0,1663;7,75E-11
0,1664;7,89E-11
0,1665;8,04E-11
0,1666;8,18E-11
0,1667;8,33E-11
0,1668;8,48E-11
0,1669;8,64E-11
0,167;8,79E-11
0,1671;8,95E-11
0,1672;9,12E-11
0,1673;9,28E-11
0,1674;9,45E-11
0,1675;9,62E-11
0,1676;9,80E-11
0,1677;9,98E-11
0,1678;1,02E-10
0,1679;1,03E-10
0,168;1,05E-10
0,1681;1,07E-10
0,1682;1,09E-10
0,1683;1,11E-10
0,1684;1,13E-10
0,1685;1,15E-10
0,1686;1,17E-10
0,1687;1,19E-10
0,1688;1,22E-10
0,1689;1,24E-10
0,169;1,26E-10
0,1691;1,28E-10
0,1692;1,31E-10
0,1693;1,33E-10
0,1694;1,35E-10
0,1695;1,38E-10
0,1696;1,40E-10
0,1697;1,43E-10
0,1698;1,45E-10
0,1699;1,48E-10
0,17;1,51E-10
0,1701;1,53E-10
0,1702;1,56E-10
0,1703;1,59E-10
0,1704;1,62E-10
0,1705;1,65E-10
0,1706;1,68E-10
0,1707;1,71E-10
0,1708;1,74E-10
0,1709;1,77E-10
0,171;1,80E-10
0,1711;1,83E-10
0,1712;1,86E-10
0,1713;1,90E-10
0,1714;1,93E-10
0,1715;1,97E-10
0,1716;2,00E-10
0,1717;2,04E-10
0,1718;2,07E-10
0,1719;2,11E-10
0,172;2,15E-10
0,1721;2,19E-10
0,1722;2,23E-10
0,1723;2,27E-10
0,1724;2,31E-10
0,1725;2,35E-10
0,1726;2,39E-10
0,1727;2,43E-10
0,1728;2,48E-10
0,1729;2,52E-10
0,173;2,57E-10
0,1731;2,61E-10
0,1732;2,66E-10
0,1733;2,71E-10
0,1734;2,75E-10
0,1735;2,80E-10
0,1736;2,85E-10
0,1737;2,90E-10
0,1738;2,96E-10
0,1739;3,01E-10
0,174;3,06E-10
0,1741;3,12E-10
0,1742;3,17E-10
0,1743;3,23E-10
0,1744;3,29E-10
0,1745;3,34E-10
0,1746;3,40E-10
0,1747;3,46E-10
0,1748;3,53E-10
0,1749;3,59E-10
0,175;3,65E-10
0,1751;3,72E-10
0,1752;3,78E-10
0,1753;3,85E-10
0,1754;3,92E-10
0,1755;3,99E-10
0,1756;4,06E-10
0,1757;4,13E-10
0,1758;4,20E-10
0,1759;4,28E-10
0,176;4,35E-10
0,1761;4,43E-10
0,1762;4,51E-10
0,1763;4,59E-10
0,1764;4,67E-10
0,1765;4,75E-10
0,1766;4,83E-10
0,1767;4,92E-10
0,1768;5,01E-10
0,1769;5,09E-10
0,177;5,18E-10
0,1771;5,28E-10
0,1772;5,37E-10
0,1773;5,46E-10
0,1774;5,56E-10
0,1775;5,66E-10
0,1776;5,76E-10
0,1777;5,86E-10
0,1778;5,96E-10
0,1779;6,06E-10
0,178;6,17E-10
0,1781;6,28E-10
0,1782;6,39E-10
0,1783;6,50E-10
0,1784;6,62E-10
0,1785;6,73E-10
0,1786;6,85E-10
0,1787;6,97E-10
0,1788;7,09E-10
0,1789;7,22E-10
0,179;7,34E-10
0,1791;7,47E-10
0,1792;7,60E-10
0,1793;7,74E-10
0,1794;7,87E-10
0,1795;8,01E-10
0,1796;8,15E-10
0,1797;8,29E-10
0,1798;8,44E-10
0,1799;8,58E-10
0,18;8,73E-10
0,1801;8,89E-10
0,1802;9,04E-10
0,1803;9,20E-10
0,1804;9,36E-10
0,1805;9,52E-10
0,1806;9,69E-10
0,1807;9,86E-10
0,1808;1,00E-09
0,1809;1,02E-09
0,181;1,04E-09
0,1811;1,06E-09
0,1812;1,07E-09
0,1813;1,09E-09
0,1814;1,11E-09
0,1815;1,13E-09
0,1816;1,15E-09
0,1817;1,17E-09
0,1818;1,19E-09
0,1819;1,21E-09
0,182;1,23E-09
0,1821;1,25E-09
0,1822;1,28E-09
0,1823;1,30E-09
0,1824;1,32E-09
0,1825;1,34E-09
0,1826;1,37E-09
0,1827;1,39E-09
0,1828;1,41E-09
0,1829;1,44E-09
0,183;1,46E-09
0,1831;1,49E-09
0,1832;1,52E-09
0,1833;1,54E-09
0,1834;1,57E-09
0,1835;1,60E-09
0,1836;1,62E-09
0,1837;1,65E-09
0,1838;1,68E-09
0,1839;1,71E-09
0,184;1,74E-09
0,1841;1,77E-09
0,1842;1,80E-09
0,1843;1,83E-09
0,1844;1,86E-09
0,1845;1,89E-09
0,1846;1,93E-09
0,1847;1,96E-09
0,1848;1,99E-09
0,1849;2,03E-09
0,185;2,06E-09
0,1851;2,10E-09
0,1852;2,13E-09
0,1853;2,17E-09
0,1854;2,21E-09
0,1855;2,24E-09
0,1856;2,28E-09
0,1857;2,32E-09
0,1858;2,36E-09
0,1859;2,40E-09
0,186;2,44E-09
0,1861;2,48E-09
0,1862;2,53E-09
0,1863;2,57E-09
0,1864;2,61E-09
0,1865;2,66E-09
0,1866;2,70E-09
0,1867;2,75E-09
0,1868;2,80E-09
0,1869;2,85E-09
0,187;2,89E-09
0,1871;2,94E-09
0,1872;2,99E-09
0,1873;3,05E-09
0,1874;3,10E-09
0,1875;3,15E-09
0,1876;3,20E-09
0,1877;3,26E-09
0,1878;3,31E-09
0,1879;3,37E-09
0,188;3,43E-09
0,1881;3,49E-09
0,1882;3,55E-09
0,1883;3,61E-09
0,1884;3,67E-09
0,1885;3,73E-09
0,1886;3,79E-09
0,1887;3,86E-09
0,1888;3,92E-09
0,1889;3,99E-09
0,189;4,06E-09
0,1891;4,13E-09
0,1892;4,20E-09
0,1893;4,27E-09
0,1894;4,34E-09
0,1895;4,41E-09
0,1896;4,49E-09
0,1897;4,56E-09
0,1898;4,64E-09
0,1899;4,72E-09
0,19;4,80E-09
0,1901;4,88E-09
0,1902;4,96E-09
0,1903;5,05E-09
0,1904;5,13E-09
0,1905;5,22E-09
0,1906;5,31E-09
0,1907;5,39E-09
0,1908;5,49E-09
0,1909;5,58E-09
0,191;5,67E-09
0,1911;5,77E-09
0,1912;5,86E-09
0,1913;5,96E-09
0,1914;6,06E-09
0,1915;6,17E-09
0,1916;6,27E-09
0,1917;6,38E-09
0,1918;6,48E-09
0,1919;6,59E-09
0,192;6,70E-09
0,1921;6,81E-09
0,1922;6,93E-09
0,1923;7,05E-09
0,1924;7,16E-09
0,1925;7,28E-09
0,1926;7,41E-09
0,1927;7,53E-09
0,1928;7,66E-09
0,1929;7,78E-09
0,193;7,91E-09
0,1931;8,05E-09
0,1932;8,18E-09
0,1933;8,32E-09
0,1934;8,46E-09
0,1935;8,60E-09
0,1936;8,74E-09
0,1937;8,89E-09
0,1938;9,04E-09
0,1939;9,19E-09
0,194;9,34E-09
0,1941;9,50E-09
0,1942;9,66E-09
0,1943;9,82E-09
0,1944;9,98E-09
0,1945;1,01E-08
0,1946;1,03E-08
0,1947;1,05E-08
0,1948;1,07E-08
0,1949;1,08E-08
0,195;1,10E-08
0,1951;1,12E-08
0,1952;1,14E-08
0,1953;1,16E-08
0,1954;1,18E-08
0,1955;1,20E-08
0,1956;1,22E-08
0,1957;1,24E-08
0,1958;1,26E-08
0,1959;1,28E-08
0,196;1,30E-08
0,1961;1,32E-08
0,1962;1,34E-08
0,1963;1,36E-08
0,1964;1,39E-08
0,1965;1,41E-08
0,1966;1,43E-08
0,1967;1,46E-08
0,1968;1,48E-08
0,1969;1,51E-08
0,197;1,53E-08
0,1971;1,56E-08
0,1972;1,58E-08
0,1973;1,61E-08
0,1974;1,63E-08
0,1975;1,66E-08
0,1976;1,69E-08
0,1977;1,72E-08
0,1978;1,75E-08
0,1979;1,77E-08
0,198;1,80E-08
0,1981;1,83E-08
0,1982;1,86E-08
0,1983;1,89E-08
0,1984;1,92E-08
0,1985;1,96E-08
0,1986;1,99E-08
0,1987;2,02E-08
0,1988;2,05E-08
0,1989;2,09E-08
0,199;2,12E-08
0,1991;2,16E-08
0,1992;2,19E-08
0,1993;2,23E-08
0,1994;2,27E-08
0,1995;2,30E-08
0,1996;2,34E-08
0,1997;2,38E-08
0,1998;2,42E-08
0,1999;2,46E-08
0,2;2,50E-08
0,2001;2,54E-08
0,2002;2,58E-08
0,2003;2,62E-08
0,2004;2,66E-08
0,2005;2,71E-08
0,2006;2,75E-08
0,2007;2,80E-08
0,2008;2,84E-08
0,2009;2,89E-08
0,201;2,94E-08
0,2011;2,98E-08
0,2012;3,03E-08
0,2013;3,08E-08
0,2014;3,13E-08
0,2015;3,18E-08
0,2016;3,24E-08
0,2017;3,29E-08
0,2018;3,34E-08
0,2019;3,40E-08
0,202;3,45E-08
0,2021;3,51E-08
0,2022;3,56E-08
0,2023;3,62E-08
0,2024;3,68E-08
0,2025;3,74E-08
0,2026;3,80E-08
0,2027;3,86E-08
0,2028;3,92E-08
0,2029;3,99E-08
0,203;4,05E-08
0,2031;4,12E-08
0,2032;4,19E-08
0,2033;4,25E-08
0,2034;4,32E-08
0,2035;4,39E-08
0,2036;4,46E-08
0,2037;4,53E-08
0,2038;4,61E-08
0,2039;4,68E-08
0,204;4,76E-08
0,2041;4,83E-08
0,2042;4,91E-08
0,2043;4,99E-08
0,2044;5,07E-08
0,2045;5,15E-08
0,2046;5,24E-08
0,2047;5,32E-08
0,2048;5,41E-08
0,2049;5,49E-08
0,205;5,58E-08
0,2051;5,67E-08
0,2052;5,76E-08
0,2053;5,86E-08
0,2054;5,95E-08
0,2055;6,05E-08
0,2056;6,14E-08
0,2057;6,24E-08
0,2058;6,34E-08
0,2059;6,44E-08
0,206;6,55E-08
0,2061;6,65E-08
0,2062;6,76E-08
0,2063;6,87E-08
0,2064;6,98E-08
0,2065;7,09E-08
0,2066;7,20E-08
0,2067;7,32E-08
0,2068;7,43E-08
0,2069;7,55E-08
0,207;7,67E-08
0,2071;7,80E-08
0,2072;7,92E-08
0,2073;8,05E-08
0,2074;8,17E-08
0,2075;8,30E-08
0,2076;8,44E-08
0,2077;8,57E-08
0,2078;8,71E-08
0,2079;8,85E-08
0,208;8,99E-08
0,2081;9,13E-08
0,2082;9,28E-08
0,2083;9,42E-08
0,2084;9,57E-08
0,2085;9,73E-08
0,2086;9,88E-08
0,2087;1,00E-07
0,2088;1,02E-07
0,2089;1,04E-07
0,209;1,05E-07
0,2091;1,07E-07
0,2092;1,09E-07
0,2093;1,10E-07
0,2094;1,12E-07
0,2095;1,14E-07
0,2096;1,16E-07
0,2097;1,17E-07
0,2098;1,19E-07
0,2099;1,21E-07
0,21;1,23E-07
0,2101;1,25E-07
0,2102;1,27E-07
0,2103;1,29E-07
0,2104;1,31E-07
0,2105;1,33E-07
0,2106;1,35E-07
0,2107;1,37E-07
0,2108;1,40E-07
0,2109;1,42E-07
0,211;1,44E-07
0,2111;1,46E-07
0,2112;1,49E-07
0,2113;1,51E-07
0,2114;1,53E-07
0,2115;1,56E-07
0,2116;1,58E-07
0,2117;1,61E-07
0,2118;1,63E-07
0,2119;1,66E-07
0,212;1,68E-07
0,2121;1,71E-07
0,2122;1,74E-07
0,2123;1,76E-07
0,2124;1,79E-07
0,2125;1,82E-07
0,2126;1,85E-07
0,2127;1,88E-07
0,2128;1,91E-07
0,2129;1,94E-07
0,213;1,97E-07
0,2131;2,00E-07
0,2132;2,03E-07
0,2133;2,06E-07
0,2134;2,09E-07
0,2135;2,12E-07
0,2136;2,16E-07
0,2137;2,19E-07
0,2138;2,23E-07
0,2139;2,26E-07
0,214;2,30E-07
0,2141;2,33E-07
0,2142;2,37E-07
0,2143;2,40E-07
0,2144;2,44E-07
0,2145;2,48E-07
0,2146;2,52E-07
0,2147;2,56E-07
0,2148;2,60E-07
0,2149;2,64E-07
0,215;2,68E-07
0,2151;2,72E-07
0,2152;2,76E-07
0,2153;2,81E-07
0,2154;2,85E-07
0,2155;2,89E-07
0,2156;2,94E-07
0,2157;2,98E-07
0,2158;3,03E-07
0,2159;3,08E-07
0,216;3,12E-07
0,2161;3,17E-07
0,2162;3,22E-07
0,2163;3,27E-07
0,2164;3,32E-07
0,2165;3,37E-07
0,2166;3,43E-07
0,2167;3,48E-07
0,2168;3,53E-07
0,2169;3,59E-07
0,217;3,64E-07
0,2171;3,70E-07
0,2172;3,76E-07
0,2173;3,81E-07
0,2174;3,87E-07
0,2175;3,93E-07
0,2176;3,99E-07
0,2177;4,05E-07
0,2178;4,12E-07
0,2179;4,18E-07
0,218;4,24E-07
0,2181;4,31E-07
0,2182;4,38E-07
0,2183;4,44E-07
0,2184;4,51E-07
0,2185;4,58E-07
0,2186;4,65E-07
0,2187;4,72E-07
0,2188;4,79E-07
0,2189;4,87E-07
0,219;4,94E-07
0,2191;5,02E-07
0,2192;5,09E-07
0,2193;5,17E-07
0,2194;5,25E-07
0,2195;5,33E-07
0,2196;5,41E-07
0,2197;5,50E-07
0,2198;5,58E-07
0,2199;5,66E-07
0,22;5,75E-07
0,2201;5,84E-07
0,2202;5,93E-07
0,2203;6,02E-07
0,2204;6,11E-07
0,2205;6,20E-07
0,2206;6,30E-07
0,2207;6,39E-07
0,2208;6,49E-07
0,2209;6,59E-07
0,221;6,69E-07
0,2211;6,79E-07
0,2212;6,89E-07
0,2213;7,00E-07
0,2214;7,11E-07
0,2215;7,21E-07
0,2216;7,32E-07
0,2217;7,43E-07
0,2218;7,55E-07
0,2219;7,66E-07
0,222;7,78E-07
0,2221;7,89E-07
0,2222;8,01E-07
0,2223;8,14E-07
0,2224;8,26E-07
0,2225;8,38E-07
0,2226;8,51E-07
0,2227;8,64E-07
0,2228;8,77E-07
0,2229;8,90E-07
0,223;9,04E-07
0,2231;9,17E-07
0,2232;9,31E-07
0,2233;9,45E-07
0,2234;9,59E-07
0,2235;9,74E-07
0,2236;9,89E-07
0,2237;1,00E-06
0,2238;1,02E-06
0,2239;1,03E-06
0,224;1,05E-06
0,2241;1,07E-06
0,2242;1,08E-06
0,2243;1,10E-06
0,2244;1,11E-06
0,2245;1,13E-06
0,2246;1,15E-06
0,2247;1,16E-06
0,2248;1,18E-06
0,2249;1,20E-06
0,225;1,22E-06
0,2251;1,24E-06
0,2252;1,25E-06
0,2253;1,27E-06
0,2254;1,29E-06
0,2255;1,31E-06
0,2256;1,33E-06
0,2257;1,35E-06
0,2258;1,37E-06
0,2259;1,39E-06
0,226;1,41E-06
0,2261;1,43E-06
0,2262;1,46E-06
0,2263;1,48E-06
0,2264;1,50E-06
0,2265;1,52E-06
0,2266;1,54E-06
0,2267;1,57E-06
0,2268;1,59E-06
0,2269;1,61E-06
0,227;1,64E-06
0,2271;1,66E-06
0,2272;1,69E-06
0,2273;1,71E-06
0,2274;1,74E-06
0,2275;1,76E-06
0,2276;1,79E-06
0,2277;1,82E-06
0,2278;1,84E-06
0,2279;1,87E-06
0,228;1,90E-06
0,2281;1,93E-06
0,2282;1,95E-06
0,2283;1,98E-06
0,2284;2,01E-06
0,2285;2,04E-06
0,2286;2,07E-06
0,2287;2,10E-06
0,2288;2,14E-06
0,2289;2,17E-06
0,229;2,20E-06
0,2291;2,23E-06
0,2292;2,26E-06
0,2293;2,30E-06
0,2294;2,33E-06
0,2295;2,37E-06
0,2296;2,40E-06
0,2297;2,44E-06
0,2298;2,47E-06
0,2299;2,51E-06
0,23;2,54E-06
0,2301;2,58E-06
0,2302;2,62E-06
0,2303;2,66E-06
0,2304;2,70E-06
0,2305;2,74E-06
0,2306;2,78E-06
0,2307;2,82E-06
0,2308;2,86E-06
0,2309;2,90E-06
0,231;2,94E-06
0,2311;2,99E-06
0,2312;3,03E-06
0,2313;3,08E-06
0,2314;3,12E-06
0,2315;3,17E-06
0,2316;3,21E-06
0,2317;3,26E-06
0,2318;3,31E-06
0,2319;3,36E-06
0,232;3,40E-06
0,2321;3,45E-06
0,2322;3,50E-06
0,2323;3,56E-06
0,2324;3,61E-06
0,2325;3,66E-06
0,2326;3,71E-06
0,2327;3,77E-06
0,2328;3,82E-06
0,2329;3,88E-06
0,233;3,93E-06
0,2331;3,99E-06
0,2332;4,05E-06
0,2333;4,11E-06
0,2334;4,17E-06
0,2335;4,23E-06
0,2336;4,29E-06
0,2337;4,35E-06
0,2338;4,42E-06
0,2339;4,48E-06
0,234;4,54E-06
0,2341;4,61E-06
0,2342;4,68E-06
0,2343;4,74E-06
0,2344;4,81E-06
0,2345;4,88E-06
0,2346;4,95E-06
0,2347;5,03E-06
0,2348;5,10E-06
0,2349;5,17E-06
0,235;5,25E-06
0,2351;5,32E-06
0,2352;5,40E-06
0,2353;5,48E-06
0,2354;5,56E-06
0,2355;5,64E-06
0,2356;5,72E-06
0,2357;5,80E-06
0,2358;5,88E-06
0,2359;5,97E-06
0,236;6,05E-06
0,2361;6,14E-06
0,2362;6,23E-06
0,2363;6,32E-06
0,2364;6,41E-06
0,2365;6,50E-06
0,2366;6,59E-06
0,2367;6,69E-06
0,2368;6,78E-06
0,2369;6,88E-06
0,237;6,98E-06
0,2371;7,08E-06
0,2372;7,18E-06
0,2373;7,28E-06
0,2374;7,39E-06
0,2375;7,49E-06
0,2376;7,60E-06
0,2377;7,71E-06
0,2378;7,82E-06
0,2379;7,93E-06
0,238;8,04E-06
0,2381;8,16E-06
0,2382;8,28E-06
0,2383;8,39E-06
0,2384;8,51E-06
0,2385;8,63E-06
0,2386;8,76E-06
0,2387;8,88E-06
0,2388;9,01E-06
0,2389;9,14E-06
0,239;9,27E-06
0,2391;9,40E-06
0,2392;9,53E-06
0,2393;9,67E-06
0,2394;9,80E-06
0,2395;9,94E-06
0,2396;1,01E-05
0,2397;1,02E-05
0,2398;1,04E-05
0,2399;1,05E-05
0,24;1,07E-05
0,2401;1,08E-05
0,2402;1,10E-05
0,2403;1,11E-05
0,2404;1,13E-05
0,2405;1,14E-05
0,2406;1,16E-05
0,2407;1,18E-05
0,2408;1,19E-05
0,2409;1,21E-05
0,241;1,23E-05
0,2411;1,24E-05
0,2412;1,26E-05
0,2413;1,28E-05
0,2414;1,30E-05
0,2415;1,32E-05
0,2416;1,34E-05
0,2417;1,35E-05
0,2418;1,37E-05
0,2419;1,39E-05
0,242;1,41E-05
0,2421;1,43E-05
0,2422;1,45E-05
0,2423;1,47E-05
0,2424;1,49E-05
0,2425;1,51E-05
0,2426;1,53E-05
0,2427;1,56E-05
0,2428;1,58E-05
0,2429;1,60E-05
0,243;1,62E-05
0,2431;1,65E-05
0,2432;1,67E-05
0,2433;1,69E-05
0,2434;1,72E-05
0,2435;1,74E-05
0,2436;1,76E-05
0,2437;1,79E-05
0,2438;1,81E-05
0,2439;1,84E-05
0,244;1,86E-05
0,2441;1,89E-05
0,2442;1,92E-05
0,2443;1,94E-05
0,2444;1,97E-05
0,2445;2,00E-05
0,2446;2,03E-05
0,2447;2,05E-05
0,2448;2,08E-05
0,2449;2,11E-05
0,245;2,14E-05
0,2451;2,17E-05
0,2452;2,20E-05
0,2453;2,23E-05
0,2454;2,26E-05
0,2455;2,29E-05
0,2456;2,32E-05
0,2457;2,36E-05
0,2458;2,39E-05
0,2459;2,42E-05
0,246;2,46E-05
0,2461;2,49E-05
0,2462;2,52E-05
0,2463;2,56E-05
0,2464;2,60E-05
0,2465;2,63E-05
0,2466;2,67E-05
0,2467;2,70E-05
0,2468;2,74E-05
0,2469;2,78E-05
0,247;2,82E-05
0,2471;2,86E-05
0,2472;2,90E-05
0,2473;2,94E-05
0,2474;2,98E-05
0,2475;3,02E-05
0,2476;3,06E-05
0,2477;3,10E-05
0,2478;3,14E-05
0,2479;3,19E-05
0,248;3,23E-05
0,2481;3,27E-05
0,2482;3,32E-05
0,2483;3,36E-05
0,2484;3,41E-05
0,2485;3,46E-05
0,2486;3,50E-05
0,2487;3,55E-05
0,2488;3,60E-05
0,2489;3,65E-05
0,249;3,70E-05
0,2491;3,75E-05
0,2492;3,80E-05
0,2493;3,85E-05
0,2494;3,91E-05
0,2495;3,96E-05
0,2496;4,01E-05
0,2497;4,07E-05
0,2498;4,12E-05
0,2499;4,18E-05
0,25;4,24E-05
0,2501;4,29E-05
0,2502;4,35E-05
0,2503;4,41E-05
0,2504;4,47E-05
0,2505;4,53E-05
0,2506;4,59E-05
0,2507;4,66E-05
0,2508;4,72E-05
0,2509;4,78E-05
0,251;4,85E-05
0,2511;4,91E-05
0,2512;4,98E-05
0,2513;5,05E-05
0,2514;5,12E-05
0,2515;5,19E-05
0,2516;5,26E-05
0,2517;5,33E-05
0,2518;5,40E-05
0,2519;5,47E-05
0,252;5,55E-05
0,2521;5,62E-05
0,2522;5,70E-05
0,2523;5,77E-05
0,2524;5,85E-05
0,2525;5,93E-05
0,2526;6,01E-05
0,2527;6,09E-05
0,2528;6,17E-05
0,2529;6,26E-05
0,253;6,34E-05
0,2531;6,43E-05
0,2532;6,51E-05
0,2533;6,60E-05
0,2534;6,69E-05
0,2535;6,78E-05
0,2536;6,87E-05
0,2537;6,96E-05
0,2538;7,06E-05
0,2539;7,15E-05
0,254;7,25E-05
0,2541;7,34E-05
0,2542;7,44E-05
0,2543;7,54E-05
0,2544;7,64E-05
0,2545;7,74E-05
0,2546;7,85E-05
0,2547;7,95E-05
0,2548;8,06E-05
0,2549;8,17E-05
0,255;8,27E-05
0,2551;8,38E-05
0,2552;8,50E-05
0,2553;8,61E-05
0,2554;8,72E-05
0,2555;8,84E-05
0,2556;8,96E-05
0,2557;9,08E-05
0,2558;9,20E-05
0,2559;9,32E-05
0,256;9,44E-05
0,2561;9,57E-05
0,2562;9,70E-05
0,2563;9,83E-05
0,2564;9,96E-05
0,2565;0,000100873
0,2566;0,00010221
0,2567;0,000103564
0,2568;0,000104936
0,2569;0,000106325
0,257;0,000107732
0,2571;0,000109157
0,2572;0,0001106
0,2573;0,000112061
0,2574;0,000113542
0,2575;0,000115041
0,2576;0,000116559
0,2577;0,000118097
0,2578;0,000119655
0,2579;0,000121232
0,258;0,000122829
0,2581;0,000124447
0,2582;0,000126086
0,2583;0,000127745
0,2584;0,000129425
0,2585;0,000131127
0,2586;0,000132851
0,2587;0,000134596
0,2588;0,000136364
0,2589;0,000138154
0,259;0,000139967
0,2591;0,000141803
0,2592;0,000143662
0,2593;0,000145545
0,2594;0,000147452
0,2595;0,000149382
0,2596;0,000151338
0,2597;0,000153318
0,2598;0,000155323
0,2599;0,000157353
0,26;0,00015941
0,2601;0,000161492
0,2602;0,0001636
0,2603;0,000165735
0,2604;0,000167898
0,2605;0,000170087
0,2606;0,000172304
0,2607;0,000174549
0,2608;0,000176822
0,2609;0,000179124
0,261;0,000181455
0,2611;0,000183815
0,2612;0,000186205
0,2613;0,000188625
0,2614;0,000191075
0,2615;0,000193556
0,2616;0,000196069
0,2617;0,000198612
0,2618;0,000201188
0,2619;0,000203796
0,262;0,000206437
0,2621;0,000209111
0,2622;0,000211818
0,2623;0,000214559
0,2624;0,000217335
0,2625;0,000220145
0,2626;0,00022299
0,2627;0,000225871
0,2628;0,000228788
0,2629;0,000231742
0,263;0,000234732
0,2631;0,000237759
0,2632;0,000240824
0,2633;0,000243928
0,2634;0,00024707
0,2635;0,000250251
0,2636;0,000253472
0,2637;0,000256733
0,2638;0,000260034
0,2639;0,000263376
0,264;0,00026676
0,2641;0,000270186
0,2642;0,000273655
0,2643;0,000277166
0,2644;0,000280721
0,2645;0,00028432
0,2646;0,000287964
0,2647;0,000291653
0,2648;0,000295387
0,2649;0,000299168
0,265;0,000302995
0,2651;0,00030687
0,2652;0,000310792
0,2653;0,000314763
0,2654;0,000318783
0,2655;0,000322853
0,2656;0,000326973
0,2657;0,000331143
0,2658;0,000335365
0,2659;0,000339639
0,266;0,000343966
0,2661;0,000348345
0,2662;0,000352779
0,2663;0,000357267
0,2664;0,00036181
0,2665;0,000366409
0,2666;0,000371065
0,2667;0,000375778
0,2668;0,000380548
0,2669;0,000385377
0,267;0,000390265
0,2671;0,000395213
0,2672;0,000400221
0,2673;0,000405291
0,2674;0,000410423
0,2675;0,000415618
0,2676;0,000420875
0,2677;0,000426198
0,2678;0,000431585
0,2679;0,000437038
0,268;0,000442557
0,2681;0,000448144
0,2682;0,000453799
0,2683;0,000459522
0,2684;0,000465315
0,2685;0,000471179
0,2686;0,000477114
0,2687;0,000483122
0,2688;0,000489202
0,2689;0,000495356
0,269;0,000501585
0,2691;0,000507889
0,2692;0,00051427
0,2693;0,000520728
0,2694;0,000527264
0,2695;0,00053388
0,2696;0,000540576
0,2697;0,000547352
0,2698;0,000554211
0,2699;0,000561152
0,27;0,000568178
0,2701;0,000575288
0,2702;0,000582484
0,2703;0,000589767
0,2704;0,000597138
0,2705;0,000604597
0,2706;0,000612147
0,2707;0,000619787
0,2708;0,000627519
0,2709;0,000635345
0,271;0,000643264
0,2711;0,000651279
0,2712;0,00065939
0,2713;0,000667598
0,2714;0,000675905
0,2715;0,000684312
0,2716;0,000692819
0,2717;0,000701428
0,2718;0,000710141
0,2719;0,000718957
0,272;0,00072788
0,2721;0,000736909
0,2722;0,000746046
0,2723;0,000755292
0,2724;0,000764649
0,2725;0,000774117
0,2726;0,000783699
0,2727;0,000793394
0,2728;0,000803206
0,2729;0,000813134
0,273;0,00082318
0,2731;0,000833346
0,2732;0,000843634
0,2733;0,000854043
0,2734;0,000864576
0,2735;0,000875235
0,2736;0,00088602
0,2737;0,000896933
0,2738;0,000907976
0,2739;0,000919149
0,274;0,000930455
0,2741;0,000941895
0,2742;0,000953471
0,2743;0,000965183
0,2744;0,000977035
0,2745;0,000989026
0,2746;0,001001159
0,2747;0,001013435
0,2748;0,001025857
0,2749;0,001038425
0,275;0,001051141
0,2751;0,001064008
0,2752;0,001077026
0,2753;0,001090197
0,2754;0,001103523
0,2755;0,001117007
0,2756;0,001130649
0,2757;0,001144451
0,2758;0,001158416
0,2759;0,001172544
0,276;0,001186839
0,2761;0,001201301
0,2762;0,001215933
0,2763;0,001230737
0,2764;0,001245714
0,2765;0,001260866
0,2766;0,001276196
0,2767;0,001291706
0,2768;0,001307396
0,2769;0,001323271
0,277;0,00133933
0,2771;0,001355577
0,2772;0,001372014
0,2773;0,001388643
0,2774;0,001405466
0,2775;0,001422484
0,2776;0,001439701
0,2777;0,001457119
0,2778;0,001474739
0,2779;0,001492564
0,278;0,001510597
0,2781;0,001528839
0,2782;0,001547293
0,2783;0,001565962
0,2784;0,001584847
0,2785;0,001603951
0,2786;0,001623276
0,2787;0,001642826
0,2788;0,001662602
0,2789;0,001682607
0,279;0,001702843
0,2791;0,001723314
0,2792;0,001744021
0,2793;0,001764968
0,2794;0,001786156
0,2795;0,001807589
0,2796;0,001829269
0,2797;0,001851199
0,2798;0,001873383
0,2799;0,001895821
0,28;0,001918518
0,2801;0,001941476
0,2802;0,001964699
0,2803;0,001988188
0,2804;0,002011947
0,2805;0,00203598
0,2806;0,002060288
0,2807;0,002084875
0,2808;0,002109744
0,2809;0,002134898
0,281;0,002160341
0,2811;0,002186074
0,2812;0,002212103
0,2813;0,002238429
0,2814;0,002265056
0,2815;0,002291988
0,2816;0,002319227
0,2817;0,002346777
0,2818;0,002374642
0,2819;0,002402825
0,282;0,002431329
0,2821;0,002460157
0,2822;0,002489315
0,2823;0,002518804
0,2824;0,002548628
0,2825;0,002578792
0,2826;0,002609299
0,2827;0,002640152
0,2828;0,002671356
0,2829;0,002702913
0,283;0,002734829
0,2831;0,002767107
0,2832;0,002799751
0,2833;0,002832764
0,2834;0,002866151
0,2835;0,002899916
0,2836;0,002934063
0,2837;0,002968596
0,2838;0,003003519
0,2839;0,003038836
0,284;0,003074552
0,2841;0,003110672
0,2842;0,003147198
0,2843;0,003184136
0,2844;0,00322149
0,2845;0,003259265
0,2846;0,003297465
0,2847;0,003336094
0,2848;0,003375158
0,2849;0,003414661
0,285;0,003454607
0,2851;0,003495002
0,2852;0,00353585
0,2853;0,003577157
0,2854;0,003618926
0,2855;0,003661163
0,2856;0,003703873
0,2857;0,003747061
0,2858;0,003790732
0,2859;0,003834891
0,286;0,003879544
0,2861;0,003924695
0,2862;0,00397035
0,2863;0,004016515
0,2864;0,004063195
0,2865;0,004110395
0,2866;0,00415812
0,2867;0,004206377
0,2868;0,004255171
0,2869;0,004304508
0,287;0,004354393
0,2871;0,004404833
0,2872;0,004455833
0,2873;0,004507399
0,2874;0,004559537
0,2875;0,004612253
0,2876;0,004665553
0,2877;0,004719444
0,2878;0,004773931
0,2879;0,004829022
0,288;0,004884722
0,2881;0,004941037
0,2882;0,004997975
0,2883;0,005055541
0,2884;0,005113743
0,2885;0,005172587
0,2886;0,00523208
0,2887;0,005292228
0,2888;0,005353039
0,2889;0,00541452
0,289;0,005476677
0,2891;0,005539517
0,2892;0,005603048
0,2893;0,005667278
0,2894;0,005732212
0,2895;0,005797859
0,2896;0,005864226
0,2897;0,005931321
0,2898;0,005999151
0,2899;0,006067724
0,29;0,006137048
0,2901;0,00620713
0,2902;0,006277978
0,2903;0,006349601
0,2904;0,006422006
0,2905;0,006495201
0,2906;0,006569196
0,2907;0,006643997
0,2908;0,006719614
0,2909;0,006796054
0,291;0,006873327
0,2911;0,006951441
0,2912;0,007030405
0,2913;0,007110227
0,2914;0,007190917
0,2915;0,007272482
0,2916;0,007354934
0,2917;0,00743828
0,2918;0,00752253
0,2919;0,007607692
0,292;0,007693778
0,2921;0,007780795
0,2922;0,007868754
0,2923;0,007957665
0,2924;0,008047536
0,2925;0,008138378
0,2926;0,008230202
0,2927;0,008323016
0,2928;0,008416832
0,2929;0,008511658
0,293;0,008607507
0,2931;0,008704388
0,2932;0,008802312
0,2933;0,008901289
0,2934;0,009001331
0,2935;0,009102448
0,2936;0,00920465
0,2937;0,009307951
0,2938;0,009412359
0,2939;0,009517887
0,294;0,009624546
0,2941;0,009732348
0,2942;0,009841304
0,2943;0,009951426
0,2944;0,010062726
0,2945;0,010175216
0,2946;0,010288907
0,2947;0,010403813
0,2948;0,010519945
0,2949;0,010637315
0,295;0,010755937
0,2951;0,010875823
0,2952;0,010996986
0,2953;0,011119438
0,2954;0,011243194
0,2955;0,011368265
0,2956;0,011494665
0,2957;0,011622407
0,2958;0,011751506
0,2959;0,011881975
0,296;0,012013827
0,2961;0,012147076
0,2962;0,012281737
0,2963;0,012417824
0,2964;0,012555351
0,2965;0,012694332
0,2966;0,012834782
0,2967;0,012976716
0,2968;0,013120148
0,2969;0,013265094
0,297;0,013411569
0,2971;0,013559588
0,2972;0,013709167
0,2973;0,01386032
0,2974;0,014013065
0,2975;0,014167416
0,2976;0,014323389
0,2977;0,014481002
0,2978;0,014640269
0,2979;0,014801209
0,298;0,014963836
0,2981;0,015128169
0,2982;0,015294223
0,2983;0,015462017
0,2984;0,015631567
0,2985;0,015802891
0,2986;0,015976006
0,2987;0,01615093
0,2988;0,016327681
0,2989;0,016506277
0,299;0,016686737
0,2991;0,016869078
0,2992;0,017053319
0,2993;0,01723948
0,2994;0,017427578
0,2995;0,017617633
0,2996;0,017809665
0,2997;0,018003693
0,2998;0,018199735
0,2999;0,018397814
0,3;0,018597947
0,3001;0,018800156
0,3002;0,01900446
0,3003;0,019210881
0,3004;0,019419439
0,3005;0,019630154
0,3006;0,019843049
0,3007;0,020058145
0,3008;0,020275462
0,3009;0,020495023
0,301;0,020716849
0,3011;0,020940964
0,3012;0,021167388
0,3013;0,021396144
0,3014;0,021627256
0,3015;0,021860746
0,3016;0,022096638
0,3017;0,022334953
0,3018;0,022575717
0,3019;0,022818953
0,302;0,023064685
0,3021;0,023312938
0,3022;0,023563734
0,3023;0,0238171
0,3024;0,02407306
0,3025;0,024331639
0,3026;0,024592863
0,3027;0,024856757
0,3028;0,025123346
0,3029;0,025392658
0,303;0,025664717
0,3031;0,025939551
0,3032;0,026217187
0,3033;0,02649765
0,3034;0,026780969
0,3035;0,027067171
0,3036;0,027356284
0,3037;0,027648335
0,3038;0,027943353
0,3039;0,028241367
0,304;0,028542404
0,3041;0,028846494
0,3042;0,029153666
0,3043;0,02946395
0,3044;0,029777375
0,3045;0,030093971
0,3046;0,030413769
0,3047;0,030736799
0,3048;0,031063092
0,3049;0,031392679
0,305;0,031725592
0,3051;0,032061861
0,3052;0,03240152
0,3053;0,0327446
0,3054;0,033091133
0,3055;0,033441153
0,3056;0,033794692
0,3057;0,034151785
0,3058;0,034512464
0,3059;0,034876763
0,306;0,035244717
0,3061;0,035616361
0,3062;0,035991729
0,3063;0,036370856
0,3064;0,036753778
0,3065;0,037140531
0,3066;0,03753115
0,3067;0,037925673
0,3068;0,038324135
0,3069;0,038726574
0,307;0,039133028
0,3071;0,039543534
0,3072;0,03995813
0,3073;0,040376854
0,3074;0,040799746
0,3075;0,041226844
0,3076;0,041658187
0,3077;0,042093816
0,3078;0,04253377
0,3079;0,04297809
0,308;0,043426817
0,3081;0,043879991
0,3082;0,044337655
0,3083;0,04479985
0,3084;0,045266618
0,3085;0,045738002
0,3086;0,046214045
0,3087;0,04669479
0,3088;0,04718028
0,3089;0,047670561
0,309;0,048165676
0,3091;0,04866567
0,3092;0,049170588
0,3093;0,049680477
0,3094;0,050195381
0,3095;0,050715348
0,3096;0,051240424
0,3097;0,051770656
0,3098;0,052306092
0,3099;0,05284678
0,31;0,053392768
0,3101;0,053944106
0,3102;0,054500842
0,3103;0,055063026
0,3104;0,055630708
0,3105;0,056203938
0,3106;0,056782769
0,3107;0,05736725
0,3108;0,057957434
0,3109;0,058553373
0,311;0,05915512
0,3111;0,059762728
0,3112;0,06037625
0,3113;0,06099574
0,3114;0,061621254
0,3115;0,062252846
0,3116;0,062890571
0,3117;0,063534485
0,3118;0,064184645
0,3119;0,064841108
0,312;0,06550393
0,3121;0,06617317
0,3122;0,066848886
0,3123;0,067531137
0,3124;0,068219982
0,3125;0,06891548
0,3126;0,069617693
0,3127;0,07032668
0,3128;0,071042504
0,3129;0,071765225
0,313;0,072494907
0,3131;0,073231611
0,3132;0,073975403
0,3133;0,074726344
0,3134;0,0754845
0,3135;0,076249936
0,3136;0,077022717
0,3137;0,07780291
0,3138;0,07859058
0,3139;0,079385795
0,314;0,080188622
0,3141;0,080999131
0,3142;0,08181739
0,3143;0,082643467
0,3144;0,083477434
0,3145;0,08431936
0,3146;0,085169317
0,3147;0,086027377
0,3148;0,086893611
0,3149;0,087768093
0,315;0,088650896
0,3151;0,089542095
0,3152;0,090441763
0,3153;0,091349977
0,3154;0,092266812
0,3155;0,093192345
0,3156;0,094126652
0,3157;0,095069813
0,3158;0,096021905
0,3159;0,096983007
0,316;0,097953199
0,3161;0,098932562
0,3162;0,099921177
0,3163;0,100919124
0,3164;0,101926487
0,3165;0,102943349
0,3166;0,103969793
0,3167;0,105005904
0,3168;0,106051767
0,3169;0,107107467
0,317;0,108173091
0,3171;0,109248727
0,3172;0,110334461
0,3173;0,111430383
0,3174;0,112536582
0,3175;0,113653148
0,3176;0,114780171
0,3177;0,115917743
0,3178;0,117065957
0,3179;0,118224904
0,318;0,11939468
0,3181;0,120575377
0,3182;0,121767093
0,3183;0,122969921
0,3184;0,124183959
0,3185;0,125409305
0,3186;0,126646057
0,3187;0,127894314
0,3188;0,129154175
0,3189;0,130425741
0,319;0,131709114
0,3191;0,133004396
0,3192;0,13431169
0,3193;0,1356311
0,3194;0,13696273
0,3195;0,138306686
0,3196;0,139663075
0,3197;0,141032002
0,3198;0,142413578
0,3199;0,14380791
0,32;0,145215108
0,3201;0,146635283
0,3202;0,148068546
0,3203;0,149515009
0,3204;0,150974787
0,3205;0,152447992
0,3206;0,15393474
0,3207;0,155435147
0,3208;0,15694933
0,3209;0,158477406
0,321;0,160019494
0,3211;0,161575714
0,3212;0,163146187
0,3213;0,164731032
0,3214;0,166330374
0,3215;0,167944335
0,3216;0,16957304
0,3217;0,171216614
0,3218;0,172875183
0,3219;0,174548875
0,322;0,176237817
0,3221;0,17794214
0,3222;0,179661972
0,3223;0,181397446
0,3224;0,183148693
0,3225;0,184915847
0,3226;0,186699042
0,3227;0,188498414
0,3228;0,190314098
0,3229;0,192146232
0,323;0,193994955
0,3231;0,195860406
0,3232;0,197742726
0,3233;0,199642056
0,3234;0,201558539
0,3235;0,203492319
0,3236;0,205443541
0,3237;0,207412351
0,3238;0,209398896
0,3239;0,211403324
0,324;0,213425784
0,3241;0,215466428
0,3242;0,217525407
0,3243;0,219602874
0,3244;0,221698982
0,3245;0,223813888
0,3246;0,225947746
0,3247;0,228100715
0,3248;0,230272954
0,3249;0,232464622
0,325;0,23467588
0,3251;0,236906891
0,3252;0,239157819
0,3253;0,241428827
0,3254;0,243720083
0,3255;0,246031752
0,3256;0,248364005
0,3257;0,25071701
0,3258;0,253090939
0,3259;0,255485964
0,326;0,257902258
0,3261;0,260339996
0,3262;0,262799356
0,3263;0,265280513
0,3264;0,267783648
0,3265;0,270308939
0,3266;0,272856569
0,3267;0,275426721
0,3268;0,278019579
0,3269;0,280635327
0,327;0,283274154
0,3271;0,285936248
0,3272;0,288621798
0,3273;0,291330995
0,3274;0,294064032
0,3275;0,296821104
0,3276;0,299602404
0,3277;0,30240813
0,3278;0,305238481
0,3279;0,308093656
0,328;0,310973856
0,3281;0,313879284
0,3282;0,316810144
0,3283;0,319766641
0,3284;0,322748984
0,3285;0,325757379
0,3286;0,328792038
0,3287;0,331853172
0,3288;0,334940995
0,3289;0,338055721
0,329;0,341197567
0,3291;0,34436675
0,3292;0,347563489
0,3293;0,350788007
0,3294;0,354040526
0,3295;0,357321269
0,3296;0,360630464
0,3297;0,363968336
0,3298;0,367335117
0,3299;0,370731035
0,33;0,374156325
0,3301;0,377611219
0,3302;0,381095954
0,3303;0,384610768
0,3304;0,388155899
0,3305;0,391731588
0,3306;0,395338079
0,3307;0,398975615
0,3308;0,402644443
0,3309;0,40634481
0,331;0,410076966
0,3311;0,413841163
0,3312;0,417637653
0,3313;0,421466693
0,3314;0,425328538
0,3315;0,429223447
0,3316;0,433151681
0,3317;0,437113501
0,3318;0,441109173
0,3319;0,445138962
0,332;0,449203136
0,3321;0,453301965
0,3322;0,45743572
0,3323;0,461604676
0,3324;0,465809107
0,3325;0,470049291
0,3326;0,474325507
0,3327;0,478638037
0,3328;0,482987164
0,3329;0,487373173
0,333;0,491796352
0,3331;0,49625699
0,3332;0,500755378
0,3333;0,505291809
0,3334;0,509866579
0,3335;0,514479986
0,3336;0,519132328
0,3337;0,523823907
0,3338;0,528555027
0,3339;0,533325994
0,334;0,538137115
0,3341;0,5429887
0,3342;0,547881062
0,3343;0,552814514
0,3344;0,557789374
0,3345;0,562805959
0,3346;0,56786459
0,3347;0,572965591
0,3348;0,578109287
0,3349;0,583296004
0,335;0,588526073
0,3351;0,593799825
0,3352;0,599117595
0,3353;0,604479719
0,3354;0,609886536
0,3355;0,615338386
0,3356;0,620835614
0,3357;0,626378564
0,3358;0,631967585
0,3359;0,637603027
0,336;0,643285243
0,3361;0,649014588
0,3362;0,654791419
0,3363;0,660616097
0,3364;0,666488983
0,3365;0,672410442
0,3366;0,678380842
0,3367;0,684400553
0,3368;0,690469946
0,3369;0,696589396
0,337;0,70275928
0,3371;0,708979978
0,3372;0,715251873
0,3373;0,721575348
0,3374;0,727950792
0,3375;0,734378594
0,3376;0,740859146
0,3377;0,747392844
0,3378;0,753980086
0,3379;0,760621271
0,338;0,767316804
0,3381;0,774067088
0,3382;0,780872534
0,3383;0,787733551
0,3384;0,794650554
0,3385;0,801623958
0,3386;0,808654184
0,3387;0,815741653
0,3388;0,82288679
0,3389;0,830090022
0,339;0,83735178
0,3391;0,844672497
0,3392;0,852052608
0,3393;0,859492552
0,3394;0,866992772
0,3395;0,874553711
0,3396;0,882175817
0,3397;0,889859541
0,3398;0,897605335
0,3399;0,905413655
0,34;0,913284961
0,3401;0,921219715
0,3402;0,929218381
0,3403;0,937281428
0,3404;0,945409328
0,3405;0,953602553
0,3406;0,961861581
0,3407;0,970186892
0,3408;0,97857897
0,3409;0,987038301
0,341;0,995565375
0,3411;1,004160683
0,3412;1,012824722
0,3413;1,02155799
0,3414;1,030360991
0,3415;1,039234228
0,3416;1,048178211
0,3417;1,05719345
0,3418;1,066280462
0,3419;1,075439764
0,342;1,084671878
0,3421;1,093977328
0,3422;1,103356643
0,3423;1,112810354
0,3424;1,122338995
0,3425;1,131943105
0,3426;1,141623226
0,3427;1,151379901
0,3428;1,16121368
0,3429;1,171125114
0,343;1,181114759
0,3431;1,191183172
0,3432;1,201330917
0,3433;1,211558557
0,3434;1,221866664
0,3435;1,232255809
0,3436;1,242726568
0,3437;1,253279522
0,3438;1,263915253
0,3439;1,274634349
0,344;1,2854374
0,3441;1,296325
0,3442;1,307297748
0,3443;1,318356244
0,3444;1,329501094
0,3445;1,340732908
0,3446;1,352052296
0,3447;1,363459877
0,3448;1,37495627
0,3449;1,386542099
0,345;1,398217992
0,3451;1,40998458
0,3452;1,4218425
0,3453;1,433792389
0,3454;1,445834892
0,3455;1,457970656
0,3456;1,470200331
0,3457;1,482524572
0,3458;1,494944039
0,3459;1,507459393
0,346;1,520071302
0,3461;1,532780437
0,3462;1,545587473
0,3463;1,558493088
0,3464;1,571497965
0,3465;1,584602791
0,3466;1,597808258
0,3467;1,611115061
0,3468;1,624523899
0,3469;1,638035476
0,347;1,6516505
0,3471;1,665369681
0,3472;1,679193738
0,3473;1,693123389
0,3474;1,70715936
0,3475;1,72130238
0,3476;1,735553182
0,3477;1,749912503
0,3478;1,764381085
0,3479;1,778959675
0,348;1,793649023
0,3481;1,808449885
0,3482;1,823363018
0,3483;1,838389189
0,3484;1,853529164
0,3485;1,868783717
0,3486;1,884153624
0,3487;1,899639668
0,3488;1,915242636
0,3489;1,930963317
0,349;1,946802508
0,3491;1,962761008
0,3492;1,978839622
0,3493;1,99503916
0,3494;2,011360435
0,3495;2,027804267
0,3496;2,044371477
0,3497;2,061062896
0,3498;2,077879355
0,3499;2,094821692
0,35;2,111890749
0,3501;2,129087374
0,3502;2,146412418
0,3503;2,163866739
0,3504;2,181451197
0,3505;2,199166661
0,3506;2,217014
0,3507;2,234994092
0,3508;2,253107817
0,3509;2,271356063
0,351;2,28973972
0,3511;2,308259685
0,3512;2,32691686
0,3513;2,345712149
0,3514;2,364646466
0,3515;2,383720727
0,3516;2,402935852
0,3517;2,42229277
0,3518;2,441792413
0,3519;2,461435716
0,352;2,481223623
0,3521;2,501157081
0,3522;2,521237044
0,3523;2,541464469
0,3524;2,561840319
0,3525;2,582365564
0,3526;2,603041177
0,3527;2,623868138
0,3528;2,644847431
0,3529;2,665980047
0,353;2,687266981
0,3531;2,708709235
0,3532;2,730307814
0,3533;2,752063731
0,3534;2,773978002
0,3535;2,796051652
0,3536;2,818285709
0,3537;2,840681206
0,3538;2,863239183
0,3539;2,885960687
0,354;2,908846766
0,3541;2,931898479
0,3542;2,955116887
0,3543;2,978503059
0,3544;3,002058068
0,3545;3,025782993
0,3546;3,04967892
0,3547;3,07374694
0,3548;3,097988149
0,3549;3,12240365
0,355;3,146994552
0,3551;3,171761968
0,3552;3,19670702
0,3553;3,221830833
0,3554;3,24713454
0,3555;3,272619278
0,3556;3,298286192
0,3557;3,324136431
0,3558;3,350171152
0,3559;3,376391517
0,356;3,402798694
0,3561;3,429393858
0,3562;3,456178188
0,3563;3,483152872
0,3564;3,510319103
0,3565;3,537678078
0,3566;3,565231004
0,3567;3,592979091
0,3568;3,620923558
0,3569;3,649065629
0,357;3,677406532
0,3571;3,705947506
0,3572;3,734689792
0,3573;3,763634641
0,3574;3,792783307
0,3575;3,822137053
0,3576;3,851697146
0,3577;3,881464863
0,3578;3,911441485
0,3579;3,941628299
0,358;3,972026599
0,3581;4,002637687
0,3582;4,03346287
0,3583;4,064503463
0,3584;4,095760785
0,3585;4,127236164
0,3586;4,158930935
0,3587;4,190846438
0,3588;4,222984019
0,3589;4,255345034
0,359;4,287930843
0,3591;4,320742814
0,3592;4,353782321
0,3593;4,387050745
0,3594;4,420549474
0,3595;4,454279902
0,3596;4,488243433
0,3597;4,522441474
0,3598;4,556875441
0,3599;4,591546756
0,36;4,626456849
0,3601;4,661607156
0,3602;4,69699912
0,3603;4,732634193
0,3604;4,768513831
0,3605;4,804639499
0,3606;4,841012669
0,3607;4,877634819
0,3608;4,914507436
0,3609;4,951632012
0,361;4,989010048
0,3611;5,026643051
0,3612;5,064532535
0,3613;5,102680024
0,3614;5,141087045
0,3615;5,179755136
0,3616;5,21868584
0,3617;5,257880708
0,3618;5,297341298
0,3619;5,337069177
0,362;5,377065918
0,3621;5,417333102
0,3622;5,457872315
0,3623;5,498685155
0,3624;5,539773224
0,3625;5,581138132
0,3626;5,622781497
0,3627;5,664704946
0,3628;5,706910111
0,3629;5,749398633
0,363;5,79217216
0,3631;5,835232349
0,3632;5,878580862
0,3633;5,922219371
0,3634;5,966149556
0,3635;6,010373102
0,3636;6,054891704
0,3637;6,099707065
0,3638;6,144820893
0,3639;6,190234908
0,364;6,235950834
0,3641;6,281970405
0,3642;6,328295361
0,3643;6,374927453
0,3644;6,421868437
0,3645;6,469120077
0,3646;6,516684147
0,3647;6,564562428
0,3648;6,612756708
0,3649;6,661268783
0,365;6,71010046
0,3651;6,759253549
0,3652;6,808729873
0,3653;6,85853126
0,3654;6,908659547
0,3655;6,959116579
0,3656;7,009904209
0,3657;7,061024299
0,3658;7,112478718
0,3659;7,164269345
0,366;7,216398063
0,3661;7,268866769
0,3662;7,321677364
0,3663;7,374831759
0,3664;7,428331873
0,3665;7,482179632
0,3666;7,536376974
0,3667;7,59092584
0,3668;7,645828184
0,3669;7,701085967
0,367;7,756701156
0,3671;7,81267573
0,3672;7,869011674
0,3673;7,925710982
0,3674;7,982775658
0,3675;8,040207712
0,3676;8,098009163
0,3677;8,156182041
0,3678;8,214728382
0,3679;8,27365023
0,368;8,332949641
0,3681;8,392628675
0,3682;8,452689405
0,3683;8,513133909
0,3684;8,573964276
0,3685;8,635182602
0,3686;8,696790994
0,3687;8,758791566
0,3688;8,821186439
0,3689;8,883977747
0,369;8,947167628
0,3691;9,010758233
0,3692;9,074751719
0,3693;9,139150252
0,3694;9,203956008
0,3695;9,269171171
0,3696;9,334797934
0,3697;9,400838499
0,3698;9,467295077
0,3699;9,534169886
0,37;9,601465156
0,3701;9,669183124
0,3702;9,737326035
0,3703;9,805896145
0,3704;9,874895718
0,3705;9,944327027
0,3706;10,01419235
0,3707;10,08449399
0,3708;10,15523423
0,3709;10,22641539
0,371;10,29803979
0,3711;10,37010975
0,3712;10,44262761
0,3713;10,51559571
0,3714;10,5890164
0,3715;10,66289206
0,3716;10,73722505
0,3717;10,81201776
0,3718;10,88727257
0,3719;10,96299188
0,372;11,0391781
0,3721;11,11583366
0,3722;11,19296097
0,3723;11,27056248
0,3724;11,34864062
0,3725;11,42719786
0,3726;11,50623666
0,3727;11,58575948
0,3728;11,66576882
0,3729;11,74626716
0,373;11,82725701
0,3731;11,90874087
0,3732;11,99072126
0,3733;12,07320071
0,3734;12,15618176
0,3735;12,23966696
0,3736;12,32365886
0,3737;12,40816003
0,3738;12,49317303
0,3739;12,57870047
0,374;12,66474493
0,3741;12,751309
0,3742;12,83839532
0,3743;12,92600649
0,3744;13,01414514
0,3745;13,10281393
0,3746;13,19201549
0,3747;13,28175248
0,3748;13,37202758
0,3749;13,46284346
0,375;13,55420281
0,3751;13,64610833
0,3752;13,73856271
0,3753;13,83156869
0,3754;13,92512897
0,3755;14,0192463
0,3756;14,11392341
0,3757;14,20916307
0,3758;14,30496803
0,3759;14,40134107
0,376;14,49828496
0,3761;14,5958025
0,3762;14,69389649
0,3763;14,79256973
0,3764;14,89182505
0,3765;14,99166528
0,3766;15,09209324
0,3767;15,1931118
0,3768;15,2947238
0,3769;15,39693211
0,377;15,49973962
0,3771;15,60314919
0,3772;15,70716373
0,3773;15,81178615
0,3774;15,91701935
0,3775;16,02286626
0,3776;16,1293298
0,3777;16,23641294
0,3778;16,3441186
0,3779;16,45244976
0,378;16,56140938
0,3781;16,67100045
0,3782;16,78122595
0,3783;16,89208888
0,3784;17,00359226
0,3785;17,11573909
0,3786;17,2285324
0,3787;17,34197524
0,3788;17,45607064
0,3789;17,57082166
0,379;17,68623137
0,3791;17,80230284
0,3792;17,91903915
0,3793;18,0364434
0,3794;18,15451869
0,3795;18,27326812
0,3796;18,39269483
0,3797;18,51280194
0,3798;18,63359258
0,3799;18,75506992
0,38;18,87723711
0,3801;19,00009731
0,3802;19,12365371
0,3803;19,24790949
0,3804;19,37286784
0,3805;19,49853198
0,3806;19,6249051
0,3807;19,75199045
0,3808;19,87979125
0,3809;20,00831075
0,381;20,13755219
0,3811;20,26751883
0,3812;20,39821396
0,3813;20,52964084
0,3814;20,66180277
0,3815;20,79470303
0,3816;20,92834495
0,3817;21,06273184
0,3818;21,19786701
0,3819;21,33375381
0,382;21,47039558
0,3821;21,60779568
0,3822;21,74595745
0,3823;21,88488428
0,3824;22,02457955
0,3825;22,16504664
0,3826;22,30628896
0,3827;22,4483099
0,3828;22,5911129
0,3829;22,73470136
0,383;22,87907873
0,3831;23,02424845
0,3832;23,17021397
0,3833;23,31697875
0,3834;23,46454627
0,3835;23,61292
0,3836;23,76210343
0,3837;23,91210006
0,3838;24,06291339
0,3839;24,21454693
0,384;24,36700422
0,3841;24,52028878
0,3842;24,67440416
0,3843;24,82935389
0,3844;24,98514155
0,3845;25,1417707
0,3846;25,29924491
0,3847;25,45756777
0,3848;25,61674287
0,3849;25,77677382
0,385;25,93766421
0,3851;26,09941768
0,3852;26,26203785
0,3853;26,42552836
0,3854;26,58989284
0,3855;26,75513495
0,3856;26,92125836
0,3857;27,08826673
0,3858;27,25616374
0,3859;27,42495308
0,386;27,59463843
0,3861;27,76522351
0,3862;27,93671203
0,3863;28,1091077
0,3864;28,28241425
0,3865;28,45663542
0,3866;28,63177495
0,3867;28,8078366
0,3868;28,98482411
0,3869;29,16274127
0,387;29,34159184
0,3871;29,52137962
0,3872;29,70210839
0,3873;29,88378195
0,3874;30,06640411
0,3875;30,24997869
0,3876;30,43450951
0,3877;30,6200004
0,3878;30,8064552
0,3879;30,99387775
0,388;31,18227192
0,3881;31,37164156
0,3882;31,56199054
0,3883;31,75332274
0,3884;31,94564204
0,3885;32,13895234
0,3886;32,33325753
0,3887;32,52856153
0,3888;32,72486824
0,3889;32,92218159
0,389;33,1205055
0,3891;33,31984392
0,3892;33,52020078
0,3893;33,72158004
0,3894;33,92398565
0,3895;34,12742158
0,3896;34,3318918
0,3897;34,53740028
0,3898;34,74395102
0,3899;34,95154801
0,39;35,16019524
0,3901;35,36989672
0,3902;35,58065646
0,3903;35,79247849
0,3904;36,00536682
0,3905;36,2193255
0,3906;36,43435856
0,3907;36,65047005
0,3908;36,86766401
0,3909;37,08594451
0,391;37,30531561
0,3911;37,52578139
0,3912;37,74734592
0,3913;37,97001328
0,3914;38,19378757
0,3915;38,41867288
0,3916;38,64467331
0,3917;38,87179297
0,3918;39,10003598
0,3919;39,32940645
0,392;39,55990851
0,3921;39,79154629
0,3922;40,02432393
0,3923;40,25824558
0,3924;40,49331537
0,3925;40,72953747
0,3926;40,96691603
0,3927;41,20545522
0,3928;41,44515921
0,3929;41,68603218
0,393;41,9280783
0,3931;42,17130176
0,3932;42,41570675
0,3933;42,66129748
0,3934;42,90807813
0,3935;43,15605292
0,3936;43,40522606
0,3937;43,65560177
0,3938;43,90718425
0,3939;44,15997775
0,394;44,41398649
0,3941;44,6692147
0,3942;44,92566663
0,3943;45,18334652
0,3944;45,44225861
0,3945;45,70240716
0,3946;45,96379642
0,3947;46,22643066
0,3948;46,49031414
0,3949;46,75545113
0,395;47,0218459
0,3951;47,28950272
0,3952;47,55842589
0,3953;47,82861968
0,3954;48,10008838
0,3955;48,37283628
0,3956;48,64686768
0,3957;48,92218687
0,3958;49,19879816
0,3959;49,47670586
0,396;49,75591427
0,3961;50,0364277
0,3962;50,31825046
0,3963;50,60138688
0,3964;50,88584128
0,3965;51,17161798
0,3966;51,4587213
0,3967;51,74715558
0,3968;52,03692515
0,3969;52,32803433
0,397;52,62048747
0,3971;52,91428891
0,3972;53,20944299
0,3973;53,50595404
0,3974;53,80382642
0,3975;54,10306448
0,3976;54,40367256
0,3977;54,70565501
0,3978;55,00901619
0,3979;55,31376046
0,398;55,61989217
0,3981;55,92741567
0,3982;56,23633534
0,3983;56,54665552
0,3984;56,85838058
0,3985;57,17151489
0,3986;57,48606281
0,3987;57,80202871
0,3988;58,11941695
0,3989;58,4382319
0,399;58,75847792
0,3991;59,0801594
0,3992;59,40328069
0,3993;59,72784616
0,3994;60,0538602
0,3995;60,38132716
0,3996;60,71025142
0,3997;61,04063735
0,3998;61,37248932
0,3999;61,7058117
0,4;62,04060887
0,4001;62,37688519
0,4002;62,71464503
0,4003;63,05389276
0,4004;63,39463276
0,4005;63,73686938
0,4006;64,08060701
0,4007;64,42585
0,4008;64,77260272
0,4009;65,12086954
0,401;65,47065482
0,4011;65,82196292
0,4012;66,1747982
0,4013;66,52916503
0,4014;66,88506775
0,4015;67,24251074
0,4016;67,60149833
0,4017;67,9620349
0,4018;68,32412477
0,4019;68,68777232
0,402;69,05298187
0,4021;69,41975778
0,4022;69,78810439
0,4023;70,15802603
0,4024;70,52952705
0,4025;70,90261177
0,4026;71,27728454
0,4027;71,65354967
0,4028;72,03141149
0,4029;72,41087433
0,403;72,7919425
0,4031;73,17462033
0,4032;73,55891211
0,4033;73,94482216
0,4034;74,33235479
0,4035;74,72151429
0,4036;75,11230496
0,4037;75,5047311
0,4038;75,89879699
0,4039;76,29450692
0,404;76,69186517
0,4041;77,09087601
0,4042;77,49154372
0,4043;77,89387255
0,4044;78,29786678
0,4045;78,70353066
0,4046;79,11086843
0,4047;79,51988435
0,4048;79,93058266
0,4049;80,34296759
0,405;80,75704337
0,4051;81,17281422
0,4052;81,59028437
0,4053;82,00945802
0,4054;82,43033938
0,4055;82,85293266
0,4056;83,27724204
0,4057;83,70327171
0,4058;84,13102586
0,4059;84,56050865
0,406;84,99172426
0,4061;85,42467684
0,4062;85,85937055
0,4063;86,29580953
0,4064;86,73399792
0,4065;87,17393986
0,4066;87,61563947
0,4067;88,05910086
0,4068;88,50432814
0,4069;88,95132541
0,407;89,40009677
0,4071;89,85064629
0,4072;90,30297806
0,4073;90,75709615
0,4074;91,2130046
0,4075;91,67070747
0,4076;92,1302088
0,4077;92,59151263
0,4078;93,05462297
0,4079;93,51954385
0,408;93,98627925
0,4081;94,45483319
0,4082;94,92520964
0,4083;95,39741258
0,4084;95,87144598
0,4085;96,34731379
0,4086;96,82501995
0,4087;97,3045684
0,4088;97,78596307
0,4089;98,26920787
0,409;98,7543067
0,4091;99,24126346
0,4092;99,73008202
0,4093;100,2207663
0,4094;100,71332
0,4095;101,2077472
0,4096;101,7040515
0,4097;102,202237
0,4098;102,7023072
0,4099;103,2042661
0,41;103,7081175
0,4101;104,2138651
0,4102;104,7215126
0,4103;105,2310639
0,4104;105,7425227
0,4105;106,2558926
0,4106;106,7711775
0,4107;107,288381
0,4108;107,8075067
0,4109;108,3285585
0,411;108,8515398
0,4111;109,3764544
0,4112;109,903306
0,4113;110,432098
0,4114;110,9628342
0,4115;111,495518
0,4116;112,0301532
0,4117;112,5667432
0,4118;113,1052916
0,4119;113,6458019
0,412;114,1882776
0,4121;114,7327223
0,4122;115,2791394
0,4123;115,8275323
0,4124;116,3779047
0,4125;116,9302598
0,4126;117,4846011
0,4127;118,040932
0,4128;118,5992559
0,4129;119,1595762
0,413;119,7218962
0,4131;120,2862192
0,4132;120,8525487
0,4133;121,4208879
0,4134;121,99124
0,4135;122,5636084
0,4136;123,1379963
0,4137;123,714407
0,4138;124,2928436
0,4139;124,8733094
0,414;125,4558076
0,4141;126,0403412
0,4142;126,6269136
0,4143;127,2155277
0,4144;127,8061867
0,4145;128,3988937
0,4146;128,9936518
0,4147;129,590464
0,4148;130,1893334
0,4149;130,7902629
0,415;131,3932555
0,4151;131,9983143
0,4152;132,6054422
0,4153;133,2146421
0,4154;133,825917
0,4155;134,4392697
0,4156;135,054703
0,4157;135,67222
0,4158;136,2918233
0,4159;136,9135158
0,416;137,5373004
0,4161;138,1631796
0,4162;138,7911564
0,4163;139,4212334
0,4164;140,0534134
0,4165;140,6876989
0,4166;141,3240928
0,4167;141,9625975
0,4168;142,6032158
0,4169;143,2459502
0,417;143,8908033
0,4171;144,5377776
0,4172;145,1868757
0,4173;145,8381
0,4174;146,4914531
0,4175;147,1469374
0,4176;147,8045553
0,4177;148,4643093
0,4178;149,1262016
0,4179;149,7902347
0,418;150,456411
0,4181;151,1247326
0,4182;151,7952019
0,4183;152,4678212
0,4184;153,1425927
0,4185;153,8195186
0,4186;154,4986011
0,4187;155,1798423
0,4188;155,8632445
0,4189;156,5488096
0,419;157,2365397
0,4191;157,926437
0,4192;158,6185035
0,4193;159,3127411
0,4194;160,0091519
0,4195;160,7077377
0,4196;161,4085006
0,4197;162,1114423
0,4198;162,8165649
0,4199;163,5238701
0,42;164,2333596
0,4201;164,9450355
0,4202;165,6588993
0,4203;166,3749528
0,4204;167,0931977
0,4205;167,8136357
0,4206;168,5362684
0,4207;169,2610975
0,4208;169,9881246
0,4209;170,7173511
0,421;171,4487787
0,4211;172,1824088
0,4212;172,9182429
0,4213;173,6562824
0,4214;174,3965288
0,4215;175,1389835
0,4216;175,8836477
0,4217;176,6305229
0,4218;177,3796103
0,4219;178,1309112
0,422;178,8844267
0,4221;179,6401582
0,4222;180,3981068
0,4223;181,1582735
0,4224;181,9206596
0,4225;182,6852661
0,4226;183,4520941
0,4227;184,2211444
0,4228;184,9924183
0,4229;185,7659165
0,423;186,54164
0,4231;187,3195897
0,4232;188,0997665
0,4233;188,8821711
0,4234;189,6668043
0,4235;190,4536669
0,4236;191,2427597
0,4237;192,0340833
0,4238;192,8276383
0,4239;193,6234254
0,424;194,4214452
0,4241;195,2216981
0,4242;196,0241848
0,4243;196,8289058
0,4244;197,6358614
0,4245;198,445052
0,4246;199,2564782
0,4247;200,0701401
0,4248;200,8860382
0,4249;201,7041727
0,425;202,5245438
0,4251;203,3471517
0,4252;204,1719967
0,4253;204,9990788
0,4254;205,8283982
0,4255;206,6599548
0,4256;207,4937488
0,4257;208,3297801
0,4258;209,1680487
0,4259;210,0085545
0,426;210,8512973
0,4261;211,6962771
0,4262;212,5434935
0,4263;213,3929465
0,4264;214,2446357
0,4265;215,0985608
0,4266;215,9547215
0,4267;216,8131174
0,4268;217,673748
0,4269;218,536613
0,427;219,4017118
0,4271;220,2690438
0,4272;221,1386086
0,4273;222,0104055
0,4274;222,8844339
0,4275;223,760693
0,4276;224,6391821
0,4277;225,5199006
0,4278;226,4028475
0,4279;227,2880221
0,428;228,1754233
0,4281;229,0650505
0,4282;229,9569024
0,4283;230,8509783
0,4284;231,7472769
0,4285;232,6457972
0,4286;233,5465382
0,4287;234,4494986
0,4288;235,3546773
0,4289;236,2620729
0,429;237,1716842
0,4291;238,0835099
0,4292;238,9975486
0,4293;239,913799
0,4294;240,8322594
0,4295;241,7529285
0,4296;242,6758047
0,4297;243,6008865
0,4298;244,5281722
0,4299;245,4576602
0,43;246,3893487
0,4301;247,3232361
0,4302;248,2593204
0,4303;249,1976
0,4304;250,1380729
0,4305;251,0807373
0,4306;252,0255911
0,4307;252,9726323
0,4308;253,921859
0,4309;254,873269
0,431;255,8268602
0,4311;256,7826305
0,4312;257,7405775
0,4313;258,7006991
0,4314;259,662993
0,4315;260,6274567
0,4316;261,594088
0,4317;262,5628843
0,4318;263,5338432
0,4319;264,5069622
0,432;265,4822387
0,4321;266,4596701
0,4322;267,4392537
0,4323;268,4209868
0,4324;269,4048667
0,4325;270,3908905
0,4326;271,3790556
0,4327;272,3693588
0,4328;273,3617975
0,4329;274,3563684
0,433;275,3530687
0,4331;276,3518953
0,4332;277,3528451
0,4333;278,3559148
0,4334;279,3611014
0,4335;280,3684015
0,4336;281,3778119
0,4337;282,3893292
0,4338;283,40295
0,4339;284,4186709
0,434;285,4364885
0,4341;286,4563991
0,4342;287,4783993
0,4343;288,5024854
0,4344;289,5286537
0,4345;290,5569005
0,4346;291,5872222
0,4347;292,6196147
0,4348;293,6540744
0,4349;294,6905973
0,435;295,7291794
0,4351;296,7698168
0,4352;297,8125053
0,4353;298,8572411
0,4354;299,9040198
0,4355;300,9528372
0,4356;302,0036893
0,4357;303,0565716
0,4358;304,1114799
0,4359;305,1684097
0,436;306,2273567
0,4361;307,2883164
0,4362;308,3512842
0,4363;309,4162556
0,4364;310,4832259
0,4365;311,5521905
0,4366;312,6231447
0,4367;313,6960837
0,4368;314,7710027
0,4369;315,8478969
0,437;316,9267612
0,4371;318,0075908
0,4372;319,0903807
0,4373;320,1751257
0,4374;321,2618209
0,4375;322,3504609
0,4376;323,4410407
0,4377;324,533555
0,4378;325,6279984
0,4379;326,7243657
0,438;327,8226514
0,4381;328,92285
0,4382;330,0249561
0,4383;331,1289641
0,4384;332,2348685
0,4385;333,3426635
0,4386;334,4523435
0,4387;335,5639027
0,4388;336,6773353
0,4389;337,7926355
0,439;338,9097973
0,4391;340,0288149
0,4392;341,1496823
0,4393;342,2723933
0,4394;343,3969419
0,4395;344,523322
0,4396;345,6515273
0,4397;346,7815516
0,4398;347,9133886
0,4399;349,047032
0,44;350,1824754
0,4401;351,3197122
0,4402;352,4587361
0,4403;353,5995405
0,4404;354,7421187
0,4405;355,8864642
0,4406;357,0325702
0,4407;358,18043
0,4408;359,3300368
0,4409;360,4813837
0,441;361,6344639
0,4411;362,7892703
0,4412;363,9457961
0,4413;365,1040341
0,4414;366,2639772
0,4415;367,4256184
0,4416;368,5889504
0,4417;369,7539659
0,4418;370,9206576
0,4419;372,0890183
0,442;373,2590404
0,4421;374,4307166
0,4422;375,6040394
0,4423;376,7790011
0,4424;377,9555943
0,4425;379,1338111
0,4426;380,3136441
0,4427;381,4950853
0,4428;382,6781269
0,4429;383,8627612
0,443;385,0489803
0,4431;386,2367761
0,4432;387,4261407
0,4433;388,617066
0,4434;389,8095439
0,4435;391,0035662
0,4436;392,1991249
0,4437;393,3962115
0,4438;394,5948178
0,4439;395,7949354
0,444;396,996556
0,4441;398,1996711
0,4442;399,4042721
0,4443;400,6103506
0,4444;401,8178978
0,4445;403,0269053
0,4446;404,2373642
0,4447;405,4492658
0,4448;406,6626013
0,4449;407,8773619
0,445;409,0935386
0,4451;410,3111225
0,4452;411,5301046
0,4453;412,7504758
0,4454;413,9722271
0,4455;415,1953493
0,4456;416,4198332
0,4457;417,6456695
0,4458;418,872849
0,4459;420,1013623
0,446;421,3312
0,4461;422,5623526
0,4462;423,7948107
0,4463;425,0285648
0,4464;426,2636051
0,4465;427,4999222
0,4466;428,7375063
0,4467;429,9763476
0,4468;431,2164364
0,4469;432,4577629
0,447;433,7003171
0,4471;434,9440891
0,4472;436,189069
0,4473;437,4352467
0,4474;438,6826121
0,4475;439,9311552
0,4476;441,1808657
0,4477;442,4317334
0,4478;443,6837481
0,4479;444,9368994
0,448;446,191177
0,4481;447,4465705
0,4482;448,7030694
0,4483;449,9606632
0,4484;451,2193413
0,4485;452,4790931
0,4486;453,7399081
0,4487;455,0017755
0,4488;456,2646845
0,4489;457,5286244
0,449;458,7935844
0,4491;460,0595535
0,4492;461,3265208
0,4493;462,5944754
0,4494;463,8634063
0,4495;465,1333023
0,4496;466,4041524
0,4497;467,6759453
0,4498;468,94867
0,4499;470,2223151
0,45;471,4968693
0,4501;472,7723214
0,4502;474,0486599
0,4503;475,3258734
0,4504;476,6039504
0,4505;477,8828794
0,4506;479,1626488
0,4507;480,443247
0,4508;481,7246624
0,4509;483,0068833
0,451;484,2898979
0,4511;485,5736944
0,4512;486,858261
0,4513;488,1435858
0,4514;489,429657
0,4515;490,7164625
0,4516;492,0039903
0,4517;493,2922284
0,4518;494,5811647
0,4519;495,870787
0,452;497,1610833
0,4521;498,4520411
0,4522;499,7436484
0,4523;501,0358928
0,4524;502,3287619
0,4525;503,6222433
0,4526;504,9163247
0,4527;506,2109935
0,4528;507,5062372
0,4529;508,8020433
0,453;510,0983992
0,4531;511,3952922
0,4532;512,6927096
0,4533;513,9906388
0,4534;515,289067
0,4535;516,5879813
0,4536;517,8873689
0,4537;519,187217
0,4538;520,4875126
0,4539;521,7882427
0,454;523,0893944
0,4541;524,3909547
0,4542;525,6929103
0,4543;526,9952483
0,4544;528,2979555
0,4545;529,6010186
0,4546;530,9044244
0,4547;532,2081597
0,4548;533,5122112
0,4549;534,8165654
0,455;536,1212091
0,4551;537,4261288
0,4552;538,731311
0,4553;540,0367422
0,4554;541,3424089
0,4555;542,6482976
0,4556;543,9543946
0,4557;545,2606862
0,4558;546,5671589
0,4559;547,8737988
0,456;549,1805923
0,4561;550,4875256
0,4562;551,7945847
0,4563;553,101756
0,4564;554,4090254
0,4565;555,7163791
0,4566;557,023803
0,4567;558,3312833
0,4568;559,6388059
0,4569;560,9463567
0,457;562,2539216
0,4571;563,5614865
0,4572;564,8690372
0,4573;566,1765596
0,4574;567,4840394
0,4575;568,7914623
0,4576;570,0988142
0,4577;571,4060806
0,4578;572,7132472
0,4579;574,0202996
0,458;575,3272234
0,4581;576,6340042
0,4582;577,9406274
0,4583;579,2470786
0,4584;580,5533433
0,4585;581,8594068
0,4586;583,1652546
0,4587;584,4708721
0,4588;585,7762445
0,4589;587,0813573
0,459;588,3861957
0,4591;589,6907449
0,4592;590,9949903
0,4593;592,2989169
0,4594;593,60251
0,4595;594,9057548
0,4596;596,2086363
0,4597;597,5111396
0,4598;598,8132499
0,4599;600,1149521
0,46;601,4162313
0,4601;602,7170725
0,4602;604,0174606
0,4603;605,3173806
0,4604;606,6168174
0,4605;607,9157559
0,4606;609,2141809
0,4607;610,5120774
0,4608;611,80943
0,4609;613,1062237
0,461;614,4024432
0,4611;615,6980732
0,4612;616,9930984
0,4613;618,2875037
0,4614;619,5812736
0,4615;620,8743928
0,4616;622,166846
0,4617;623,4586177
0,4618;624,7496926
0,4619;626,0400553
0,462;627,3296903
0,4621;628,6185821
0,4622;629,9067154
0,4623;631,1940744
0,4624;632,4806438
0,4625;633,766408
0,4626;635,0513515
0,4627;636,3354586
0,4628;637,6187138
0,4629;638,9011014
0,463;640,1826059
0,4631;641,4632116
0,4632;642,7429027
0,4633;644,0216638
0,4634;645,2994789
0,4635;646,5763325
0,4636;647,8522088
0,4637;649,127092
0,4638;650,4009665
0,4639;651,6738164
0,464;652,9456259
0,4641;654,2163792
0,4642;655,4860606
0,4643;656,7546542
0,4644;658,0221442
0,4645;659,2885146
0,4646;660,5537497
0,4647;661,8178336
0,4648;663,0807503
0,4649;664,342484
0,465;665,6030188
0,4651;666,8623387
0,4652;668,1204278
0,4653;669,3772702
0,4654;670,6328499
0,4655;671,8871509
0,4656;673,1401574
0,4657;674,3918532
0,4658;675,6422224
0,4659;676,891249
0,466;678,1389171
0,4661;679,3852105
0,4662;680,6301133
0,4663;681,8736095
0,4664;683,115683
0,4665;684,3563177
0,4666;685,5954977
0,4667;686,8332068
0,4668;688,0694291
0,4669;689,3041485
0,467;690,5373489
0,4671;691,7690142
0,4672;692,9991283
0,4673;694,2276753
0,4674;695,4546389
0,4675;696,6800032
0,4676;697,903752
0,4677;699,1258693
0,4678;700,3463389
0,4679;701,5651448
0,468;702,7822709
0,4681;703,9977011
0,4682;705,2114193
0,4683;706,4234095
0,4684;707,6336554
0,4685;708,8421411
0,4686;710,0488504
0,4687;711,2537673
0,4688;712,4568757
0,4689;713,6581594
0,469;714,8576025
0,4691;716,0551887
0,4692;717,2509022
0,4693;718,4447267
0,4694;719,6366462
0,4695;720,8266447
0,4696;722,014706
0,4697;723,2008142
0,4698;724,3849532
0,4699;725,567107
0,47;726,7472594
0,4701;727,9253945
0,4702;729,1014963
0,4703;730,2755487
0,4704;731,4475357
0,4705;732,6174413
0,4706;733,7852496
0,4707;734,9509445
0,4708;736,1145101
0,4709;737,2759304
0,471;738,4351895
0,4711;739,5922713
0,4712;740,74716
0,4713;741,8998396
0,4714;743,0502943
0,4715;744,198508
0,4716;745,344465
0,4717;746,4881493
0,4718;747,6295451
0,4719;748,7686365
0,472;749,9054077
0,4721;751,0398429
0,4722;752,1719262
0,4723;753,3016418
0,4724;754,428974
0,4725;755,5539069
0,4726;756,6764249
0,4727;757,7965122
0,4728;758,914153
0,4729;760,0293317
0,473;761,1420326
0,4731;762,2522399
0,4732;763,3599382
0,4733;764,4651116
0,4734;765,5677446
0,4735;766,6678216
0,4736;767,765327
0,4737;768,8602452
0,4738;769,9525608
0,4739;771,0422581
0,474;772,1293218
0,4741;773,2137362
0,4742;774,295486
0,4743;775,3745557
0,4744;776,4509299
0,4745;777,5245931
0,4746;778,5955302
0,4747;779,6637256
0,4748;780,729164
0,4749;781,7918302
0,475;782,851709
0,4751;783,9087849
0,4752;784,9630428
0,4753;786,0144676
0,4754;787,063044
0,4755;788,1087569
0,4756;789,1515911
0,4757;790,1915316
0,4758;791,2285633
0,4759;792,2626711
0,476;793,2938401
0,4761;794,3220552
0,4762;795,3473015
0,4763;796,3695641
0,4764;797,3888281
0,4765;798,4050785
0,4766;799,4183006
0,4767;800,4284796
0,4768;801,4356006
0,4769;802,4396489
0,477;803,4406098
0,4771;804,4384687
0,4772;805,4332108
0,4773;806,4248215
0,4774;807,4132863
0,4775;808,3985907
0,4776;809,3807199
0,4777;810,3596597
0,4778;811,3353955
0,4779;812,307913
0,478;813,2771977
0,4781;814,2432352
0,4782;815,2060114
0,4783;816,1655118
0,4784;817,1217223
0,4785;818,0746287
0,4786;819,0242168
0,4787;819,9704724
0,4788;820,9133815
0,4789;821,85293
0,479;822,7891039
0,4791;823,7218892
0,4792;824,651272
0,4793;825,5772384
0,4794;826,4997746
0,4795;827,4188667
0,4796;828,3345009
0,4797;829,2466635
0,4798;830,1553408
0,4799;831,0605192
0,48;831,962185
0,4801;832,8603247
0,4802;833,7549247
0,4803;834,6459716
0,4804;835,5334519
0,4805;836,4173523
0,4806;837,2976593
0,4807;838,1743597
0,4808;839,0474402
0,4809;839,9168876
0,481;840,7826887
0,4811;841,6448303
0,4812;842,5032995
0,4813;843,3580831
0,4814;844,2091682
0,4815;845,0565418
0,4816;845,9001911
0,4817;846,7401031
0,4818;847,5762651
0,4819;848,4086644
0,482;849,2372881
0,4821;850,0621238
0,4822;850,8831587
0,4823;851,7003803
0,4824;852,5137761
0,4825;853,3233337
0,4826;854,1290406
0,4827;854,9308845
0,4828;855,7288531
0,4829;856,5229341
0,483;857,3131154
0,4831;858,0993847
0,4832;858,88173
0,4833;859,6601393
0,4834;860,4346005
0,4835;861,2051017
0,4836;861,9716311
0,4837;862,7341767
0,4838;863,4927269
0,4839;864,2472698
0,484;864,997794
0,4841;865,7442876
0,4842;866,4867392
0,4843;867,2251372
0,4844;867,9594703
0,4845;868,6897271
0,4846;869,4158961
0,4847;870,1379661
0,4848;870,855926
0,4849;871,5697645
0,485;872,2794705
0,4851;872,9850331
0,4852;873,6864411
0,4853;874,3836838
0,4854;875,0767501
0,4855;875,7656294
0,4856;876,4503108
0,4857;877,1307837
0,4858;877,8070374
0,4859;878,4790614
0,486;879,1468452
0,4861;879,8103782
0,4862;880,4696502
0,4863;881,1246507
0,4864;881,7753696
0,4865;882,4217966
0,4866;883,0639216
0,4867;883,7017345
0,4868;884,3352252
0,4869;884,9643839
0,487;885,5892007
0,4871;886,2096657
0,4872;886,8257691
0,4873;887,4375013
0,4874;888,0448525
0,4875;888,6478134
0,4876;889,2463743
0,4877;889,8405258
0,4878;890,4302585
0,4879;891,0155632
0,488;891,5964305
0,4881;892,1728513
0,4882;892,7448165
0,4883;893,3123171
0,4884;893,875344
0,4885;894,4338884
0,4886;894,9879414
0,4887;895,5374942
0,4888;896,0825381
0,4889;896,6230645
0,489;897,1590649
0,4891;897,6905306
0,4892;898,2174533
0,4893;898,7398246
0,4894;899,2576361
0,4895;899,7708798
0,4896;900,2795474
0,4897;900,7836307
0,4898;901,2831219
0,4899;901,7780129
0,49;902,2682959
0,4901;902,7539631
0,4902;903,2350066
0,4903;903,7114189
0,4904;904,1831924
0,4905;904,6503195
0,4906;905,1127928
0,4907;905,5706048
0,4908;906,0237483
0,4909;906,4722161
0,491;906,9160009
0,4911;907,3550957
0,4912;907,7894935
0,4913;908,2191873
0,4914;908,6441702
0,4915;909,0644354
0,4916;909,4799762
0,4917;909,890786
0,4918;910,2968581
0,4919;910,6981861
0,492;911,0947636
0,4921;911,486584
0,4922;911,8736413
0,4923;912,2559291
0,4924;912,6334414
0,4925;913,006172
0,4926;913,3741151
0,4927;913,7372646
0,4928;914,0956147
0,4929;914,4491597
0,493;914,7978939
0,4931;915,1418118
0,4932;915,4809076
0,4933;915,8151761
0,4934;916,1446118
0,4935;916,4692095
0,4936;916,7889638
0,4937;917,1038697
0,4938;917,413922
0,4939;917,7191159
0,494;918,0194463
0,4941;918,3149084
0,4942;918,6054975
0,4943;918,8912088
0,4944;919,1720378
0,4945;919,44798
0,4946;919,7190308
0,4947;919,985186
0,4948;920,2464412
0,4949;920,5027921
0,495;920,7542347
0,4951;921,0007649
0,4952;921,2423788
0,4953;921,4790723
0,4954;921,7108417
0,4955;921,9376833
0,4956;922,1595933
0,4957;922,3765682
0,4958;922,5886045
0,4959;922,7956987
0,496;922,9978476
0,4961;923,1950477
0,4962;923,387296
0,4963;923,5745893
0,4964;923,7569247
0,4965;923,934299
0,4966;924,1067096
0,4967;924,2741535
0,4968;924,436628
0,4969;924,5941307
0,497;924,7466588
0,4971;924,8942099
0,4972;925,0367816
0,4973;925,1743717
0,4974;925,3069779
0,4975;925,434598
0,4976;925,5572299
0,4977;925,6748718
0,4978;925,7875216
0,4979;925,8951776
0,498;925,9978379
0,4981;926,0955011
0,4982;926,1881653
0,4983;926,2758292
0,4984;926,3584914
0,4985;926,4361505
0,4986;926,5088051
0,4987;926,5764543
0,4988;926,6390968
0,4989;926,6967316
0,499;926,7493578
0,4991;926,7969746
0,4992;926,8395812
0,4993;926,8771769
0,4994;926,909761
0,4995;926,9373331
0,4996;926,9598927
0,4997;926,9774394
0,4998;926,989973
0,4999;926,9974932
0,5;927
0,5001;926,9974932
0,5002;926,989973
0,5003;926,9774394
0,5004;926,9598927
0,5005;926,9373331
0,5006;926,909761
0,5007;926,8771769
0,5008;926,8395812
0,5009;926,7969746
0,501;926,7493578
0,5011;926,6967316
0,5012;926,6390968
0,5013;926,5764543
0,5014;926,5088051
0,5015;926,4361505
0,5016;926,3584914
0,5017;926,2758292
0,5018;926,1881653
0,5019;926,0955011
0,502;925,9978379
0,5021;925,8951776
0,5022;925,7875216
0,5023;925,6748718
0,5024;925,5572299
0,5025;925,434598
0,5026;925,3069779
0,5027;925,1743717
0,5028;925,0367816
0,5029;924,8942099
0,503;924,7466588
0,5031;924,5941307
0,5032;924,436628
0,5033;924,2741535
0,5034;924,1067096
0,5035;923,934299
0,5036;923,7569247
0,5037;923,5745893
0,5038;923,387296
0,5039;923,1950477
0,504;922,9978476
0,5041;922,7956987
0,5042;922,5886045
0,5043;922,3765682
0,5044;922,1595933
0,5045;921,9376833
0,5046;921,7108417
0,5047;921,4790723
0,5048;921,2423788
0,5049;921,0007649
0,505;920,7542347
0,5051;920,5027921
0,5052;920,2464412
0,5053;919,985186
0,5054;919,7190308
0,5055;919,44798
0,5056;919,1720378
0,5057;918,8912088
0,5058;918,6054975
0,5059;918,3149084
0,506;918,0194463
0,5061;917,7191159
0,5062;917,413922
0,5063;917,1038697
0,5064;916,7889638
0,5065;916,4692095
0,5066;916,1446118
0,5067;915,8151761
0,5068;915,4809076
0,5069;915,1418118
0,507;914,7978939
0,5071;914,4491597
0,5072;914,0956147
0,5073;913,7372646
0,5074;913,3741151
0,5075;913,006172
0,5076;912,6334414
0,5077;912,2559291
0,5078;911,8736413
0,5079;911,486584
0,508;911,0947636
0,5081;910,6981861
0,5082;910,2968581
0,5083;909,890786
0,5084;909,4799762
0,5085;909,0644354
0,5086;908,6441702
0,5087;908,2191873
0,5088;907,7894935
0,5089;907,3550957
0,509;906,9160009
0,5091;906,4722161
0,5092;906,0237483
0,5093;905,5706048
0,5094;905,1127928
0,5095;904,6503195
0,5096;904,1831924
0,5097;903,7114189
0,5098;903,2350066
0,5099;902,7539631
0,51;902,2682959
0,5101;901,7780129
0,5102;901,2831219
0,5103;900,7836307
0,5104;900,2795474
0,5105;899,7708798
0,5106;899,2576361
0,5107;898,7398246
0,5108;898,2174533
0,5109;897,6905306
0,511;897,1590649
0,5111;896,6230645
0,5112;896,0825381
0,5113;895,5374942
0,5114;894,9879414
0,5115;894,4338884
0,5116;893,875344
0,5117;893,3123171
0,5118;892,7448165
0,5119;892,1728513
0,512;891,5964305
0,5121;891,0155632
0,5122;890,4302585
0,5123;889,8405258
0,5124;889,2463743
0,5125;888,6478134
0,5126;888,0448525
0,5127;887,4375013
0,5128;886,8257691
0,5129;886,2096657
0,513;885,5892007
0,5131;884,9643839
0,5132;884,3352252
0,5133;883,7017345
0,5134;883,0639216
0,5135;882,4217966
0,5136;881,7753696
0,5137;881,1246507
0,5138;880,4696502
0,5139;879,8103782
0,514;879,1468452
0,5141;878,4790614
0,5142;877,8070374
0,5143;877,1307837
0,5144;876,4503108
0,5145;875,7656294
0,5146;875,0767501
0,5147;874,3836838
0,5148;873,6864411
0,5149;872,9850331
0,515;872,2794705
0,5151;871,5697645
0,5152;870,855926
0,5153;870,1379661
0,5154;869,4158961
0,5155;868,6897271
0,5156;867,9594703
0,5157;867,2251372
0,5158;866,4867392
0,5159;865,7442876
0,516;864,997794
0,5161;864,2472698
0,5162;863,4927269
0,5163;862,7341767
0,5164;861,9716311
0,5165;861,2051017
0,5166;860,4346005
0,5167;859,6601393
0,5168;858,88173
0,5169;858,0993847
0,517;857,3131154
0,5171;856,5229341
0,5172;855,7288531
0,5173;854,9308845
0,5174;854,1290406
0,5175;853,3233337
0,5176;852,5137761
0,5177;851,7003803
0,5178;850,8831587
0,5179;850,0621238
0,518;849,2372881
0,5181;848,4086644
0,5182;847,5762651
0,5183;846,7401031
0,5184;845,9001911
0,5185;845,0565418
0,5186;844,2091682
0,5187;843,3580831
0,5188;842,5032995
0,5189;841,6448303
0,519;840,7826887
0,5191;839,9168876
0,5192;839,0474402
0,5193;838,1743597
0,5194;837,2976593
0,5195;836,4173523
0,5196;835,5334519
0,5197;834,6459716
0,5198;833,7549247
0,5199;832,8603247
0,52;831,962185
0,5201;831,0605192
0,5202;830,1553408
0,5203;829,2466635
0,5204;828,3345009
0,5205;827,4188667
0,5206;826,4997746
0,5207;825,5772384
0,5208;824,651272
0,5209;823,7218892
0,521;822,7891039
0,5211;821,85293
0,5212;820,9133815
0,5213;819,9704724
0,5214;819,0242168
0,5215;818,0746287
0,5216;817,1217223
0,5217;816,1655118
0,5218;815,2060114
0,5219;814,2432352
0,522;813,2771977
0,5221;812,307913
0,5222;811,3353955
0,5223;810,3596597
0,5224;809,3807199
0,5225;808,3985907
0,5226;807,4132863
0,5227;806,4248215
0,5228;805,4332108
0,5229;804,4384687
0,523;803,4406098
0,5231;802,4396489
0,5232;801,4356006
0,5233;800,4284796
0,5234;799,4183006
0,5235;798,4050785
0,5236;797,3888281
0,5237;796,3695641
0,5238;795,3473015
0,5239;794,3220552
0,524;793,2938401
0,5241;792,2626711
0,5242;791,2285633
0,5243;790,1915316
0,5244;789,1515911
0,5245;788,1087569
0,5246;787,063044
0,5247;786,0144676
0,5248;784,9630428
0,5249;783,9087849
0,525;782,851709
0,5251;781,7918302
0,5252;780,729164
0,5253;779,6637256
0,5254;778,5955302
0,5255;777,5245931
0,5256;776,4509299
0,5257;775,3745557
0,5258;774,295486
0,5259;773,2137362
0,526;772,1293218
0,5261;771,0422581
0,5262;769,9525608
0,5263;768,8602452
0,5264;767,765327
0,5265;766,6678216
0,5266;765,5677446
0,5267;764,4651116
0,5268;763,3599382
0,5269;762,2522399
0,527;761,1420326
0,5271;760,0293317
0,5272;758,914153
0,5273;757,7965122
0,5274;756,6764249
0,5275;755,5539069
0,5276;754,428974
0,5277;753,3016418
0,5278;752,1719262
0,5279;751,0398429
0,528;749,9054077
0,5281;748,7686365
0,5282;747,6295451
0,5283;746,4881493
0,5284;745,344465
0,5285;744,198508
0,5286;743,0502943
0,5287;741,8998396
0,5288;740,74716
0,5289;739,5922713
0,529;738,4351895
0,5291;737,2759304
0,5292;736,1145101
0,5293;734,9509445
0,5294;733,7852496
0,5295;732,6174413
0,5296;731,4475357
0,5297;730,2755487
0,5298;729,1014963
0,5299;727,9253945
0,53;726,7472594
0,5301;725,567107
0,5302;724,3849532
0,5303;723,2008142
0,5304;722,014706
0,5305;720,8266447
0,5306;719,6366462
0,5307;718,4447267
0,5308;717,2509022
0,5309;716,0551887
0,531;714,8576025
0,5311;713,6581594
0,5312;712,4568757
0,5313;711,2537673
0,5314;710,0488504
0,5315;708,8421411
0,5316;707,6336554
0,5317;706,4234095
0,5318;705,2114193
0,5319;703,9977011
0,532;702,7822709
0,5321;701,5651448
0,5322;700,3463389
0,5323;699,1258693
0,5324;697,903752
0,5325;696,6800032
0,5326;695,4546389
0,5327;694,2276753
0,5328;692,9991283
0,5329;691,7690142
0,533;690,5373489
0,5331;689,3041485
0,5332;688,0694291
0,5333;686,8332068
0,5334;685,5954977
0,5335;684,3563177
0,5336;683,115683
0,5337;681,8736095
0,5338;680,6301133
0,5339;679,3852105
0,534;678,1389171
0,5341;676,891249
0,5342;675,6422224
0,5343;674,3918532
0,5344;673,1401574
0,5345;671,8871509
0,5346;670,6328499
0,5347;669,3772702
0,5348;668,1204278
0,5349;666,8623387
0,535;665,6030188
0,5351;664,342484
0,5352;663,0807503
0,5353;661,8178336
0,5354;660,5537497
0,5355;659,2885146
0,5356;658,0221442
0,5357;656,7546542
0,5358;655,4860606
0,5359;654,2163792
0,536;652,9456259
0,5361;651,6738164
0,5362;650,4009665
0,5363;649,127092
0,5364;647,8522088
0,5365;646,5763325
0,5366;645,2994789
0,5367;644,0216638
0,5368;642,7429027
0,5369;641,4632116
0,537;640,1826059
0,5371;638,9011014
0,5372;637,6187138
0,5373;636,3354586
0,5374;635,0513515
0,5375;633,766408
0,5376;632,4806438
0,5377;631,1940744
0,5378;629,9067154
0,5379;628,6185821
0,538;627,3296903
0,5381;626,0400553
0,5382;624,7496926
0,5383;623,4586177
0,5384;622,166846
0,5385;620,8743928
0,5386;619,5812736
0,5387;618,2875037
0,5388;616,9930984
0,5389;615,6980732
0,539;614,4024432
0,5391;613,1062237
0,5392;611,80943
0,5393;610,5120774
0,5394;609,2141809
0,5395;607,9157559
0,5396;606,6168174
0,5397;605,3173806
0,5398;604,0174606
0,5399;602,7170725
0,54;601,4162313
0,5401;600,1149521
0,5402;598,8132499
0,5403;597,5111396
0,5404;596,2086363
0,5405;594,9057548
0,5406;593,60251
0,5407;592,2989169
0,5408;590,9949903
0,5409;589,6907449
0,541;588,3861957
0,5411;587,0813573
0,5412;585,7762445
0,5413;584,4708721
0,5414;583,1652546
0,5415;581,8594068
0,5416;580,5533433
0,5417;579,2470786
0,5418;577,9406274
0,5419;576,6340042
0,542;575,3272234
0,5421;574,0202996
0,5422;572,7132472
0,5423;571,4060806
0,5424;570,0988142
0,5425;568,7914623
0,5426;567,4840394
0,5427;566,1765596
0,5428;564,8690372
0,5429;563,5614865
0,543;562,2539216
0,5431;560,9463567
0,5432;559,6388059
0,5433;558,3312833
0,5434;557,023803
0,5435;555,7163791
0,5436;554,4090254
0,5437;553,101756
0,5438;551,7945847
0,5439;550,4875256
0,544;549,1805923
0,5441;547,8737988
0,5442;546,5671589
0,5443;545,2606862
0,5444;543,9543946
0,5445;542,6482976
0,5446;541,3424089
0,5447;540,0367422
0,5448;538,731311
0,5449;537,4261288
0,545;536,1212091
0,5451;534,8165654
0,5452;533,5122112
0,5453;532,2081597
0,5454;530,9044244
0,5455;529,6010186
0,5456;528,2979555
0,5457;526,9952483
0,5458;525,6929103
0,5459;524,3909547
0,546;523,0893944
0,5461;521,7882427
0,5462;520,4875126
0,5463;519,187217
0,5464;517,8873689
0,5465;516,5879813
0,5466;515,289067
0,5467;513,9906388
0,5468;512,6927096
0,5469;511,3952922
0,547;510,0983992
0,5471;508,8020433
0,5472;507,5062372
0,5473;506,2109935
0,5474;504,9163247
0,5475;503,6222433
0,5476;502,3287619
0,5477;501,0358928
0,5478;499,7436484
0,5479;498,4520411
0,548;497,1610833
0,5481;495,870787
0,5482;494,5811647
0,5483;493,2922284
0,5484;492,0039903
0,5485;490,7164625
0,5486;489,429657
0,5487;488,1435858
0,5488;486,858261
0,5489;485,5736944
0,549;484,2898979
0,5491;483,0068833
0,5492;481,7246624
0,5493;480,443247
0,5494;479,1626488
0,5495;477,8828794
0,5496;476,6039504
0,5497;475,3258734
0,5498;474,0486599
0,5499;472,7723214
0,55;471,4968693
0,5501;470,2223151
0,5502;468,94867
0,5503;467,6759453
0,5504;466,4041524
0,5505;465,1333023
0,5506;463,8634063
0,5507;462,5944754
0,5508;461,3265208
0,5509;460,0595535
0,551;458,7935844
0,5511;457,5286244
0,5512;456,2646845
0,5513;455,0017755
0,5514;453,7399081
0,5515;452,4790931
0,5516;451,2193413
0,5517;449,9606632
0,5518;448,7030694
0,5519;447,4465705
0,552;446,191177
0,5521;444,9368994
0,5522;443,6837481
0,5523;442,4317334
0,5524;441,1808657
0,5525;439,9311552
0,5526;438,6826121
0,5527;437,4352467
0,5528;436,189069
0,5529;434,9440891
0,553;433,7003171
0,5531;432,4577629
0,5532;431,2164364
0,5533;429,9763476
0,5534;428,7375063
0,5535;427,4999222
0,5536;426,2636051
0,5537;425,0285648
0,5538;423,7948107
0,5539;422,5623526
0,554;421,3312
0,5541;420,1013623
0,5542;418,872849
0,5543;417,6456695
0,5544;416,4198332
0,5545;415,1953493
0,5546;413,9722271
0,5547;412,7504758
0,5548;411,5301046
0,5549;410,3111225
0,555;409,0935386
0,5551;407,8773619
0,5552;406,6626013
0,5553;405,4492658
0,5554;404,2373642
0,5555;403,0269053
0,5556;401,8178978
0,5557;400,6103506
0,5558;399,4042721
0,5559;398,1996711
0,556;396,996556
0,5561;395,7949354
0,5562;394,5948178
0,5563;393,3962115
0,5564;392,1991249
0,5565;391,0035662
0,5566;389,8095439
0,5567;388,617066
0,5568;387,4261407
0,5569;386,2367761
0,557;385,0489803
0,5571;383,8627612
0,5572;382,6781269
0,5573;381,4950853
0,5574;380,3136441
0,5575;379,1338111
0,5576;377,9555943
0,5577;376,7790011
0,5578;375,6040394
0,5579;374,4307166
0,558;373,2590404
0,5581;372,0890183
0,5582;370,9206576
0,5583;369,7539659
0,5584;368,5889504
0,5585;367,4256184
0,5586;366,2639772
0,5587;365,1040341
0,5588;363,9457961
0,5589;362,7892703
0,559;361,6344639
0,5591;360,4813837
0,5592;359,3300368
0,5593;358,18043
0,5594;357,0325702
0,5595;355,8864642
0,5596;354,7421187
0,5597;353,5995405
0,5598;352,4587361
0,5599;351,3197122
0,56;350,1824754
0,5601;349,047032
0,5602;347,9133886
0,5603;346,7815516
0,5604;345,6515273
0,5605;344,523322
0,5606;343,3969419
0,5607;342,2723933
0,5608;341,1496823
0,5609;340,0288149
0,561;338,9097973
0,5611;337,7926355
0,5612;336,6773353
0,5613;335,5639027
0,5614;334,4523435
0,5615;333,3426635
0,5616;332,2348685
0,5617;331,1289641
0,5618;330,0249561
0,5619;328,92285
0,562;327,8226514
0,5621;326,7243657
0,5622;325,6279984
0,5623;324,533555
0,5624;323,4410407
0,5625;322,3504609
0,5626;321,2618209
0,5627;320,1751257
0,5628;319,0903807
0,5629;318,0075908
0,563;316,9267612
0,5631;315,8478969
0,5632;314,7710027
0,5633;313,6960837
0,5634;312,6231447
0,5635;311,5521905
0,5636;310,4832259
0,5637;309,4162556
0,5638;308,3512842
0,5639;307,2883164
0,564;306,2273567
0,5641;305,1684097
0,5642;304,1114799
0,5643;303,0565716
0,5644;302,0036893
0,5645;300,9528372
0,5646;299,9040198
0,5647;298,8572411
0,5648;297,8125053
0,5649;296,7698168
0,565;295,7291794
0,5651;294,6905973
0,5652;293,6540744
0,5653;292,6196147
0,5654;291,5872222
0,5655;290,5569005
0,5656;289,5286537
0,5657;288,5024854
0,5658;287,4783993
0,5659;286,4563991
0,566;285,4364885
0,5661;284,4186709
0,5662;283,40295
0,5663;282,3893292
0,5664;281,3778119
0,5665;280,3684015
0,5666;279,3611014
0,5667;278,3559148
0,5668;277,3528451
0,5669;276,3518953
0,567;275,3530687
0,5671;274,3563684
0,5672;273,3617975
0,5673;272,3693588
0,5674;271,3790556
0,5675;270,3908905
0,5676;269,4048667
0,5677;268,4209868
0,5678;267,4392537
0,5679;266,4596701
0,568;265,4822387
0,5681;264,5069622
0,5682;263,5338432
0,5683;262,5628843
0,5684;261,594088
0,5685;260,6274567
0,5686;259,662993
0,5687;258,7006991
0,5688;257,7405775
0,5689;256,7826305
0,569;255,8268602
0,5691;254,873269
0,5692;253,921859
0,5693;252,9726323
0,5694;252,0255911
0,5695;251,0807373
0,5696;250,1380729
0,5697;249,1976
0,5698;248,2593204
0,5699;247,3232361
0,57;246,3893487
0,5701;245,4576602
0,5702;244,5281722
0,5703;243,6008865
0,5704;242,6758047
0,5705;241,7529285
0,5706;240,8322594
0,5707;239,913799
0,5708;238,9975486
0,5709;238,0835099
0,571;237,1716842
0,5711;236,2620729
0,5712;235,3546773
0,5713;234,4494986
0,5714;233,5465382
0,5715;232,6457972
0,5716;231,7472769
0,5717;230,8509783
0,5718;229,9569024
0,5719;229,0650505
0,572;228,1754233
0,5721;227,2880221
0,5722;226,4028475
0,5723;225,5199006
0,5724;224,6391821
0,5725;223,760693
0,5726;222,8844339
0,5727;222,0104055
0,5728;221,1386086
0,5729;220,2690438
0,573;219,4017118
0,5731;218,536613
0,5732;217,673748
0,5733;216,8131174
0,5734;215,9547215
0,5735;215,0985608
0,5736;214,2446357
0,5737;213,3929465
0,5738;212,5434935
0,5739;211,6962771
0,574;210,8512973
0,5741;210,0085545
0,5742;209,1680487
0,5743;208,3297801
0,5744;207,4937488
0,5745;206,6599548
0,5746;205,8283982
0,5747;204,9990788
0,5748;204,1719967
0,5749;203,3471517
0,575;202,5245438
0,5751;201,7041727
0,5752;200,8860382
0,5753;200,0701401
0,5754;199,2564782
0,5755;198,445052
0,5756;197,6358614
0,5757;196,8289058
0,5758;196,0241848
0,5759;195,2216981
0,576;194,4214452
0,5761;193,6234254
0,5762;192,8276383
0,5763;192,0340833
0,5764;191,2427597
0,5765;190,4536669
0,5766;189,6668043
0,5767;188,8821711
0,5768;188,0997665
0,5769;187,3195897
0,577;186,54164
0,5771;185,7659165
0,5772;184,9924183
0,5773;184,2211444
0,5774;183,4520941
0,5775;182,6852661
0,5776;181,9206596
0,5777;181,1582735
0,5778;180,3981068
0,5779;179,6401582
0,578;178,8844267
0,5781;178,1309112
0,5782;177,3796103
0,5783;176,6305229
0,5784;175,8836477
0,5785;175,1389835
0,5786;174,3965288
0,5787;173,6562824
0,5788;172,9182429
0,5789;172,1824088
0,579;171,4487787
0,5791;170,7173511
0,5792;169,9881246
0,5793;169,2610975
0,5794;168,5362684
0,5795;167,8136357
0,5796;167,0931977
0,5797;166,3749528
0,5798;165,6588993
0,5799;164,9450355
0,58;164,2333596
0,5801;163,5238701
0,5802;162,8165649
0,5803;162,1114423
0,5804;161,4085006
0,5805;160,7077377
0,5806;160,0091519
0,5807;159,3127411
0,5808;158,6185035
0,5809;157,926437
0,581;157,2365397
0,5811;156,5488096
0,5812;155,8632445
0,5813;155,1798423
0,5814;154,4986011
0,5815;153,8195186
0,5816;153,1425927
0,5817;152,4678212
0,5818;151,7952019
0,5819;151,1247326
0,582;150,456411
0,5821;149,7902347
0,5822;149,1262016
0,5823;148,4643093
0,5824;147,8045553
0,5825;147,1469374
0,5826;146,4914531
0,5827;145,8381
0,5828;145,1868757
0,5829;144,5377776
0,583;143,8908033
0,5831;143,2459502
0,5832;142,6032158
0,5833;141,9625975
0,5834;141,3240928
0,5835;140,6876989
0,5836;140,0534134
0,5837;139,4212334
0,5838;138,7911564
0,5839;138,1631796
0,584;137,5373004
0,5841;136,9135158
0,5842;136,2918233
0,5843;135,67222
0,5844;135,054703
0,5845;134,4392697
0,5846;133,825917
0,5847;133,2146421
0,5848;132,6054422
0,5849;131,9983143
0,585;131,3932555
0,5851;130,7902629
0,5852;130,1893334
0,5853;129,590464
0,5854;128,9936518
0,5855;128,3988937
0,5856;127,8061867
0,5857;127,2155277
0,5858;126,6269136
0,5859;126,0403412
0,586;125,4558076
0,5861;124,8733094
0,5862;124,2928436
0,5863;123,714407
0,5864;123,1379963
0,5865;122,5636084
0,5866;121,99124
0,5867;121,4208879
0,5868;120,8525487
0,5869;120,2862192
0,587;119,7218962
0,5871;119,1595762
0,5872;118,5992559
0,5873;118,040932
0,5874;117,4846011
0,5875;116,9302598
0,5876;116,3779047
0,5877;115,8275323
0,5878;115,2791394
0,5879;114,7327223
0,588;114,1882776
0,5881;113,6458019
0,5882;113,1052916
0,5883;112,5667432
0,5884;112,0301532
0,5885;111,495518
0,5886;110,9628342
0,5887;110,432098
0,5888;109,903306
0,5889;109,3764544
0,589;108,8515398
0,5891;108,3285585
0,5892;107,8075067
0,5893;107,288381
0,5894;106,7711775
0,5895;106,2558926
0,5896;105,7425227
0,5897;105,2310639
0,5898;104,7215126
0,5899;104,2138651
0,59;103,7081175
0,5901;103,2042661
0,5902;102,7023072
0,5903;102,202237
0,5904;101,7040515
0,5905;101,2077472
0,5906;100,71332
0,5907;100,2207663
0,5908;99,73008202
0,5909;99,24126346
0,591;98,7543067
0,5911;98,26920787
0,5912;97,78596307
0,5913;97,3045684
0,5914;96,82501995
0,5915;96,34731379
0,5916;95,87144598
0,5917;95,39741258
0,5918;94,92520964
0,5919;94,45483319
0,592;93,98627925
0,5921;93,51954385
0,5922;93,05462297
0,5923;92,59151263
0,5924;92,1302088
0,5925;91,67070747
0,5926;91,2130046
0,5927;90,75709615
0,5928;90,30297806
0,5929;89,85064629
0,593;89,40009677
0,5931;88,95132541
0,5932;88,50432814
0,5933;88,05910086
0,5934;87,61563947
0,5935;87,17393986
0,5936;86,73399792
0,5937;86,29580953
0,5938;85,85937055
0,5939;85,42467684
0,594;84,99172426
0,5941;84,56050865
0,5942;84,13102586
0,5943;83,70327171
0,5944;83,27724204
0,5945;82,85293266
0,5946;82,43033938
0,5947;82,00945802
0,5948;81,59028437
0,5949;81,17281422
0,595;80,75704337
0,5951;80,34296759
0,5952;79,93058266
0,5953;79,51988435
0,5954;79,11086843
0,5955;78,70353066
0,5956;78,29786678
0,5957;77,89387255
0,5958;77,49154372
0,5959;77,09087601
0,596;76,69186517
0,5961;76,29450692
0,5962;75,89879699
0,5963;75,5047311
0,5964;75,11230496
0,5965;74,72151429
0,5966;74,33235479
0,5967;73,94482216
0,5968;73,55891211
0,5969;73,17462033
0,597;72,7919425
0,5971;72,41087433
0,5972;72,03141149
0,5973;71,65354967
0,5974;71,27728454
0,5975;70,90261177
0,5976;70,52952705
0,5977;70,15802603
0,5978;69,78810439
0,5979;69,41975778
0,598;69,05298187
0,5981;68,68777232
0,5982;68,32412477
0,5983;67,9620349
0,5984;67,60149833
0,5985;67,24251074
0,5986;66,88506775
0,5987;66,52916503
0,5988;66,1747982
0,5989;65,82196292
0,599;65,47065482
0,5991;65,12086954
0,5992;64,77260272
0,5993;64,42585
0,5994;64,08060701
0,5995;63,73686938
0,5996;63,39463276
0,5997;63,05389276
0,5998;62,71464503
0,5999;62,37688519
0,6;62,04060887
0,6001;61,7058117
0,6002;61,37248932
0,6003;61,04063735
0,6004;60,71025142
0,6005;60,38132716
0,6006;60,0538602
0,6007;59,72784616
0,6008;59,40328069
0,6009;59,0801594
0,601;58,75847792
0,6011;58,4382319
0,6012;58,11941695
0,6013;57,80202871
0,6014;57,48606281
0,6015;57,17151489
0,6016;56,85838058
0,6017;56,54665552
0,6018;56,23633534
0,6019;55,92741567
0,602;55,61989217
0,6021;55,31376046
0,6022;55,00901619
0,6023;54,70565501
0,6024;54,40367256
0,6025;54,10306448
0,6026;53,80382642
0,6027;53,50595404
0,6028;53,20944299
0,6029;52,91428891
0,603;52,62048747
0,6031;52,32803433
0,6032;52,03692515
0,6033;51,74715558
0,6034;51,4587213
0,6035;51,17161798
0,6036;50,88584128
0,6037;50,60138688
0,6038;50,31825046
0,6039;50,0364277
0,604;49,75591427
0,6041;49,47670586
0,6042;49,19879816
0,6043;48,92218687
0,6044;48,64686768
0,6045;48,37283628
0,6046;48,10008838
0,6047;47,82861968
0,6048;47,55842589
0,6049;47,28950272
0,605;47,0218459
0,6051;46,75545113
0,6052;46,49031414
0,6053;46,22643066
0,6054;45,96379642
0,6055;45,70240716
0,6056;45,44225861
0,6057;45,18334652
0,6058;44,92566663
0,6059;44,6692147
0,606;44,41398649
0,6061;44,15997775
0,6062;43,90718425
0,6063;43,65560177
0,6064;43,40522606
0,6065;43,15605292
0,6066;42,90807813
0,6067;42,66129748
0,6068;42,41570675
0,6069;42,17130176
0,607;41,9280783
0,6071;41,68603218
0,6072;41,44515921
0,6073;41,20545522
0,6074;40,96691603
0,6075;40,72953747
0,6076;40,49331537
0,6077;40,25824558
0,6078;40,02432393
0,6079;39,79154629
0,608;39,55990851
0,6081;39,32940645
0,6082;39,10003598
0,6083;38,87179297
0,6084;38,64467331
0,6085;38,41867288
0,6086;38,19378757
0,6087;37,97001328
0,6088;37,74734592
0,6089;37,52578139
0,609;37,30531561
0,6091;37,08594451
0,6092;36,86766401
0,6093;36,65047005
0,6094;36,43435856
0,6095;36,2193255
0,6096;36,00536682
0,6097;35,79247849
0,6098;35,58065646
0,6099;35,36989672
0,61;35,16019524
0,6101;34,95154801
0,6102;34,74395102
0,6103;34,53740028
0,6104;34,3318918
0,6105;34,12742158
0,6106;33,92398565
0,6107;33,72158004
0,6108;33,52020078
0,6109;33,31984392
0,611;33,1205055
0,6111;32,92218159
0,6112;32,72486824
0,6113;32,52856153
0,6114;32,33325753
0,6115;32,13895234
0,6116;31,94564204
0,6117;31,75332274
0,6118;31,56199054
0,6119;31,37164156
0,612;31,18227192
0,6121;30,99387775
0,6122;30,8064552
0,6123;30,6200004
0,6124;30,43450951
0,6125;30,24997869
0,6126;30,06640411
0,6127;29,88378195
0,6128;29,70210839
0,6129;29,52137962
0,613;29,34159184
0,6131;29,16274127
0,6132;28,98482411
0,6133;28,8078366
0,6134;28,63177495
0,6135;28,45663542
0,6136;28,28241425
0,6137;28,1091077
0,6138;27,93671203
0,6139;27,76522351
0,614;27,59463843
0,6141;27,42495308
0,6142;27,25616374
0,6143;27,08826673
0,6144;26,92125836
0,6145;26,75513495
0,6146;26,58989284
0,6147;26,42552836
0,6148;26,26203785
0,6149;26,09941768
0,615;25,93766421
0,6151;25,77677382
0,6152;25,61674287
0,6153;25,45756777
0,6154;25,29924491
0,6155;25,1417707
0,6156;24,98514155
0,6157;24,82935389
0,6158;24,67440416
0,6159;24,52028878
0,616;24,36700422
0,6161;24,21454693
0,6162;24,06291339
0,6163;23,91210006
0,6164;23,76210343
0,6165;23,61292
0,6166;23,46454627
0,6167;23,31697875
0,6168;23,17021397
0,6169;23,02424845
0,617;22,87907873
0,6171;22,73470136
0,6172;22,5911129
0,6173;22,4483099
0,6174;22,30628896
0,6175;22,16504664
0,6176;22,02457955
0,6177;21,88488428
0,6178;21,74595745
0,6179;21,60779568
0,618;21,47039558
0,6181;21,33375381
0,6182;21,19786701
0,6183;21,06273184
0,6184;20,92834495
0,6185;20,79470303
0,6186;20,66180277
0,6187;20,52964084
0,6188;20,39821396
0,6189;20,26751883
0,619;20,13755219
0,6191;20,00831075
0,6192;19,87979125
0,6193;19,75199045
0,6194;19,6249051
0,6195;19,49853198
0,6196;19,37286784
0,6197;19,24790949
0,6198;19,12365371
0,6199;19,00009731
0,62;18,87723711
0,6201;18,75506992
0,6202;18,63359258
0,6203;18,51280194
0,6204;18,39269483
0,6205;18,27326812
0,6206;18,15451869
0,6207;18,0364434
0,6208;17,91903915
0,6209;17,80230284
0,621;17,68623137
0,6211;17,57082166
0,6212;17,45607064
0,6213;17,34197524
0,6214;17,2285324
0,6215;17,11573909
0,6216;17,00359226
0,6217;16,89208888
0,6218;16,78122595
0,6219;16,67100045
0,622;16,56140938
0,6221;16,45244976
0,6222;16,3441186
0,6223;16,23641294
0,6224;16,1293298
0,6225;16,02286626
0,6226;15,91701935
0,6227;15,81178615
0,6228;15,70716373
0,6229;15,60314919
0,623;15,49973962
0,6231;15,39693211
0,6232;15,2947238
0,6233;15,1931118
0,6234;15,09209324
0,6235;14,99166528
0,6236;14,89182505
0,6237;14,79256973
0,6238;14,69389649
0,6239;14,5958025
0,624;14,49828496
0,6241;14,40134107
0,6242;14,30496803
0,6243;14,20916307
0,6244;14,11392341
0,6245;14,0192463
0,6246;13,92512897
0,6247;13,83156869
0,6248;13,73856271
0,6249;13,64610833
0,625;13,55420281
0,6251;13,46284346
0,6252;13,37202758
0,6253;13,28175248
0,6254;13,19201549
0,6255;13,10281393
0,6256;13,01414514
0,6257;12,92600649
0,6258;12,83839532
0,6259;12,751309
0,626;12,66474493
0,6261;12,57870047
0,6262;12,49317303
0,6263;12,40816003
0,6264;12,32365886
0,6265;12,23966696
0,6266;12,15618176
0,6267;12,07320071
0,6268;11,99072126
0,6269;11,90874087
0,627;11,82725701
0,6271;11,74626716
0,6272;11,66576882
0,6273;11,58575948
0,6274;11,50623666
0,6275;11,42719786
0,6276;11,34864062
0,6277;11,27056248
0,6278;11,19296097
0,6279;11,11583366
0,628;11,0391781
0,6281;10,96299188
0,6282;10,88727257
0,6283;10,81201776
0,6284;10,73722505
0,6285;10,66289206
0,6286;10,5890164
0,6287;10,51559571
0,6288;10,44262761
0,6289;10,37010975
0,629;10,29803979
0,6291;10,22641539
0,6292;10,15523423
0,6293;10,08449399
0,6294;10,01419235
0,6295;9,944327027
0,6296;9,874895718
0,6297;9,805896145
0,6298;9,737326035
0,6299;9,669183124
0,63;9,601465156
0,6301;9,534169886
0,6302;9,467295077
0,6303;9,400838499
0,6304;9,334797934
0,6305;9,269171171
0,6306;9,203956008
0,6307;9,139150252
0,6308;9,074751719
0,6309;9,010758233
0,631;8,947167628
0,6311;8,883977747
0,6312;8,821186439
0,6313;8,758791566
0,6314;8,696790994
0,6315;8,635182602
0,6316;8,573964276
0,6317;8,513133909
0,6318;8,452689405
0,6319;8,392628675
0,632;8,332949641
0,6321;8,27365023
0,6322;8,214728382
0,6323;8,156182041
0,6324;8,098009163
0,6325;8,040207712
0,6326;7,982775658
0,6327;7,925710982
0,6328;7,869011674
0,6329;7,81267573
0,633;7,756701156
0,6331;7,701085967
0,6332;7,645828184
0,6333;7,59092584
0,6334;7,536376974
0,6335;7,482179632
0,6336;7,428331873
0,6337;7,374831759
0,6338;7,321677364
0,6339;7,268866769
0,634;7,216398063
0,6341;7,164269345
0,6342;7,112478718
0,6343;7,061024299
0,6344;7,009904209
0,6345;6,959116579
0,6346;6,908659547
0,6347;6,85853126
0,6348;6,808729873
0,6349;6,759253549
0,635;6,71010046
0,6351;6,661268783
0,6352;6,612756708
0,6353;6,564562428
0,6354;6,516684147
0,6355;6,469120077
0,6356;6,421868437
0,6357;6,374927453
0,6358;6,328295361
0,6359;6,281970405
0,636;6,235950834
0,6361;6,190234908
0,6362;6,144820893
0,6363;6,099707065
0,6364;6,054891704
0,6365;6,010373102
0,6366;5,966149556
0,6367;5,922219371
0,6368;5,878580862
0,6369;5,835232349
0,637;5,79217216
0,6371;5,749398633
0,6372;5,706910111
0,6373;5,664704946
0,6374;5,622781497
0,6375;5,581138132
0,6376;5,539773224
0,6377;5,498685155
0,6378;5,457872315
0,6379;5,417333102
0,638;5,377065918
0,6381;5,337069177
0,6382;5,297341298
0,6383;5,257880708
0,6384;5,21868584
0,6385;5,179755136
0,6386;5,141087045
0,6387;5,102680024
0,6388;5,064532535
0,6389;5,026643051
0,639;4,989010048
0,6391;4,951632012
0,6392;4,914507436
0,6393;4,877634819
0,6394;4,841012669
0,6395;4,804639499
0,6396;4,768513831
0,6397;4,732634193
0,6398;4,69699912
0,6399;4,661607156
0,64;4,626456849
0,6401;4,591546756
0,6402;4,556875441
0,6403;4,522441474
0,6404;4,488243433
0,6405;4,454279902
0,6406;4,420549474
0,6407;4,387050745
0,6408;4,353782321
0,6409;4,320742814
0,641;4,287930843
0,6411;4,255345034
0,6412;4,222984019
0,6413;4,190846438
0,6414;4,158930935
0,6415;4,127236164
0,6416;4,095760785
0,6417;4,064503463
0,6418;4,03346287
0,6419;4,002637687
0,642;3,972026599
0,6421;3,941628299
0,6422;3,911441485
0,6423;3,881464863
0,6424;3,851697146
0,6425;3,822137053
0,6426;3,792783307
0,6427;3,763634641
0,6428;3,734689792
0,6429;3,705947506
0,643;3,677406532
0,6431;3,649065629
0,6432;3,620923558
0,6433;3,592979091
0,6434;3,565231004
0,6435;3,537678078
0,6436;3,510319103
0,6437;3,483152872
0,6438;3,456178188
0,6439;3,429393858
0,644;3,402798694
0,6441;3,376391517
0,6442;3,350171152
0,6443;3,324136431
0,6444;3,298286192
0,6445;3,272619278
0,6446;3,24713454
0,6447;3,221830833
0,6448;3,19670702
0,6449;3,171761968
0,645;3,146994552
0,6451;3,12240365
0,6452;3,097988149
0,6453;3,07374694
0,6454;3,04967892
0,6455;3,025782993
0,6456;3,002058068
0,6457;2,978503059
0,6458;2,955116887
0,6459;2,931898479
0,646;2,908846766
0,6461;2,885960687
0,6462;2,863239183
0,6463;2,840681206
0,6464;2,818285709
0,6465;2,796051652
0,6466;2,773978002
0,6467;2,752063731
0,6468;2,730307814
0,6469;2,708709235
0,647;2,687266981
0,6471;2,665980047
0,6472;2,644847431
0,6473;2,623868138
0,6474;2,603041177
0,6475;2,582365564
0,6476;2,561840319
0,6477;2,541464469
0,6478;2,521237044
0,6479;2,501157081
0,648;2,481223623
0,6481;2,461435716
0,6482;2,441792413
0,6483;2,42229277
0,6484;2,402935852
0,6485;2,383720727
0,6486;2,364646466
0,6487;2,345712149
0,6488;2,32691686
0,6489;2,308259685
0,649;2,28973972
0,6491;2,271356063
0,6492;2,253107817
0,6493;2,234994092
0,6494;2,217014
0,6495;2,199166661
0,6496;2,181451197
0,6497;2,163866739
0,6498;2,146412418
0,6499;2,129087374
0,65;2,111890749
0,6501;2,094821692
0,6502;2,077879355
0,6503;2,061062896
0,6504;2,044371477
0,6505;2,027804267
0,6506;2,011360435
0,6507;1,99503916
0,6508;1,978839622
0,6509;1,962761008
0,651;1,946802508
0,6511;1,930963317
0,6512;1,915242636
0,6513;1,899639668
0,6514;1,884153624
0,6515;1,868783717
0,6516;1,853529164
0,6517;1,838389189
0,6518;1,823363018
0,6519;1,808449885
0,652;1,793649023
0,6521;1,778959675
0,6522;1,764381085
0,6523;1,749912503
0,6524;1,735553182
0,6525;1,72130238
0,6526;1,70715936
0,6527;1,693123389
0,6528;1,679193738
0,6529;1,665369681
0,653;1,6516505
0,6531;1,638035476
0,6532;1,624523899
0,6533;1,611115061
0,6534;1,597808258
0,6535;1,584602791
0,6536;1,571497965
0,6537;1,558493088
0,6538;1,545587473
0,6539;1,532780437
0,654;1,520071302
0,6541;1,507459393
0,6542;1,494944039
0,6543;1,482524572
0,6544;1,470200331
0,6545;1,457970656
0,6546;1,445834892
0,6547;1,433792389
0,6548;1,4218425
0,6549;1,40998458
0,655;1,398217992
0,6551;1,386542099
0,6552;1,37495627
0,6553;1,363459877
0,6554;1,352052296
0,6555;1,340732908
0,6556;1,329501094
0,6557;1,318356244
0,6558;1,307297748
0,6559;1,296325
0,656;1,2854374
0,6561;1,274634349
0,6562;1,263915253
0,6563;1,253279522
0,6564;1,242726568
0,6565;1,232255809
0,6566;1,221866664
0,6567;1,211558557
0,6568;1,201330917
0,6569;1,191183172
0,657;1,181114759
0,6571;1,171125114
0,6572;1,16121368
0,6573;1,151379901
0,6574;1,141623226
0,6575;1,131943105
0,6576;1,122338995
0,6577;1,112810354
0,6578;1,103356643
0,6579;1,093977328
0,658;1,084671878
0,6581;1,075439764
0,6582;1,066280462
0,6583;1,05719345
0,6584;1,048178211
0,6585;1,039234228
0,6586;1,030360991
0,6587;1,02155799
0,6588;1,012824722
0,6589;1,004160683
0,659;0,995565375
0,6591;0,987038301
0,6592;0,97857897
0,6593;0,970186892
0,6594;0,961861581
0,6595;0,953602553
0,6596;0,945409328
0,6597;0,937281428
0,6598;0,929218381
0,6599;0,921219715
0,66;0,913284961
0,6601;0,905413655
0,6602;0,897605335
0,6603;0,889859541
0,6604;0,882175817
0,6605;0,874553711
0,6606;0,866992772
0,6607;0,859492552
0,6608;0,852052608
0,6609;0,844672497
0,661;0,83735178
0,6611;0,830090022
0,6612;0,82288679
0,6613;0,815741653
0,6614;0,808654184
0,6615;0,801623958
0,6616;0,794650554
0,6617;0,787733551
0,6618;0,780872534
0,6619;0,774067088
0,662;0,767316804
0,6621;0,760621271
0,6622;0,753980086
0,6623;0,747392844
0,6624;0,740859146
0,6625;0,734378594
0,6626;0,727950792
0,6627;0,721575348
0,6628;0,715251873
0,6629;0,708979978
0,663;0,70275928
0,6631;0,696589396
0,6632;0,690469946
0,6633;0,684400553
0,6634;0,678380842
0,6635;0,672410442
0,6636;0,666488983
0,6637;0,660616097
0,6638;0,654791419
0,6639;0,649014588
0,664;0,643285243
0,6641;0,637603027
0,6642;0,631967585
0,6643;0,626378564
0,6644;0,620835614
0,6645;0,615338386
0,6646;0,609886536
0,6647;0,604479719
0,6648;0,599117595
0,6649;0,593799825
0,665;0,588526073
0,6651;0,583296004
0,6652;0,578109287
0,6653;0,572965591
0,6654;0,56786459
0,6655;0,562805959
0,6656;0,557789374
0,6657;0,552814514
0,6658;0,547881062
0,6659;0,5429887
0,666;0,538137115
0,6661;0,533325994
0,6662;0,528555027
0,6663;0,523823907
0,6664;0,519132328
0,6665;0,514479986
0,6666;0,509866579
0,6667;0,505291809
0,6668;0,500755378
0,6669;0,49625699
0,667;0,491796352
0,6671;0,487373173
0,6672;0,482987164
0,6673;0,478638037
0,6674;0,474325507
0,6675;0,470049291
0,6676;0,465809107
0,6677;0,461604676
0,6678;0,45743572
0,6679;0,453301965
0,668;0,449203136
0,6681;0,445138962
0,6682;0,441109173
0,6683;0,437113501
0,6684;0,433151681
0,6685;0,429223447
0,6686;0,425328538
0,6687;0,421466693
0,6688;0,417637653
0,6689;0,413841163
0,669;0,410076966
0,6691;0,40634481
0,6692;0,402644443
0,6693;0,398975615
0,6694;0,395338079
0,6695;0,391731588
0,6696;0,388155899
0,6697;0,384610768
0,6698;0,381095954
0,6699;0,377611219
0,67;0,374156325
0,6701;0,370731035
0,6702;0,367335117
0,6703;0,363968336
0,6704;0,360630464
0,6705;0,357321269
0,6706;0,354040526
0,6707;0,350788007
0,6708;0,347563489
0,6709;0,34436675
0,671;0,341197567
0,6711;0,338055721
0,6712;0,334940995
0,6713;0,331853172
0,6714;0,328792038
0,6715;0,325757379
0,6716;0,322748984
0,6717;0,319766641
0,6718;0,316810144
0,6719;0,313879284
0,672;0,310973856
0,6721;0,308093656
0,6722;0,305238481
0,6723;0,30240813
0,6724;0,299602404
0,6725;0,296821104
0,6726;0,294064032
0,6727;0,291330995
0,6728;0,288621798
0,6729;0,285936248
0,673;0,283274154
0,6731;0,280635327
0,6732;0,278019579
0,6733;0,275426721
0,6734;0,272856569
0,6735;0,270308939
0,6736;0,267783648
0,6737;0,265280513
0,6738;0,262799356
0,6739;0,260339996
0,674;0,257902258
0,6741;0,255485964
0,6742;0,253090939
0,6743;0,25071701
0,6744;0,248364005
0,6745;0,246031752
0,6746;0,243720083
0,6747;0,241428827
0,6748;0,239157819
0,6749;0,236906891
0,675;0,23467588
0,6751;0,232464622
0,6752;0,230272954
0,6753;0,228100715
0,6754;0,225947746
0,6755;0,223813888
0,6756;0,221698982
0,6757;0,219602874
0,6758;0,217525407
0,6759;0,215466428
0,676;0,213425784
0,6761;0,211403324
0,6762;0,209398896
0,6763;0,207412351
0,6764;0,205443541
0,6765;0,203492319
0,6766;0,201558539
0,6767;0,199642056
0,6768;0,197742726
0,6769;0,195860406
0,677;0,193994955
0,6771;0,192146232
0,6772;0,190314098
0,6773;0,188498414
0,6774;0,186699042
0,6775;0,184915847
0,6776;0,183148693
0,6777;0,181397446
0,6778;0,179661972
0,6779;0,17794214
0,678;0,176237817
0,6781;0,174548875
0,6782;0,172875183
0,6783;0,171216614
0,6784;0,16957304
0,6785;0,167944335
0,6786;0,166330374
0,6787;0,164731032
0,6788;0,163146187
0,6789;0,161575714
0,679;0,160019494
0,6791;0,158477406
0,6792;0,15694933
0,6793;0,155435147
0,6794;0,15393474
0,6795;0,152447992
0,6796;0,150974787
0,6797;0,149515009
0,6798;0,148068546
0,6799;0,146635283
0,68;0,145215108
0,6801;0,14380791
0,6802;0,142413578
0,6803;0,141032002
0,6804;0,139663075
0,6805;0,138306686
0,6806;0,13696273
0,6807;0,1356311
0,6808;0,13431169
0,6809;0,133004396
0,681;0,131709114
0,6811;0,130425741
0,6812;0,129154175
0,6813;0,127894314
0,6814;0,126646057
0,6815;0,125409305
0,6816;0,124183959
0,6817;0,122969921
0,6818;0,121767093
0,6819;0,120575377
0,682;0,11939468
0,6821;0,118224904
0,6822;0,117065957
0,6823;0,115917743
0,6824;0,114780171
0,6825;0,113653148
0,6826;0,112536582
0,6827;0,111430383
0,6828;0,110334461
0,6829;0,109248727
0,683;0,108173091
0,6831;0,107107467
0,6832;0,106051767
0,6833;0,105005904
0,6834;0,103969793
0,6835;0,102943349
0,6836;0,101926487
0,6837;0,100919124
0,6838;0,099921177
0,6839;0,098932562
0,684;0,097953199
0,6841;0,096983007
0,6842;0,096021905
0,6843;0,095069813
0,6844;0,094126652
0,6845;0,093192345
0,6846;0,092266812
0,6847;0,091349977
0,6848;0,090441763
0,6849;0,089542095
0,685;0,088650896
0,6851;0,087768093
0,6852;0,086893611
0,6853;0,086027377
0,6854;0,085169317
0,6855;0,08431936
0,6856;0,083477434
0,6857;0,082643467
0,6858;0,08181739
0,6859;0,080999131
0,686;0,080188622
0,6861;0,079385795
0,6862;0,07859058
0,6863;0,07780291
0,6864;0,077022717
0,6865;0,076249936
0,6866;0,0754845
0,6867;0,074726344
0,6868;0,073975403
0,6869;0,073231611
0,687;0,072494907
0,6871;0,071765225
0,6872;0,071042504
0,6873;0,07032668
0,6874;0,069617693
0,6875;0,06891548
0,6876;0,068219982
0,6877;0,067531137
0,6878;0,066848886
0,6879;0,06617317
0,688;0,06550393
0,6881;0,064841108
0,6882;0,064184645
0,6883;0,063534485
0,6884;0,062890571
0,6885;0,062252846
0,6886;0,061621254
0,6887;0,06099574
0,6888;0,06037625
0,6889;0,059762728
0,689;0,05915512
0,6891;0,058553373
0,6892;0,057957434
0,6893;0,05736725
0,6894;0,056782769
0,6895;0,056203938
0,6896;0,055630708
0,6897;0,055063026
0,6898;0,054500842
0,6899;0,053944106
0,69;0,053392768
0,6901;0,05284678
0,6902;0,052306092
0,6903;0,051770656
0,6904;0,051240424
0,6905;0,050715348
0,6906;0,050195381
0,6907;0,049680477
0,6908;0,049170588
0,6909;0,04866567
0,691;0,048165676
0,6911;0,047670561
0,6912;0,04718028
0,6913;0,04669479
0,6914;0,046214045
0,6915;0,045738002
0,6916;0,045266618
0,6917;0,04479985
0,6918;0,044337655
0,6919;0,043879991
0,692;0,043426817
0,6921;0,04297809
0,6922;0,04253377
0,6923;0,042093816
0,6924;0,041658187
0,6925;0,041226844
0,6926;0,040799746
0,6927;0,040376854
0,6928;0,03995813
0,6929;0,039543534
0,693;0,039133028
0,6931;0,038726574
0,6932;0,038324135
0,6933;0,037925673
0,6934;0,03753115
0,6935;0,037140531
0,6936;0,036753778
0,6937;0,036370856
0,6938;0,035991729
0,6939;0,035616361
0,694;0,035244717
0,6941;0,034876763
0,6942;0,034512464
0,6943;0,034151785
0,6944;0,033794692
0,6945;0,033441153
0,6946;0,033091133
0,6947;0,0327446
0,6948;0,03240152
0,6949;0,032061861
0,695;0,031725592
0,6951;0,031392679
0,6952;0,031063092
0,6953;0,030736799
0,6954;0,030413769
0,6955;0,030093971
0,6956;0,029777375
0,6957;0,02946395
0,6958;0,029153666
0,6959;0,028846494
0,696;0,028542404
0,6961;0,028241367
0,6962;0,027943353
0,6963;0,027648335
0,6964;0,027356284
0,6965;0,027067171
0,6966;0,026780969
0,6967;0,02649765
0,6968;0,026217187
0,6969;0,025939551
0,697;0,025664717
0,6971;0,025392658
0,6972;0,025123346
0,6973;0,024856757
0,6974;0,024592863
0,6975;0,024331639
0,6976;0,02407306
0,6977;0,0238171
0,6978;0,023563734
0,6979;0,023312938
0,698;0,023064685
0,6981;0,022818953
0,6982;0,022575717
0,6983;0,022334953
0,6984;0,022096638
0,6985;0,021860746
0,6986;0,021627256
0,6987;0,021396144
0,6988;0,021167388
0,6989;0,020940964
0,699;0,020716849
0,6991;0,020495023
0,6992;0,020275462
0,6993;0,020058145
0,6994;0,019843049
0,6995;0,019630154
0,6996;0,019419439
0,6997;0,019210881
0,6998;0,01900446
0,6999;0,018800156
0,7;0,018597947
0,7001;0,018397814
0,7002;0,018199735
0,7003;0,018003693
0,7004;0,017809665
0,7005;0,017617633
0,7006;0,017427578
0,7007;0,01723948
0,7008;0,017053319
0,7009;0,016869078
0,701;0,016686737
0,7011;0,016506277
0,7012;0,016327681
0,7013;0,01615093
0,7014;0,015976006
0,7015;0,015802891
0,7016;0,015631567
0,7017;0,015462017
0,7018;0,015294223
0,7019;0,015128169
0,702;0,014963836
0,7021;0,014801209
0,7022;0,014640269
0,7023;0,014481002
0,7024;0,014323389
0,7025;0,014167416
0,7026;0,014013065
0,7027;0,01386032
0,7028;0,013709167
0,7029;0,013559588
0,703;0,013411569
0,7031;0,013265094
0,7032;0,013120148
0,7033;0,012976716
0,7034;0,012834782
0,7035;0,012694332
0,7036;0,012555351
0,7037;0,012417824
0,7038;0,012281737
0,7039;0,012147076
0,704;0,012013827
0,7041;0,011881975
0,7042;0,011751506
0,7043;0,011622407
0,7044;0,011494665
0,7045;0,011368265
0,7046;0,011243194
0,7047;0,011119438
0,7048;0,010996986
0,7049;0,010875823
0,705;0,010755937
0,7051;0,010637315
0,7052;0,010519945
0,7053;0,010403813
0,7054;0,010288907
0,7055;0,010175216
0,7056;0,010062726
0,7057;0,009951426
0,7058;0,009841304
0,7059;0,009732348
0,706;0,009624546
0,7061;0,009517887
0,7062;0,009412359
0,7063;0,009307951
0,7064;0,00920465
0,7065;0,009102448
0,7066;0,009001331
0,7067;0,008901289
0,7068;0,008802312
0,7069;0,008704388
0,707;0,008607507
0,7071;0,008511658
0,7072;0,008416832
0,7073;0,008323016
0,7074;0,008230202
0,7075;0,008138378
0,7076;0,008047536
0,7077;0,007957665
0,7078;0,007868754
0,7079;0,007780795
0,708;0,007693778
0,7081;0,007607692
0,7082;0,00752253
0,7083;0,00743828
0,7084;0,007354934
0,7085;0,007272482
0,7086;0,007190917
0,7087;0,007110227
0,7088;0,007030405
0,7089;0,006951441
0,709;0,006873327
0,7091;0,006796054
0,7092;0,006719614
0,7093;0,006643997
0,7094;0,006569196
0,7095;0,006495201
0,7096;0,006422006
0,7097;0,006349601
0,7098;0,006277978
0,7099;0,00620713
0,71;0,006137048
0,7101;0,006067724
0,7102;0,005999151
0,7103;0,005931321
0,7104;0,005864226
0,7105;0,005797859
0,7106;0,005732212
0,7107;0,005667278
0,7108;0,005603048
0,7109;0,005539517
0,711;0,005476677
0,7111;0,00541452
0,7112;0,005353039
0,7113;0,005292228
0,7114;0,00523208
0,7115;0,005172587
0,7116;0,005113743
0,7117;0,005055541
0,7118;0,004997975
0,7119;0,004941037
0,712;0,004884722
0,7121;0,004829022
0,7122;0,004773931
0,7123;0,004719444
0,7124;0,004665553
0,7125;0,004612253
0,7126;0,004559537
0,7127;0,004507399
0,7128;0,004455833
0,7129;0,004404833
0,713;0,004354393
0,7131;0,004304508
0,7132;0,004255171
0,7133;0,004206377
0,7134;0,00415812
0,7135;0,004110395
0,7136;0,004063195
0,7137;0,004016515
0,7138;0,00397035
0,7139;0,003924695
0,714;0,003879544
0,7141;0,003834891
0,7142;0,003790732
0,7143;0,003747061
0,7144;0,003703873
0,7145;0,003661163
0,7146;0,003618926
0,7147;0,003577157
0,7148;0,00353585
0,7149;0,003495002
0,715;0,003454607
0,7151;0,003414661
0,7152;0,003375158
0,7153;0,003336094
0,7154;0,003297465
0,7155;0,003259265
0,7156;0,00322149
0,7157;0,003184136
0,7158;0,003147198
0,7159;0,003110672
0,716;0,003074552
0,7161;0,003038836
0,7162;0,003003519
0,7163;0,002968596
0,7164;0,002934063
0,7165;0,002899916
0,7166;0,002866151
0,7167;0,002832764
0,7168;0,002799751
0,7169;0,002767107
0,717;0,002734829
0,7171;0,002702913
0,7172;0,002671356
0,7173;0,002640152
0,7174;0,002609299
0,7175;0,002578792
0,7176;0,002548628
0,7177;0,002518804
0,7178;0,002489315
0,7179;0,002460157
0,718;0,002431329
0,7181;0,002402825
0,7182;0,002374642
0,7183;0,002346777
0,7184;0,002319227
0,7185;0,002291988
0,7186;0,002265056
0,7187;0,002238429
0,7188;0,002212103
0,7189;0,002186074
0,719;0,002160341
0,7191;0,002134898
0,7192;0,002109744
0,7193;0,002084875
0,7194;0,002060288
0,7195;0,00203598
0,7196;0,002011947
0,7197;0,001988188
0,7198;0,001964699
0,7199;0,001941476
0,72;0,001918518
0,7201;0,001895821
0,7202;0,001873383
0,7203;0,001851199
0,7204;0,001829269
0,7205;0,001807589
0,7206;0,001786156
0,7207;0,001764968
0,7208;0,001744021
0,7209;0,001723314
0,721;0,001702843
0,7211;0,001682607
0,7212;0,001662602
0,7213;0,001642826
0,7214;0,001623276
0,7215;0,001603951
0,7216;0,001584847
0,7217;0,001565962
0,7218;0,001547293
0,7219;0,001528839
0,722;0,001510597
0,7221;0,001492564
0,7222;0,001474739
0,7223;0,001457119
0,7224;0,001439701
0,7225;0,001422484
0,7226;0,001405466
0,7227;0,001388643
0,7228;0,001372014
0,7229;0,001355577
0,723;0,00133933
0,7231;0,001323271
0,7232;0,001307396
0,7233;0,001291706
0,7234;0,001276196
0,7235;0,001260866
0,7236;0,001245714
0,7237;0,001230737
0,7238;0,001215933
0,7239;0,001201301
0,724;0,001186839
0,7241;0,001172544
0,7242;0,001158416
0,7243;0,001144451
0,7244;0,001130649
0,7245;0,001117007
0,7246;0,001103523
0,7247;0,001090197
0,7248;0,001077026
0,7249;0,001064008
0,725;0,001051141
0,7251;0,001038425
0,7252;0,001025857
0,7253;0,001013435
0,7254;0,001001159
0,7255;0,000989026
0,7256;0,000977035
0,7257;0,000965183
0,7258;0,000953471
0,7259;0,000941895
0,726;0,000930455
0,7261;0,000919149
0,7262;0,000907976
0,7263;0,000896933
0,7264;0,00088602
0,7265;0,000875235
0,7266;0,000864576
0,7267;0,000854043
0,7268;0,000843634
0,7269;0,000833346
0,727;0,00082318
0,7271;0,000813134
0,7272;0,000803206
0,7273;0,000793394
0,7274;0,000783699
0,7275;0,000774117
0,7276;0,000764649
0,7277;0,000755292
0,7278;0,000746046
0,7279;0,000736909
0,728;0,00072788
0,7281;0,000718957
0,7282;0,000710141
0,7283;0,000701428
0,7284;0,000692819
0,7285;0,000684312
0,7286;0,000675905
0,7287;0,000667598
0,7288;0,00065939
0,7289;0,000651279
0,729;0,000643264
0,7291;0,000635345
0,7292;0,000627519
0,7293;0,000619787
0,7294;0,000612147
0,7295;0,000604597
0,7296;0,000597138
0,7297;0,000589767
0,7298;0,000582484
0,7299;0,000575288
0,73;0,000568178
0,7301;0,000561152
0,7302;0,000554211
0,7303;0,000547352
0,7304;0,000540576
0,7305;0,00053388
0,7306;0,000527264
0,7307;0,000520728
0,7308;0,00051427
0,7309;0,000507889
0,731;0,000501585
0,7311;0,000495356
0,7312;0,000489202
0,7313;0,000483122
0,7314;0,000477114
0,7315;0,000471179
0,7316;0,000465315
0,7317;0,000459522
0,7318;0,000453799
0,7319;0,000448144
0,732;0,000442557
0,7321;0,000437038
0,7322;0,000431585
0,7323;0,000426198
0,7324;0,000420875
0,7325;0,000415618
0,7326;0,000410423
0,7327;0,000405291
0,7328;0,000400221
0,7329;0,000395213
0,733;0,000390265
0,7331;0,000385377
0,7332;0,000380548
0,7333;0,000375778
0,7334;0,000371065
0,7335;0,000366409
0,7336;0,00036181
0,7337;0,000357267
0,7338;0,000352779
0,7339;0,000348345
0,734;0,000343966
0,7341;0,000339639
0,7342;0,000335365
0,7343;0,000331143
0,7344;0,000326973
0,7345;0,000322853
0,7346;0,000318783
0,7347;0,000314763
0,7348;0,000310792
0,7349;0,00030687
0,735;0,000302995
0,7351;0,000299168
0,7352;0,000295387
0,7353;0,000291653
0,7354;0,000287964
0,7355;0,00028432
0,7356;0,000280721
0,7357;0,000277166
0,7358;0,000273655
0,7359;0,000270186
0,736;0,00026676
0,7361;0,000263376
0,7362;0,000260034
0,7363;0,000256733
0,7364;0,000253472
0,7365;0,000250251
0,7366;0,00024707
0,7367;0,000243928
0,7368;0,000240824
0,7369;0,000237759
0,737;0,000234732
0,7371;0,000231742
0,7372;0,000228788
0,7373;0,000225871
0,7374;0,00022299
0,7375;0,000220145
0,7376;0,000217335
0,7377;0,000214559
0,7378;0,000211818
0,7379;0,000209111
0,738;0,000206437
0,7381;0,000203796
0,7382;0,000201188
0,7383;0,000198612
0,7384;0,000196069
0,7385;0,000193556
0,7386;0,000191075
0,7387;0,000188625
0,7388;0,000186205
0,7389;0,000183815
0,739;0,000181455
0,7391;0,000179124
0,7392;0,000176822
0,7393;0,000174549
0,7394;0,000172304
0,7395;0,000170087
0,7396;0,000167898
0,7397;0,000165735
0,7398;0,0001636
0,7399;0,000161492
0,74;0,00015941
0,7401;0,000157353
0,7402;0,000155323
0,7403;0,000153318
0,7404;0,000151338
0,7405;0,000149382
0,7406;0,000147452
0,7407;0,000145545
0,7408;0,000143662
0,7409;0,000141803
0,741;0,000139967
0,7411;0,000138154
0,7412;0,000136364
0,7413;0,000134596
0,7414;0,000132851
0,7415;0,000131127
0,7416;0,000129425
0,7417;0,000127745
0,7418;0,000126086
0,7419;0,000124447
0,742;0,000122829
0,7421;0,000121232
0,7422;0,000119655
0,7423;0,000118097
0,7424;0,000116559
0,7425;0,000115041
0,7426;0,000113542
0,7427;0,000112061
0,7428;0,0001106
0,7429;0,000109157
0,743;0,000107732
0,7431;0,000106325
0,7432;0,000104936
0,7433;0,000103564
0,7434;0,00010221
0,7435;0,000100873
0,7436;9,96E-05
0,7437;9,83E-05
0,7438;9,70E-05
0,7439;9,57E-05
0,744;9,44E-05
0,7441;9,32E-05
0,7442;9,20E-05
0,7443;9,08E-05
0,7444;8,96E-05
0,7445;8,84E-05
0,7446;8,72E-05
0,7447;8,61E-05
0,7448;8,50E-05
0,7449;8,38E-05
0,745;8,27E-05
0,7451;8,17E-05
0,7452;8,06E-05
0,7453;7,95E-05
0,7454;7,85E-05
0,7455;7,74E-05
0,7456;7,64E-05
0,7457;7,54E-05
0,7458;7,44E-05
0,7459;7,34E-05
0,746;7,25E-05
0,7461;7,15E-05
0,7462;7,06E-05
0,7463;6,96E-05
0,7464;6,87E-05
0,7465;6,78E-05
0,7466;6,69E-05
0,7467;6,60E-05
0,7468;6,51E-05
0,7469;6,43E-05
0,747;6,34E-05
0,7471;6,26E-05
0,7472;6,17E-05
0,7473;6,09E-05
0,7474;6,01E-05
0,7475;5,93E-05
0,7476;5,85E-05
0,7477;5,77E-05
0,7478;5,70E-05
0,7479;5,62E-05
0,748;5,55E-05
0,7481;5,47E-05
0,7482;5,40E-05
0,7483;5,33E-05
0,7484;5,26E-05
0,7485;5,19E-05
0,7486;5,12E-05
0,7487;5,05E-05
0,7488;4,98E-05
0,7489;4,91E-05
0,749;4,85E-05
0,7491;4,78E-05
0,7492;4,72E-05
0,7493;4,66E-05
0,7494;4,59E-05
0,7495;4,53E-05
0,7496;4,47E-05
0,7497;4,41E-05
0,7498;4,35E-05
0,7499;4,29E-05
0,75;4,24E-05
0,7501;4,18E-05
0,7502;4,12E-05
0,7503;4,07E-05
0,7504;4,01E-05
0,7505;3,96E-05
0,7506;3,91E-05
0,7507;3,85E-05
0,7508;3,80E-05
0,7509;3,75E-05
0,751;3,70E-05
0,7511;3,65E-05
0,7512;3,60E-05
0,7513;3,55E-05
0,7514;3,50E-05
0,7515;3,46E-05
0,7516;3,41E-05
0,7517;3,36E-05
0,7518;3,32E-05
0,7519;3,27E-05
0,752;3,23E-05
0,7521;3,19E-05
0,7522;3,14E-05
0,7523;3,10E-05
0,7524;3,06E-05
0,7525;3,02E-05
0,7526;2,98E-05
0,7527;2,94E-05
0,7528;2,90E-05
0,7529;2,86E-05
0,753;2,82E-05
0,7531;2,78E-05
0,7532;2,74E-05
0,7533;2,70E-05
0,7534;2,67E-05
0,7535;2,63E-05
0,7536;2,60E-05
0,7537;2,56E-05
0,7538;2,52E-05
0,7539;2,49E-05
0,754;2,46E-05
0,7541;2,42E-05
0,7542;2,39E-05
0,7543;2,36E-05
0,7544;2,32E-05
0,7545;2,29E-05
0,7546;2,26E-05
0,7547;2,23E-05
0,7548;2,20E-05
0,7549;2,17E-05
0,755;2,14E-05
0,7551;2,11E-05
0,7552;2,08E-05
0,7553;2,05E-05
0,7554;2,03E-05
0,7555;2,00E-05
0,7556;1,97E-05
0,7557;1,94E-05
0,7558;1,92E-05
0,7559;1,89E-05
0,756;1,86E-05
0,7561;1,84E-05
0,7562;1,81E-05
0,7563;1,79E-05
0,7564;1,76E-05
0,7565;1,74E-05
0,7566;1,72E-05
0,7567;1,69E-05
0,7568;1,67E-05
0,7569;1,65E-05
0,757;1,62E-05
0,7571;1,60E-05
0,7572;1,58E-05
0,7573;1,56E-05
0,7574;1,53E-05
0,7575;1,51E-05
0,7576;1,49E-05
0,7577;1,47E-05
0,7578;1,45E-05
0,7579;1,43E-05
0,758;1,41E-05
0,7581;1,39E-05
0,7582;1,37E-05
0,7583;1,35E-05
0,7584;1,34E-05
0,7585;1,32E-05
0,7586;1,30E-05
0,7587;1,28E-05
0,7588;1,26E-05
0,7589;1,24E-05
0,759;1,23E-05
0,7591;1,21E-05
0,7592;1,19E-05
0,7593;1,18E-05
0,7594;1,16E-05
0,7595;1,14E-05
0,7596;1,13E-05
0,7597;1,11E-05
0,7598;1,10E-05
0,7599;1,08E-05
0,76;1,07E-05
0,7601;1,05E-05
0,7602;1,04E-05
0,7603;1,02E-05
0,7604;1,01E-05
0,7605;9,94E-06
0,7606;9,80E-06
0,7607;9,67E-06
0,7608;9,53E-06
0,7609;9,40E-06
0,761;9,27E-06
0,7611;9,14E-06
0,7612;9,01E-06
0,7613;8,88E-06
0,7614;8,76E-06
0,7615;8,63E-06
0,7616;8,51E-06
0,7617;8,39E-06
0,7618;8,28E-06
0,7619;8,16E-06
0,762;8,04E-06
0,7621;7,93E-06
0,7622;7,82E-06
0,7623;7,71E-06
0,7624;7,60E-06
0,7625;7,49E-06
0,7626;7,39E-06
0,7627;7,28E-06
0,7628;7,18E-06
0,7629;7,08E-06
0,763;6,98E-06
0,7631;6,88E-06
0,7632;6,78E-06
0,7633;6,69E-06
0,7634;6,59E-06
0,7635;6,50E-06
0,7636;6,41E-06
0,7637;6,32E-06
0,7638;6,23E-06
0,7639;6,14E-06
0,764;6,05E-06
0,7641;5,97E-06
0,7642;5,88E-06
0,7643;5,80E-06
0,7644;5,72E-06
0,7645;5,64E-06
0,7646;5,56E-06
0,7647;5,48E-06
0,7648;5,40E-06
0,7649;5,32E-06
0,765;5,25E-06
0,7651;5,17E-06
0,7652;5,10E-06
0,7653;5,03E-06
0,7654;4,95E-06
0,7655;4,88E-06
0,7656;4,81E-06
0,7657;4,74E-06
0,7658;4,68E-06
0,7659;4,61E-06
0,766;4,54E-06
0,7661;4,48E-06
0,7662;4,42E-06
0,7663;4,35E-06
0,7664;4,29E-06
0,7665;4,23E-06
0,7666;4,17E-06
0,7667;4,11E-06
0,7668;4,05E-06
0,7669;3,99E-06
0,767;3,93E-06
0,7671;3,88E-06
0,7672;3,82E-06
0,7673;3,77E-06
0,7674;3,71E-06
0,7675;3,66E-06
0,7676;3,61E-06
0,7677;3,56E-06
0,7678;3,50E-06
0,7679;3,45E-06
0,768;3,40E-06
0,7681;3,36E-06
0,7682;3,31E-06
0,7683;3,26E-06
0,7684;3,21E-06
0,7685;3,17E-06
0,7686;3,12E-06
0,7687;3,08E-06
0,7688;3,03E-06
0,7689;2,99E-06
0,769;2,94E-06
0,7691;2,90E-06
0,7692;2,86E-06
0,7693;2,82E-06
0,7694;2,78E-06
0,7695;2,74E-06
0,7696;2,70E-06
0,7697;2,66E-06
0,7698;2,62E-06
0,7699;2,58E-06
0,77;2,54E-06
0,7701;2,51E-06
0,7702;2,47E-06
0,7703;2,44E-06
0,7704;2,40E-06
0,7705;2,37E-06
0,7706;2,33E-06
0,7707;2,30E-06
0,7708;2,26E-06
0,7709;2,23E-06
0,771;2,20E-06
0,7711;2,17E-06
0,7712;2,14E-06
0,7713;2,10E-06
0,7714;2,07E-06
0,7715;2,04E-06
0,7716;2,01E-06
0,7717;1,98E-06
0,7718;1,95E-06
0,7719;1,93E-06
0,772;1,90E-06
0,7721;1,87E-06
0,7722;1,84E-06
0,7723;1,82E-06
0,7724;1,79E-06
0,7725;1,76E-06
0,7726;1,74E-06
0,7727;1,71E-06
0,7728;1,69E-06
0,7729;1,66E-06
0,773;1,64E-06
0,7731;1,61E-06
0,7732;1,59E-06
0,7733;1,57E-06
0,7734;1,54E-06
0,7735;1,52E-06
0,7736;1,50E-06
0,7737;1,48E-06
0,7738;1,46E-06
0,7739;1,43E-06
0,774;1,41E-06
0,7741;1,39E-06
0,7742;1,37E-06
0,7743;1,35E-06
0,7744;1,33E-06
0,7745;1,31E-06
0,7746;1,29E-06
0,7747;1,27E-06
0,7748;1,25E-06
0,7749;1,24E-06
0,775;1,22E-06
0,7751;1,20E-06
0,7752;1,18E-06
0,7753;1,16E-06
0,7754;1,15E-06
0,7755;1,13E-06
0,7756;1,11E-06
0,7757;1,10E-06
0,7758;1,08E-06
0,7759;1,07E-06
0,776;1,05E-06
0,7761;1,03E-06
0,7762;1,02E-06
0,7763;1,00E-06
0,7764;9,89E-07
0,7765;9,74E-07
0,7766;9,59E-07
0,7767;9,45E-07
0,7768;9,31E-07
0,7769;9,17E-07
0,777;9,04E-07
0,7771;8,90E-07
0,7772;8,77E-07
0,7773;8,64E-07
0,7774;8,51E-07
0,7775;8,38E-07
0,7776;8,26E-07
0,7777;8,14E-07
0,7778;8,01E-07
0,7779;7,89E-07
0,778;7,78E-07
0,7781;7,66E-07
0,7782;7,55E-07
0,7783;7,43E-07
0,7784;7,32E-07
0,7785;7,21E-07
0,7786;7,11E-07
0,7787;7,00E-07
0,7788;6,89E-07
0,7789;6,79E-07
0,779;6,69E-07
0,7791;6,59E-07
0,7792;6,49E-07
0,7793;6,39E-07
0,7794;6,30E-07
0,7795;6,20E-07
0,7796;6,11E-07
0,7797;6,02E-07
0,7798;5,93E-07
0,7799;5,84E-07
0,78;5,75E-07
0,7801;5,66E-07
0,7802;5,58E-07
0,7803;5,50E-07
0,7804;5,41E-07
0,7805;5,33E-07
0,7806;5,25E-07
0,7807;5,17E-07
0,7808;5,09E-07
0,7809;5,02E-07
0,781;4,94E-07
0,7811;4,87E-07
0,7812;4,79E-07
0,7813;4,72E-07
0,7814;4,65E-07
0,7815;4,58E-07
0,7816;4,51E-07
0,7817;4,44E-07
0,7818;4,38E-07
0,7819;4,31E-07
0,782;4,24E-07
0,7821;4,18E-07
0,7822;4,12E-07
0,7823;4,05E-07
0,7824;3,99E-07
0,7825;3,93E-07
0,7826;3,87E-07
0,7827;3,81E-07
0,7828;3,76E-07
0,7829;3,70E-07
0,783;3,64E-07
0,7831;3,59E-07
0,7832;3,53E-07
0,7833;3,48E-07
0,7834;3,43E-07
0,7835;3,37E-07
0,7836;3,32E-07
0,7837;3,27E-07
0,7838;3,22E-07
0,7839;3,17E-07
0,784;3,12E-07
0,7841;3,08E-07
0,7842;3,03E-07
0,7843;2,98E-07
0,7844;2,94E-07
0,7845;2,89E-07
0,7846;2,85E-07
0,7847;2,81E-07
0,7848;2,76E-07
0,7849;2,72E-07
0,785;2,68E-07
0,7851;2,64E-07
0,7852;2,60E-07
0,7853;2,56E-07
0,7854;2,52E-07
0,7855;2,48E-07
0,7856;2,44E-07
0,7857;2,40E-07
0,7858;2,37E-07
0,7859;2,33E-07
0,786;2,30E-07
0,7861;2,26E-07
0,7862;2,23E-07
0,7863;2,19E-07
0,7864;2,16E-07
0,7865;2,12E-07
0,7866;2,09E-07
0,7867;2,06E-07
0,7868;2,03E-07
0,7869;2,00E-07
0,787;1,97E-07
0,7871;1,94E-07
0,7872;1,91E-07
0,7873;1,88E-07
0,7874;1,85E-07
0,7875;1,82E-07
0,7876;1,79E-07
0,7877;1,76E-07
0,7878;1,74E-07
0,7879;1,71E-07
0,788;1,68E-07
0,7881;1,66E-07
0,7882;1,63E-07
0,7883;1,61E-07
0,7884;1,58E-07
0,7885;1,56E-07
0,7886;1,53E-07
0,7887;1,51E-07
0,7888;1,49E-07
0,7889;1,46E-07
0,789;1,44E-07
0,7891;1,42E-07
0,7892;1,40E-07
0,7893;1,37E-07
0,7894;1,35E-07
0,7895;1,33E-07
0,7896;1,31E-07
0,7897;1,29E-07
0,7898;1,27E-07
0,7899;1,25E-07
0,79;1,23E-07
0,7901;1,21E-07
0,7902;1,19E-07
0,7903;1,17E-07
0,7904;1,16E-07
0,7905;1,14E-07
0,7906;1,12E-07
0,7907;1,10E-07
0,7908;1,09E-07
0,7909;1,07E-07
0,791;1,05E-07
0,7911;1,04E-07
0,7912;1,02E-07
0,7913;1,00E-07
0,7914;9,88E-08
0,7915;9,73E-08
0,7916;9,57E-08
0,7917;9,42E-08
0,7918;9,28E-08
0,7919;9,13E-08
0,792;8,99E-08
0,7921;8,85E-08
0,7922;8,71E-08
0,7923;8,57E-08
0,7924;8,44E-08
0,7925;8,30E-08
0,7926;8,17E-08
0,7927;8,05E-08
0,7928;7,92E-08
0,7929;7,80E-08
0,793;7,67E-08
0,7931;7,55E-08
0,7932;7,43E-08
0,7933;7,32E-08
0,7934;7,20E-08
0,7935;7,09E-08
0,7936;6,98E-08
0,7937;6,87E-08
0,7938;6,76E-08
0,7939;6,65E-08
0,794;6,55E-08
0,7941;6,44E-08
0,7942;6,34E-08
0,7943;6,24E-08
0,7944;6,14E-08
0,7945;6,05E-08
0,7946;5,95E-08
0,7947;5,86E-08
0,7948;5,76E-08
0,7949;5,67E-08
0,795;5,58E-08
0,7951;5,49E-08
0,7952;5,41E-08
0,7953;5,32E-08
0,7954;5,24E-08
0,7955;5,15E-08
0,7956;5,07E-08
0,7957;4,99E-08
0,7958;4,91E-08
0,7959;4,83E-08
0,796;4,76E-08
0,7961;4,68E-08
0,7962;4,61E-08
0,7963;4,53E-08
0,7964;4,46E-08
0,7965;4,39E-08
0,7966;4,32E-08
0,7967;4,25E-08
0,7968;4,19E-08
0,7969;4,12E-08
0,797;4,05E-08
0,7971;3,99E-08
0,7972;3,92E-08
0,7973;3,86E-08
0,7974;3,80E-08
0,7975;3,74E-08
0,7976;3,68E-08
0,7977;3,62E-08
0,7978;3,56E-08
0,7979;3,51E-08
0,798;3,45E-08
0,7981;3,40E-08
0,7982;3,34E-08
0,7983;3,29E-08
0,7984;3,24E-08
0,7985;3,18E-08
0,7986;3,13E-08
0,7987;3,08E-08
0,7988;3,03E-08
0,7989;2,98E-08
0,799;2,94E-08
0,7991;2,89E-08
0,7992;2,84E-08
0,7993;2,80E-08
0,7994;2,75E-08
0,7995;2,71E-08
0,7996;2,66E-08
0,7997;2,62E-08
0,7998;2,58E-08
0,7999;2,54E-08
0,8;2,50E-08
0,8001;2,46E-08
0,8002;2,42E-08
0,8003;2,38E-08
0,8004;2,34E-08
0,8005;2,30E-08
0,8006;2,27E-08
0,8007;2,23E-08
0,8008;2,19E-08
0,8009;2,16E-08
0,801;2,12E-08
0,8011;2,09E-08
0,8012;2,05E-08
0,8013;2,02E-08
0,8014;1,99E-08
0,8015;1,96E-08
0,8016;1,92E-08
0,8017;1,89E-08
0,8018;1,86E-08
0,8019;1,83E-08
0,802;1,80E-08
0,8021;1,77E-08
0,8022;1,75E-08
0,8023;1,72E-08
0,8024;1,69E-08
0,8025;1,66E-08
0,8026;1,63E-08
0,8027;1,61E-08
0,8028;1,58E-08
0,8029;1,56E-08
0,803;1,53E-08
0,8031;1,51E-08
0,8032;1,48E-08
0,8033;1,46E-08
0,8034;1,43E-08
0,8035;1,41E-08
0,8036;1,39E-08
0,8037;1,36E-08
0,8038;1,34E-08
0,8039;1,32E-08
0,804;1,30E-08
0,8041;1,28E-08
0,8042;1,26E-08
0,8043;1,24E-08
0,8044;1,22E-08
0,8045;1,20E-08
0,8046;1,18E-08
0,8047;1,16E-08
0,8048;1,14E-08
0,8049;1,12E-08
0,805;1,10E-08
0,8051;1,08E-08
0,8052;1,07E-08
0,8053;1,05E-08
0,8054;1,03E-08
0,8055;1,01E-08
0,8056;9,98E-09
0,8057;9,82E-09
0,8058;9,66E-09
0,8059;9,50E-09
0,806;9,34E-09
0,8061;9,19E-09
0,8062;9,04E-09
0,8063;8,89E-09
0,8064;8,74E-09
0,8065;8,60E-09
0,8066;8,46E-09
0,8067;8,32E-09
0,8068;8,18E-09
0,8069;8,05E-09
0,807;7,91E-09
0,8071;7,78E-09
0,8072;7,66E-09
0,8073;7,53E-09
0,8074;7,41E-09
0,8075;7,28E-09
0,8076;7,16E-09
0,8077;7,05E-09
0,8078;6,93E-09
0,8079;6,81E-09
0,808;6,70E-09
0,8081;6,59E-09
0,8082;6,48E-09
0,8083;6,38E-09
0,8084;6,27E-09
0,8085;6,17E-09
0,8086;6,06E-09
0,8087;5,96E-09
0,8088;5,86E-09
0,8089;5,77E-09
0,809;5,67E-09
0,8091;5,58E-09
0,8092;5,49E-09
0,8093;5,39E-09
0,8094;5,31E-09
0,8095;5,22E-09
0,8096;5,13E-09
0,8097;5,05E-09
0,8098;4,96E-09
0,8099;4,88E-09
0,81;4,80E-09
0,8101;4,72E-09
0,8102;4,64E-09
0,8103;4,56E-09
0,8104;4,49E-09
0,8105;4,41E-09
0,8106;4,34E-09
0,8107;4,27E-09
0,8108;4,20E-09
0,8109;4,13E-09
0,811;4,06E-09
0,8111;3,99E-09
0,8112;3,92E-09
0,8113;3,86E-09
0,8114;3,79E-09
0,8115;3,73E-09
0,8116;3,67E-09
0,8117;3,61E-09
0,8118;3,55E-09
0,8119;3,49E-09
0,812;3,43E-09
0,8121;3,37E-09
0,8122;3,31E-09
0,8123;3,26E-09
0,8124;3,20E-09
0,8125;3,15E-09
0,8126;3,10E-09
0,8127;3,05E-09
0,8128;2,99E-09
0,8129;2,94E-09
0,813;2,89E-09
0,8131;2,85E-09
0,8132;2,80E-09
0,8133;2,75E-09
0,8134;2,70E-09
0,8135;2,66E-09
0,8136;2,61E-09
0,8137;2,57E-09
0,8138;2,53E-09
0,8139;2,48E-09
0,814;2,44E-09
0,8141;2,40E-09
0,8142;2,36E-09
0,8143;2,32E-09
0,8144;2,28E-09
0,8145;2,24E-09
0,8146;2,21E-09
0,8147;2,17E-09
0,8148;2,13E-09
0,8149;2,10E-09
0,815;2,06E-09
0,8151;2,03E-09
0,8152;1,99E-09
0,8153;1,96E-09
0,8154;1,93E-09
0,8155;1,89E-09
0,8156;1,86E-09
0,8157;1,83E-09
0,8158;1,80E-09
0,8159;1,77E-09
0,816;1,74E-09
0,8161;1,71E-09
0,8162;1,68E-09
0,8163;1,65E-09
0,8164;1,62E-09
0,8165;1,60E-09
0,8166;1,57E-09
0,8167;1,54E-09
0,8168;1,52E-09
0,8169;1,49E-09
0,817;1,46E-09
0,8171;1,44E-09
0,8172;1,41E-09
0,8173;1,39E-09
0,8174;1,37E-09
0,8175;1,34E-09
0,8176;1,32E-09
0,8177;1,30E-09
0,8178;1,28E-09
0,8179;1,25E-09
0,818;1,23E-09
0,8181;1,21E-09
0,8182;1,19E-09
0,8183;1,17E-09
0,8184;1,15E-09
0,8185;1,13E-09
0,8186;1,11E-09
0,8187;1,09E-09
0,8188;1,07E-09
0,8189;1,06E-09
0,819;1,04E-09
0,8191;1,02E-09
0,8192;1,00E-09
0,8193;9,86E-10
0,8194;9,69E-10
0,8195;9,52E-10
0,8196;9,36E-10
0,8197;9,20E-10
0,8198;9,04E-10
0,8199;8,89E-10
0,82;8,73E-10
0,8201;8,58E-10
0,8202;8,44E-10
0,8203;8,29E-10
0,8204;8,15E-10
0,8205;8,01E-10
0,8206;7,87E-10
0,8207;7,74E-10
0,8208;7,60E-10
0,8209;7,47E-10
0,821;7,34E-10
0,8211;7,22E-10
0,8212;7,09E-10
0,8213;6,97E-10
0,8214;6,85E-10
0,8215;6,73E-10
0,8216;6,62E-10
0,8217;6,50E-10
0,8218;6,39E-10
0,8219;6,28E-10
0,822;6,17E-10
0,8221;6,06E-10
0,8222;5,96E-10
0,8223;5,86E-10
0,8224;5,76E-10
0,8225;5,66E-10
0,8226;5,56E-10
0,8227;5,46E-10
0,8228;5,37E-10
0,8229;5,28E-10
0,823;5,18E-10
0,8231;5,09E-10
0,8232;5,01E-10
0,8233;4,92E-10
0,8234;4,83E-10
0,8235;4,75E-10
0,8236;4,67E-10
0,8237;4,59E-10
0,8238;4,51E-10
0,8239;4,43E-10
0,824;4,35E-10
0,8241;4,28E-10
0,8242;4,20E-10
0,8243;4,13E-10
0,8244;4,06E-10
0,8245;3,99E-10
0,8246;3,92E-10
0,8247;3,85E-10
0,8248;3,78E-10
0,8249;3,72E-10
0,825;3,65E-10
0,8251;3,59E-10
0,8252;3,53E-10
0,8253;3,46E-10
0,8254;3,40E-10
0,8255;3,34E-10
0,8256;3,29E-10
0,8257;3,23E-10
0,8258;3,17E-10
0,8259;3,12E-10
0,826;3,06E-10
0,8261;3,01E-10
0,8262;2,96E-10
0,8263;2,90E-10
0,8264;2,85E-10
0,8265;2,80E-10
0,8266;2,75E-10
0,8267;2,71E-10
0,8268;2,66E-10
0,8269;2,61E-10
0,827;2,57E-10
0,8271;2,52E-10
0,8272;2,48E-10
0,8273;2,43E-10
0,8274;2,39E-10
0,8275;2,35E-10
0,8276;2,31E-10
0,8277;2,27E-10
0,8278;2,23E-10
0,8279;2,19E-10
0,828;2,15E-10
0,8281;2,11E-10
0,8282;2,07E-10
0,8283;2,04E-10
0,8284;2,00E-10
0,8285;1,97E-10
0,8286;1,93E-10
0,8287;1,90E-10
0,8288;1,86E-10
0,8289;1,83E-10
0,829;1,80E-10
0,8291;1,77E-10
0,8292;1,74E-10
0,8293;1,71E-10
0,8294;1,68E-10
0,8295;1,65E-10
0,8296;1,62E-10
0,8297;1,59E-10
0,8298;1,56E-10
0,8299;1,53E-10
0,83;1,51E-10
0,8301;1,48E-10
0,8302;1,45E-10
0,8303;1,43E-10
0,8304;1,40E-10
0,8305;1,38E-10
0,8306;1,35E-10
0,8307;1,33E-10
0,8308;1,31E-10
0,8309;1,28E-10
0,831;1,26E-10
0,8311;1,24E-10
0,8312;1,22E-10
0,8313;1,19E-10
0,8314;1,17E-10
0,8315;1,15E-10
0,8316;1,13E-10
0,8317;1,11E-10
0,8318;1,09E-10
0,8319;1,07E-10
0,832;1,05E-10
0,8321;1,03E-10
0,8322;1,02E-10
0,8323;9,98E-11
0,8324;9,80E-11
0,8325;9,62E-11
0,8326;9,45E-11
0,8327;9,28E-11
0,8328;9,12E-11
0,8329;8,95E-11
0,833;8,79E-11
0,8331;8,64E-11
0,8332;8,48E-11
0,8333;8,33E-11
0,8334;8,18E-11
0,8335;8,04E-11
0,8336;7,89E-11
0,8337;7,75E-11
0,8338;7,61E-11
0,8339;7,48E-11
0,834;7,34E-11
0,8341;7,21E-11
0,8342;7,08E-11
0,8343;6,96E-11
0,8344;6,83E-11
0,8345;6,71E-11
0,8346;6,59E-11
0,8347;6,47E-11
0,8348;6,35E-11
0,8349;6,24E-11
0,835;6,13E-11
0,8351;6,02E-11
0,8352;5,91E-11
0,8353;5,80E-11
0,8354;5,70E-11
0,8355;5,60E-11
0,8356;5,50E-11
0,8357;5,40E-11
0,8358;5,30E-11
0,8359;5,21E-11
0,836;5,11E-11
0,8361;5,02E-11
0,8362;4,93E-11
0,8363;4,84E-11
0,8364;4,75E-11
0,8365;4,67E-11
0,8366;4,58E-11
0,8367;4,50E-11
0,8368;4,42E-11
0,8369;4,34E-11
0,837;4,26E-11
0,8371;4,18E-11
0,8372;4,11E-11
0,8373;4,03E-11
0,8374;3,96E-11
0,8375;3,89E-11
0,8376;3,82E-11
0,8377;3,75E-11
0,8378;3,68E-11
0,8379;3,62E-11
0,838;3,55E-11
0,8381;3,49E-11
0,8382;3,42E-11
0,8383;3,36E-11
0,8384;3,30E-11
0,8385;3,24E-11
0,8386;3,18E-11
0,8387;3,12E-11
0,8388;3,07E-11
0,8389;3,01E-11
0,839;2,96E-11
0,8391;2,90E-11
0,8392;2,85E-11
0,8393;2,80E-11
0,8394;2,75E-11
0,8395;2,70E-11
0,8396;2,65E-11
0,8397;2,60E-11
0,8398;2,55E-11
0,8399;2,51E-11
0,84;2,46E-11
0,8401;2,42E-11
0,8402;2,37E-11
0,8403;2,33E-11
0,8404;2,29E-11
0,8405;2,24E-11
0,8406;2,20E-11
0,8407;2,16E-11
0,8408;2,12E-11
0,8409;2,08E-11
0,841;2,05E-11
0,8411;2,01E-11
0,8412;1,97E-11
0,8413;1,94E-11
0,8414;1,90E-11
0,8415;1,87E-11
0,8416;1,83E-11
0,8417;1,80E-11
0,8418;1,77E-11
0,8419;1,73E-11
0,842;1,70E-11
0,8421;1,67E-11
0,8422;1,64E-11
0,8423;1,61E-11
0,8424;1,58E-11
0,8425;1,55E-11
0,8426;1,52E-11
0,8427;1,49E-11
0,8428;1,47E-11
0,8429;1,44E-11
0,843;1,41E-11
0,8431;1,39E-11
0,8432;1,36E-11
0,8433;1,34E-11
0,8434;1,31E-11
0,8435;1,29E-11
0,8436;1,26E-11
0,8437;1,24E-11
0,8438;1,22E-11
0,8439;1,20E-11
0,844;1,17E-11
0,8441;1,15E-11
0,8442;1,13E-11
0,8443;1,11E-11
0,8444;1,09E-11
0,8445;1,07E-11
0,8446;1,05E-11
0,8447;1,03E-11
0,8448;1,01E-11
0,8449;9,93E-12
0,845;9,74E-12
0,8451;9,56E-12
0,8452;9,39E-12
0,8453;9,21E-12
0,8454;9,04E-12
0,8455;8,88E-12
0,8456;8,71E-12
0,8457;8,55E-12
0,8458;8,39E-12
0,8459;8,24E-12
0,846;8,08E-12
0,8461;7,93E-12
0,8462;7,79E-12
0,8463;7,64E-12
0,8464;7,50E-12
0,8465;7,36E-12
0,8466;7,22E-12
0,8467;7,09E-12
0,8468;6,96E-12
0,8469;6,83E-12
0,847;6,70E-12
0,8471;6,58E-12
0,8472;6,46E-12
0,8473;6,33E-12
0,8474;6,22E-12
0,8475;6,10E-12
0,8476;5,99E-12
0,8477;5,88E-12
0,8478;5,77E-12
0,8479;5,66E-12
0,848;5,55E-12
0,8481;5,45E-12
0,8482;5,35E-12
0,8483;5,25E-12
0,8484;5,15E-12
0,8485;5,05E-12
0,8486;4,96E-12
0,8487;4,87E-12
0,8488;4,78E-12
0,8489;4,69E-12
0,849;4,60E-12
0,8491;4,51E-12
0,8492;4,43E-12
0,8493;4,35E-12
0,8494;4,26E-12
0,8495;4,19E-12
0,8496;4,11E-12
0,8497;4,03E-12
0,8498;3,95E-12
0,8499;3,88E-12
0,85;3,81E-12
0,8501;3,74E-12
0,8502;3,67E-12
0,8503;3,60E-12
0,8504;3,53E-12
0,8505;3,46E-12
0,8506;3,40E-12
0,8507;3,33E-12
0,8508;3,27E-12
0,8509;3,21E-12
0,851;3,15E-12
0,8511;3,09E-12
0,8512;3,03E-12
0,8513;2,98E-12
0,8514;2,92E-12
0,8515;2,86E-12
0,8516;2,81E-12
0,8517;2,76E-12
0,8518;2,71E-12
0,8519;2,65E-12
0,852;2,60E-12
0,8521;2,56E-12
0,8522;2,51E-12
0,8523;2,46E-12
0,8524;2,41E-12
0,8525;2,37E-12
0,8526;2,32E-12
0,8527;2,28E-12
0,8528;2,24E-12
0,8529;2,19E-12
0,853;2,15E-12
0,8531;2,11E-12
0,8532;2,07E-12
0,8533;2,03E-12
0,8534;1,99E-12
0,8535;1,96E-12
0,8536;1,92E-12
0,8537;1,88E-12
0,8538;1,85E-12
0,8539;1,81E-12
0,854;1,78E-12
0,8541;1,74E-12
0,8542;1,71E-12
0,8543;1,68E-12
0,8544;1,65E-12
0,8545;1,62E-12
0,8546;1,58E-12
0,8547;1,55E-12
0,8548;1,53E-12
0,8549;1,50E-12
0,855;1,47E-12
0,8551;1,44E-12
0,8552;1,41E-12
0,8553;1,39E-12
0,8554;1,36E-12
0,8555;1,33E-12
0,8556;1,31E-12
0,8557;1,28E-12
0,8558;1,26E-12
0,8559;1,23E-12
0,856;1,21E-12
0,8561;1,19E-12
0,8562;1,17E-12
0,8563;1,14E-12
0,8564;1,12E-12
0,8565;1,10E-12
0,8566;1,08E-12
0,8567;1,06E-12
0,8568;1,04E-12
0,8569;1,02E-12
0,857;9,99E-13
0,8571;9,80E-13
0,8572;9,61E-13
0,8573;9,42E-13
0,8574;9,24E-13
0,8575;9,07E-13
0,8576;8,89E-13
0,8577;8,72E-13
0,8578;8,56E-13
0,8579;8,39E-13
0,858;8,23E-13
0,8581;8,07E-13
0,8582;7,92E-13
0,8583;7,77E-13
0,8584;7,62E-13
0,8585;7,47E-13
0,8586;7,33E-13
0,8587;7,19E-13
0,8588;7,05E-13
0,8589;6,91E-13
0,859;6,78E-13
0,8591;6,65E-13
0,8592;6,52E-13
0,8593;6,40E-13
0,8594;6,27E-13
0,8595;6,15E-13
0,8596;6,03E-13
0,8597;5,92E-13
0,8598;5,80E-13
0,8599;5,69E-13
0,86;5,58E-13
0,8601;5,47E-13
0,8602;5,37E-13
0,8603;5,27E-13
0,8604;5,16E-13
0,8605;5,06E-13
0,8606;4,97E-13
0,8607;4,87E-13
0,8608;4,78E-13
0,8609;4,68E-13
0,861;4,59E-13
0,8611;4,50E-13
0,8612;4,42E-13
0,8613;4,33E-13
0,8614;4,25E-13
0,8615;4,17E-13
0,8616;4,09E-13
0,8617;4,01E-13
0,8618;3,93E-13
0,8619;3,85E-13
0,862;3,78E-13
0,8621;3,70E-13
0,8622;3,63E-13
0,8623;3,56E-13
0,8624;3,49E-13
0,8625;3,43E-13
0,8626;3,36E-13
0,8627;3,29E-13
0,8628;3,23E-13
0,8629;3,17E-13
0,863;3,11E-13
0,8631;3,04E-13
0,8632;2,99E-13
0,8633;2,93E-13
0,8634;2,87E-13
0,8635;2,81E-13
0,8636;2,76E-13
0,8637;2,71E-13
0,8638;2,65E-13
0,8639;2,60E-13
0,864;2,55E-13
0,8641;2,50E-13
0,8642;2,45E-13
0,8643;2,40E-13
0,8644;2,36E-13
0,8645;2,31E-13
0,8646;2,27E-13
0,8647;2,22E-13
0,8648;2,18E-13
0,8649;2,14E-13
0,865;2,09E-13
0,8651;2,05E-13
0,8652;2,01E-13
0,8653;1,97E-13
0,8654;1,94E-13
0,8655;1,90E-13
0,8656;1,86E-13
0,8657;1,82E-13
0,8658;1,79E-13
0,8659;1,75E-13
0,866;1,72E-13
0,8661;1,69E-13
0,8662;1,65E-13
0,8663;1,62E-13
0,8664;1,59E-13
0,8665;1,56E-13
0,8666;1,53E-13
0,8667;1,50E-13
0,8668;1,47E-13
0,8669;1,44E-13
0,867;1,41E-13
0,8671;1,38E-13
0,8672;1,35E-13
0,8673;1,33E-13
0,8674;1,30E-13
0,8675;1,28E-13
0,8676;1,25E-13
0,8677;1,23E-13
0,8678;1,20E-13
0,8679;1,18E-13
0,868;1,16E-13
0,8681;1,13E-13
0,8682;1,11E-13
0,8683;1,09E-13
0,8684;1,07E-13
0,8685;1,05E-13
0,8686;1,03E-13
0,8687;1,01E-13
0,8688;9,85E-14
0,8689;9,66E-14
0,869;9,47E-14
0,8691;9,28E-14
0,8692;9,10E-14
0,8693;8,92E-14
0,8694;8,74E-14
0,8695;8,57E-14
0,8696;8,40E-14
0,8697;8,23E-14
0,8698;8,07E-14
0,8699;7,91E-14
0,87;7,75E-14
0,8701;7,60E-14
0,8702;7,45E-14
0,8703;7,30E-14
0,8704;7,16E-14
0,8705;7,01E-14
0,8706;6,88E-14
0,8707;6,74E-14
0,8708;6,61E-14
0,8709;6,47E-14
0,871;6,35E-14
0,8711;6,22E-14
0,8712;6,10E-14
0,8713;5,97E-14
0,8714;5,86E-14
0,8715;5,74E-14
0,8716;5,63E-14
0,8717;5,51E-14
0,8718;5,40E-14
0,8719;5,30E-14
0,872;5,19E-14
0,8721;5,09E-14
0,8722;4,99E-14
0,8723;4,89E-14
0,8724;4,79E-14
0,8725;4,69E-14
0,8726;4,60E-14
0,8727;4,51E-14
0,8728;4,42E-14
0,8729;4,33E-14
0,873;4,24E-14
0,8731;4,16E-14
0,8732;4,08E-14
0,8733;3,99E-14
0,8734;3,91E-14
0,8735;3,84E-14
0,8736;3,76E-14
0,8737;3,68E-14
0,8738;3,61E-14
0,8739;3,54E-14
0,874;3,47E-14
0,8741;3,40E-14
0,8742;3,33E-14
0,8743;3,26E-14
0,8744;3,20E-14
0,8745;3,13E-14
0,8746;3,07E-14
0,8747;3,01E-14
0,8748;2,95E-14
0,8749;2,89E-14
0,875;2,83E-14
0,8751;2,77E-14
0,8752;2,72E-14
0,8753;2,66E-14
0,8754;2,61E-14
0,8755;2,56E-14
0,8756;2,51E-14
0,8757;2,46E-14
0,8758;2,41E-14
0,8759;2,36E-14
0,876;2,31E-14
0,8761;2,26E-14
0,8762;2,22E-14
0,8763;2,17E-14
0,8764;2,13E-14
0,8765;2,09E-14
0,8766;2,05E-14
0,8767;2,00E-14
0,8768;1,96E-14
0,8769;1,92E-14
0,877;1,89E-14
0,8771;1,85E-14
0,8772;1,81E-14
0,8773;1,77E-14
0,8774;1,74E-14
0,8775;1,70E-14
0,8776;1,67E-14
0,8777;1,63E-14
0,8778;1,60E-14
0,8779;1,57E-14
0,878;1,54E-14
0,8781;1,51E-14
0,8782;1,48E-14
0,8783;1,45E-14
0,8784;1,42E-14
0,8785;1,39E-14
0,8786;1,36E-14
0,8787;1,33E-14
0,8788;1,31E-14
0,8789;1,28E-14
0,879;1,25E-14
0,8791;1,23E-14
0,8792;1,20E-14
0,8793;1,18E-14
0,8794;1,15E-14
0,8795;1,13E-14
0,8796;1,11E-14
0,8797;1,09E-14
0,8798;1,06E-14
0,8799;1,04E-14
0,88;1,02E-14
0,8801;9,99E-15
0,8802;9,79E-15
0,8803;9,59E-15
0,8804;9,40E-15
0,8805;9,21E-15
0,8806;9,02E-15
0,8807;8,83E-15
0,8808;8,65E-15
0,8809;8,48E-15
0,881;8,30E-15
0,8811;8,14E-15
0,8812;7,97E-15
0,8813;7,81E-15
0,8814;7,65E-15
0,8815;7,49E-15
0,8816;7,34E-15
0,8817;7,19E-15
0,8818;7,04E-15
0,8819;6,90E-15
0,882;6,76E-15
0,8821;6,62E-15
0,8822;6,48E-15
0,8823;6,35E-15
0,8824;6,22E-15
0,8825;6,09E-15
0,8826;5,97E-15
0,8827;5,85E-15
0,8828;5,73E-15
0,8829;5,61E-15
0,883;5,49E-15
0,8831;5,38E-15
0,8832;5,27E-15
0,8833;5,16E-15
0,8834;5,06E-15
0,8835;4,95E-15
0,8836;4,85E-15
0,8837;4,75E-15
0,8838;4,65E-15
0,8839;4,56E-15
0,884;4,46E-15
0,8841;4,37E-15
0,8842;4,28E-15
0,8843;4,19E-15
0,8844;4,11E-15
0,8845;4,02E-15
0,8846;3,94E-15
0,8847;3,86E-15
0,8848;3,78E-15
0,8849;3,70E-15
0,885;3,63E-15
0,8851;3,55E-15
0,8852;3,48E-15
0,8853;3,41E-15
0,8854;3,34E-15
0,8855;3,27E-15
0,8856;3,20E-15
0,8857;3,13E-15
0,8858;3,07E-15
0,8859;3,01E-15
0,886;2,94E-15
0,8861;2,88E-15
0,8862;2,82E-15
0,8863;2,77E-15
0,8864;2,71E-15
0,8865;2,65E-15
0,8866;2,60E-15
0,8867;2,54E-15
0,8868;2,49E-15
0,8869;2,44E-15
0,887;2,39E-15
0,8871;2,34E-15
0,8872;2,29E-15
0,8873;2,24E-15
0,8874;2,20E-15
0,8875;2,15E-15
0,8876;2,11E-15
0,8877;2,06E-15
0,8878;2,02E-15
0,8879;1,98E-15
0,888;1,94E-15
0,8881;1,90E-15
0,8882;1,86E-15
0,8883;1,82E-15
0,8884;1,78E-15
0,8885;1,74E-15
0,8886;1,71E-15
0,8887;1,67E-15
0,8888;1,64E-15
0,8889;1,60E-15
0,889;1,57E-15
0,8891;1,54E-15
0,8892;1,51E-15
0,8893;1,47E-15
0,8894;1,44E-15
0,8895;1,41E-15
0,8896;1,38E-15
0,8897;1,35E-15
0,8898;1,33E-15
0,8899;1,30E-15
0,89;1,27E-15
0,8901;1,25E-15
0,8902;1,22E-15
0,8903;1,19E-15
0,8904;1,17E-15
0,8905;1,14E-15
0,8906;1,12E-15
0,8907;1,10E-15
0,8908;1,07E-15
0,8909;1,05E-15
0,891;1,03E-15
0,8911;1,01E-15
0,8912;9,87E-16
0,8913;9,66E-16
0,8914;9,46E-16
0,8915;9,26E-16
0,8916;9,07E-16
0,8917;8,88E-16
0,8918;8,69E-16
0,8919;8,51E-16
0,892;8,33E-16
0,8921;8,16E-16
0,8922;7,99E-16
0,8923;7,82E-16
0,8924;7,65E-16
0,8925;7,49E-16
0,8926;7,34E-16
0,8927;7,18E-16
0,8928;7,03E-16
0,8929;6,88E-16
0,893;6,74E-16
0,8931;6,60E-16
0,8932;6,46E-16
0,8933;6,32E-16
0,8934;6,19E-16
0,8935;6,06E-16
0,8936;5,93E-16
0,8937;5,81E-16
0,8938;5,68E-16
0,8939;5,56E-16
0,894;5,45E-16
0,8941;5,33E-16
0,8942;5,22E-16
0,8943;5,11E-16
0,8944;5,00E-16
0,8945;4,90E-16
0,8946;4,79E-16
0,8947;4,69E-16
0,8948;4,59E-16
0,8949;4,49E-16
0,895;4,40E-16
0,8951;4,31E-16
0,8952;4,22E-16
0,8953;4,13E-16
0,8954;4,04E-16
0,8955;3,95E-16
0,8956;3,87E-16
0,8957;3,79E-16
0,8958;3,71E-16
0,8959;3,63E-16
0,896;3,55E-16
0,8961;3,48E-16
0,8962;3,40E-16
0,8963;3,33E-16
0,8964;3,26E-16
0,8965;3,19E-16
0,8966;3,12E-16
0,8967;3,06E-16
0,8968;2,99E-16
0,8969;2,93E-16
0,897;2,87E-16
0,8971;2,81E-16
0,8972;2,75E-16
0,8973;2,69E-16
0,8974;2,63E-16
0,8975;2,57E-16
0,8976;2,52E-16
0,8977;2,47E-16
0,8978;2,41E-16
0,8979;2,36E-16
0,898;2,31E-16
0,8981;2,26E-16
0,8982;2,21E-16
0,8983;2,17E-16
0,8984;2,12E-16
0,8985;2,08E-16
0,8986;2,03E-16
0,8987;1,99E-16
0,8988;1,95E-16
0,8989;1,90E-16
0,899;1,86E-16
0,8991;1,82E-16
0,8992;1,79E-16
0,8993;1,75E-16
0,8994;1,71E-16
0,8995;1,67E-16
0,8996;1,64E-16
0,8997;1,60E-16
0,8998;1,57E-16
0,8999;1,53E-16
0,9;1,50E-16
0,9001;1,47E-16
0,9002;1,44E-16
0,9003;1,41E-16
0,9004;1,38E-16
0,9005;1,35E-16
0,9006;1,32E-16
0,9007;1,29E-16
0,9008;1,26E-16
0,9009;1,24E-16
0,901;1,21E-16
0,9011;1,18E-16
0,9012;1,16E-16
0,9013;1,13E-16
0,9014;1,11E-16
0,9015;1,09E-16
0,9016;1,06E-16
0,9017;1,04E-16
0,9018;1,02E-16
0,9019;9,95E-17
0,902;9,73E-17
0,9021;9,52E-17
0,9022;9,32E-17
0,9023;9,12E-17
0,9024;8,92E-17
0,9025;8,73E-17
0,9026;8,54E-17
0,9027;8,36E-17
0,9028;8,18E-17
0,9029;8,00E-17
0,903;7,83E-17
0,9031;7,66E-17
0,9032;7,49E-17
0,9033;7,33E-17
0,9034;7,18E-17
0,9035;7,02E-17
0,9036;6,87E-17
0,9037;6,72E-17
0,9038;6,58E-17
0,9039;6,43E-17
0,904;6,29E-17
0,9041;6,16E-17
0,9042;6,02E-17
0,9043;5,89E-17
0,9044;5,77E-17
0,9045;5,64E-17
0,9046;5,52E-17
0,9047;5,40E-17
0,9048;5,28E-17
0,9049;5,17E-17
0,905;5,06E-17
0,9051;4,95E-17
0,9052;4,84E-17
0,9053;4,74E-17
0,9054;4,63E-17
0,9055;4,53E-17
0,9056;4,43E-17
0,9057;4,34E-17
0,9058;4,24E-17
0,9059;4,15E-17
0,906;4,06E-17
0,9061;3,97E-17
0,9062;3,89E-17
0,9063;3,80E-17
0,9064;3,72E-17
0,9065;3,64E-17
0,9066;3,56E-17
0,9067;3,48E-17
0,9068;3,41E-17
0,9069;3,33E-17
0,907;3,26E-17
0,9071;3,19E-17
0,9072;3,12E-17
0,9073;3,05E-17
0,9074;2,98E-17
0,9075;2,92E-17
0,9076;2,86E-17
0,9077;2,79E-17
0,9078;2,73E-17
0,9079;2,67E-17
0,908;2,62E-17
0,9081;2,56E-17
0,9082;2,50E-17
0,9083;2,45E-17
0,9084;2,39E-17
0,9085;2,34E-17
0,9086;2,29E-17
0,9087;2,24E-17
0,9088;2,19E-17
0,9089;2,14E-17
0,909;2,10E-17
0,9091;2,05E-17
0,9092;2,01E-17
0,9093;1,96E-17
0,9094;1,92E-17
0,9095;1,88E-17
0,9096;1,84E-17
0,9097;1,80E-17
0,9098;1,76E-17
0,9099;1,72E-17
0,91;1,68E-17
0,9101;1,64E-17
0,9102;1,61E-17
0,9103;1,57E-17
0,9104;1,54E-17
0,9105;1,50E-17
0,9106;1,47E-17
0,9107;1,44E-17
0,9108;1,41E-17
0,9109;1,38E-17
0,911;1,35E-17
0,9111;1,32E-17
0,9112;1,29E-17
0,9113;1,26E-17
0,9114;1,23E-17
0,9115;1,20E-17
0,9116;1,18E-17
0,9117;1,15E-17
0,9118;1,13E-17
0,9119;1,10E-17
0,912;1,08E-17
0,9121;1,05E-17
0,9122;1,03E-17
0,9123;1,01E-17
0,9124;9,85E-18
0,9125;9,64E-18
0,9126;9,42E-18
0,9127;9,21E-18
0,9128;9,01E-18
0,9129;8,81E-18
0,913;8,62E-18
0,9131;8,43E-18
0,9132;8,24E-18
0,9133;8,06E-18
0,9134;7,88E-18
0,9135;7,71E-18
0,9136;7,54E-18
0,9137;7,37E-18
0,9138;7,21E-18
0,9139;7,05E-18
0,914;6,89E-18
0,9141;6,74E-18
0,9142;6,59E-18
0,9143;6,44E-18
0,9144;6,30E-18
0,9145;6,16E-18
0,9146;6,02E-18
0,9147;5,89E-18
0,9148;5,76E-18
0,9149;5,63E-18
0,915;5,51E-18
0,9151;5,38E-18
0,9152;5,27E-18
0,9153;5,15E-18
0,9154;5,03E-18
0,9155;4,92E-18
0,9156;4,81E-18
0,9157;4,71E-18
0,9158;4,60E-18
0,9159;4,50E-18
0,916;4,40E-18
0,9161;4,30E-18
0,9162;4,21E-18
0,9163;4,11E-18
0,9164;4,02E-18
0,9165;3,93E-18
0,9166;3,84E-18
0,9167;3,76E-18
0,9168;3,67E-18
0,9169;3,59E-18
0,917;3,51E-18
0,9171;3,43E-18
0,9172;3,36E-18
0,9173;3,28E-18
0,9174;3,21E-18
0,9175;3,14E-18
0,9176;3,07E-18
0,9177;3,00E-18
0,9178;2,93E-18
0,9179;2,87E-18
0,918;2,80E-18
0,9181;2,74E-18
0,9182;2,68E-18
0,9183;2,62E-18
0,9184;2,56E-18
0,9185;2,50E-18
0,9186;2,45E-18
0,9187;2,39E-18
0,9188;2,34E-18
0,9189;2,29E-18
0,919;2,23E-18
0,9191;2,18E-18
0,9192;2,14E-18
0,9193;2,09E-18
0,9194;2,04E-18
0,9195;1,99E-18
0,9196;1,95E-18
0,9197;1,91E-18
0,9198;1,86E-18
0,9199;1,82E-18
0,92;1,78E-18
0,9201;1,74E-18
0,9202;1,70E-18
0,9203;1,66E-18
0,9204;1,63E-18
0,9205;1,59E-18
0,9206;1,55E-18
0,9207;1,52E-18
0,9208;1,48E-18
0,9209;1,45E-18
0,921;1,42E-18
0,9211;1,39E-18
0,9212;1,36E-18
0,9213;1,32E-18
0,9214;1,29E-18
0,9215;1,27E-18
0,9216;1,24E-18
0,9217;1,21E-18
0,9218;1,18E-18
0,9219;1,16E-18
0,922;1,13E-18
0,9221;1,10E-18
0,9222;1,08E-18
0,9223;1,05E-18
0,9224;1,03E-18
0,9225;1,01E-18
0,9226;9,85E-19
0,9227;9,62E-19
0,9228;9,41E-19
0,9229;9,19E-19
0,923;8,99E-19
0,9231;8,78E-19
0,9232;8,58E-19
0,9233;8,39E-19
0,9234;8,20E-19
0,9235;8,01E-19
0,9236;7,83E-19
0,9237;7,66E-19
0,9238;7,48E-19
0,9239;7,31E-19
0,924;7,15E-19
0,9241;6,98E-19
0,9242;6,83E-19
0,9243;6,67E-19
0,9244;6,52E-19
0,9245;6,37E-19
0,9246;6,23E-19
0,9247;6,09E-19
0,9248;5,95E-19
0,9249;5,81E-19
0,925;5,68E-19
0,9251;5,55E-19
0,9252;5,43E-19
0,9253;5,30E-19
0,9254;5,18E-19
0,9255;5,06E-19
0,9256;4,95E-19
0,9257;4,84E-19
0,9258;4,73E-19
0,9259;4,62E-19
0,926;4,51E-19
0,9261;4,41E-19
0,9262;4,31E-19
0,9263;4,21E-19
0,9264;4,12E-19
0,9265;4,02E-19
0,9266;3,93E-19
0,9267;3,84E-19
0,9268;3,75E-19
0,9269;3,67E-19
0,927;3,58E-19
0,9271;3,50E-19
0,9272;3,42E-19
0,9273;3,34E-19
0,9274;3,27E-19
0,9275;3,19E-19
0,9276;3,12E-19
0,9277;3,05E-19
0,9278;2,98E-19
0,9279;2,91E-19
0,928;2,84E-19
0,9281;2,78E-19
0,9282;2,72E-19
0,9283;2,65E-19
0,9284;2,59E-19
0,9285;2,53E-19
0,9286;2,47E-19
0,9287;2,42E-19
0,9288;2,36E-19
0,9289;2,31E-19
0,929;2,26E-19
0,9291;2,20E-19
0,9292;2,15E-19
0,9293;2,10E-19
0,9294;2,06E-19
0,9295;2,01E-19
0,9296;1,96E-19
0,9297;1,92E-19
0,9298;1,87E-19
0,9299;1,83E-19
0,93;1,79E-19
0,9301;1,75E-19
0,9302;1,71E-19
0,9303;1,67E-19
0,9304;1,63E-19
0,9305;1,59E-19
0,9306;1,55E-19
0,9307;1,52E-19
0,9308;1,48E-19
0,9309;1,45E-19
0,931;1,42E-19
0,9311;1,38E-19
0,9312;1,35E-19
0,9313;1,32E-19
0,9314;1,29E-19
0,9315;1,26E-19
0,9316;1,23E-19
0,9317;1,20E-19
0,9318;1,18E-19
0,9319;1,15E-19
0,932;1,12E-19
0,9321;1,10E-19
0,9322;1,07E-19
0,9323;1,05E-19
0,9324;1,02E-19
0,9325;9,98E-20
0,9326;9,75E-20
0,9327;9,52E-20
0,9328;9,30E-20
0,9329;9,09E-20
0,933;8,88E-20
0,9331;8,67E-20
0,9332;8,47E-20
0,9333;8,28E-20
0,9334;8,08E-20
0,9335;7,90E-20
0,9336;7,71E-20
0,9337;7,53E-20
0,9338;7,36E-20
0,9339;7,19E-20
0,934;7,02E-20
0,9341;6,86E-20
0,9342;6,70E-20
0,9343;6,54E-20
0,9344;6,39E-20
0,9345;6,24E-20
0,9346;6,10E-20
0,9347;5,96E-20
0,9348;5,82E-20
0,9349;5,68E-20
0,935;5,55E-20
0,9351;5,42E-20
0,9352;5,30E-20
0,9353;5,17E-20
0,9354;5,05E-20
0,9355;4,94E-20
0,9356;4,82E-20
0,9357;4,71E-20
0,9358;4,60E-20
0,9359;4,49E-20
0,936;4,39E-20
0,9361;4,28E-20
0,9362;4,18E-20
0,9363;4,09E-20
0,9364;3,99E-20
0,9365;3,90E-20
0,9366;3,81E-20
0,9367;3,72E-20
0,9368;3,63E-20
0,9369;3,55E-20
0,937;3,46E-20
0,9371;3,38E-20
0,9372;3,30E-20
0,9373;3,23E-20
0,9374;3,15E-20
0,9375;3,08E-20
0,9376;3,01E-20
0,9377;2,94E-20
0,9378;2,87E-20
0,9379;2,80E-20
0,938;2,73E-20
0,9381;2,67E-20
0,9382;2,61E-20
0,9383;2,55E-20
0,9384;2,49E-20
0,9385;2,43E-20
0,9386;2,37E-20
0,9387;2,32E-20
0,9388;2,26E-20
0,9389;2,21E-20
0,939;2,16E-20
0,9391;2,11E-20
0,9392;2,06E-20
0,9393;2,01E-20
0,9394;1,96E-20
0,9395;1,92E-20
0,9396;1,87E-20
0,9397;1,83E-20
0,9398;1,78E-20
0,9399;1,74E-20
0,94;1,70E-20
0,9401;1,66E-20
0,9402;1,62E-20
0,9403;1,58E-20
0,9404;1,55E-20
0,9405;1,51E-20
0,9406;1,47E-20
0,9407;1,44E-20
0,9408;1,41E-20
0,9409;1,37E-20
0,941;1,34E-20
0,9411;1,31E-20
0,9412;1,28E-20
0,9413;1,25E-20
0,9414;1,22E-20
0,9415;1,19E-20
0,9416;1,16E-20
0,9417;1,13E-20
0,9418;1,11E-20
0,9419;1,08E-20
0,942;1,06E-20
0,9421;1,03E-20
0,9422;1,01E-20
0,9423;9,82E-21
0,9424;9,59E-21
0,9425;9,37E-21
0,9426;9,14E-21
0,9427;8,93E-21
0,9428;8,72E-21
0,9429;8,51E-21
0,943;8,31E-21
0,9431;8,11E-21
0,9432;7,92E-21
0,9433;7,73E-21
0,9434;7,55E-21
0,9435;7,37E-21
0,9436;7,20E-21
0,9437;7,02E-21
0,9438;6,86E-21
0,9439;6,70E-21
0,944;6,54E-21
0,9441;6,38E-21
0,9442;6,23E-21
0,9443;6,08E-21
0,9444;5,94E-21
0,9445;5,80E-21
0,9446;5,66E-21
0,9447;5,52E-21
0,9448;5,39E-21
0,9449;5,27E-21
0,945;5,14E-21
0,9451;5,02E-21
0,9452;4,90E-21
0,9453;4,78E-21
0,9454;4,67E-21
0,9455;4,56E-21
0,9456;4,45E-21
0,9457;4,34E-21
0,9458;4,24E-21
0,9459;4,14E-21
0,946;4,04E-21
0,9461;3,94E-21
0,9462;3,85E-21
0,9463;3,76E-21
0,9464;3,67E-21
0,9465;3,58E-21
0,9466;3,49E-21
0,9467;3,41E-21
0,9468;3,33E-21
0,9469;3,25E-21
0,947;3,17E-21
0,9471;3,10E-21
0,9472;3,02E-21
0,9473;2,95E-21
0,9474;2,88E-21
0,9475;2,81E-21
0,9476;2,74E-21
0,9477;2,68E-21
0,9478;2,61E-21
0,9479;2,55E-21
0,948;2,49E-21
0,9481;2,43E-21
0,9482;2,37E-21
0,9483;2,32E-21
0,9484;2,26E-21
0,9485;2,21E-21
0,9486;2,15E-21
0,9487;2,10E-21
0,9488;2,05E-21
0,9489;2,00E-21
0,949;1,95E-21
0,9491;1,91E-21
0,9492;1,86E-21
0,9493;1,82E-21
0,9494;1,77E-21
0,9495;1,73E-21
0,9496;1,69E-21
0,9497;1,65E-21
0,9498;1,61E-21
0,9499;1,57E-21
0,95;1,53E-21
0,9501;1,50E-21
0,9502;1,46E-21
0,9503;1,42E-21
0,9504;1,39E-21
0,9505;1,36E-21
0,9506;1,32E-21
0,9507;1,29E-21
0,9508;1,26E-21
0,9509;1,23E-21
0,951;1,20E-21
0,9511;1,17E-21
0,9512;1,14E-21
0,9513;1,12E-21
0,9514;1,09E-21
0,9515;1,06E-21
0,9516;1,04E-21
0,9517;1,01E-21
0,9518;9,88E-22
0,9519;9,64E-22
0,952;9,41E-22
0,9521;9,18E-22
0,9522;8,96E-22
0,9523;8,74E-22
0,9524;8,53E-22
0,9525;8,33E-22
0,9526;8,12E-22
0,9527;7,93E-22
0,9528;7,74E-22
0,9529;7,55E-22
0,953;7,37E-22
0,9531;7,19E-22
0,9532;7,01E-22
0,9533;6,84E-22
0,9534;6,68E-22
0,9535;6,52E-22
0,9536;6,36E-22
0,9537;6,20E-22
0,9538;6,05E-22
0,9539;5,91E-22
0,954;5,76E-22
0,9541;5,62E-22
0,9542;5,49E-22
0,9543;5,35E-22
0,9544;5,22E-22
0,9545;5,10E-22
0,9546;4,97E-22
0,9547;4,85E-22
0,9548;4,74E-22
0,9549;4,62E-22
0,955;4,51E-22
0,9551;4,40E-22
0,9552;4,29E-22
0,9553;4,19E-22
0,9554;4,09E-22
0,9555;3,99E-22
0,9556;3,89E-22
0,9557;3,79E-22
0,9558;3,70E-22
0,9559;3,61E-22
0,956;3,52E-22
0,9561;3,44E-22
0,9562;3,35E-22
0,9563;3,27E-22
0,9564;3,19E-22
0,9565;3,11E-22
0,9566;3,04E-22
0,9567;2,96E-22
0,9568;2,89E-22
0,9569;2,82E-22
0,957;2,75E-22
0,9571;2,69E-22
0,9572;2,62E-22
0,9573;2,56E-22
0,9574;2,49E-22
0,9575;2,43E-22
0,9576;2,37E-22
0,9577;2,32E-22
0,9578;2,26E-22
0,9579;2,20E-22
0,958;2,15E-22
0,9581;2,10E-22
0,9582;2,05E-22
0,9583;2,00E-22
0,9584;1,95E-22
0,9585;1,90E-22
0,9586;1,85E-22
0,9587;1,81E-22
0,9588;1,76E-22
0,9589;1,72E-22
0,959;1,68E-22
0,9591;1,64E-22
0,9592;1,60E-22
0,9593;1,56E-22
0,9594;1,52E-22
0,9595;1,48E-22
0,9596;1,45E-22
0,9597;1,41E-22
0,9598;1,38E-22
0,9599;1,34E-22
0,96;1,31E-22
0,9601;1,28E-22
0,9602;1,24E-22
0,9603;1,21E-22
0,9604;1,18E-22
0,9605;1,16E-22
0,9606;1,13E-22
0,9607;1,10E-22
0,9608;1,07E-22
0,9609;1,05E-22
0,961;1,02E-22
0,9611;9,95E-23
0,9612;9,70E-23
0,9613;9,46E-23
0,9614;9,23E-23
0,9615;9,00E-23
0,9616;8,78E-23
0,9617;8,56E-23
0,9618;8,35E-23
0,9619;8,15E-23
0,962;7,95E-23
0,9621;7,75E-23
0,9622;7,56E-23
0,9623;7,37E-23
0,9624;7,19E-23
0,9625;7,01E-23
0,9626;6,84E-23
0,9627;6,67E-23
0,9628;6,51E-23
0,9629;6,34E-23
0,963;6,19E-23
0,9631;6,03E-23
0,9632;5,89E-23
0,9633;5,74E-23
0,9634;5,60E-23
0,9635;5,46E-23
0,9636;5,32E-23
0,9637;5,19E-23
0,9638;5,06E-23
0,9639;4,94E-23
0,964;4,82E-23
0,9641;4,70E-23
0,9642;4,58E-23
0,9643;4,47E-23
0,9644;4,36E-23
0,9645;4,25E-23
0,9646;4,14E-23
0,9647;4,04E-23
0,9648;3,94E-23
0,9649;3,84E-23
0,965;3,75E-23
0,9651;3,65E-23
0,9652;3,56E-23
0,9653;3,47E-23
0,9654;3,39E-23
0,9655;3,30E-23
0,9656;3,22E-23
0,9657;3,14E-23
0,9658;3,06E-23
0,9659;2,99E-23
0,966;2,91E-23
0,9661;2,84E-23
0,9662;2,77E-23
0,9663;2,70E-23
0,9664;2,63E-23
0,9665;2,57E-23
0,9666;2,50E-23
0,9667;2,44E-23
0,9668;2,38E-23
0,9669;2,32E-23
0,967;2,26E-23
0,9671;2,21E-23
0,9672;2,15E-23
0,9673;2,10E-23
0,9674;2,05E-23
0,9675;1,99E-23
0,9676;1,94E-23
0,9677;1,90E-23
0,9678;1,85E-23
0,9679;1,80E-23
0,968;1,76E-23
0,9681;1,71E-23
0,9682;1,67E-23
0,9683;1,63E-23
0,9684;1,59E-23
0,9685;1,55E-23
0,9686;1,51E-23
0,9687;1,47E-23
0,9688;1,43E-23
0,9689;1,40E-23
0,969;1,36E-23
0,9691;1,33E-23
0,9692;1,30E-23
0,9693;1,26E-23
0,9694;1,23E-23
0,9695;1,20E-23
0,9696;1,17E-23
0,9697;1,14E-23
0,9698;1,11E-23
0,9699;1,09E-23
0,97;1,06E-23
0,9701;1,03E-23
0,9702;1,01E-23
0,9703;9,80E-24
0,9704;9,56E-24
0,9705;9,32E-24
0,9706;9,08E-24
0,9707;8,85E-24
0,9708;8,63E-24
0,9709;8,41E-24
0,971;8,20E-24
0,9711;8,00E-24
0,9712;7,80E-24
0,9713;7,60E-24
0,9714;7,41E-24
0,9715;7,22E-24
0,9716;7,04E-24
0,9717;6,86E-24
0,9718;6,69E-24
0,9719;6,52E-24
0,972;6,36E-24
0,9721;6,20E-24
0,9722;6,04E-24
0,9723;5,89E-24
0,9724;5,74E-24
0,9725;5,59E-24
0,9726;5,45E-24
0,9727;5,32E-24
0,9728;5,18E-24
0,9729;5,05E-24
0,973;4,92E-24
0,9731;4,80E-24
0,9732;4,68E-24
0,9733;4,56E-24
0,9734;4,44E-24
0,9735;4,33E-24
0,9736;4,22E-24
0,9737;4,12E-24
0,9738;4,01E-24
0,9739;3,91E-24
0,974;3,81E-24
0,9741;3,71E-24
0,9742;3,62E-24
0,9743;3,53E-24
0,9744;3,44E-24
0,9745;3,35E-24
0,9746;3,27E-24
0,9747;3,18E-24
0,9748;3,10E-24
0,9749;3,03E-24
0,975;2,95E-24
0,9751;2,87E-24
0,9752;2,80E-24
0,9753;2,73E-24
0,9754;2,66E-24
0,9755;2,59E-24
0,9756;2,53E-24
0,9757;2,46E-24
0,9758;2,40E-24
0,9759;2,34E-24
0,976;2,28E-24
0,9761;2,22E-24
0,9762;2,17E-24
0,9763;2,11E-24
0,9764;2,06E-24
0,9765;2,00E-24
0,9766;1,95E-24
0,9767;1,90E-24
0,9768;1,86E-24
0,9769;1,81E-24
0,977;1,76E-24
0,9771;1,72E-24
0,9772;1,67E-24
0,9773;1,63E-24
0,9774;1,59E-24
0,9775;1,55E-24
0,9776;1,51E-24
0,9777;1,47E-24
0,9778;1,43E-24
0,9779;1,40E-24
0,978;1,36E-24
0,9781;1,33E-24
0,9782;1,29E-24
0,9783;1,26E-24
0,9784;1,23E-24
0,9785;1,20E-24
0,9786;1,17E-24
0,9787;1,14E-24
0,9788;1,11E-24
0,9789;1,08E-24
0,979;1,05E-24
0,9791;1,02E-24
0,9792;9,98E-25
0,9793;9,72E-25
0,9794;9,47E-25
0,9795;9,23E-25
0,9796;8,99E-25
0,9797;8,76E-25
0,9798;8,54E-25
0,9799;8,32E-25
0,98;8,11E-25
0,9801;7,90E-25
0,9802;7,70E-25
0,9803;7,50E-25
0,9804;7,31E-25
0,9805;7,12E-25
0,9806;6,94E-25
0,9807;6,76E-25
0,9808;6,58E-25
0,9809;6,42E-25
0,981;6,25E-25
0,9811;6,09E-25
0,9812;5,93E-25
0,9813;5,78E-25
0,9814;5,63E-25
0,9815;5,49E-25
0,9816;5,35E-25
0,9817;5,21E-25
0,9818;5,08E-25
0,9819;4,95E-25
0,982;4,82E-25
0,9821;4,69E-25
0,9822;4,57E-25
0,9823;4,46E-25
0,9824;4,34E-25
0,9825;4,23E-25
0,9826;4,12E-25
0,9827;4,01E-25
0,9828;3,91E-25
0,9829;3,81E-25
0,983;3,71E-25
0,9831;3,62E-25
0,9832;3,52E-25
0,9833;3,43E-25
0,9834;3,34E-25
0,9835;3,26E-25
0,9836;3,17E-25
0,9837;3,09E-25
0,9838;3,01E-25
0,9839;2,93E-25
0,984;2,86E-25
0,9841;2,78E-25
0,9842;2,71E-25
0,9843;2,64E-25
0,9844;2,57E-25
0,9845;2,51E-25
0,9846;2,44E-25
0,9847;2,38E-25
0,9848;2,32E-25
0,9849;2,26E-25
0,985;2,20E-25
0,9851;2,14E-25
0,9852;2,09E-25
0,9853;2,03E-25
0,9854;1,98E-25
0,9855;1,93E-25
0,9856;1,88E-25
0,9857;1,83E-25
0,9858;1,78E-25
0,9859;1,74E-25
0,986;1,69E-25
0,9861;1,65E-25
0,9862;1,60E-25
0,9863;1,56E-25
0,9864;1,52E-25
0,9865;1,48E-25
0,9866;1,44E-25
0,9867;1,41E-25
0,9868;1,37E-25
0,9869;1,33E-25
0,987;1,30E-25
0,9871;1,27E-25
0,9872;1,23E-25
0,9873;1,20E-25
0,9874;1,17E-25
0,9875;1,14E-25
0,9876;1,11E-25
0,9877;1,08E-25
0,9878;1,05E-25
0,9879;1,03E-25
0,988;9,99E-26
0,9881;9,73E-26
0,9882;9,47E-26
0,9883;9,22E-26
0,9884;8,98E-26
0,9885;8,75E-26
0,9886;8,52E-26
0,9887;8,30E-26
0,9888;8,08E-26
0,9889;7,87E-26
0,989;7,67E-26
0,9891;7,47E-26
0,9892;7,27E-26
0,9893;7,08E-26
0,9894;6,90E-26
0,9895;6,72E-26
0,9896;6,54E-26
0,9897;6,37E-26
0,9898;6,20E-26
0,9899;6,04E-26
0,99;5,88E-26
0,9901;5,73E-26
0,9902;5,58E-26
0,9903;5,43E-26
0,9904;5,29E-26
0,9905;5,15E-26
0,9906;5,02E-26
0,9907;4,89E-26
0,9908;4,76E-26
0,9909;4,63E-26
0,991;4,51E-26
0,9911;4,39E-26
0,9912;4,28E-26
0,9913;4,17E-26
0,9914;4,06E-26
0,9915;3,95E-26
0,9916;3,85E-26
0,9917;3,75E-26
0,9918;3,65E-26
0,9919;3,55E-26
0,992;3,46E-26
0,9921;3,37E-26
0,9922;3,28E-26
0,9923;3,19E-26
0,9924;3,11E-26
0,9925;3,03E-26
0,9926;2,95E-26
0,9927;2,87E-26
0,9928;2,80E-26
0,9929;2,72E-26
0,993;2,65E-26
0,9931;2,58E-26
0,9932;2,51E-26
0,9933;2,45E-26
0,9934;2,38E-26
0,9935;2,32E-26
0,9936;2,26E-26
0,9937;2,20E-26
0,9938;2,14E-26
0,9939;2,08E-26
0,994;2,03E-26
0,9941;1,98E-26
0,9942;1,92E-26
0,9943;1,87E-26
0,9944;1,82E-26
0,9945;1,78E-26
0,9946;1,73E-26
0,9947;1,68E-26
0,9948;1,64E-26
0,9949;1,60E-26
0,995;1,55E-26
0,9951;1,51E-26
0,9952;1,47E-26
0,9953;1,43E-26
0,9954;1,40E-26
0,9955;1,36E-26
0,9956;1,32E-26
0,9957;1,29E-26
0,9958;1,25E-26
0,9959;1,22E-26
0,996;1,19E-26
0,9961;1,16E-26
0,9962;1,13E-26
0,9963;1,10E-26
0,9964;1,07E-26
0,9965;1,04E-26
0,9966;1,01E-26
0,9967;9,85E-27
0,9968;9,59E-27
0,9969;9,33E-27
0,997;9,08E-27
0,9971;8,84E-27
0,9972;8,61E-27
0,9973;8,38E-27
0,9974;8,16E-27
0,9975;7,94E-27
0,9976;7,73E-27
0,9977;7,52E-27
0,9978;7,32E-27
0,9979;7,13E-27
0,998;6,94E-27
0,9981;6,76E-27
0,9982;6,58E-27
0,9983;6,40E-27
0,9984;6,23E-27
0,9985;6,07E-27
0,9986;5,90E-27
0,9987;5,75E-27
0,9988;5,59E-27
0,9989;5,45E-27
0,999;5,30E-27
0,9991;5,16E-27
0,9992;5,02E-27
0,9993;4,89E-27
0,9994;4,76E-27
0,9995;4,63E-27
0,9996;4,51E-27
0,9997;4,39E-27
0,9998;4,27E-27
0,9999;4,16E-27
1;4,05E-27
