,0
0,1.0
1,1.0
2,1.0
3,1.0
4,1.0
5,1.0
6,1.0
7,1.0
8,1.0
9,1.0
10,1.0
11,1.0
12,1.0
13,1.0
14,1.0
15,1.0
16,1.0
17,1.0
18,1.0
19,1.0
20,1.0
21,1.0
22,1.0
23,1.0
24,1.0
25,1.0
26,1.0
27,1.0
28,0.9990234375
29,1.0
30,0.99609375
31,0.99609375
32,1.0
33,1.0
34,1.0
35,1.0
36,1.0
37,1.0
38,0.9990234375
39,0.9970703125
40,1.0
41,1.0
42,1.0
43,1.0
44,1.0
45,0.9990234375
46,0.9970703125
47,0.9951171875
48,1.0
49,1.0
50,1.0
51,0.9990234375
52,1.0
53,0.998046875
54,0.998046875
55,0.9951171875
56,1.0
57,1.0
58,1.0
59,1.0
60,0.9990234375
61,0.9990234375
62,0.9921875
63,0.990234375
64,1.0
65,1.0
66,1.0
67,1.0
68,0.998046875
69,0.99609375
70,0.9970703125
71,0.9931640625
72,1.0
73,1.0
74,1.0
75,0.9990234375
76,1.0
77,0.994140625
78,0.9931640625
79,0.9921875
80,1.0
81,1.0
82,1.0
83,1.0
84,0.9970703125
85,0.994140625
86,0.9912109375
87,0.990234375
88,1.0
89,1.0
90,1.0
91,1.0
92,1.0
93,0.998046875
94,0.9951171875
95,0.9990234375
96,1.0
97,1.0
98,1.0
99,0.998046875
100,0.9990234375
101,0.994140625
102,0.9921875
103,0.990234375
104,1.0
105,1.0
106,0.9990234375
107,0.9970703125
108,0.998046875
109,0.994140625
110,0.9921875
111,0.9873046875
112,1.0
113,1.0
114,0.9990234375
115,0.998046875
116,0.998046875
117,0.990234375
118,0.98828125
119,0.986328125
120,1.0
121,1.0
122,1.0
123,0.9990234375
124,0.9990234375
125,0.9912109375
126,0.9853515625
127,0.982421875
128,1.0
129,1.0
130,0.9990234375
131,0.998046875
132,0.99609375
133,0.9921875
134,0.986328125
135,0.9853515625
136,1.0
137,1.0
138,0.9990234375
139,0.9990234375
140,0.9931640625
141,0.9912109375
142,0.986328125
143,0.978515625
144,1.0
145,1.0
146,1.0
147,0.9990234375
148,0.9990234375
149,0.99609375
150,0.9912109375
151,0.9853515625
152,1.0
153,1.0
154,0.9970703125
155,0.99609375
156,0.9931640625
157,0.9912109375
158,0.9755859375
159,0.96875
160,1.0
161,1.0
162,1.0
163,1.0
164,1.0
165,0.99609375
166,0.9931640625
167,0.99609375
168,1.0
169,1.0
170,0.9970703125
171,0.9970703125
172,0.9931640625
173,0.9892578125
174,0.982421875
175,0.9736328125
176,1.0
177,1.0
178,1.0
179,1.0
180,0.998046875
181,0.99609375
182,0.994140625
183,0.9892578125
184,1.0
185,0.9990234375
186,0.9990234375
187,0.9990234375
188,0.9912109375
189,0.994140625
190,0.98828125
191,0.9814453125
192,1.0
193,1.0
194,0.9970703125
195,0.9990234375
196,0.9931640625
197,0.98828125
198,0.98828125
199,0.9833984375
200,1.0
201,1.0
202,0.998046875
203,0.9970703125
204,0.9912109375
205,0.98828125
206,0.978515625
207,0.9658203125
208,1.0
209,1.0
210,0.998046875
211,0.99609375
212,0.9921875
213,0.9853515625
214,0.9833984375
215,0.9658203125
216,1.0
217,1.0
218,1.0
219,0.998046875
220,0.998046875
221,0.98828125
222,0.986328125
223,0.9794921875
224,1.0
225,1.0
226,1.0
227,0.998046875
228,0.9970703125
229,0.994140625
230,0.994140625
231,0.9931640625
232,1.0
233,1.0
234,1.0
235,0.998046875
236,0.994140625
237,0.9931640625
238,0.9912109375
239,0.984375
240,1.0
241,0.9990234375
242,0.9990234375
243,0.99609375
244,0.994140625
245,0.9892578125
246,0.9853515625
247,0.9755859375
248,1.0
249,0.9990234375
250,0.998046875
251,0.99609375
252,0.9931640625
253,0.990234375
254,0.98046875
255,0.9716796875
256,1.0
257,1.0
258,0.9990234375
259,0.9970703125
260,0.9931640625
261,0.9892578125
262,0.984375
263,0.982421875
264,1.0
265,1.0
266,1.0
267,0.9951171875
268,0.99609375
269,0.990234375
270,0.9853515625
271,0.986328125
272,1.0
273,1.0
274,0.9990234375
275,0.9990234375
276,0.9990234375
277,0.994140625
278,0.9912109375
279,0.98828125
280,1.0
281,1.0
282,0.998046875
283,0.99609375
284,0.9912109375
285,0.9892578125
286,0.982421875
287,0.98046875
288,1.0
289,1.0
290,1.0
291,0.9990234375
292,0.9990234375
293,0.9931640625
294,0.9931640625
295,0.9853515625
296,1.0
297,1.0
298,1.0
299,1.0
300,0.99609375
301,0.9912109375
302,0.9892578125
303,0.98828125
304,1.0
305,1.0
306,1.0
307,0.998046875
308,0.9921875
309,0.9912109375
310,0.9833984375
311,0.9765625
312,1.0
313,1.0
314,1.0
315,1.0
316,0.99609375
317,0.9931640625
318,0.9921875
319,0.9892578125
320,1.0
321,1.0
322,1.0
323,0.9990234375
324,0.9990234375
325,0.99609375
326,0.9921875
327,0.9912109375
328,1.0
329,1.0
330,0.9990234375
331,0.99609375
332,0.994140625
333,0.990234375
334,0.98046875
335,0.9736328125
336,1.0
337,0.9990234375
338,0.9990234375
339,0.9970703125
340,0.994140625
341,0.9873046875
342,0.974609375
343,0.96875
344,1.0
345,1.0
346,0.9990234375
347,0.9931640625
348,0.9931640625
349,0.98828125
350,0.9716796875
351,0.9677734375
352,1.0
353,1.0
354,0.9990234375
355,0.998046875
356,0.9951171875
357,0.9921875
358,0.986328125
359,0.978515625
360,1.0
361,1.0
362,1.0
363,0.998046875
364,0.9970703125
365,0.9912109375
366,0.9912109375
367,0.98828125
368,1.0
369,1.0
370,0.99609375
371,0.9990234375
372,0.998046875
373,0.994140625
374,0.9765625
375,0.9697265625
376,1.0
377,1.0
378,1.0
379,0.9990234375
380,0.9970703125
381,0.998046875
382,0.9931640625
383,0.9912109375
384,1.0
385,1.0
386,1.0
387,0.9990234375
388,0.9970703125
389,0.99609375
390,0.9931640625
391,0.984375
392,1.0
393,1.0
394,0.9990234375
395,1.0
396,1.0
397,0.998046875
398,0.990234375
399,0.990234375
400,1.0
401,1.0
402,0.998046875
403,0.9912109375
404,0.986328125
405,0.9814453125
406,0.958984375
407,0.953125
408,1.0
409,1.0
410,0.9990234375
411,0.9990234375
412,0.9892578125
413,0.98828125
414,0.966796875
415,0.9609375
416,1.0
417,1.0
418,0.9990234375
419,1.0
420,0.9990234375
421,0.9970703125
422,0.994140625
423,0.9912109375
424,1.0
425,1.0
426,1.0
427,0.998046875
428,0.99609375
429,0.9931640625
430,0.9892578125
431,0.984375
432,1.0
433,1.0
434,0.9951171875
435,0.9990234375
436,0.9912109375
437,0.9873046875
438,0.9794921875
439,0.9697265625
440,1.0
441,0.998046875
442,0.9970703125
443,0.998046875
444,0.9892578125
445,0.98828125
446,0.978515625
447,0.96484375
448,1.0
449,1.0
450,0.9990234375
451,0.998046875
452,0.99609375
453,0.9931640625
454,0.9892578125
455,0.9833984375
456,1.0
457,1.0
458,1.0
459,1.0
460,0.9951171875
461,0.9892578125
462,0.984375
463,0.9814453125
464,1.0
465,1.0
466,1.0
467,0.998046875
468,0.99609375
469,0.9892578125
470,0.9853515625
471,0.98828125
472,1.0
473,1.0
474,1.0
475,1.0
476,1.0
477,0.994140625
478,0.9951171875
479,0.9931640625
480,1.0
481,1.0
482,0.99609375
483,0.9970703125
484,0.990234375
485,0.994140625
486,0.9755859375
487,0.9755859375
488,1.0
489,1.0
490,0.9990234375
491,0.9970703125
492,0.994140625
493,0.98828125
494,0.9833984375
495,0.966796875
496,1.0
497,1.0
498,1.0
499,0.998046875
500,0.9921875
501,0.9892578125
502,0.984375
503,0.98046875
504,1.0
505,1.0
506,1.0
507,1.0
508,0.9970703125
509,0.9892578125
510,0.982421875
511,0.982421875
512,1.0
513,1.0
514,0.9990234375
515,0.9970703125
516,0.9970703125
517,0.990234375
518,0.9755859375
519,0.98046875
520,1.0
521,1.0
522,1.0
523,1.0
524,0.998046875
525,0.9931640625
526,0.9931640625
527,0.9912109375
528,1.0
529,0.9990234375
530,0.9990234375
531,0.998046875
532,0.9970703125
533,0.9931640625
534,0.9892578125
535,0.982421875
536,1.0
537,0.9990234375
538,0.9990234375
539,0.9990234375
540,0.990234375
541,0.9921875
542,0.9794921875
543,0.9677734375
544,1.0
545,1.0
546,1.0
547,0.9990234375
548,0.998046875
549,0.9970703125
550,0.99609375
551,0.994140625
552,1.0
553,1.0
554,1.0
555,0.9990234375
556,0.998046875
557,0.99609375
558,0.9931640625
559,0.990234375
560,1.0
561,0.9990234375
562,0.9970703125
563,0.9970703125
564,0.9921875
565,0.9873046875
566,0.9794921875
567,0.966796875
568,1.0
569,1.0
570,1.0
571,0.998046875
572,0.99609375
573,0.9892578125
574,0.98828125
575,0.9833984375
576,1.0
577,1.0
578,0.9990234375
579,0.9970703125
580,0.998046875
581,0.994140625
582,0.9853515625
583,0.9814453125
584,1.0
585,1.0
586,0.998046875
587,0.9970703125
588,0.9931640625
589,0.9873046875
590,0.978515625
591,0.970703125
592,1.0
593,1.0
594,0.998046875
595,0.9970703125
596,0.994140625
597,0.9912109375
598,0.986328125
599,0.98046875
600,1.0
601,1.0
602,1.0
603,0.9990234375
604,0.9990234375
605,0.9970703125
606,0.9931640625
607,0.990234375
608,1.0
609,1.0
610,0.9990234375
611,0.9990234375
612,0.9931640625
613,0.98828125
614,0.9853515625
615,0.986328125
616,1.0
617,1.0
618,0.9990234375
619,0.9970703125
620,0.9921875
621,0.990234375
622,0.9814453125
623,0.97265625
624,1.0
625,1.0
626,0.998046875
627,0.9990234375
628,0.994140625
629,0.9951171875
630,0.9921875
631,0.9833984375
632,0.9990234375
633,0.998046875
634,0.9951171875
635,0.990234375
636,0.9873046875
637,0.986328125
638,0.966796875
639,0.95703125
640,1.0
641,1.0
642,1.0
643,0.9970703125
644,0.99609375
645,0.9912109375
646,0.9873046875
647,0.984375
648,1.0
649,1.0
650,0.9990234375
651,0.998046875
652,0.9951171875
653,0.984375
654,0.9775390625
655,0.9736328125
656,1.0
657,1.0
658,1.0
659,0.9990234375
660,0.9951171875
661,0.9912109375
662,0.986328125
663,0.98046875
664,1.0
665,1.0
666,0.9990234375
667,0.9970703125
668,0.9951171875
669,0.9912109375
670,0.990234375
671,0.982421875
672,1.0
673,0.9990234375
674,0.9970703125
675,0.994140625
676,0.98828125
677,0.98828125
678,0.970703125
679,0.9638671875
680,1.0
681,0.9990234375
682,0.9990234375
683,0.99609375
684,0.9892578125
685,0.9873046875
686,0.97265625
687,0.96875
688,1.0
689,1.0
690,1.0
691,1.0
692,0.9970703125
693,0.9931640625
694,0.990234375
695,0.984375
696,1.0
697,1.0
698,1.0
699,1.0
700,1.0
701,0.998046875
702,0.99609375
703,0.99609375
704,1.0
705,1.0
706,1.0
707,0.9990234375
708,0.99609375
709,0.9873046875
710,0.984375
711,0.978515625
712,1.0
713,1.0
714,0.9990234375
715,0.99609375
716,0.994140625
717,0.9931640625
718,0.9853515625
719,0.982421875
720,1.0
721,1.0
722,1.0
723,0.9990234375
724,0.9990234375
725,0.9931640625
726,0.98828125
727,0.9833984375
728,1.0
729,0.9990234375
730,1.0
731,0.9970703125
732,0.99609375
733,0.994140625
734,0.9912109375
735,0.9833984375
736,1.0
737,1.0
738,0.998046875
739,0.994140625
740,0.9921875
741,0.9814453125
742,0.9619140625
743,0.9501953125
744,1.0
745,1.0
746,1.0
747,1.0
748,0.9990234375
749,0.994140625
750,0.9921875
751,0.9853515625
752,1.0
753,1.0
754,0.9990234375
755,0.998046875
756,0.9970703125
757,0.994140625
758,0.990234375
759,0.9833984375
760,1.0
761,1.0
762,1.0
763,1.0
764,0.998046875
765,0.99609375
766,0.99609375
767,0.994140625
768,1.0
769,1.0
770,1.0
771,0.9990234375
772,0.99609375
773,0.9931640625
774,0.994140625
775,0.9912109375
776,1.0
777,1.0
778,1.0
779,0.998046875
780,0.998046875
781,0.9931640625
782,0.9921875
783,0.98828125
784,1.0
785,1.0
786,1.0
787,0.998046875
788,0.9970703125
789,0.9931640625
790,0.98828125
791,0.986328125
792,1.0
793,1.0
794,1.0
795,1.0
796,0.9951171875
797,0.9951171875
798,0.9931640625
799,0.994140625
800,1.0
801,0.9990234375
802,0.998046875
803,0.9970703125
804,0.9951171875
805,0.9892578125
806,0.9765625
807,0.9580078125
808,1.0
809,1.0
810,1.0
811,1.0
812,1.0
813,0.998046875
814,0.998046875
815,0.99609375
816,1.0
817,1.0
818,1.0
819,0.998046875
820,0.994140625
821,0.9931640625
822,0.990234375
823,0.98828125
824,1.0
825,1.0
826,0.998046875
827,0.9951171875
828,0.9931640625
829,0.9892578125
830,0.9775390625
831,0.9619140625
832,1.0
833,1.0
834,1.0
835,0.998046875
836,0.9970703125
837,0.9931640625
838,0.9892578125
839,0.9853515625
840,0.9990234375
841,0.998046875
842,0.9970703125
843,0.9921875
844,0.9931640625
845,0.9814453125
846,0.9580078125
847,0.9462890625
848,1.0
849,1.0
850,1.0
851,1.0
852,0.998046875
853,0.9951171875
854,0.9892578125
855,0.98828125
856,1.0
857,0.998046875
858,0.9951171875
859,0.990234375
860,0.9931640625
861,0.9755859375
862,0.96484375
863,0.958984375
864,1.0
865,1.0
866,0.9990234375
867,0.99609375
868,0.9951171875
869,0.9931640625
870,0.9853515625
871,0.98046875
872,1.0
873,1.0
874,1.0
875,1.0
876,0.9970703125
877,0.998046875
878,0.994140625
879,0.9931640625
880,1.0
881,1.0
882,0.998046875
883,0.994140625
884,0.9931640625
885,0.984375
886,0.966796875
887,0.9560546875
888,1.0
889,1.0
890,1.0
891,0.998046875
892,0.9931640625
893,0.9921875
894,0.986328125
895,0.98046875
896,1.0
897,1.0
898,1.0
899,0.9970703125
900,0.9970703125
901,0.99609375
902,0.9921875
903,0.9921875
904,1.0
905,1.0
906,0.9990234375
907,0.9970703125
908,0.994140625
909,0.9912109375
910,0.9853515625
911,0.984375
912,1.0
913,1.0
914,1.0
915,0.998046875
916,0.994140625
917,0.9912109375
918,0.986328125
919,0.98046875
920,1.0
921,1.0
922,1.0
923,0.998046875
924,0.994140625
925,0.990234375
926,0.9833984375
927,0.9765625
928,1.0
929,1.0
930,0.9990234375
931,0.9990234375
932,0.99609375
933,0.9912109375
934,0.9873046875
935,0.9775390625
936,1.0
937,1.0
938,1.0
939,1.0
940,0.99609375
941,0.9921875
942,0.990234375
943,0.9853515625
944,1.0
945,1.0
946,1.0
947,0.9970703125
948,0.994140625
949,0.98828125
950,0.982421875
951,0.9775390625
952,1.0
953,1.0
954,1.0
955,0.9990234375
956,0.994140625
957,0.9873046875
958,0.98828125
959,0.9755859375
960,1.0
961,1.0
962,0.9990234375
963,1.0
964,0.9970703125
965,0.994140625
966,0.9892578125
967,0.984375
968,1.0
969,1.0
970,1.0
971,0.9951171875
972,0.9951171875
973,0.9873046875
974,0.9853515625
975,0.96875
976,1.0
977,1.0
978,1.0
979,0.9970703125
980,0.998046875
981,0.9921875
982,0.98828125
983,0.9853515625
984,0.9990234375
985,0.9990234375
986,0.998046875
987,0.9970703125
988,0.9931640625
989,0.9853515625
990,0.9736328125
991,0.9658203125
992,1.0
993,1.0
994,1.0
995,0.99609375
996,0.99609375
997,0.994140625
998,0.990234375
999,0.98046875
1000,1.0
1001,1.0
1002,1.0
1003,1.0
1004,1.0
1005,1.0
1006,0.99609375
1007,0.9951171875
1008,1.0
1009,1.0
1010,0.9990234375
1011,0.9990234375
1012,0.99609375
1013,0.994140625
1014,0.98828125
1015,0.984375
1016,1.0
1017,1.0
1018,0.9990234375
1019,0.9951171875
1020,0.990234375
1021,0.9873046875
1022,0.9775390625
1023,0.955078125
1024,1.0
1025,1.0
1026,1.0
1027,0.9990234375
1028,0.998046875
1029,0.9951171875
1030,0.994140625
1031,0.9931640625
1032,0.9990234375
1033,1.0
1034,0.998046875
1035,0.9931640625
1036,0.9912109375
1037,0.982421875
1038,0.9658203125
1039,0.94921875
1040,1.0
1041,1.0
1042,1.0
1043,0.9970703125
1044,0.9990234375
1045,0.9912109375
1046,0.9921875
1047,0.9853515625
1048,1.0
1049,1.0
1050,1.0
1051,0.9970703125
1052,0.994140625
1053,0.9951171875
1054,0.9892578125
1055,0.9814453125
1056,1.0
1057,1.0
1058,0.9990234375
1059,0.9990234375
1060,0.9970703125
1061,0.9921875
1062,0.9892578125
1063,0.98828125
1064,1.0
1065,1.0
1066,1.0
1067,1.0
1068,1.0
1069,0.9970703125
1070,0.9912109375
1071,0.9931640625
1072,1.0
1073,1.0
1074,1.0
1075,0.9970703125
1076,0.9970703125
1077,0.9931640625
1078,0.98828125
1079,0.98046875
1080,1.0
1081,1.0
1082,1.0
1083,0.994140625
1084,0.9970703125
1085,0.9921875
1086,0.9814453125
1087,0.9765625
1088,1.0
1089,1.0
1090,0.998046875
1091,0.9970703125
1092,0.9921875
1093,0.9892578125
1094,0.984375
1095,0.9755859375
1096,1.0
1097,1.0
1098,1.0
1099,0.9990234375
1100,0.9921875
1101,0.990234375
1102,0.984375
1103,0.9794921875
1104,1.0
1105,1.0
1106,0.998046875
1107,1.0
1108,0.998046875
1109,0.986328125
1110,0.98046875
1111,0.98046875
1112,1.0
1113,0.9990234375
1114,1.0
1115,0.9990234375
1116,0.9892578125
1117,0.9853515625
1118,0.9794921875
1119,0.9697265625
1120,1.0
1121,1.0
1122,1.0
1123,0.9990234375
1124,0.998046875
1125,0.9970703125
1126,0.9921875
1127,0.990234375
1128,1.0
1129,1.0
1130,1.0
1131,0.998046875
1132,0.9951171875
1133,0.9892578125
1134,0.9775390625
1135,0.9775390625
1136,1.0
1137,0.9990234375
1138,0.998046875
1139,0.9970703125
1140,0.9931640625
1141,0.9912109375
1142,0.982421875
1143,0.9755859375
1144,1.0
1145,1.0
1146,0.9990234375
1147,0.9951171875
1148,0.994140625
1149,0.98828125
1150,0.9873046875
1151,0.9765625
1152,1.0
1153,1.0
1154,0.998046875
1155,0.9951171875
1156,0.994140625
1157,0.990234375
1158,0.9833984375
1159,0.96484375
1160,1.0
1161,0.9990234375
1162,0.9970703125
1163,0.998046875
1164,0.994140625
1165,0.990234375
1166,0.98046875
1167,0.9794921875
1168,1.0
1169,1.0
1170,0.9990234375
1171,0.9970703125
1172,0.9990234375
1173,0.994140625
1174,0.98828125
1175,0.982421875
1176,1.0
1177,0.9990234375
1178,0.9990234375
1179,0.9970703125
1180,0.9931640625
1181,0.990234375
1182,0.984375
1183,0.9716796875
1184,1.0
1185,1.0
1186,0.9990234375
1187,0.9970703125
1188,0.9931640625
1189,0.990234375
1190,0.9833984375
1191,0.9775390625
1192,1.0
1193,1.0
1194,1.0
1195,1.0
1196,0.9990234375
1197,0.9970703125
1198,0.9970703125
1199,0.98828125
1200,1.0
1201,1.0
1202,0.9990234375
1203,0.998046875
1204,0.9970703125
1205,0.9931640625
1206,0.9892578125
1207,0.9853515625
1208,1.0
1209,1.0
1210,1.0
1211,0.9990234375
1212,0.994140625
1213,0.9921875
1214,0.9833984375
1215,0.974609375
1216,1.0
1217,1.0
1218,0.998046875
1219,0.998046875
1220,0.9931640625
1221,0.9931640625
1222,0.9892578125
1223,0.9736328125
1224,1.0
1225,1.0
1226,0.9990234375
1227,0.9970703125
1228,0.994140625
1229,0.9892578125
1230,0.978515625
1231,0.974609375
1232,1.0
1233,1.0
1234,1.0
1235,1.0
1236,0.998046875
1237,0.9951171875
1238,0.994140625
1239,0.990234375
1240,1.0
1241,0.9990234375
1242,0.998046875
1243,0.9931640625
1244,0.994140625
1245,0.984375
1246,0.96875
1247,0.9609375
1248,1.0
1249,1.0
1250,0.9990234375
1251,1.0
1252,0.9970703125
1253,0.9970703125
1254,0.990234375
1255,0.9921875
1256,1.0
1257,1.0
1258,1.0
1259,0.9990234375
1260,0.998046875
1261,0.99609375
1262,0.9951171875
1263,0.9892578125
1264,1.0
1265,1.0
1266,1.0
1267,1.0
1268,0.9970703125
1269,0.9951171875
1270,0.9921875
1271,0.9892578125
1272,1.0
1273,1.0
1274,1.0
1275,1.0
1276,0.9990234375
1277,0.9970703125
1278,0.990234375
1279,0.986328125
1280,1.0
1281,1.0
1282,0.9970703125
1283,0.9931640625
1284,0.990234375
1285,0.9873046875
1286,0.974609375
1287,0.962890625
1288,1.0
1289,1.0
1290,1.0
1291,0.9990234375
1292,0.9990234375
1293,0.99609375
1294,0.9921875
1295,0.986328125
1296,1.0
1297,1.0
1298,1.0
1299,1.0
1300,0.9990234375
1301,0.9970703125
1302,0.994140625
1303,0.9931640625
1304,1.0
1305,0.9990234375
1306,0.998046875
1307,0.9970703125
1308,0.9921875
1309,0.9873046875
1310,0.9833984375
1311,0.9755859375
1312,1.0
1313,1.0
1314,1.0
1315,0.9990234375
1316,0.998046875
1317,0.9970703125
1318,0.9931640625
1319,0.9921875
1320,1.0
1321,1.0
1322,1.0
1323,1.0
1324,0.9990234375
1325,0.99609375
1326,0.9951171875
1327,0.9912109375
1328,1.0
1329,1.0
1330,1.0
1331,0.9970703125
1332,0.99609375
1333,0.9951171875
1334,0.982421875
1335,0.9814453125
1336,1.0
1337,0.9990234375
1338,0.9990234375
1339,0.998046875
1340,0.9970703125
1341,0.9892578125
1342,0.9873046875
1343,0.98046875
1344,1.0
1345,0.9990234375
1346,0.9990234375
1347,0.9970703125
1348,0.9931640625
1349,0.98828125
1350,0.984375
1351,0.9736328125
1352,1.0
1353,1.0
1354,1.0
1355,1.0
1356,1.0
1357,0.9990234375
1358,0.9990234375
1359,0.9970703125
1360,1.0
1361,0.9990234375
1362,0.99609375
1363,0.9951171875
1364,0.994140625
1365,0.9833984375
1366,0.9716796875
1367,0.9658203125
1368,1.0
1369,1.0
1370,0.998046875
1371,0.9951171875
1372,0.9931640625
1373,0.9873046875
1374,0.9814453125
1375,0.974609375
1376,1.0
1377,0.9990234375
1378,0.9970703125
1379,0.9970703125
1380,0.994140625
1381,0.9814453125
1382,0.9775390625
1383,0.9580078125
1384,1.0
1385,1.0
1386,0.9990234375
1387,0.9970703125
1388,0.994140625
1389,0.9892578125
1390,0.9814453125
1391,0.974609375
1392,1.0
1393,1.0
1394,0.9970703125
1395,0.994140625
1396,0.990234375
1397,0.9912109375
1398,0.98046875
1399,0.9697265625
1400,1.0
1401,1.0
1402,1.0
1403,0.9990234375
1404,0.9990234375
1405,0.9970703125
1406,0.9931640625
1407,0.990234375
1408,1.0
1409,1.0
1410,1.0
1411,1.0
1412,1.0
1413,0.99609375
1414,0.990234375
1415,0.9853515625
1416,1.0
1417,1.0
1418,1.0
1419,0.9951171875
1420,0.99609375
1421,0.9892578125
1422,0.978515625
1423,0.970703125
1424,1.0
1425,1.0
1426,1.0
1427,0.998046875
1428,0.9931640625
1429,0.9892578125
1430,0.9833984375
1431,0.9765625
1432,1.0
1433,1.0
1434,0.998046875
1435,0.998046875
1436,0.99609375
1437,0.9931640625
1438,0.9775390625
1439,0.97265625
1440,0.9990234375
1441,0.9990234375
1442,0.9970703125
1443,0.994140625
1444,0.9921875
1445,0.9873046875
1446,0.978515625
1447,0.97265625
1448,1.0
1449,1.0
1450,0.9970703125
1451,0.99609375
1452,0.9921875
1453,0.98828125
1454,0.9765625
1455,0.962890625
1456,1.0
1457,1.0
1458,0.998046875
1459,0.994140625
1460,0.9912109375
1461,0.9853515625
1462,0.9794921875
1463,0.9775390625
1464,1.0
1465,1.0
1466,0.9990234375
1467,0.998046875
1468,0.9970703125
1469,0.9951171875
1470,0.9873046875
1471,0.984375
1472,1.0
1473,1.0
1474,1.0
1475,1.0
1476,0.9990234375
1477,0.998046875
1478,0.986328125
1479,0.9892578125
1480,1.0
1481,1.0
1482,0.9990234375
1483,0.998046875
1484,0.99609375
1485,0.9951171875
1486,0.9892578125
1487,0.984375
1488,1.0
1489,1.0
1490,0.9990234375
1491,0.9990234375
1492,0.9970703125
1493,0.9951171875
1494,0.9921875
1495,0.9873046875
1496,1.0
1497,1.0
1498,0.9970703125
1499,0.99609375
1500,0.9921875
1501,0.9853515625
1502,0.9814453125
1503,0.96875
1504,1.0
1505,0.9990234375
1506,0.9970703125
1507,0.9951171875
1508,0.994140625
1509,0.9931640625
1510,0.984375
1511,0.978515625
1512,1.0
1513,1.0
1514,1.0
1515,1.0
1516,0.9990234375
1517,0.9951171875
1518,0.9951171875
1519,0.994140625
1520,1.0
1521,1.0
1522,0.9970703125
1523,0.9970703125
1524,0.994140625
1525,0.9912109375
1526,0.9853515625
1527,0.98046875
1528,1.0
1529,1.0
1530,1.0
1531,1.0
1532,0.9990234375
1533,0.9912109375
1534,0.9951171875
1535,0.9892578125
1536,1.0
1537,1.0
1538,0.9970703125
1539,0.9970703125
1540,0.9892578125
1541,0.9833984375
1542,0.984375
1543,0.966796875
1544,1.0
1545,1.0
1546,0.9990234375
1547,0.998046875
1548,0.9970703125
1549,0.9892578125
1550,0.9892578125
1551,0.9853515625
1552,1.0
1553,1.0
1554,0.9990234375
1555,0.9970703125
1556,0.9931640625
1557,0.9892578125
1558,0.9765625
1559,0.966796875
1560,1.0
1561,1.0
1562,1.0
1563,1.0
1564,1.0
1565,1.0
1566,0.9951171875
1567,0.994140625
1568,1.0
1569,1.0
1570,1.0
1571,0.9990234375
1572,0.998046875
1573,0.998046875
1574,0.994140625
1575,0.9921875
1576,1.0
1577,1.0
1578,1.0
1579,0.998046875
1580,0.994140625
1581,0.9921875
1582,0.9892578125
1583,0.9833984375
1584,1.0
1585,1.0
1586,1.0
1587,0.998046875
1588,0.9970703125
1589,0.994140625
1590,0.986328125
1591,0.982421875
1592,1.0
1593,0.9990234375
1594,0.9990234375
1595,0.9990234375
1596,0.994140625
1597,0.9912109375
1598,0.984375
1599,0.974609375
1600,1.0
1601,0.9990234375
1602,0.9970703125
1603,0.9951171875
1604,0.990234375
1605,0.984375
1606,0.9736328125
1607,0.95703125
1608,1.0
1609,0.9990234375
1610,0.9990234375
1611,0.9970703125
1612,0.9990234375
1613,0.998046875
1614,0.9921875
1615,0.984375
1616,1.0
1617,1.0
1618,0.9990234375
1619,0.998046875
1620,0.9970703125
1621,0.9921875
1622,0.9892578125
1623,0.984375
1624,1.0
1625,1.0
1626,0.9990234375
1627,0.9970703125
1628,0.9931640625
1629,0.9931640625
1630,0.9853515625
1631,0.9814453125
1632,1.0
1633,0.9990234375
1634,1.0
1635,0.998046875
1636,0.9951171875
1637,0.990234375
1638,0.9892578125
1639,0.98046875
1640,1.0
1641,1.0
1642,1.0
1643,0.998046875
1644,0.9912109375
1645,0.9921875
1646,0.9775390625
1647,0.974609375
1648,1.0
1649,1.0
1650,1.0
1651,1.0
1652,0.9990234375
1653,0.998046875
1654,0.998046875
1655,0.998046875
1656,1.0
1657,1.0
1658,1.0
1659,0.998046875
1660,0.9970703125
1661,0.9951171875
1662,0.9873046875
1663,0.9853515625
1664,1.0
1665,1.0
1666,1.0
1667,1.0
1668,0.9990234375
1669,0.9970703125
1670,0.990234375
1671,0.990234375
1672,1.0
1673,1.0
1674,0.9990234375
1675,0.998046875
1676,0.9970703125
1677,0.990234375
1678,0.982421875
1679,0.984375
1680,1.0
1681,0.9990234375
1682,0.9970703125
1683,0.9931640625
1684,0.9912109375
1685,0.984375
1686,0.9736328125
1687,0.962890625
1688,1.0
1689,1.0
1690,0.9990234375
1691,0.994140625
1692,0.9892578125
1693,0.986328125
1694,0.9736328125
1695,0.9599609375
1696,1.0
1697,1.0
1698,0.9970703125
1699,0.9970703125
1700,0.994140625
1701,0.9853515625
1702,0.97265625
1703,0.9619140625
1704,1.0
1705,1.0
1706,1.0
1707,1.0
1708,0.9970703125
1709,0.9970703125
1710,0.9912109375
1711,0.9873046875
1712,1.0
1713,1.0
1714,1.0
1715,0.9990234375
1716,0.9931640625
1717,0.990234375
1718,0.9931640625
1719,0.9912109375
1720,1.0
1721,1.0
1722,1.0
1723,0.9990234375
1724,0.998046875
1725,0.9921875
1726,0.9912109375
1727,0.98828125
1728,1.0
1729,1.0
1730,1.0
1731,0.99609375
1732,0.99609375
1733,0.990234375
1734,0.984375
1735,0.98046875
1736,1.0
1737,0.9990234375
1738,0.998046875
1739,0.998046875
1740,0.9951171875
1741,0.98828125
1742,0.9755859375
1743,0.96875
1744,1.0
1745,0.998046875
1746,0.9970703125
1747,0.99609375
1748,0.9912109375
1749,0.984375
1750,0.970703125
1751,0.9599609375
1752,1.0
1753,1.0
1754,1.0
1755,1.0
1756,0.9990234375
1757,0.9990234375
1758,0.994140625
1759,0.9892578125
1760,1.0
1761,1.0
1762,1.0
1763,1.0
1764,0.9990234375
1765,0.9912109375
1766,0.9873046875
1767,0.986328125
1768,1.0
1769,1.0
1770,1.0
1771,0.9990234375
1772,0.998046875
1773,0.9951171875
1774,0.9921875
1775,0.984375
1776,1.0
1777,0.9990234375
1778,0.998046875
1779,0.9990234375
1780,0.994140625
1781,0.9931640625
1782,0.9853515625
1783,0.9833984375
1784,1.0
1785,0.9990234375
1786,0.998046875
1787,0.9970703125
1788,0.98828125
1789,0.98828125
1790,0.97265625
1791,0.9609375
1792,1.0
1793,1.0
1794,1.0
1795,1.0
1796,1.0
1797,0.998046875
1798,0.99609375
1799,0.9970703125
1800,1.0
1801,1.0
1802,1.0
1803,0.9990234375
1804,0.9970703125
1805,0.994140625
1806,0.994140625
1807,0.9912109375
1808,1.0
1809,1.0
1810,1.0
1811,0.9990234375
1812,0.99609375
1813,0.9951171875
1814,0.9912109375
1815,0.9873046875
1816,1.0
1817,0.9990234375
1818,0.9990234375
1819,0.99609375
1820,0.9921875
1821,0.9873046875
1822,0.9755859375
1823,0.9609375
1824,1.0
1825,0.9990234375
1826,0.9970703125
1827,0.9970703125
1828,0.9921875
1829,0.984375
1830,0.9814453125
1831,0.9580078125
1832,1.0
1833,1.0
1834,1.0
1835,1.0
1836,1.0
1837,1.0
1838,0.998046875
1839,0.9970703125
1840,1.0
1841,1.0
1842,1.0
1843,0.9990234375
1844,0.99609375
1845,1.0
1846,0.9921875
1847,0.9912109375
1848,1.0
1849,1.0
1850,1.0
1851,0.998046875
1852,0.9970703125
1853,0.9970703125
1854,0.98828125
1855,0.986328125
1856,1.0
1857,0.9990234375
1858,0.9970703125
1859,0.994140625
1860,0.9912109375
1861,0.9833984375
1862,0.9736328125
1863,0.9560546875
1864,1.0
1865,1.0
1866,0.9970703125
1867,0.9970703125
1868,0.9951171875
1869,0.9794921875
1870,0.9677734375
1871,0.955078125
1872,1.0
1873,1.0
1874,1.0
1875,0.9990234375
1876,0.9931640625
1877,0.9921875
1878,0.986328125
1879,0.982421875
1880,1.0
1881,1.0
1882,0.998046875
1883,0.99609375
1884,0.9970703125
1885,0.9921875
1886,0.9833984375
1887,0.97265625
1888,0.9990234375
1889,1.0
1890,0.998046875
1891,0.994140625
1892,0.9951171875
1893,0.9873046875
1894,0.9716796875
1895,0.9580078125
1896,1.0
1897,1.0
1898,1.0
1899,1.0
1900,1.0
1901,0.9990234375
1902,0.9990234375
1903,0.9970703125
1904,1.0
1905,1.0
1906,1.0
1907,0.9990234375
1908,0.9951171875
1909,0.990234375
1910,0.9833984375
1911,0.9765625
1912,1.0
1913,1.0
1914,0.998046875
1915,0.9951171875
1916,0.9951171875
1917,0.990234375
1918,0.9736328125
1919,0.9677734375
1920,1.0
1921,1.0
1922,0.998046875
1923,0.99609375
1924,0.99609375
1925,0.990234375
1926,0.9833984375
1927,0.9716796875
1928,1.0
1929,0.9990234375
1930,0.9970703125
1931,0.9970703125
1932,0.9931640625
1933,0.9892578125
1934,0.978515625
1935,0.97265625
1936,0.9990234375
1937,0.9970703125
1938,0.9970703125
1939,0.9921875
1940,0.9892578125
1941,0.9833984375
1942,0.96875
1943,0.9501953125
1944,1.0
1945,0.9990234375
1946,0.998046875
1947,0.994140625
1948,0.9921875
1949,0.9892578125
1950,0.9716796875
1951,0.9697265625
1952,1.0
1953,1.0
1954,1.0
1955,1.0
1956,0.9990234375
1957,0.998046875
1958,0.998046875
1959,0.99609375
1960,1.0
1961,1.0
1962,1.0
1963,0.9990234375
1964,0.998046875
1965,0.998046875
1966,0.9912109375
1967,0.9931640625
1968,1.0
1969,1.0
1970,1.0
1971,0.9970703125
1972,0.9951171875
1973,0.990234375
1974,0.9853515625
1975,0.982421875
1976,1.0
1977,1.0
1978,1.0
1979,0.9951171875
1980,0.99609375
1981,0.9873046875
1982,0.9794921875
1983,0.9736328125
1984,1.0
1985,1.0
1986,1.0
1987,1.0
1988,0.9970703125
1989,0.99609375
1990,0.9951171875
1991,0.9892578125
1992,1.0
1993,1.0
1994,1.0
1995,0.9990234375
1996,0.99609375
1997,0.9951171875
1998,0.9921875
1999,0.994140625
2000,1.0
2001,1.0
2002,0.9990234375
2003,0.9951171875
2004,0.9921875
2005,0.9892578125
2006,0.9814453125
2007,0.9755859375
2008,1.0
2009,1.0
2010,1.0
2011,0.998046875
2012,0.9990234375
2013,0.9931640625
2014,0.98828125
2015,0.986328125
2016,1.0
2017,1.0
2018,0.9990234375
2019,0.9970703125
2020,0.994140625
2021,0.9892578125
2022,0.982421875
2023,0.9794921875
2024,1.0
2025,1.0
2026,1.0
2027,1.0
2028,1.0
2029,0.998046875
2030,0.9970703125
2031,0.9951171875
2032,1.0
2033,1.0
2034,1.0
2035,1.0
2036,0.994140625
2037,0.98828125
2038,0.990234375
2039,0.986328125
2040,1.0
2041,0.9990234375
2042,0.9990234375
2043,0.9970703125
2044,0.994140625
2045,0.9912109375
2046,0.9765625
2047,0.97265625
2048,1.0
2049,0.9990234375
2050,0.99609375
2051,0.9931640625
2052,0.9921875
2053,0.9775390625
2054,0.95703125
2055,0.9404296875
2056,1.0
2057,1.0
2058,0.9990234375
2059,0.99609375
2060,0.9931640625
2061,0.9921875
2062,0.9853515625
2063,0.9765625
2064,1.0
2065,0.9990234375
2066,1.0
2067,0.9970703125
2068,0.9951171875
2069,0.9931640625
2070,0.9873046875
2071,0.984375
2072,1.0
2073,1.0
2074,0.9970703125
2075,0.9970703125
2076,0.994140625
2077,0.990234375
2078,0.974609375
2079,0.96484375
2080,1.0
2081,0.9990234375
2082,0.9990234375
2083,0.9951171875
2084,0.9931640625
2085,0.9853515625
2086,0.9794921875
2087,0.97265625
2088,1.0
2089,1.0
2090,1.0
2091,1.0
2092,0.9970703125
2093,0.9951171875
2094,0.990234375
2095,0.98828125
2096,1.0
2097,1.0
2098,1.0
2099,0.9990234375
2100,0.9970703125
2101,0.9912109375
2102,0.98828125
2103,0.9853515625
2104,1.0
2105,1.0
2106,0.9990234375
2107,0.9970703125
2108,0.9970703125
2109,0.9921875
2110,0.982421875
2111,0.9775390625
2112,1.0
2113,1.0
2114,1.0
2115,0.9990234375
2116,0.9990234375
2117,0.99609375
2118,0.9931640625
2119,0.9921875
2120,1.0
2121,1.0
2122,0.9990234375
2123,0.99609375
2124,0.9970703125
2125,0.990234375
2126,0.9794921875
2127,0.9814453125
2128,1.0
2129,1.0
2130,0.9970703125
2131,0.99609375
2132,0.9931640625
2133,0.9921875
2134,0.9814453125
2135,0.9736328125
2136,1.0
2137,1.0
2138,0.9970703125
2139,0.994140625
2140,0.99609375
2141,0.9873046875
2142,0.98046875
2143,0.98046875
2144,1.0
2145,1.0
2146,0.998046875
2147,0.9951171875
2148,0.9931640625
2149,0.98828125
2150,0.9775390625
2151,0.9697265625
2152,1.0
2153,0.9990234375
2154,0.9990234375
2155,0.9951171875
2156,0.9912109375
2157,0.9873046875
2158,0.9755859375
2159,0.9658203125
2160,1.0
2161,1.0
2162,1.0
2163,0.998046875
2164,0.9970703125
2165,0.9912109375
2166,0.9912109375
2167,0.98828125
2168,1.0
2169,0.9990234375
2170,0.9970703125
2171,0.998046875
2172,0.99609375
2173,0.986328125
2174,0.982421875
2175,0.9697265625
2176,1.0
2177,0.9990234375
2178,0.998046875
2179,0.99609375
2180,0.994140625
2181,0.9921875
2182,0.9775390625
2183,0.9765625
2184,1.0
2185,1.0
2186,0.9990234375
2187,0.9970703125
2188,0.9970703125
2189,0.9921875
2190,0.984375
2191,0.9853515625
2192,1.0
2193,1.0
2194,1.0
2195,1.0
2196,0.9990234375
2197,0.9990234375
2198,0.994140625
2199,0.99609375
2200,1.0
2201,1.0
2202,0.998046875
2203,0.9970703125
2204,0.9970703125
2205,0.994140625
2206,0.9892578125
2207,0.9833984375
2208,1.0
2209,1.0
2210,1.0
2211,0.9990234375
2212,0.99609375
2213,0.9931640625
2214,0.9921875
2215,0.98828125
2216,1.0
2217,1.0
2218,0.998046875
2219,0.998046875
2220,0.994140625
2221,0.98828125
2222,0.9814453125
2223,0.9775390625
2224,1.0
2225,1.0
2226,1.0
2227,1.0
2228,1.0
2229,1.0
2230,0.998046875
2231,0.998046875
2232,1.0
2233,1.0
2234,1.0
2235,0.998046875
2236,0.99609375
2237,0.994140625
2238,0.9814453125
2239,0.9833984375
2240,1.0
2241,1.0
2242,0.9990234375
2243,0.9951171875
2244,0.9931640625
2245,0.9951171875
2246,0.990234375
2247,0.98046875
2248,1.0
2249,1.0
2250,1.0
2251,1.0
2252,0.9970703125
2253,0.994140625
2254,0.990234375
2255,0.984375
2256,1.0
2257,1.0
2258,0.9990234375
2259,0.9970703125
2260,0.994140625
2261,0.9931640625
2262,0.9892578125
2263,0.9814453125
2264,1.0
2265,1.0
2266,1.0
2267,0.9990234375
2268,0.998046875
2269,0.99609375
2270,0.9912109375
2271,0.9873046875
2272,1.0
2273,0.9990234375
2274,1.0
2275,0.9990234375
2276,0.9951171875
2277,0.9921875
2278,0.984375
2279,0.98046875
2280,1.0
2281,1.0
2282,1.0
2283,1.0
2284,0.9990234375
2285,0.9970703125
2286,0.998046875
2287,0.99609375
2288,1.0
2289,1.0
2290,0.998046875
2291,0.9951171875
2292,0.9931640625
2293,0.9912109375
2294,0.98046875
2295,0.970703125
2296,1.0
2297,1.0
2298,0.998046875
2299,0.99609375
2300,0.9931640625
2301,0.9853515625
2302,0.978515625
2303,0.96484375
2304,1.0
2305,1.0
2306,1.0
2307,0.9970703125
2308,0.994140625
2309,0.9921875
2310,0.9814453125
2311,0.9736328125
2312,1.0
2313,1.0
2314,0.9990234375
2315,0.9990234375
2316,0.9970703125
2317,0.9912109375
2318,0.9873046875
2319,0.982421875
2320,1.0
2321,1.0
2322,0.9990234375
2323,0.9990234375
2324,0.9912109375
2325,0.9873046875
2326,0.9833984375
2327,0.970703125
2328,1.0
2329,1.0
2330,0.998046875
2331,0.998046875
2332,0.9970703125
2333,0.9912109375
2334,0.984375
2335,0.98046875
2336,1.0
2337,1.0
2338,1.0
2339,1.0
2340,0.9970703125
2341,0.9970703125
2342,0.990234375
2343,0.9853515625
2344,1.0
2345,0.9990234375
2346,1.0
2347,0.994140625
2348,0.9921875
2349,0.9892578125
2350,0.9794921875
2351,0.9677734375
2352,1.0
2353,0.9990234375
2354,0.9990234375
2355,0.9951171875
2356,0.9921875
2357,0.986328125
2358,0.9775390625
2359,0.974609375
2360,1.0
2361,1.0
2362,0.9990234375
2363,0.9970703125
2364,0.994140625
2365,0.9931640625
2366,0.9892578125
2367,0.986328125
2368,1.0
2369,1.0
2370,0.9990234375
2371,0.99609375
2372,0.9951171875
2373,0.9912109375
2374,0.986328125
2375,0.98046875
2376,1.0
2377,1.0
2378,1.0
2379,0.9990234375
2380,0.998046875
2381,0.9931640625
2382,0.9794921875
2383,0.9794921875
2384,1.0
2385,1.0
2386,1.0
2387,1.0
2388,1.0
2389,1.0
2390,0.9970703125
2391,0.9970703125
2392,1.0
2393,1.0
2394,1.0
2395,1.0
2396,1.0
2397,0.998046875
2398,0.9931640625
2399,0.9912109375
2400,1.0
2401,1.0
2402,0.9990234375
2403,0.99609375
2404,0.9931640625
2405,0.9892578125
2406,0.9814453125
2407,0.9765625
2408,1.0
2409,1.0
2410,1.0
2411,0.9990234375
2412,0.9970703125
2413,0.9912109375
2414,0.9853515625
2415,0.9794921875
2416,1.0
2417,1.0
2418,0.9990234375
2419,0.998046875
2420,0.9951171875
2421,0.9892578125
2422,0.9833984375
2423,0.9765625
2424,1.0
2425,1.0
2426,1.0
2427,0.9990234375
2428,0.99609375
2429,0.9951171875
2430,0.9921875
2431,0.9892578125
2432,1.0
2433,1.0
2434,0.998046875
2435,0.998046875
2436,0.994140625
2437,0.9892578125
2438,0.9814453125
2439,0.9736328125
2440,1.0
2441,1.0
2442,1.0
2443,0.998046875
2444,0.9970703125
2445,0.994140625
2446,0.9912109375
2447,0.982421875
2448,1.0
2449,1.0
2450,1.0
2451,0.99609375
2452,0.998046875
2453,0.9931640625
2454,0.9814453125
2455,0.9775390625
2456,1.0
2457,0.9990234375
2458,0.998046875
2459,0.9970703125
2460,0.9912109375
2461,0.9892578125
2462,0.982421875
2463,0.9755859375
2464,1.0
2465,1.0
2466,1.0
2467,0.9990234375
2468,0.9970703125
2469,0.994140625
2470,0.9873046875
2471,0.9873046875
2472,1.0
2473,1.0
2474,1.0
2475,1.0
2476,0.9970703125
2477,0.99609375
2478,0.9951171875
2479,0.9951171875
2480,1.0
2481,0.9990234375
2482,0.99609375
2483,0.9931640625
2484,0.98828125
2485,0.982421875
2486,0.9697265625
2487,0.9541015625
2488,1.0
2489,1.0
2490,0.9990234375
2491,0.99609375
2492,0.99609375
2493,0.9873046875
2494,0.9833984375
2495,0.9853515625
2496,1.0
2497,1.0
2498,1.0
2499,0.9990234375
2500,0.998046875
2501,0.9990234375
2502,0.99609375
2503,0.9951171875
2504,1.0
2505,1.0
2506,0.9990234375
2507,0.9970703125
2508,0.9970703125
2509,0.98828125
2510,0.990234375
2511,0.9814453125
2512,1.0
2513,1.0
2514,1.0
2515,0.9970703125
2516,0.994140625
2517,0.98828125
2518,0.982421875
2519,0.9755859375
2520,1.0
2521,1.0
2522,1.0
2523,0.998046875
2524,0.9970703125
2525,0.994140625
2526,0.994140625
2527,0.9873046875
2528,1.0
2529,1.0
2530,1.0
2531,0.9990234375
2532,1.0
2533,0.9951171875
2534,0.99609375
2535,0.9931640625
2536,1.0
2537,1.0
2538,0.9990234375
2539,0.9970703125
2540,0.9951171875
2541,0.9912109375
2542,0.9873046875
2543,0.984375
2544,1.0
2545,1.0
2546,1.0
2547,1.0
2548,1.0
2549,0.998046875
2550,0.9970703125
2551,0.9951171875
2552,1.0
2553,1.0
2554,0.998046875
2555,0.998046875
2556,0.9970703125
2557,0.9931640625
2558,0.9912109375
2559,0.9892578125
2560,1.0
2561,1.0
2562,0.998046875
2563,0.99609375
2564,0.9951171875
2565,0.9921875
2566,0.984375
2567,0.9755859375
2568,1.0
2569,0.9990234375
2570,0.998046875
2571,0.994140625
2572,0.9951171875
2573,0.9833984375
2574,0.9755859375
2575,0.9677734375
2576,1.0
2577,0.9990234375
2578,0.9990234375
2579,0.998046875
2580,0.9970703125
2581,0.9892578125
2582,0.98828125
2583,0.9814453125
2584,1.0
2585,0.9990234375
2586,1.0
2587,1.0
2588,0.9931640625
2589,0.990234375
2590,0.984375
2591,0.98046875
2592,1.0
2593,1.0
2594,1.0
2595,0.9970703125
2596,0.99609375
2597,0.9892578125
2598,0.984375
2599,0.9794921875
2600,1.0
2601,0.9990234375
2602,0.9970703125
2603,0.9951171875
2604,0.9951171875
2605,0.984375
2606,0.9873046875
2607,0.9794921875
2608,1.0
2609,1.0
2610,1.0
2611,1.0
2612,1.0
2613,1.0
2614,1.0
2615,0.998046875
2616,1.0
2617,1.0
2618,1.0
2619,0.998046875
2620,0.998046875
2621,0.99609375
2622,0.98828125
2623,0.9853515625
2624,1.0
2625,1.0
2626,1.0
2627,0.9970703125
2628,0.99609375
2629,0.9931640625
2630,0.9853515625
2631,0.9794921875
2632,1.0
2633,0.9990234375
2634,1.0
2635,0.998046875
2636,0.994140625
2637,0.990234375
2638,0.9853515625
2639,0.978515625
2640,1.0
2641,0.9990234375
2642,0.9990234375
2643,0.994140625
2644,0.990234375
2645,0.9794921875
2646,0.9794921875
2647,0.966796875
2648,1.0
2649,1.0
2650,1.0
2651,1.0
2652,1.0
2653,0.998046875
2654,0.9990234375
2655,0.998046875
2656,1.0
2657,1.0
2658,0.9990234375
2659,0.99609375
2660,0.994140625
2661,0.990234375
2662,0.984375
2663,0.9775390625
2664,1.0
2665,1.0
2666,0.9990234375
2667,0.998046875
2668,0.9951171875
2669,0.9921875
2670,0.9853515625
2671,0.9833984375
2672,1.0
2673,1.0
2674,1.0
2675,1.0
2676,0.9990234375
2677,0.998046875
2678,0.9951171875
2679,0.9931640625
2680,1.0
2681,1.0
2682,1.0
2683,0.998046875
2684,0.998046875
2685,0.9912109375
2686,0.9921875
2687,0.9892578125
2688,1.0
2689,0.9990234375
2690,0.9990234375
2691,0.9951171875
2692,0.9892578125
2693,0.9853515625
2694,0.9697265625
2695,0.953125
2696,1.0
2697,1.0
2698,0.9990234375
2699,0.998046875
2700,0.9970703125
2701,0.9931640625
2702,0.990234375
2703,0.9853515625
2704,1.0
2705,1.0
2706,1.0
2707,1.0
2708,0.9990234375
2709,0.9970703125
2710,0.9970703125
2711,0.9892578125
2712,1.0
2713,1.0
2714,1.0
2715,1.0
2716,1.0
2717,0.99609375
2718,0.9931640625
2719,0.9912109375
2720,1.0
2721,0.9990234375
2722,0.998046875
2723,0.9970703125
2724,0.9892578125
2725,0.98828125
2726,0.9775390625
2727,0.9580078125
2728,1.0
2729,0.9990234375
2730,0.998046875
2731,0.9951171875
2732,0.9970703125
2733,0.986328125
2734,0.970703125
2735,0.962890625
2736,1.0
2737,1.0
2738,0.998046875
2739,0.99609375
2740,0.9921875
2741,0.9814453125
2742,0.9716796875
2743,0.9677734375
2744,1.0
2745,1.0
2746,0.9990234375
2747,0.998046875
2748,0.9931640625
2749,0.9873046875
2750,0.9873046875
2751,0.982421875
2752,1.0
2753,1.0
2754,0.9990234375
2755,1.0
2756,0.994140625
2757,0.99609375
2758,0.984375
2759,0.9853515625
2760,1.0
2761,1.0
2762,1.0
2763,1.0
2764,0.998046875
2765,0.994140625
2766,0.9921875
2767,0.98828125
2768,1.0
2769,1.0
2770,1.0
2771,1.0
2772,0.998046875
2773,0.9931640625
2774,0.990234375
2775,0.9892578125
2776,1.0
2777,1.0
2778,1.0
2779,1.0
2780,0.9970703125
2781,0.9951171875
2782,0.9912109375
2783,0.9912109375
2784,1.0
2785,1.0
2786,1.0
2787,0.9990234375
2788,0.9990234375
2789,0.9951171875
2790,0.9931640625
2791,0.990234375
2792,1.0
2793,1.0
2794,0.9990234375
2795,0.9951171875
2796,0.9912109375
2797,0.9853515625
2798,0.978515625
2799,0.9677734375
2800,1.0
2801,1.0
2802,1.0
2803,0.998046875
2804,0.9921875
2805,0.9892578125
2806,0.98828125
2807,0.9853515625
2808,1.0
2809,1.0
2810,1.0
2811,1.0
2812,0.9951171875
2813,0.9921875
2814,0.994140625
2815,0.9921875
2816,1.0
2817,1.0
2818,1.0
2819,1.0
2820,0.9990234375
2821,0.9970703125
2822,0.9951171875
2823,0.9951171875
2824,1.0
2825,1.0
2826,1.0
2827,1.0
2828,0.9990234375
2829,0.998046875
2830,0.9970703125
2831,0.994140625
2832,1.0
2833,1.0
2834,0.9990234375
2835,0.9990234375
2836,0.9970703125
2837,0.9931640625
2838,0.984375
2839,0.98046875
2840,1.0
2841,0.9990234375
2842,1.0
2843,0.998046875
2844,0.9951171875
2845,0.9931640625
2846,0.98828125
2847,0.982421875
2848,1.0
2849,0.9990234375
2850,0.998046875
2851,0.9970703125
2852,0.9921875
2853,0.9853515625
2854,0.986328125
2855,0.9736328125
2856,1.0
2857,1.0
2858,0.9990234375
2859,0.998046875
2860,0.9951171875
2861,0.9931640625
2862,0.98828125
2863,0.9814453125
2864,1.0
2865,0.9990234375
2866,0.99609375
2867,0.9970703125
2868,0.9912109375
2869,0.9853515625
2870,0.978515625
2871,0.9697265625
2872,1.0
2873,1.0
2874,1.0
2875,0.998046875
2876,0.99609375
2877,0.9921875
2878,0.9892578125
2879,0.9892578125
2880,1.0
2881,1.0
2882,0.9990234375
2883,0.99609375
2884,0.994140625
2885,0.9912109375
2886,0.9892578125
2887,0.9775390625
2888,1.0
2889,1.0
2890,0.9990234375
2891,0.9990234375
2892,0.994140625
2893,0.9873046875
2894,0.98828125
2895,0.984375
2896,1.0
2897,1.0
2898,1.0
2899,0.994140625
2900,0.9912109375
2901,0.9912109375
2902,0.98046875
2903,0.98046875
2904,1.0
2905,1.0
2906,1.0
2907,0.998046875
2908,0.99609375
2909,0.9951171875
2910,0.986328125
2911,0.986328125
2912,1.0
2913,1.0
2914,0.9990234375
2915,0.9990234375
2916,0.99609375
2917,0.9931640625
2918,0.98828125
2919,0.9794921875
2920,1.0
2921,1.0
2922,0.9990234375
2923,0.998046875
2924,0.9970703125
2925,0.984375
2926,0.9853515625
2927,0.9755859375
2928,1.0
2929,1.0
2930,0.998046875
2931,0.998046875
2932,0.9951171875
2933,0.9931640625
2934,0.978515625
2935,0.9755859375
2936,1.0
2937,0.9990234375
2938,0.9990234375
2939,0.998046875
2940,0.9912109375
2941,0.9873046875
2942,0.974609375
2943,0.9599609375
2944,1.0
2945,1.0
2946,0.9970703125
2947,0.998046875
2948,0.9912109375
2949,0.9873046875
2950,0.9765625
2951,0.96484375
2952,1.0
2953,1.0
2954,1.0
2955,0.998046875
2956,0.9951171875
2957,0.9921875
2958,0.98828125
2959,0.984375
2960,1.0
2961,1.0
2962,1.0
2963,0.9951171875
2964,0.9990234375
2965,0.990234375
2966,0.98828125
2967,0.982421875
2968,1.0
2969,1.0
2970,1.0
2971,1.0
2972,0.9990234375
2973,0.998046875
2974,0.9931640625
2975,0.9921875
2976,1.0
2977,1.0
2978,0.9990234375
2979,0.9931640625
2980,0.9951171875
2981,0.990234375
2982,0.9716796875
2983,0.9619140625
2984,1.0
2985,1.0
2986,1.0
2987,0.9970703125
2988,0.9970703125
2989,0.9931640625
2990,0.9921875
2991,0.9853515625
2992,1.0
2993,1.0
2994,0.9990234375
2995,0.9990234375
2996,0.998046875
2997,0.990234375
2998,0.9931640625
2999,0.9814453125
3000,1.0
3001,1.0
3002,1.0
3003,0.9970703125
3004,0.9970703125
3005,0.9931640625
3006,0.990234375
3007,0.986328125
3008,1.0
3009,1.0
3010,0.998046875
3011,0.9990234375
3012,0.9970703125
3013,0.9921875
3014,0.9833984375
3015,0.9794921875
3016,1.0
3017,1.0
3018,1.0
3019,1.0
3020,1.0
3021,1.0
3022,0.99609375
3023,0.994140625
3024,1.0
3025,1.0
3026,1.0
3027,1.0
3028,0.9970703125
3029,0.9951171875
3030,0.9873046875
3031,0.97265625
3032,1.0
3033,0.998046875
3034,1.0
3035,0.9912109375
3036,0.9921875
3037,0.9775390625
3038,0.966796875
3039,0.9501953125
3040,1.0
3041,1.0
3042,0.998046875
3043,0.998046875
3044,0.998046875
3045,0.9931640625
3046,0.986328125
3047,0.986328125
3048,1.0
3049,1.0
3050,1.0
3051,1.0
3052,0.9990234375
3053,0.998046875
3054,0.9951171875
3055,0.9921875
3056,1.0
3057,1.0
3058,1.0
3059,0.9990234375
3060,0.9990234375
3061,0.994140625
3062,0.990234375
3063,0.9931640625
3064,1.0
3065,1.0
3066,1.0
3067,1.0
3068,0.998046875
3069,0.9990234375
3070,0.9931640625
3071,0.994140625
3072,1.0
3073,0.9990234375
3074,0.9970703125
3075,0.998046875
3076,0.994140625
3077,0.9912109375
3078,0.984375
3079,0.9765625
3080,1.0
3081,1.0
3082,1.0
3083,1.0
3084,0.994140625
3085,0.9990234375
3086,0.994140625
3087,0.9892578125
3088,1.0
3089,0.9990234375
3090,0.9990234375
3091,0.998046875
3092,0.994140625
3093,0.98828125
3094,0.9794921875
3095,0.9775390625
3096,1.0
3097,1.0
3098,0.9990234375
3099,0.9970703125
3100,0.994140625
3101,0.990234375
3102,0.984375
3103,0.984375
3104,1.0
3105,1.0
3106,0.9990234375
3107,0.99609375
3108,0.9921875
3109,0.986328125
3110,0.9755859375
3111,0.962890625
3112,1.0
3113,0.9990234375
3114,1.0
3115,0.998046875
3116,0.9970703125
3117,0.9931640625
3118,0.984375
3119,0.9755859375
3120,1.0
3121,1.0
3122,1.0
3123,1.0
3124,0.9931640625
3125,0.9921875
3126,0.984375
3127,0.9765625
3128,0.9990234375
3129,0.9990234375
3130,0.99609375
3131,0.994140625
3132,0.9921875
3133,0.9814453125
3134,0.95703125
3135,0.939453125
3136,1.0
3137,1.0
3138,0.998046875
3139,0.99609375
3140,0.994140625
3141,0.984375
3142,0.98828125
3143,0.9833984375
3144,1.0
3145,1.0
3146,1.0
3147,1.0
3148,0.9990234375
3149,0.998046875
3150,0.9951171875
3151,0.9931640625
3152,1.0
3153,0.9990234375
3154,0.9970703125
3155,0.9970703125
3156,0.9912109375
3157,0.9873046875
3158,0.978515625
3159,0.96875
3160,1.0
3161,1.0
3162,0.9990234375
3163,0.99609375
3164,0.9951171875
3165,0.9912109375
3166,0.984375
3167,0.97265625
3168,1.0
3169,1.0
3170,0.9990234375
3171,1.0
3172,0.998046875
3173,0.994140625
3174,0.9892578125
3175,0.986328125
3176,1.0
3177,1.0
3178,0.9990234375
3179,0.9970703125
3180,0.990234375
3181,0.9833984375
3182,0.9736328125
3183,0.958984375
3184,1.0
3185,1.0
3186,1.0
3187,0.99609375
3188,0.99609375
3189,0.994140625
3190,0.98828125
3191,0.98046875
3192,1.0
3193,1.0
3194,1.0
3195,0.998046875
3196,0.994140625
3197,0.9873046875
3198,0.982421875
3199,0.97265625
3200,1.0
3201,1.0
3202,0.9990234375
3203,0.998046875
3204,0.99609375
3205,0.9873046875
3206,0.990234375
3207,0.9833984375
3208,1.0
3209,0.9990234375
3210,0.9990234375
3211,0.998046875
3212,0.99609375
3213,0.9921875
3214,0.982421875
3215,0.96875
3216,1.0
3217,0.9990234375
3218,1.0
3219,0.9990234375
3220,0.9912109375
3221,0.984375
3222,0.98046875
3223,0.9755859375
3224,1.0
3225,1.0
3226,1.0
3227,0.9990234375
3228,0.998046875
3229,0.99609375
3230,0.9931640625
3231,0.9892578125
3232,1.0
3233,1.0
3234,1.0
3235,0.998046875
3236,0.9951171875
3237,0.9912109375
3238,0.986328125
3239,0.982421875
3240,1.0
3241,1.0
3242,0.9990234375
3243,0.9970703125
3244,0.9951171875
3245,0.9921875
3246,0.9853515625
3247,0.98828125
3248,1.0
3249,1.0
3250,0.9990234375
3251,0.998046875
3252,0.99609375
3253,0.9912109375
3254,0.9873046875
3255,0.982421875
3256,1.0
3257,0.9990234375
3258,0.998046875
3259,0.9970703125
3260,0.9931640625
3261,0.9921875
3262,0.9853515625
3263,0.98046875
3264,1.0
3265,1.0
3266,0.99609375
3267,0.994140625
3268,0.994140625
3269,0.9853515625
3270,0.98046875
3271,0.96484375
3272,1.0
3273,0.9990234375
3274,0.998046875
3275,0.99609375
3276,0.9951171875
3277,0.990234375
3278,0.982421875
3279,0.97265625
3280,1.0
3281,1.0
3282,0.998046875
3283,0.994140625
3284,0.9892578125
3285,0.9912109375
3286,0.9814453125
3287,0.970703125
3288,1.0
3289,0.9990234375
3290,0.998046875
3291,0.9970703125
3292,0.9921875
3293,0.9873046875
3294,0.9775390625
3295,0.9716796875
3296,1.0
3297,1.0
3298,1.0
3299,0.9990234375
3300,0.998046875
3301,0.9970703125
3302,0.9931640625
3303,0.9951171875
3304,1.0
3305,1.0
3306,1.0
3307,0.998046875
3308,0.9951171875
3309,0.9951171875
3310,0.9912109375
3311,0.9853515625
3312,1.0
3313,1.0
3314,1.0
3315,0.998046875
3316,0.9951171875
3317,0.9892578125
3318,0.986328125
3319,0.984375
3320,1.0
3321,0.998046875
3322,0.998046875
3323,0.99609375
3324,0.9912109375
3325,0.9794921875
3326,0.958984375
3327,0.939453125
3328,1.0
3329,1.0
3330,1.0
3331,0.998046875
3332,0.9951171875
3333,0.9912109375
3334,0.9833984375
3335,0.978515625
3336,1.0
3337,1.0
3338,0.9990234375
3339,0.998046875
3340,0.9951171875
3341,0.994140625
3342,0.982421875
3343,0.98046875
3344,0.9990234375
3345,1.0
3346,0.9990234375
3347,0.99609375
3348,0.98828125
3349,0.9873046875
3350,0.9658203125
3351,0.9560546875
3352,1.0
3353,0.9990234375
3354,0.9970703125
3355,0.99609375
3356,0.994140625
3357,0.9873046875
3358,0.9755859375
3359,0.97265625
3360,1.0
3361,1.0
3362,0.998046875
3363,0.99609375
3364,0.9931640625
3365,0.986328125
3366,0.98046875
3367,0.962890625
3368,1.0
3369,0.9990234375
3370,0.9990234375
3371,1.0
3372,0.9970703125
3373,0.98828125
3374,0.9814453125
3375,0.978515625
3376,1.0
3377,1.0
3378,1.0
3379,1.0
3380,0.998046875
3381,0.99609375
3382,0.994140625
3383,0.9931640625
3384,1.0
3385,1.0
3386,1.0
3387,1.0
3388,0.9990234375
3389,0.9912109375
3390,0.994140625
3391,0.984375
3392,1.0
3393,1.0
3394,1.0
3395,0.9990234375
3396,0.9970703125
3397,0.994140625
3398,0.990234375
3399,0.9853515625
3400,1.0
3401,1.0
3402,0.998046875
3403,0.9970703125
3404,0.9912109375
3405,0.9873046875
3406,0.97265625
3407,0.966796875
3408,1.0
3409,1.0
3410,1.0
3411,1.0
3412,0.9990234375
3413,0.9990234375
3414,0.9931640625
3415,0.994140625
3416,1.0
3417,1.0
3418,0.9990234375
3419,0.9990234375
3420,0.99609375
3421,0.994140625
3422,0.9892578125
3423,0.990234375
3424,1.0
3425,1.0
3426,0.9990234375
3427,0.998046875
3428,0.998046875
3429,0.99609375
3430,0.9912109375
3431,0.9873046875
3432,1.0
3433,1.0
3434,1.0
3435,1.0
3436,0.9892578125
3437,0.9921875
3438,0.9775390625
3439,0.96875
3440,1.0
3441,1.0
3442,1.0
3443,1.0
3444,0.9970703125
3445,0.9951171875
3446,0.9912109375
3447,0.986328125
3448,1.0
3449,1.0
3450,0.998046875
3451,0.9970703125
3452,0.9951171875
3453,0.982421875
3454,0.9814453125
3455,0.96484375
3456,1.0
3457,1.0
3458,1.0
3459,0.998046875
3460,0.9921875
3461,0.994140625
3462,0.978515625
3463,0.96875
3464,1.0
3465,1.0
3466,0.9990234375
3467,0.9931640625
3468,0.990234375
3469,0.9814453125
3470,0.96875
3471,0.9619140625
3472,1.0
3473,1.0
3474,0.998046875
3475,0.99609375
3476,0.994140625
3477,0.990234375
3478,0.986328125
3479,0.9794921875
3480,1.0
3481,1.0
3482,1.0
3483,0.9970703125
3484,0.9931640625
3485,0.9892578125
3486,0.9775390625
3487,0.970703125
3488,1.0
3489,1.0
3490,1.0
3491,1.0
3492,0.9990234375
3493,0.998046875
3494,0.99609375
3495,0.990234375
3496,1.0
3497,1.0
3498,1.0
3499,1.0
3500,1.0
3501,0.998046875
3502,0.998046875
3503,0.998046875
3504,1.0
3505,1.0
3506,1.0
3507,0.9990234375
3508,0.998046875
3509,0.9892578125
3510,0.9873046875
3511,0.9775390625
3512,1.0
3513,1.0
3514,0.9990234375
3515,0.99609375
3516,0.994140625
3517,0.9931640625
3518,0.98046875
3519,0.9716796875
3520,1.0
3521,1.0
3522,1.0
3523,0.9990234375
3524,0.99609375
3525,0.9951171875
3526,0.9921875
3527,0.98828125
3528,1.0
3529,1.0
3530,1.0
3531,0.99609375
3532,0.998046875
3533,0.994140625
3534,0.986328125
3535,0.986328125
3536,1.0
3537,1.0
3538,1.0
3539,0.9990234375
3540,0.998046875
3541,0.9931640625
3542,0.98828125
3543,0.98046875
3544,1.0
3545,1.0
3546,0.998046875
3547,0.9970703125
3548,0.994140625
3549,0.98828125
3550,0.974609375
3551,0.9697265625
3552,1.0
3553,1.0
3554,0.9990234375
3555,0.9970703125
3556,0.994140625
3557,0.9912109375
3558,0.9814453125
3559,0.9716796875
3560,1.0
3561,0.9990234375
3562,0.998046875
3563,0.9970703125
3564,0.9931640625
3565,0.9814453125
3566,0.9716796875
3567,0.9658203125
3568,1.0
3569,1.0
3570,0.99609375
3571,0.9931640625
3572,0.994140625
3573,0.9892578125
3574,0.9755859375
3575,0.970703125
3576,1.0
3577,1.0
3578,0.9990234375
3579,0.9990234375
3580,0.9970703125
3581,0.994140625
3582,0.990234375
3583,0.9892578125
3584,1.0
3585,1.0
3586,1.0
3587,0.998046875
3588,0.994140625
3589,0.9970703125
3590,0.9873046875
3591,0.98046875
3592,1.0
3593,1.0
3594,1.0
3595,0.9990234375
3596,0.994140625
3597,0.9951171875
3598,0.990234375
3599,0.984375
3600,1.0
3601,1.0
3602,1.0
3603,1.0
3604,0.9990234375
3605,0.9970703125
3606,0.98828125
3607,0.990234375
3608,0.9990234375
3609,0.998046875
3610,0.998046875
3611,0.994140625
3612,0.9892578125
3613,0.9775390625
3614,0.958984375
3615,0.9423828125
3616,1.0
3617,1.0
3618,1.0
3619,0.998046875
3620,0.9970703125
3621,0.9892578125
3622,0.984375
3623,0.98046875
3624,1.0
3625,1.0
3626,1.0
3627,0.9990234375
3628,0.9970703125
3629,0.99609375
3630,0.9931640625
3631,0.9921875
3632,1.0
3633,1.0
3634,0.9990234375
3635,0.99609375
3636,0.994140625
3637,0.9921875
3638,0.9833984375
3639,0.984375
3640,1.0
3641,1.0
3642,0.998046875
3643,0.994140625
3644,0.9951171875
3645,0.986328125
3646,0.98046875
3647,0.9677734375
3648,1.0
3649,1.0
3650,0.9990234375
3651,0.99609375
3652,0.9951171875
3653,0.986328125
3654,0.9853515625
3655,0.974609375
3656,1.0
3657,0.9990234375
3658,0.9970703125
3659,0.99609375
3660,0.9892578125
3661,0.986328125
3662,0.9794921875
3663,0.966796875
3664,1.0
3665,1.0
3666,1.0
3667,0.9990234375
3668,0.99609375
3669,0.99609375
3670,0.9921875
3671,0.9921875
3672,0.9990234375
3673,0.9990234375
3674,0.99609375
3675,0.9951171875
3676,0.9951171875
3677,0.9794921875
3678,0.9765625
3679,0.9560546875
3680,1.0
3681,1.0
3682,1.0
3683,0.9970703125
3684,0.99609375
3685,0.9921875
3686,0.986328125
3687,0.98828125
3688,1.0
3689,1.0
3690,1.0
3691,0.994140625
3692,0.9892578125
3693,0.986328125
3694,0.978515625
3695,0.9677734375
3696,1.0
3697,1.0
3698,0.998046875
3699,0.9970703125
3700,0.99609375
3701,0.9912109375
3702,0.9833984375
3703,0.9765625
3704,1.0
3705,1.0
3706,1.0
3707,0.9970703125
3708,0.994140625
3709,0.990234375
3710,0.9814453125
3711,0.9755859375
3712,1.0
3713,1.0
3714,0.99609375
3715,0.99609375
3716,0.9912109375
3717,0.9853515625
3718,0.98046875
3719,0.96484375
3720,1.0
3721,1.0
3722,1.0
3723,0.9990234375
3724,0.9990234375
3725,0.9951171875
3726,0.9921875
3727,0.9873046875
3728,0.9990234375
3729,0.9990234375
3730,0.998046875
3731,0.9970703125
3732,0.9921875
3733,0.98046875
3734,0.9814453125
3735,0.966796875
3736,1.0
3737,1.0
3738,1.0
3739,0.998046875
3740,0.9970703125
3741,0.994140625
3742,0.98828125
3743,0.990234375
3744,1.0
3745,1.0
3746,1.0
3747,0.9990234375
3748,1.0
3749,0.9931640625
3750,0.9892578125
3751,0.9873046875
3752,1.0
3753,1.0
3754,1.0
3755,0.9990234375
3756,0.99609375
3757,0.9931640625
3758,0.98828125
3759,0.986328125
3760,1.0
3761,1.0
3762,1.0
3763,0.998046875
3764,0.9970703125
3765,0.99609375
3766,0.9912109375
3767,0.9921875
3768,1.0
3769,1.0
3770,1.0
3771,0.998046875
3772,0.9990234375
3773,0.99609375
3774,0.9921875
3775,0.984375
3776,1.0
3777,1.0
3778,0.9970703125
3779,0.9970703125
3780,0.99609375
3781,0.9892578125
3782,0.9765625
3783,0.9716796875
3784,1.0
3785,1.0
3786,1.0
3787,1.0
3788,1.0
3789,0.99609375
3790,0.9970703125
3791,0.99609375
3792,1.0
3793,1.0
3794,1.0
3795,0.9990234375
3796,0.9970703125
3797,0.99609375
3798,0.994140625
3799,0.990234375
3800,1.0
3801,0.9990234375
3802,0.9970703125
3803,0.9931640625
3804,0.9951171875
3805,0.9833984375
3806,0.9755859375
3807,0.9638671875
3808,0.9990234375
3809,1.0
3810,0.9970703125
3811,0.9970703125
3812,0.994140625
3813,0.984375
3814,0.97265625
3815,0.9609375
3816,1.0
3817,1.0
3818,1.0
3819,0.9990234375
3820,0.9951171875
3821,0.9892578125
3822,0.984375
3823,0.974609375
3824,1.0
3825,1.0
3826,1.0
3827,1.0
3828,1.0
3829,0.9990234375
3830,0.9951171875
3831,0.9951171875
3832,1.0
3833,1.0
3834,0.9990234375
3835,0.9970703125
3836,0.9951171875
3837,0.9892578125
3838,0.9794921875
3839,0.97265625
3840,1.0
3841,1.0
3842,0.9990234375
3843,0.998046875
3844,0.99609375
3845,0.990234375
3846,0.990234375
3847,0.984375
3848,1.0
3849,1.0
3850,0.9990234375
3851,0.994140625
3852,0.9921875
3853,0.9873046875
3854,0.9736328125
3855,0.9638671875
3856,1.0
3857,1.0
3858,0.9990234375
3859,0.998046875
3860,0.9951171875
3861,0.9931640625
3862,0.9931640625
3863,0.9892578125
3864,1.0
3865,1.0
3866,0.9990234375
3867,0.9990234375
3868,0.998046875
3869,0.9931640625
3870,0.990234375
3871,0.98828125
3872,1.0
3873,1.0
3874,1.0
3875,0.9990234375
3876,0.99609375
3877,0.994140625
3878,0.986328125
3879,0.9892578125
3880,1.0
3881,1.0
3882,1.0
3883,1.0
3884,0.998046875
3885,0.99609375
3886,0.994140625
3887,0.9912109375
3888,0.9990234375
3889,0.9990234375
3890,0.9970703125
3891,0.9931640625
3892,0.98828125
3893,0.9755859375
3894,0.9638671875
3895,0.9619140625
3896,1.0
3897,1.0
3898,0.9990234375
3899,0.99609375
3900,0.9931640625
3901,0.98828125
3902,0.9853515625
3903,0.9736328125
3904,1.0
3905,1.0
3906,1.0
3907,0.9990234375
3908,0.998046875
3909,0.98828125
3910,0.9921875
3911,0.9814453125
3912,1.0
3913,1.0
3914,1.0
3915,0.9990234375
3916,0.9921875
3917,0.98828125
3918,0.986328125
3919,0.986328125
3920,1.0
3921,1.0
3922,1.0
3923,1.0
3924,0.9990234375
3925,0.998046875
3926,0.99609375
3927,0.9951171875
3928,1.0
3929,1.0
3930,1.0
3931,1.0
3932,0.9990234375
3933,0.9970703125
3934,0.9990234375
3935,0.9970703125
3936,1.0
3937,1.0
3938,1.0
3939,1.0
3940,1.0
3941,0.9970703125
3942,0.9970703125
3943,0.9931640625
3944,1.0
3945,1.0
3946,0.9970703125
3947,0.9970703125
3948,0.9951171875
3949,0.9921875
3950,0.984375
3951,0.9794921875
3952,1.0
3953,0.9990234375
3954,1.0
3955,0.9970703125
3956,0.990234375
3957,0.9931640625
3958,0.982421875
3959,0.9765625
3960,1.0
3961,1.0
3962,0.9990234375
3963,0.9990234375
3964,0.99609375
3965,0.9931640625
3966,0.984375
3967,0.9814453125
3968,1.0
3969,1.0
3970,1.0
3971,0.9990234375
3972,0.998046875
3973,0.99609375
3974,0.9921875
3975,0.98828125
3976,1.0
3977,1.0
3978,0.9990234375
3979,0.99609375
3980,0.99609375
3981,0.9921875
3982,0.984375
3983,0.9716796875
3984,1.0
3985,0.9990234375
3986,0.998046875
3987,0.9951171875
3988,0.9912109375
3989,0.982421875
3990,0.96484375
3991,0.9482421875
3992,1.0
3993,1.0
3994,1.0
3995,0.99609375
3996,0.9931640625
3997,0.9892578125
3998,0.9833984375
3999,0.982421875
4000,1.0
4001,1.0
4002,1.0
4003,0.9951171875
4004,0.994140625
4005,0.986328125
4006,0.9775390625
4007,0.9677734375
4008,1.0
4009,1.0
4010,0.998046875
4011,0.99609375
4012,0.9912109375
4013,0.9873046875
4014,0.982421875
4015,0.9814453125
4016,1.0
4017,1.0
4018,1.0
4019,1.0
4020,0.99609375
4021,1.0
4022,0.9921875
4023,0.9931640625
4024,1.0
4025,1.0
4026,0.9990234375
4027,0.998046875
4028,0.9970703125
4029,0.9921875
4030,0.990234375
4031,0.9873046875
4032,1.0
4033,1.0
4034,0.9990234375
4035,0.9970703125
4036,0.994140625
4037,0.9892578125
4038,0.982421875
4039,0.984375
4040,1.0
4041,1.0
4042,0.998046875
4043,0.9931640625
4044,0.9912109375
4045,0.982421875
4046,0.9755859375
4047,0.9716796875
4048,1.0
4049,1.0
4050,1.0
4051,0.998046875
4052,0.9970703125
4053,0.9951171875
4054,0.9931640625
4055,0.9892578125
4056,1.0
4057,1.0
4058,1.0
4059,0.9990234375
4060,0.99609375
4061,0.9931640625
4062,0.984375
4063,0.9814453125
4064,1.0
4065,0.9990234375
4066,1.0
4067,0.9990234375
4068,0.9931640625
4069,0.9912109375
4070,0.986328125
4071,0.978515625
4072,1.0
4073,1.0
4074,1.0
4075,0.9990234375
4076,0.9970703125
4077,0.994140625
4078,0.990234375
4079,0.9892578125
4080,1.0
4081,1.0
4082,0.9990234375
4083,1.0
4084,0.99609375
4085,0.9892578125
4086,0.9814453125
4087,0.9736328125
4088,1.0
4089,0.9990234375
4090,1.0
4091,0.9970703125
4092,0.994140625
4093,0.990234375
4094,0.9814453125
4095,0.9736328125
4096,1.0
4097,0.9990234375
4098,1.0
4099,0.9970703125
4100,0.9931640625
4101,0.9912109375
4102,0.990234375
4103,0.9794921875
4104,1.0
4105,1.0
4106,0.998046875
4107,0.998046875
4108,0.9892578125
4109,0.984375
4110,0.982421875
4111,0.9736328125
4112,1.0
4113,1.0
4114,1.0
4115,0.9990234375
4116,0.998046875
4117,0.99609375
4118,0.9951171875
4119,0.9921875
4120,1.0
4121,1.0
4122,1.0
4123,0.998046875
4124,1.0
4125,0.9921875
4126,0.990234375
4127,0.9921875
4128,1.0
4129,1.0
4130,1.0
4131,0.998046875
4132,0.9970703125
4133,0.99609375
4134,0.9912109375
4135,0.9931640625
4136,1.0
4137,1.0
4138,1.0
4139,0.9990234375
4140,1.0
4141,0.998046875
4142,0.9951171875
4143,0.9921875
4144,1.0
4145,1.0
4146,1.0
4147,0.9990234375
4148,0.9990234375
4149,0.9951171875
4150,0.9931640625
4151,0.994140625
4152,1.0
4153,1.0
4154,0.9990234375
4155,0.9970703125
4156,0.9970703125
4157,0.994140625
4158,0.990234375
4159,0.986328125
4160,1.0
4161,1.0
4162,0.9970703125
4163,0.9951171875
4164,0.9921875
4165,0.98828125
4166,0.9755859375
4167,0.9560546875
4168,1.0
4169,0.9990234375
4170,0.998046875
4171,0.9970703125
4172,0.99609375
4173,0.9951171875
4174,0.9814453125
4175,0.9755859375
4176,1.0
4177,0.9990234375
4178,0.9990234375
4179,0.9970703125
4180,0.994140625
4181,0.990234375
4182,0.9853515625
4183,0.98046875
4184,1.0
4185,1.0
4186,1.0
4187,1.0
4188,1.0
4189,1.0
4190,1.0
4191,0.9990234375
4192,1.0
4193,1.0
4194,1.0
4195,1.0
4196,1.0
4197,1.0
4198,1.0
4199,0.9990234375
4200,1.0
4201,1.0
4202,1.0
4203,1.0
4204,1.0
4205,0.9970703125
4206,0.998046875
4207,0.99609375
4208,1.0
4209,1.0
4210,1.0
4211,1.0
4212,1.0
4213,0.9990234375
4214,0.998046875
4215,0.9970703125
4216,1.0
4217,1.0
4218,1.0
4219,1.0
4220,1.0
4221,0.9990234375
4222,0.9951171875
4223,0.9921875
4224,1.0
4225,1.0
4226,1.0
4227,1.0
4228,1.0
4229,0.9990234375
4230,0.9970703125
4231,0.9951171875
4232,1.0
4233,1.0
4234,1.0
4235,1.0
4236,1.0
4237,0.99609375
4238,0.9921875
4239,0.9931640625
4240,1.0
4241,1.0
4242,1.0
4243,0.9990234375
4244,0.9990234375
4245,0.994140625
4246,0.9931640625
4247,0.9912109375
4248,1.0
4249,1.0
4250,1.0
4251,1.0
4252,1.0
4253,0.998046875
4254,0.9951171875
4255,0.9921875
4256,1.0
4257,1.0
4258,1.0
4259,0.9990234375
4260,0.9970703125
4261,0.994140625
4262,0.9921875
4263,0.98828125
4264,1.0
4265,1.0
4266,1.0
4267,1.0
4268,0.9990234375
4269,0.994140625
4270,0.9912109375
4271,0.98828125
4272,1.0
4273,1.0
4274,1.0
4275,0.9990234375
4276,0.998046875
4277,0.99609375
4278,0.994140625
4279,0.9912109375
4280,1.0
4281,1.0
4282,1.0
4283,0.9990234375
4284,0.9990234375
4285,0.998046875
4286,0.994140625
4287,0.990234375
4288,1.0
4289,1.0
4290,0.9990234375
4291,0.998046875
4292,0.998046875
4293,0.994140625
4294,0.9912109375
4295,0.9814453125
4296,1.0
4297,1.0
4298,0.9990234375
4299,0.9951171875
4300,0.9951171875
4301,0.994140625
4302,0.98828125
4303,0.9794921875
4304,1.0
4305,1.0
4306,1.0
4307,1.0
4308,0.9990234375
4309,0.9951171875
4310,0.9931640625
4311,0.98828125
4312,1.0
4313,0.9990234375
4314,0.998046875
4315,0.99609375
4316,0.9912109375
4317,0.9873046875
4318,0.9853515625
4319,0.9697265625
4320,1.0
4321,1.0
4322,1.0
4323,1.0
4324,0.998046875
4325,0.9931640625
4326,0.990234375
4327,0.9833984375
4328,1.0
4329,1.0
4330,0.998046875
4331,0.9970703125
4332,0.9931640625
4333,0.9892578125
4334,0.9794921875
4335,0.974609375
4336,1.0
4337,1.0
4338,1.0
4339,0.9990234375
4340,0.9990234375
4341,0.998046875
4342,0.99609375
4343,0.994140625
4344,1.0
4345,1.0
4346,1.0
4347,0.994140625
4348,0.990234375
4349,0.9853515625
4350,0.984375
4351,0.97265625
4352,1.0
4353,0.9990234375
4354,0.9990234375
4355,0.998046875
4356,0.9951171875
4357,0.9931640625
4358,0.978515625
4359,0.9755859375
4360,1.0
4361,1.0
4362,0.998046875
4363,0.9931640625
4364,0.990234375
4365,0.9912109375
4366,0.9794921875
4367,0.9755859375
4368,1.0
4369,0.9990234375
4370,0.9990234375
4371,0.99609375
4372,0.9912109375
4373,0.9873046875
4374,0.97265625
4375,0.96484375
4376,1.0
4377,1.0
4378,0.9990234375
4379,0.998046875
4380,0.99609375
4381,0.98828125
4382,0.982421875
4383,0.98828125
4384,1.0
4385,1.0
4386,0.9990234375
4387,0.9990234375
4388,0.9951171875
4389,0.9912109375
4390,0.98828125
4391,0.982421875
4392,1.0
4393,1.0
4394,1.0
4395,0.9970703125
4396,0.9970703125
4397,0.9931640625
4398,0.9892578125
4399,0.98828125
4400,1.0
4401,0.9990234375
4402,0.9990234375
4403,0.9970703125
4404,0.9921875
4405,0.9912109375
4406,0.984375
4407,0.9765625
4408,1.0
4409,0.9990234375
4410,0.9990234375
4411,0.9970703125
4412,0.9931640625
4413,0.9912109375
4414,0.9814453125
4415,0.9697265625
4416,1.0
4417,1.0
4418,0.9990234375
4419,0.9970703125
4420,0.99609375
4421,0.9873046875
4422,0.984375
4423,0.9814453125
4424,1.0
4425,1.0
4426,0.9970703125
4427,0.99609375
4428,0.9951171875
4429,0.9912109375
4430,0.982421875
4431,0.978515625
4432,1.0
4433,1.0
4434,0.9990234375
4435,0.9970703125
4436,0.9931640625
4437,0.9921875
4438,0.990234375
4439,0.9873046875
4440,1.0
4441,1.0
4442,0.998046875
4443,0.9970703125
4444,0.99609375
4445,0.9921875
4446,0.9814453125
4447,0.9716796875
4448,1.0
4449,1.0
4450,1.0
4451,1.0
4452,0.9970703125
4453,0.99609375
4454,0.9951171875
4455,0.994140625
4456,1.0
4457,1.0
4458,1.0
4459,0.998046875
4460,0.9970703125
4461,0.994140625
4462,0.98828125
4463,0.978515625
4464,1.0
4465,1.0
4466,0.9990234375
4467,0.998046875
4468,0.9951171875
4469,0.98828125
4470,0.9833984375
4471,0.9736328125
4472,1.0
4473,1.0
4474,1.0
4475,0.998046875
4476,0.9951171875
4477,0.9951171875
4478,0.990234375
4479,0.984375
4480,1.0
4481,1.0
4482,1.0
4483,1.0
4484,0.9970703125
4485,0.99609375
4486,0.9921875
4487,0.9892578125
4488,1.0
4489,0.9990234375
4490,0.9990234375
4491,0.99609375
4492,0.9912109375
4493,0.9873046875
4494,0.978515625
4495,0.978515625
4496,1.0
4497,0.9990234375
4498,0.9970703125
4499,0.9970703125
4500,0.9921875
4501,0.9853515625
4502,0.9794921875
4503,0.96484375
4504,1.0
4505,1.0
4506,0.998046875
4507,0.9951171875
4508,0.9921875
4509,0.98828125
4510,0.9755859375
4511,0.970703125
4512,1.0
4513,0.9990234375
4514,0.9990234375
4515,0.998046875
4516,0.99609375
4517,0.990234375
4518,0.982421875
4519,0.9814453125
4520,1.0
4521,1.0
4522,0.9990234375
4523,0.998046875
4524,0.9951171875
4525,0.9921875
4526,0.98828125
4527,0.9814453125
4528,1.0
4529,0.9990234375
4530,0.99609375
4531,0.994140625
4532,0.998046875
4533,0.9951171875
4534,0.9765625
4535,0.9697265625
4536,1.0
4537,1.0
4538,0.9990234375
4539,1.0
4540,0.998046875
4541,0.99609375
4542,0.9931640625
4543,0.9892578125
4544,1.0
4545,1.0
4546,1.0
4547,1.0
4548,0.998046875
4549,0.9951171875
4550,0.9931640625
4551,0.99609375
4552,1.0
4553,1.0
4554,1.0
4555,0.9990234375
4556,0.9990234375
4557,0.998046875
4558,0.990234375
4559,0.990234375
4560,1.0
4561,0.9990234375
4562,0.9970703125
4563,0.994140625
4564,0.990234375
4565,0.98046875
4566,0.962890625
4567,0.9462890625
4568,1.0
4569,1.0
4570,0.9951171875
4571,0.9931640625
4572,0.9970703125
4573,0.9873046875
4574,0.96875
4575,0.962890625
4576,1.0
4577,1.0
4578,1.0
4579,1.0
4580,0.99609375
4581,0.9951171875
4582,0.994140625
4583,0.9912109375
4584,1.0
4585,0.9990234375
4586,0.998046875
4587,0.998046875
4588,0.99609375
4589,0.9921875
4590,0.986328125
4591,0.9736328125
4592,0.9990234375
4593,0.9990234375
4594,0.9970703125
4595,0.998046875
4596,0.9912109375
4597,0.9912109375
4598,0.978515625
4599,0.97265625
4600,1.0
4601,1.0
4602,0.9990234375
4603,0.998046875
4604,0.9951171875
4605,0.990234375
4606,0.9765625
4607,0.9580078125
4608,1.0
4609,1.0
4610,0.9990234375
4611,0.9990234375
4612,0.9970703125
4613,0.9921875
4614,0.9912109375
4615,0.9853515625
4616,1.0
4617,1.0
4618,0.998046875
4619,0.99609375
4620,0.9912109375
4621,0.9892578125
4622,0.984375
4623,0.9794921875
4624,1.0
4625,1.0
4626,0.9990234375
4627,0.9970703125
4628,0.99609375
4629,0.9951171875
4630,0.990234375
4631,0.9853515625
4632,1.0
4633,1.0
4634,1.0
4635,1.0
4636,0.9990234375
4637,0.994140625
4638,0.986328125
4639,0.9853515625
4640,1.0
4641,1.0
4642,0.9990234375
4643,0.998046875
4644,0.9921875
4645,0.9921875
4646,0.9755859375
4647,0.970703125
4648,1.0
4649,1.0
4650,0.9990234375
4651,0.9970703125
4652,0.994140625
4653,0.9892578125
4654,0.9775390625
4655,0.96875
4656,1.0
4657,0.9990234375
4658,0.9990234375
4659,0.994140625
4660,0.99609375
4661,0.9921875
4662,0.9853515625
4663,0.9794921875
4664,1.0
4665,1.0
4666,0.9990234375
4667,0.998046875
4668,0.9970703125
4669,0.9951171875
4670,0.9931640625
4671,0.990234375
4672,1.0
4673,1.0
4674,0.9990234375
4675,0.99609375
4676,0.99609375
4677,0.9892578125
4678,0.9814453125
4679,0.9755859375
4680,1.0
4681,1.0
4682,1.0
4683,1.0
4684,0.998046875
4685,0.998046875
4686,0.99609375
4687,0.9931640625
4688,1.0
4689,0.9990234375
4690,0.9990234375
4691,0.998046875
4692,0.994140625
4693,0.9892578125
4694,0.982421875
4695,0.9775390625
4696,1.0
4697,0.9990234375
4698,1.0
4699,1.0
4700,0.9912109375
4701,0.9853515625
4702,0.9765625
4703,0.97265625
4704,1.0
4705,1.0
4706,0.9990234375
4707,1.0
4708,0.9970703125
4709,0.9951171875
4710,0.9873046875
4711,0.986328125
4712,1.0
4713,1.0
4714,1.0
4715,0.9990234375
4716,0.9990234375
4717,0.9951171875
4718,0.9951171875
4719,0.9921875
4720,1.0
4721,1.0
4722,0.9990234375
4723,0.994140625
4724,0.9931640625
4725,0.9853515625
4726,0.9775390625
4727,0.9697265625
4728,1.0
4729,1.0
4730,1.0
4731,0.9970703125
4732,0.994140625
4733,0.990234375
4734,0.9873046875
4735,0.982421875
4736,1.0
4737,1.0
4738,1.0
4739,1.0
4740,0.99609375
4741,0.9912109375
4742,0.9833984375
4743,0.986328125
4744,1.0
4745,1.0
4746,0.9990234375
4747,0.99609375
4748,0.9931640625
4749,0.9873046875
4750,0.98046875
4751,0.9775390625
4752,1.0
4753,0.9990234375
4754,1.0
4755,0.9990234375
4756,0.994140625
4757,0.990234375
4758,0.986328125
4759,0.982421875
4760,1.0
4761,1.0
4762,0.9990234375
4763,0.9990234375
4764,0.9990234375
4765,0.998046875
4766,0.9931640625
4767,0.990234375
4768,1.0
4769,1.0
4770,1.0
4771,0.9990234375
4772,0.9970703125
4773,0.990234375
4774,0.986328125
4775,0.9794921875
4776,1.0
4777,1.0
4778,0.998046875
4779,0.99609375
4780,0.9951171875
4781,0.990234375
4782,0.9794921875
4783,0.9716796875
4784,1.0
4785,1.0
4786,0.998046875
4787,1.0
4788,0.990234375
4789,0.9873046875
4790,0.9892578125
4791,0.978515625
4792,1.0
4793,0.9970703125
4794,0.9970703125
4795,0.9912109375
4796,0.986328125
4797,0.9814453125
4798,0.94921875
4799,0.9345703125
4800,1.0
4801,1.0
4802,1.0
4803,0.9990234375
4804,0.99609375
4805,0.9931640625
4806,0.9873046875
4807,0.9833984375
4808,1.0
4809,1.0
4810,0.9990234375
4811,0.9970703125
4812,0.994140625
4813,0.9833984375
4814,0.9794921875
4815,0.9677734375
4816,1.0
4817,1.0
4818,0.9990234375
4819,0.9990234375
4820,0.9970703125
4821,0.994140625
4822,0.9892578125
4823,0.9814453125
4824,1.0
4825,1.0
4826,1.0
4827,1.0
4828,0.994140625
4829,0.9931640625
4830,0.990234375
4831,0.986328125
4832,1.0
4833,0.9990234375
4834,0.9970703125
4835,0.9951171875
4836,0.994140625
4837,0.9873046875
4838,0.9755859375
4839,0.9609375
4840,1.0
4841,1.0
4842,0.9990234375
4843,0.9951171875
4844,0.9931640625
4845,0.984375
4846,0.9765625
4847,0.966796875
4848,1.0
4849,1.0
4850,1.0
4851,1.0
4852,0.9970703125
4853,0.994140625
4854,0.990234375
4855,0.984375
4856,1.0
4857,1.0
4858,1.0
4859,1.0
4860,1.0
4861,0.998046875
4862,0.9970703125
4863,0.9970703125
4864,1.0
4865,1.0
4866,0.9990234375
4867,0.99609375
4868,0.9931640625
4869,0.9931640625
4870,0.984375
4871,0.97265625
4872,1.0
4873,1.0
4874,0.9990234375
4875,0.99609375
4876,0.994140625
4877,0.9892578125
4878,0.9853515625
4879,0.98046875
4880,1.0
4881,1.0
4882,1.0
4883,0.998046875
4884,0.9970703125
4885,0.994140625
4886,0.990234375
4887,0.9853515625
4888,1.0
4889,1.0
4890,0.9970703125
4891,1.0
4892,0.9921875
4893,0.990234375
4894,0.9912109375
4895,0.9814453125
4896,0.9990234375
4897,0.998046875
4898,0.998046875
4899,0.9931640625
4900,0.990234375
4901,0.984375
4902,0.9658203125
4903,0.95703125
4904,1.0
4905,1.0
4906,1.0
4907,0.9990234375
4908,0.9990234375
4909,0.9951171875
4910,0.9912109375
4911,0.9873046875
4912,1.0
4913,1.0
4914,1.0
4915,0.9990234375
4916,0.99609375
4917,0.9931640625
4918,0.9873046875
4919,0.984375
4920,1.0
4921,1.0
4922,1.0
4923,0.9990234375
4924,0.998046875
4925,0.99609375
4926,0.9931640625
4927,0.99609375
4928,1.0
4929,1.0
4930,1.0
4931,0.998046875
4932,0.994140625
4933,0.9892578125
4934,0.994140625
4935,0.9892578125
4936,1.0
4937,1.0
4938,1.0
4939,0.998046875
4940,0.9951171875
4941,0.9931640625
4942,0.9921875
4943,0.9892578125
4944,1.0
4945,1.0
4946,1.0
4947,0.998046875
4948,0.9970703125
4949,0.9931640625
4950,0.98828125
4951,0.986328125
4952,1.0
4953,1.0
4954,1.0
4955,1.0
4956,0.9951171875
4957,0.998046875
4958,0.9931640625
4959,0.9892578125
4960,0.9990234375
4961,0.9990234375
4962,0.9970703125
4963,0.994140625
4964,0.9931640625
4965,0.984375
4966,0.9755859375
4967,0.958984375
4968,1.0
4969,1.0
4970,1.0
4971,1.0
4972,0.9990234375
4973,0.9970703125
4974,0.9970703125
4975,0.99609375
4976,1.0
4977,1.0
4978,1.0
4979,0.998046875
4980,0.9970703125
4981,0.9931640625
4982,0.984375
4983,0.9814453125
4984,0.9990234375
4985,1.0
4986,0.9970703125
4987,0.9951171875
4988,0.990234375
4989,0.9794921875
4990,0.9677734375
4991,0.955078125
4992,1.0
4993,1.0
4994,0.9990234375
4995,0.998046875
4996,0.9970703125
4997,0.9892578125
4998,0.986328125
4999,0.978515625
5000,0.9990234375
5001,0.9990234375
5002,0.9951171875
5003,0.9931640625
5004,0.986328125
5005,0.978515625
5006,0.9609375
5007,0.9453125
5008,1.0
5009,1.0
5010,1.0
5011,0.998046875
5012,0.9970703125
5013,0.9931640625
5014,0.98828125
5015,0.9853515625
5016,1.0
5017,0.998046875
5018,0.99609375
5019,0.9970703125
5020,0.9912109375
5021,0.986328125
5022,0.96875
5023,0.9541015625
5024,1.0
5025,0.9990234375
5026,0.9990234375
5027,0.99609375
5028,0.994140625
5029,0.98828125
5030,0.984375
5031,0.9775390625
5032,1.0
5033,1.0
5034,1.0
5035,0.9990234375
5036,0.998046875
5037,0.99609375
5038,0.9951171875
5039,0.9912109375
5040,0.9990234375
5041,0.9990234375
5042,0.998046875
5043,0.9970703125
5044,0.9873046875
5045,0.978515625
5046,0.9677734375
5047,0.9580078125
5048,1.0
5049,1.0
5050,0.9990234375
5051,0.998046875
5052,0.994140625
5053,0.9892578125
5054,0.984375
5055,0.9716796875
5056,1.0
5057,1.0
5058,0.9990234375
5059,0.9990234375
5060,0.9970703125
5061,0.9931640625
5062,0.9873046875
5063,0.9892578125
5064,1.0
5065,1.0
5066,1.0
5067,0.9970703125
5068,0.9951171875
5069,0.9912109375
5070,0.9814453125
5071,0.978515625
5072,1.0
5073,1.0
5074,1.0
5075,0.9990234375
5076,0.9951171875
5077,0.9912109375
5078,0.9892578125
5079,0.982421875
5080,1.0
5081,1.0
5082,0.998046875
5083,0.9990234375
5084,0.994140625
5085,0.9892578125
5086,0.986328125
5087,0.978515625
5088,1.0
5089,1.0
5090,0.9990234375
5091,0.9970703125
5092,0.99609375
5093,0.9912109375
5094,0.9873046875
5095,0.9765625
5096,1.0
5097,1.0
5098,1.0
5099,0.9990234375
5100,0.998046875
5101,0.9931640625
5102,0.9912109375
5103,0.99609375
5104,1.0
5105,1.0
5106,1.0
5107,0.99609375
5108,0.994140625
5109,0.9951171875
5110,0.984375
5111,0.978515625
5112,1.0
5113,1.0
5114,0.9990234375
5115,1.0
5116,0.9921875
5117,0.9853515625
5118,0.98046875
5119,0.974609375
5120,1.0
5121,1.0
5122,0.9990234375
5123,0.9990234375
5124,0.99609375
5125,0.9921875
5126,0.98828125
5127,0.9873046875
5128,1.0
5129,1.0
5130,0.9990234375
5131,0.9951171875
5132,0.9951171875
5133,0.9873046875
5134,0.978515625
5135,0.9677734375
5136,1.0
5137,1.0
5138,0.9990234375
5139,1.0
5140,0.9931640625
5141,0.9892578125
5142,0.98828125
5143,0.978515625
5144,1.0
5145,1.0
5146,0.9970703125
5147,0.99609375
5148,0.990234375
5149,0.98828125
5150,0.974609375
5151,0.9658203125
5152,1.0
5153,1.0
5154,0.9990234375
5155,0.998046875
5156,0.9951171875
5157,0.98828125
5158,0.982421875
5159,0.9794921875
5160,1.0
5161,1.0
5162,1.0
5163,1.0
5164,0.9990234375
5165,0.998046875
5166,0.998046875
5167,0.9970703125
5168,1.0
5169,1.0
5170,0.9990234375
5171,0.9970703125
5172,0.994140625
5173,0.9951171875
5174,0.9873046875
5175,0.986328125
5176,1.0
5177,1.0
5178,0.9990234375
5179,0.998046875
5180,0.990234375
5181,0.9873046875
5182,0.98828125
5183,0.97265625
5184,1.0
5185,1.0
5186,1.0
5187,0.9990234375
5188,0.998046875
5189,0.9970703125
5190,0.990234375
5191,0.9892578125
5192,1.0
5193,0.9990234375
5194,0.998046875
5195,0.99609375
5196,0.9892578125
5197,0.986328125
5198,0.962890625
5199,0.9501953125
5200,1.0
5201,1.0
5202,1.0
5203,1.0
5204,0.994140625
5205,0.9951171875
5206,0.990234375
5207,0.9912109375
5208,1.0
5209,1.0
5210,1.0
5211,1.0
5212,0.9990234375
5213,0.9892578125
5214,0.9873046875
5215,0.990234375
5216,1.0
5217,1.0
5218,1.0
5219,0.9990234375
5220,0.998046875
5221,0.9921875
5222,0.990234375
5223,0.9853515625
5224,1.0
5225,1.0
5226,1.0
5227,1.0
5228,0.9990234375
5229,0.9970703125
5230,0.9912109375
5231,0.9931640625
5232,1.0
5233,1.0
5234,1.0
5235,0.99609375
5236,0.9931640625
5237,0.9921875
5238,0.986328125
5239,0.9794921875
5240,1.0
5241,0.9990234375
5242,0.998046875
5243,0.9990234375
5244,0.99609375
5245,0.9853515625
5246,0.9794921875
5247,0.97265625
5248,1.0
5249,1.0
5250,0.9990234375
5251,0.998046875
5252,0.994140625
5253,0.9892578125
5254,0.9814453125
5255,0.9716796875
5256,1.0
5257,1.0
5258,0.9990234375
5259,0.994140625
5260,0.9931640625
5261,0.990234375
5262,0.986328125
5263,0.98046875
5264,1.0
5265,1.0
5266,0.9990234375
5267,0.998046875
5268,0.99609375
5269,0.9912109375
5270,0.9873046875
5271,0.9853515625
5272,1.0
5273,0.9990234375
5274,1.0
5275,0.9951171875
5276,0.9951171875
5277,0.9853515625
5278,0.9775390625
5279,0.9716796875
5280,1.0
5281,1.0
5282,1.0
5283,1.0
5284,0.9970703125
5285,0.9970703125
5286,0.9931640625
5287,0.994140625
5288,1.0
5289,1.0
5290,0.9990234375
5291,0.9970703125
5292,0.99609375
5293,0.9921875
5294,0.984375
5295,0.9736328125
5296,1.0
5297,1.0
5298,0.998046875
5299,0.9951171875
5300,0.9912109375
5301,0.9921875
5302,0.9775390625
5303,0.9736328125
5304,1.0
5305,1.0
5306,0.99609375
5307,0.9951171875
5308,0.99609375
5309,0.982421875
5310,0.9765625
5311,0.9697265625
5312,1.0
5313,1.0
5314,0.9990234375
5315,0.9951171875
5316,0.9951171875
5317,0.9873046875
5318,0.98046875
5319,0.962890625
5320,1.0
5321,0.9990234375
5322,0.9990234375
5323,0.99609375
5324,0.994140625
5325,0.9892578125
5326,0.9765625
5327,0.974609375
5328,1.0
5329,1.0
5330,1.0
5331,0.998046875
5332,0.9951171875
5333,0.990234375
5334,0.98828125
5335,0.986328125
5336,1.0
5337,0.9990234375
5338,0.9990234375
5339,0.9970703125
5340,0.994140625
5341,0.98828125
5342,0.9814453125
5343,0.9755859375
5344,1.0
5345,1.0
5346,0.9990234375
5347,0.9970703125
5348,0.9921875
5349,0.990234375
5350,0.9833984375
5351,0.9697265625
5352,1.0
5353,1.0
5354,1.0
5355,0.9990234375
5356,0.9990234375
5357,0.998046875
5358,0.9951171875
5359,0.9921875
5360,1.0
5361,1.0
5362,1.0
5363,0.9990234375
5364,0.9970703125
5365,0.9921875
5366,0.9873046875
5367,0.9873046875
5368,1.0
5369,0.9990234375
5370,0.9990234375
5371,0.9970703125
5372,0.994140625
5373,0.990234375
5374,0.984375
5375,0.9853515625
5376,1.0
5377,1.0
5378,0.9990234375
5379,0.994140625
5380,0.9951171875
5381,0.9931640625
5382,0.9794921875
5383,0.9755859375
5384,1.0
5385,1.0
5386,0.9990234375
5387,0.99609375
5388,0.994140625
5389,0.990234375
5390,0.986328125
5391,0.9814453125
5392,1.0
5393,1.0
5394,0.9990234375
5395,0.9990234375
5396,0.9970703125
5397,0.994140625
5398,0.994140625
5399,0.9921875
5400,1.0
5401,1.0
5402,0.998046875
5403,0.9970703125
5404,0.990234375
5405,0.978515625
5406,0.9638671875
5407,0.9521484375
5408,1.0
5409,1.0
5410,1.0
5411,0.9990234375
5412,0.99609375
5413,0.994140625
5414,0.98828125
5415,0.9892578125
5416,1.0
5417,1.0
5418,0.9990234375
5419,0.9990234375
5420,0.998046875
5421,0.9951171875
5422,0.994140625
5423,0.9892578125
5424,1.0
5425,1.0
5426,1.0
5427,1.0
5428,0.9990234375
5429,0.9951171875
5430,0.9912109375
5431,0.990234375
5432,1.0
5433,1.0
5434,1.0
5435,1.0
5436,0.998046875
5437,0.998046875
5438,0.990234375
5439,0.9912109375
5440,1.0
5441,1.0
5442,0.9970703125
5443,0.9970703125
5444,0.9931640625
5445,0.986328125
5446,0.97265625
5447,0.9560546875
5448,1.0
5449,1.0
5450,1.0
5451,0.9970703125
5452,0.9951171875
5453,0.9921875
5454,0.9921875
5455,0.9873046875
5456,1.0
5457,1.0
5458,1.0
5459,1.0
5460,0.9990234375
5461,0.99609375
5462,0.9951171875
5463,0.990234375
5464,1.0
5465,1.0
5466,0.998046875
5467,0.9951171875
5468,0.9892578125
5469,0.9892578125
5470,0.9765625
5471,0.966796875
5472,1.0
5473,1.0
5474,1.0
5475,1.0
5476,0.9990234375
5477,0.9951171875
5478,0.9921875
5479,0.9931640625
5480,1.0
5481,1.0
5482,1.0
5483,1.0
5484,0.998046875
5485,0.9970703125
5486,0.994140625
5487,0.9931640625
5488,1.0
5489,0.9990234375
5490,0.998046875
5491,0.9970703125
5492,0.9951171875
5493,0.9912109375
5494,0.986328125
5495,0.984375
5496,1.0
5497,1.0
5498,1.0
5499,0.99609375
5500,0.994140625
5501,0.9912109375
5502,0.9853515625
5503,0.984375
5504,1.0
5505,0.9990234375
5506,0.998046875
5507,0.9990234375
5508,0.9931640625
5509,0.9921875
5510,0.982421875
5511,0.9736328125
5512,1.0
5513,1.0
5514,1.0
5515,1.0
5516,1.0
5517,0.9951171875
5518,0.994140625
5519,0.9951171875
5520,0.9990234375
5521,1.0
5522,0.99609375
5523,0.9921875
5524,0.9892578125
5525,0.9833984375
5526,0.9755859375
5527,0.970703125
5528,1.0
5529,1.0
5530,0.998046875
5531,0.99609375
5532,0.994140625
5533,0.986328125
5534,0.9814453125
5535,0.9677734375
5536,0.9990234375
5537,0.9990234375
5538,0.9970703125
5539,0.9951171875
5540,0.9921875
5541,0.9892578125
5542,0.96484375
5543,0.95703125
5544,1.0
5545,1.0
5546,0.9970703125
5547,0.9970703125
5548,0.994140625
5549,0.990234375
5550,0.9814453125
5551,0.98046875
5552,1.0
5553,1.0
5554,1.0
5555,1.0
5556,0.9951171875
5557,0.990234375
5558,0.98828125
5559,0.9736328125
5560,1.0
5561,1.0
5562,1.0
5563,1.0
5564,0.9970703125
5565,0.994140625
5566,0.986328125
5567,0.9833984375
5568,1.0
5569,1.0
5570,1.0
5571,1.0
5572,0.99609375
5573,0.99609375
5574,0.994140625
5575,0.9921875
5576,1.0
5577,0.9990234375
5578,0.9970703125
5579,0.99609375
5580,0.9912109375
5581,0.9921875
5582,0.9833984375
5583,0.9814453125
5584,1.0
5585,1.0
5586,0.9990234375
5587,0.9970703125
5588,0.9951171875
5589,0.994140625
5590,0.9833984375
5591,0.978515625
5592,1.0
5593,1.0
5594,0.9990234375
5595,0.994140625
5596,0.9912109375
5597,0.9912109375
5598,0.98046875
5599,0.96875
5600,1.0
5601,0.9990234375
5602,0.9970703125
5603,0.994140625
5604,0.9921875
5605,0.982421875
5606,0.98046875
5607,0.9677734375
5608,1.0
5609,1.0
5610,0.998046875
5611,0.9970703125
5612,0.9931640625
5613,0.98828125
5614,0.984375
5615,0.970703125
5616,1.0
5617,0.9990234375
5618,1.0
5619,0.994140625
5620,0.998046875
5621,0.9970703125
5622,0.98828125
5623,0.98046875
5624,1.0
5625,1.0
5626,1.0
5627,0.9970703125
5628,0.9990234375
5629,0.9951171875
5630,0.9912109375
5631,0.98828125
5632,1.0
5633,1.0
5634,1.0
5635,0.9990234375
5636,0.9990234375
5637,0.994140625
5638,0.9931640625
5639,0.990234375
5640,1.0
5641,1.0
5642,0.9990234375
5643,0.998046875
5644,0.99609375
5645,0.9951171875
5646,0.990234375
5647,0.984375
5648,1.0
5649,1.0
5650,1.0
5651,0.9990234375
5652,0.998046875
5653,0.998046875
5654,0.990234375
5655,0.9892578125
5656,1.0
5657,0.9990234375
5658,0.9970703125
5659,0.99609375
5660,0.9912109375
5661,0.98828125
5662,0.98046875
5663,0.9716796875
5664,1.0
5665,1.0
5666,0.9990234375
5667,0.9970703125
5668,0.9912109375
5669,0.9931640625
5670,0.9814453125
5671,0.9697265625
5672,1.0
5673,1.0
5674,1.0
5675,1.0
5676,0.998046875
5677,0.9970703125
5678,0.990234375
5679,0.9921875
5680,1.0
5681,1.0
5682,0.9970703125
5683,0.99609375
5684,0.9931640625
5685,0.9912109375
5686,0.9873046875
5687,0.9814453125
5688,1.0
5689,1.0
5690,1.0
5691,1.0
5692,1.0
5693,0.9892578125
5694,0.9873046875
5695,0.9853515625
5696,1.0
5697,1.0
5698,0.9990234375
5699,0.998046875
5700,0.9931640625
5701,0.986328125
5702,0.9765625
5703,0.96875
5704,1.0
5705,1.0
5706,0.9990234375
5707,0.998046875
5708,0.9970703125
5709,0.9921875
5710,0.9892578125
5711,0.9873046875
5712,1.0
5713,0.9990234375
5714,0.9990234375
5715,0.994140625
5716,0.9912109375
5717,0.9873046875
5718,0.9736328125
5719,0.9697265625
5720,1.0
5721,1.0
5722,1.0
5723,1.0
5724,1.0
5725,0.9990234375
5726,0.998046875
5727,0.998046875
5728,1.0
5729,1.0
5730,1.0
5731,1.0
5732,0.9990234375
5733,0.99609375
5734,0.9931640625
5735,0.9951171875
5736,1.0
5737,1.0
5738,0.9990234375
5739,0.998046875
5740,0.99609375
5741,0.9892578125
5742,0.9853515625
5743,0.986328125
5744,1.0
5745,1.0
5746,1.0
5747,0.998046875
5748,0.9951171875
5749,0.9912109375
5750,0.984375
5751,0.9775390625
5752,1.0
5753,1.0
5754,0.9990234375
5755,0.9990234375
5756,0.9931640625
5757,0.9921875
5758,0.9794921875
5759,0.9794921875
5760,1.0
5761,0.9990234375
5762,0.9970703125
5763,0.99609375
5764,0.9912109375
5765,0.9873046875
5766,0.9765625
5767,0.9580078125
5768,1.0
5769,1.0
5770,0.9990234375
5771,0.998046875
5772,0.9951171875
5773,0.9970703125
5774,0.9921875
5775,0.982421875
5776,1.0
5777,1.0
5778,1.0
5779,0.9990234375
5780,0.998046875
5781,0.9931640625
5782,0.9892578125
5783,0.990234375
5784,1.0
5785,1.0
5786,0.9990234375
5787,0.9970703125
5788,0.9931640625
5789,0.9931640625
5790,0.98828125
5791,0.982421875
5792,1.0
5793,0.9990234375
5794,1.0
5795,0.998046875
5796,0.9951171875
5797,0.990234375
5798,0.990234375
5799,0.982421875
5800,1.0
5801,1.0
5802,0.9990234375
5803,0.99609375
5804,0.9931640625
5805,0.9912109375
5806,0.98828125
5807,0.98046875
5808,1.0
5809,1.0
5810,1.0
5811,0.9990234375
5812,0.998046875
5813,0.99609375
5814,0.9951171875
5815,0.9892578125
5816,1.0
5817,1.0
5818,0.9990234375
5819,0.998046875
5820,0.9951171875
5821,0.990234375
5822,0.9921875
5823,0.98828125
5824,1.0
5825,1.0
5826,1.0
5827,1.0
5828,0.9990234375
5829,0.99609375
5830,0.990234375
5831,0.990234375
5832,1.0
5833,1.0
5834,1.0
5835,0.9990234375
5836,0.9970703125
5837,0.9931640625
5838,0.9853515625
5839,0.98046875
5840,1.0
5841,0.9990234375
5842,0.9970703125
5843,0.9951171875
5844,0.9912109375
5845,0.986328125
5846,0.9755859375
5847,0.9638671875
5848,0.9990234375
5849,0.9990234375
5850,0.99609375
5851,0.998046875
5852,0.9921875
5853,0.9833984375
5854,0.9755859375
5855,0.9609375
5856,1.0
5857,1.0
5858,0.9970703125
5859,0.99609375
5860,0.9921875
5861,0.986328125
5862,0.9775390625
5863,0.9736328125
5864,1.0
5865,1.0
5866,1.0
5867,0.9990234375
5868,0.998046875
5869,0.9970703125
5870,0.9912109375
5871,0.9912109375
5872,1.0
5873,1.0
5874,0.9990234375
5875,1.0
5876,0.9970703125
5877,0.9931640625
5878,0.986328125
5879,0.982421875
5880,1.0
5881,1.0
5882,1.0
5883,0.9990234375
5884,0.9970703125
5885,0.994140625
5886,0.9853515625
5887,0.982421875
5888,1.0
5889,1.0
5890,0.9990234375
5891,0.99609375
5892,0.9951171875
5893,0.9931640625
5894,0.986328125
5895,0.9716796875
5896,1.0
5897,0.9990234375
5898,0.998046875
5899,0.99609375
5900,0.99609375
5901,0.98828125
5902,0.9755859375
5903,0.9658203125
5904,1.0
5905,1.0
5906,0.9970703125
5907,0.99609375
5908,0.9912109375
5909,0.9833984375
5910,0.970703125
5911,0.9599609375
5912,1.0
5913,1.0
5914,1.0
5915,1.0
5916,1.0
5917,0.9970703125
5918,0.9931640625
5919,0.9931640625
5920,1.0
5921,1.0
5922,0.9990234375
5923,0.9970703125
5924,0.9970703125
5925,0.9921875
5926,0.990234375
5927,0.9892578125
5928,1.0
5929,1.0
5930,0.9990234375
5931,0.9990234375
5932,0.9951171875
5933,0.9951171875
5934,0.9892578125
5935,0.9833984375
5936,1.0
5937,1.0
5938,0.99609375
5939,0.994140625
5940,0.99609375
5941,0.9931640625
5942,0.9794921875
5943,0.9765625
5944,1.0
5945,0.9990234375
5946,0.9990234375
5947,0.9990234375
5948,0.990234375
5949,0.9833984375
5950,0.982421875
5951,0.966796875
5952,1.0
5953,1.0
5954,1.0
5955,1.0
5956,0.9990234375
5957,0.998046875
5958,0.9970703125
5959,0.9970703125
5960,1.0
5961,1.0
5962,1.0
5963,1.0
5964,0.9990234375
5965,0.9951171875
5966,0.994140625
5967,0.990234375
5968,1.0
5969,1.0
5970,1.0
5971,0.9990234375
5972,0.998046875
5973,0.9921875
5974,0.9892578125
5975,0.9833984375
5976,1.0
5977,0.9990234375
5978,0.998046875
5979,0.99609375
5980,0.9912109375
5981,0.986328125
5982,0.9814453125
5983,0.97265625
5984,1.0
5985,1.0
5986,0.9990234375
5987,0.994140625
5988,0.9931640625
5989,0.9833984375
5990,0.974609375
5991,0.9638671875
5992,1.0
5993,1.0
5994,1.0
5995,1.0
5996,0.9990234375
5997,0.9990234375
5998,0.9990234375
5999,0.99609375
6000,1.0
6001,1.0
6002,1.0
6003,0.9990234375
6004,0.9970703125
6005,0.9970703125
6006,0.99609375
6007,0.9921875
6008,1.0
6009,1.0
6010,0.9990234375
6011,0.998046875
6012,0.99609375
6013,0.9931640625
6014,0.9892578125
6015,0.9873046875
6016,1.0
6017,1.0
6018,0.9970703125
6019,0.994140625
6020,0.9921875
6021,0.9833984375
6022,0.9755859375
6023,0.955078125
6024,0.9990234375
6025,0.9990234375
6026,0.998046875
6027,0.994140625
6028,0.9951171875
6029,0.9794921875
6030,0.978515625
6031,0.966796875
6032,1.0
6033,0.9990234375
6034,0.9990234375
6035,0.99609375
6036,0.99609375
6037,0.9931640625
6038,0.98828125
6039,0.9794921875
6040,1.0
6041,0.9990234375
6042,0.9990234375
6043,0.9970703125
6044,0.9912109375
6045,0.986328125
6046,0.978515625
6047,0.974609375
6048,1.0
6049,0.9990234375
6050,0.9951171875
6051,0.99609375
6052,0.9912109375
6053,0.9873046875
6054,0.9755859375
6055,0.9609375
6056,1.0
6057,1.0
6058,1.0
6059,1.0
6060,1.0
6061,1.0
6062,0.9990234375
6063,0.9990234375
6064,1.0
6065,1.0
6066,0.9990234375
6067,0.99609375
6068,0.994140625
6069,0.9921875
6070,0.9853515625
6071,0.974609375
6072,1.0
6073,0.9990234375
6074,1.0
6075,0.9990234375
6076,0.994140625
6077,0.9892578125
6078,0.98046875
6079,0.9736328125
6080,1.0
6081,1.0
6082,0.998046875
6083,0.9970703125
6084,0.9931640625
6085,0.98828125
6086,0.974609375
6087,0.9697265625
6088,1.0
6089,0.9990234375
6090,0.9970703125
6091,0.998046875
6092,0.9951171875
6093,0.990234375
6094,0.9833984375
6095,0.9716796875
6096,1.0
6097,1.0
6098,0.99609375
6099,0.9931640625
6100,0.9892578125
6101,0.9814453125
6102,0.9697265625
6103,0.955078125
6104,1.0
6105,0.9990234375
6106,0.998046875
6107,0.998046875
6108,0.9931640625
6109,0.9853515625
6110,0.978515625
6111,0.9736328125
6112,1.0
6113,1.0
6114,1.0
6115,1.0
6116,1.0
6117,0.9990234375
6118,0.998046875
6119,0.9970703125
6120,1.0
6121,1.0
6122,1.0
6123,0.9990234375
6124,1.0
6125,1.0
6126,0.99609375
6127,0.9873046875
6128,1.0
6129,1.0
6130,0.9990234375
6131,0.998046875
6132,0.9951171875
6133,0.9921875
6134,0.9931640625
6135,0.9892578125
6136,1.0
6137,0.9990234375
6138,0.998046875
6139,0.99609375
6140,0.9951171875
6141,0.9912109375
6142,0.98046875
6143,0.982421875
6144,1.0
6145,1.0
6146,1.0
6147,1.0
6148,0.9970703125
6149,0.994140625
6150,0.9912109375
6151,0.98828125
6152,1.0
6153,1.0
6154,1.0
6155,1.0
6156,0.9990234375
6157,0.9951171875
6158,0.990234375
6159,0.9873046875
6160,1.0
6161,0.9990234375
6162,0.99609375
6163,0.9931640625
6164,0.9951171875
6165,0.9912109375
6166,0.9765625
6167,0.9658203125
6168,1.0
6169,1.0
6170,1.0
6171,0.9970703125
6172,0.994140625
6173,0.9921875
6174,0.984375
6175,0.9814453125
6176,1.0
6177,0.9990234375
6178,1.0
6179,0.998046875
6180,0.9931640625
6181,0.9912109375
6182,0.9833984375
6183,0.978515625
6184,1.0
6185,1.0
6186,1.0
6187,1.0
6188,1.0
6189,0.9990234375
6190,0.998046875
6191,0.9970703125
6192,1.0
6193,1.0
6194,1.0
6195,1.0
6196,0.9951171875
6197,0.9921875
6198,0.990234375
6199,0.9853515625
6200,1.0
6201,1.0
6202,0.99609375
6203,1.0
6204,0.98828125
6205,0.984375
6206,0.974609375
6207,0.9765625
6208,1.0
6209,1.0
6210,0.9970703125
6211,0.990234375
6212,0.98828125
6213,0.9765625
6214,0.958984375
6215,0.9384765625
6216,1.0
6217,1.0
6218,0.998046875
6219,0.998046875
6220,0.99609375
6221,0.98828125
6222,0.9814453125
6223,0.9775390625
6224,1.0
6225,1.0
6226,0.9990234375
6227,0.9970703125
6228,0.9921875
6229,0.990234375
6230,0.9892578125
6231,0.986328125
6232,1.0
6233,0.9990234375
6234,0.9990234375
6235,0.9951171875
6236,0.98828125
6237,0.9912109375
6238,0.9794921875
6239,0.9716796875
6240,1.0
6241,0.9990234375
6242,0.9951171875
6243,0.9970703125
6244,0.994140625
6245,0.9892578125
6246,0.982421875
6247,0.9775390625
6248,1.0
6249,1.0
6250,0.9990234375
6251,1.0
6252,0.9990234375
6253,0.9931640625
6254,0.9892578125
6255,0.990234375
6256,1.0
6257,1.0
6258,0.9990234375
6259,0.9990234375
6260,0.994140625
6261,0.994140625
6262,0.986328125
6263,0.98828125
6264,1.0
6265,1.0
6266,0.9990234375
6267,0.998046875
6268,0.994140625
6269,0.9931640625
6270,0.986328125
6271,0.970703125
6272,1.0
6273,1.0
6274,1.0
6275,1.0
6276,0.9990234375
6277,0.998046875
6278,0.9931640625
6279,0.9912109375
6280,1.0
6281,1.0
6282,0.998046875
6283,0.9970703125
6284,0.994140625
6285,0.9921875
6286,0.9833984375
6287,0.974609375
6288,1.0
6289,0.9990234375
6290,0.998046875
6291,0.99609375
6292,0.9951171875
6293,0.9921875
6294,0.9833984375
6295,0.974609375
6296,1.0
6297,1.0
6298,0.998046875
6299,0.9970703125
6300,0.9970703125
6301,0.9921875
6302,0.98046875
6303,0.98046875
6304,1.0
6305,0.9990234375
6306,0.9970703125
6307,0.9970703125
6308,0.9921875
6309,0.986328125
6310,0.9794921875
6311,0.9677734375
6312,1.0
6313,1.0
6314,0.9990234375
6315,0.99609375
6316,0.9921875
6317,0.98828125
6318,0.9755859375
6319,0.9619140625
6320,1.0
6321,1.0
6322,0.9990234375
6323,0.998046875
6324,0.9970703125
6325,0.9931640625
6326,0.9892578125
6327,0.986328125
6328,1.0
6329,1.0
6330,0.9990234375
6331,0.9990234375
6332,0.9921875
6333,0.994140625
6334,0.9853515625
6335,0.98046875
6336,1.0
6337,1.0
6338,0.998046875
6339,0.9970703125
6340,0.9951171875
6341,0.98828125
6342,0.98046875
6343,0.9775390625
6344,1.0
6345,1.0
6346,1.0
6347,0.9990234375
6348,0.99609375
6349,0.9912109375
6350,0.9853515625
6351,0.9853515625
6352,1.0
6353,1.0
6354,1.0
6355,1.0
6356,1.0
6357,0.9990234375
6358,0.994140625
6359,0.99609375
6360,1.0
6361,1.0
6362,1.0
6363,0.99609375
6364,0.998046875
6365,0.9892578125
6366,0.9853515625
6367,0.986328125
6368,1.0
6369,1.0
6370,1.0
6371,1.0
6372,0.998046875
6373,0.9951171875
6374,0.9931640625
6375,0.9873046875
6376,1.0
6377,1.0
6378,0.9990234375
6379,0.9990234375
6380,0.9951171875
6381,0.98828125
6382,0.982421875
6383,0.974609375
6384,1.0
6385,1.0
6386,1.0
6387,1.0
6388,1.0
6389,0.9990234375
6390,0.9990234375
6391,0.99609375
6392,1.0
6393,0.9990234375
6394,0.998046875
6395,1.0
6396,0.99609375
6397,0.9921875
6398,0.98828125
6399,0.978515625
6400,1.0
6401,1.0
6402,0.9990234375
6403,0.998046875
6404,0.9970703125
6405,0.994140625
6406,0.98046875
6407,0.982421875
6408,1.0
6409,1.0
6410,1.0
6411,0.9990234375
6412,0.9970703125
6413,0.99609375
6414,0.9951171875
6415,0.990234375
6416,1.0
6417,1.0
6418,0.9990234375
6419,0.9970703125
6420,0.9951171875
6421,0.9921875
6422,0.9873046875
6423,0.986328125
6424,1.0
6425,1.0
6426,1.0
6427,1.0
6428,0.998046875
6429,0.99609375
6430,0.990234375
6431,0.98828125
6432,1.0
6433,1.0
6434,0.998046875
6435,0.99609375
6436,0.9951171875
6437,0.9912109375
6438,0.986328125
6439,0.9814453125
6440,1.0
6441,1.0
6442,1.0
6443,1.0
6444,0.9990234375
6445,0.998046875
6446,0.99609375
6447,0.994140625
6448,1.0
6449,1.0
6450,0.998046875
6451,0.9970703125
6452,0.9921875
6453,0.9921875
6454,0.984375
6455,0.9716796875
6456,1.0
6457,0.998046875
6458,0.9990234375
6459,0.9970703125
6460,0.9921875
6461,0.986328125
6462,0.9775390625
6463,0.9638671875
6464,1.0
6465,0.9990234375
6466,0.998046875
6467,0.99609375
6468,0.9931640625
6469,0.986328125
6470,0.982421875
6471,0.98046875
6472,1.0
6473,1.0
6474,1.0
6475,0.9990234375
6476,0.9951171875
6477,0.9921875
6478,0.990234375
6479,0.9853515625
6480,1.0
6481,0.9990234375
6482,0.9970703125
6483,0.994140625
6484,0.990234375
6485,0.9833984375
6486,0.9677734375
6487,0.9619140625
6488,1.0
6489,0.9990234375
6490,0.998046875
6491,0.99609375
6492,0.9931640625
6493,0.9892578125
6494,0.9853515625
6495,0.982421875
6496,1.0
6497,1.0
6498,1.0
6499,0.998046875
6500,0.99609375
6501,0.9951171875
6502,0.990234375
6503,0.990234375
6504,1.0
6505,0.9990234375
6506,0.99609375
6507,1.0
6508,0.994140625
6509,0.9833984375
6510,0.97265625
6511,0.9677734375
6512,1.0
6513,0.9990234375
6514,0.9990234375
6515,0.99609375
6516,0.9912109375
6517,0.990234375
6518,0.9794921875
6519,0.9716796875
6520,1.0
6521,0.9990234375
6522,1.0
6523,0.998046875
6524,0.9951171875
6525,0.9931640625
6526,0.9833984375
6527,0.9775390625
6528,1.0
6529,1.0
6530,0.9990234375
6531,0.998046875
6532,0.99609375
6533,0.9912109375
6534,0.9853515625
6535,0.9794921875
6536,1.0
6537,1.0
6538,0.998046875
6539,0.99609375
6540,0.9931640625
6541,0.9912109375
6542,0.982421875
6543,0.984375
6544,1.0
6545,1.0
6546,1.0
6547,1.0
6548,0.9990234375
6549,0.9990234375
6550,0.998046875
6551,0.9951171875
6552,1.0
6553,1.0
6554,1.0
6555,1.0
6556,0.998046875
6557,0.9931640625
6558,0.9921875
6559,0.986328125
6560,1.0
6561,1.0
6562,0.9990234375
6563,0.998046875
6564,0.994140625
6565,0.9873046875
6566,0.9794921875
6567,0.982421875
6568,1.0
6569,1.0
6570,0.998046875
6571,1.0
6572,0.9970703125
6573,0.9912109375
6574,0.984375
6575,0.98046875
6576,1.0
6577,1.0
6578,0.9990234375
6579,0.9970703125
6580,0.9931640625
6581,0.9892578125
6582,0.9814453125
6583,0.9765625
6584,1.0
6585,1.0
6586,1.0
6587,0.998046875
6588,0.998046875
6589,0.994140625
6590,0.9892578125
6591,0.98828125
6592,1.0
6593,1.0
6594,0.9970703125
6595,0.99609375
6596,0.9921875
6597,0.9892578125
6598,0.9794921875
6599,0.9755859375
6600,1.0
6601,1.0
6602,0.998046875
6603,0.9970703125
6604,0.9951171875
6605,0.9892578125
6606,0.9912109375
6607,0.986328125
6608,1.0
6609,0.9990234375
6610,0.998046875
6611,1.0
6612,0.9921875
6613,0.9873046875
6614,0.98828125
6615,0.98046875
6616,1.0
6617,1.0
6618,0.9990234375
6619,0.9970703125
6620,0.9921875
6621,0.9873046875
6622,0.9814453125
6623,0.970703125
6624,1.0
6625,1.0
6626,0.9990234375
6627,0.998046875
6628,0.994140625
6629,0.994140625
6630,0.9892578125
6631,0.984375
6632,1.0
6633,1.0
6634,1.0
6635,1.0
6636,0.9970703125
6637,0.99609375
6638,0.9912109375
6639,0.9892578125
6640,1.0
6641,0.998046875
6642,0.9951171875
6643,0.994140625
6644,0.9931640625
6645,0.982421875
6646,0.9677734375
6647,0.958984375
6648,1.0
6649,1.0
6650,0.9990234375
6651,0.9970703125
6652,0.9912109375
6653,0.98828125
6654,0.982421875
6655,0.986328125
6656,1.0
6657,1.0
6658,1.0
6659,1.0
6660,0.9990234375
6661,0.994140625
6662,0.99609375
6663,0.9921875
6664,1.0
6665,1.0
6666,1.0
6667,0.998046875
6668,0.994140625
6669,0.9892578125
6670,0.9833984375
6671,0.98046875
6672,1.0
6673,1.0
6674,0.99609375
6675,0.9951171875
6676,0.99609375
6677,0.9931640625
6678,0.9853515625
6679,0.9755859375
6680,1.0
6681,1.0
6682,1.0
6683,0.998046875
6684,0.9970703125
6685,0.9951171875
6686,0.9921875
6687,0.98828125
6688,1.0
6689,1.0
6690,1.0
6691,1.0
6692,1.0
6693,0.998046875
6694,0.994140625
6695,0.9921875
6696,1.0
6697,1.0
6698,1.0
6699,0.998046875
6700,0.99609375
6701,0.994140625
6702,0.9873046875
6703,0.9873046875
6704,1.0
6705,1.0
6706,1.0
6707,1.0
6708,1.0
6709,0.9990234375
6710,0.9931640625
6711,0.994140625
6712,1.0
6713,1.0
6714,1.0
6715,0.9970703125
6716,0.994140625
6717,0.9892578125
6718,0.982421875
6719,0.9765625
6720,1.0
6721,1.0
6722,0.998046875
6723,0.99609375
6724,0.9921875
6725,0.9912109375
6726,0.9814453125
6727,0.9794921875
6728,1.0
6729,1.0
6730,0.9970703125
6731,0.9931640625
6732,0.9873046875
6733,0.9853515625
6734,0.9736328125
6735,0.96484375
6736,1.0
6737,1.0
6738,0.9970703125
6739,0.9970703125
6740,0.994140625
6741,0.9873046875
6742,0.9853515625
6743,0.9755859375
6744,1.0
6745,1.0
6746,1.0
6747,0.9990234375
6748,0.994140625
6749,0.9921875
6750,0.9794921875
6751,0.9716796875
6752,1.0
6753,1.0
6754,0.9970703125
6755,0.9970703125
6756,0.9931640625
6757,0.9951171875
6758,0.98828125
6759,0.9814453125
6760,1.0
6761,1.0
6762,0.9990234375
6763,0.9970703125
6764,0.99609375
6765,0.9912109375
6766,0.986328125
6767,0.98046875
6768,1.0
6769,1.0
6770,1.0
6771,1.0
6772,1.0
6773,1.0
6774,1.0
6775,0.9990234375
6776,1.0
6777,1.0
6778,1.0
6779,0.998046875
6780,0.9951171875
6781,0.99609375
6782,0.98828125
6783,0.984375
6784,1.0
6785,1.0
6786,1.0
6787,0.99609375
6788,0.9970703125
6789,0.9892578125
6790,0.984375
6791,0.9794921875
6792,1.0
6793,1.0
6794,0.9990234375
6795,0.998046875
6796,0.998046875
6797,0.990234375
6798,0.9853515625
6799,0.9814453125
6800,1.0
6801,1.0
6802,0.9970703125
6803,0.994140625
6804,0.9912109375
6805,0.986328125
6806,0.9775390625
6807,0.9580078125
6808,1.0
6809,1.0
6810,1.0
6811,1.0
6812,1.0
6813,0.998046875
6814,0.9970703125
6815,0.998046875
6816,1.0
6817,1.0
6818,1.0
6819,0.998046875
6820,0.9912109375
6821,0.990234375
6822,0.9814453125
6823,0.9794921875
6824,1.0
6825,1.0
6826,1.0
6827,0.9970703125
6828,0.994140625
6829,0.994140625
6830,0.9873046875
6831,0.978515625
6832,1.0
6833,1.0
6834,1.0
6835,1.0
6836,0.9990234375
6837,0.9970703125
6838,0.9951171875
6839,0.98828125
6840,1.0
6841,1.0
6842,1.0
6843,0.9990234375
6844,0.9970703125
6845,0.99609375
6846,0.986328125
6847,0.986328125
6848,1.0
6849,1.0
6850,1.0
6851,0.9970703125
6852,0.9912109375
6853,0.9833984375
6854,0.9658203125
6855,0.955078125
6856,1.0
6857,1.0
6858,0.998046875
6859,0.99609375
6860,0.998046875
6861,0.9873046875
6862,0.9833984375
6863,0.98046875
6864,1.0
6865,1.0
6866,1.0
6867,0.9990234375
6868,0.9970703125
6869,0.99609375
6870,0.99609375
6871,0.994140625
6872,1.0
6873,1.0
6874,1.0
6875,0.9990234375
6876,0.998046875
6877,0.99609375
6878,0.9921875
6879,0.98828125
6880,1.0
6881,0.9990234375
6882,0.998046875
6883,0.9951171875
6884,0.9892578125
6885,0.9873046875
6886,0.9775390625
6887,0.962890625
6888,1.0
6889,0.998046875
6890,0.998046875
6891,0.9970703125
6892,0.9921875
6893,0.98828125
6894,0.9716796875
6895,0.9609375
6896,1.0
6897,1.0
6898,0.9970703125
6899,0.99609375
6900,0.9892578125
6901,0.9814453125
6902,0.97265625
6903,0.9580078125
6904,1.0
6905,1.0
6906,1.0
6907,0.9990234375
6908,0.99609375
6909,0.9912109375
6910,0.9853515625
6911,0.98828125
6912,1.0
6913,1.0
6914,1.0
6915,0.998046875
6916,0.9990234375
6917,0.9873046875
6918,0.9814453125
6919,0.98046875
6920,1.0
6921,1.0
6922,1.0
6923,0.998046875
6924,0.99609375
6925,0.9951171875
6926,0.9912109375
6927,0.986328125
6928,1.0
6929,1.0
6930,1.0
6931,0.998046875
6932,0.9990234375
6933,0.9931640625
6934,0.99609375
6935,0.990234375
6936,1.0
6937,1.0
6938,1.0
6939,1.0
6940,0.998046875
6941,0.9951171875
6942,0.9892578125
6943,0.9912109375
6944,1.0
6945,1.0
6946,1.0
6947,1.0
6948,0.9990234375
6949,0.9951171875
6950,0.9951171875
6951,0.9912109375
6952,1.0
6953,0.9990234375
6954,0.9990234375
6955,0.998046875
6956,0.99609375
6957,0.98828125
6958,0.98046875
6959,0.9677734375
6960,1.0
6961,1.0
6962,1.0
6963,0.9990234375
6964,0.9931640625
6965,0.9892578125
6966,0.986328125
6967,0.978515625
6968,1.0
6969,1.0
6970,1.0
6971,1.0
6972,0.9970703125
6973,0.99609375
6974,0.9912109375
6975,0.990234375
6976,1.0
6977,1.0
6978,1.0
6979,1.0
6980,0.998046875
6981,0.9970703125
6982,0.99609375
6983,0.99609375
6984,1.0
6985,1.0
6986,1.0
6987,1.0
6988,1.0
6989,0.998046875
6990,0.99609375
6991,0.9931640625
6992,1.0
6993,1.0
6994,1.0
6995,0.9990234375
6996,0.99609375
6997,0.9892578125
6998,0.98828125
6999,0.982421875
7000,1.0
7001,1.0
7002,1.0
7003,0.998046875
7004,0.9931640625
7005,0.9921875
7006,0.9892578125
7007,0.978515625
7008,1.0
7009,1.0
7010,0.9990234375
7011,0.9970703125
7012,0.99609375
7013,0.986328125
7014,0.9833984375
7015,0.974609375
7016,1.0
7017,1.0
7018,0.998046875
7019,0.9970703125
7020,0.99609375
7021,0.9873046875
7022,0.986328125
7023,0.9853515625
7024,1.0
7025,0.9990234375
7026,0.9970703125
7027,0.9970703125
7028,0.9912109375
7029,0.98828125
7030,0.9736328125
7031,0.955078125
7032,1.0
7033,1.0
7034,1.0
7035,0.9970703125
7036,0.9970703125
7037,0.9921875
7038,0.9892578125
7039,0.9912109375
7040,1.0
7041,1.0
7042,0.9990234375
7043,0.99609375
7044,0.994140625
7045,0.9921875
7046,0.9853515625
7047,0.9794921875
7048,1.0
7049,1.0
7050,1.0
7051,0.9970703125
7052,0.9970703125
7053,0.9931640625
7054,0.9814453125
7055,0.974609375
7056,1.0
7057,1.0
7058,1.0
7059,0.9990234375
7060,0.9931640625
7061,0.9921875
7062,0.9833984375
7063,0.9794921875
7064,1.0
7065,1.0
7066,1.0
7067,0.9990234375
7068,0.9970703125
7069,0.99609375
7070,0.98828125
7071,0.9833984375
7072,1.0
7073,1.0
7074,1.0
7075,0.99609375
7076,0.9951171875
7077,0.9912109375
7078,0.98828125
7079,0.986328125
7080,1.0
7081,1.0
7082,0.9970703125
7083,0.9990234375
7084,0.99609375
7085,0.9921875
7086,0.9853515625
7087,0.9794921875
7088,1.0
7089,1.0
7090,0.9970703125
7091,0.9990234375
7092,0.9970703125
7093,0.98828125
7094,0.9833984375
7095,0.9755859375
7096,1.0
7097,1.0
7098,0.998046875
7099,0.99609375
7100,0.990234375
7101,0.984375
7102,0.9736328125
7103,0.96484375
7104,1.0
7105,0.9990234375
7106,0.99609375
7107,0.994140625
7108,0.990234375
7109,0.9814453125
7110,0.9794921875
7111,0.9599609375
7112,1.0
7113,1.0
7114,0.9990234375
7115,0.9990234375
7116,0.9951171875
7117,0.9912109375
7118,0.990234375
7119,0.984375
7120,1.0
7121,1.0
7122,1.0
7123,0.998046875
7124,0.9931640625
7125,0.990234375
7126,0.98828125
7127,0.9814453125
7128,1.0
7129,1.0
7130,1.0
7131,1.0
7132,1.0
7133,0.9990234375
7134,0.99609375
7135,0.990234375
7136,1.0
7137,0.9990234375
7138,0.99609375
7139,0.9970703125
7140,0.9951171875
7141,0.98046875
7142,0.974609375
7143,0.9677734375
7144,1.0
7145,1.0
7146,0.9990234375
7147,0.998046875
7148,0.9951171875
7149,0.994140625
7150,0.9921875
7151,0.9853515625
7152,1.0
7153,1.0
7154,1.0
7155,0.998046875
7156,0.9970703125
7157,0.9873046875
7158,0.9833984375
7159,0.974609375
7160,1.0
7161,1.0
7162,1.0
7163,0.9990234375
7164,0.9970703125
7165,0.9951171875
7166,0.9921875
7167,0.986328125
7168,1.0
7169,1.0
7170,0.998046875
7171,0.9990234375
7172,0.9970703125
7173,0.9921875
7174,0.9833984375
7175,0.98046875
7176,1.0
7177,1.0
7178,1.0
7179,1.0
7180,1.0
7181,0.998046875
7182,0.9970703125
7183,0.99609375
7184,1.0
7185,0.9990234375
7186,0.998046875
7187,0.994140625
7188,0.9912109375
7189,0.9912109375
7190,0.9775390625
7191,0.9814453125
7192,1.0
7193,0.9970703125
7194,0.9951171875
7195,0.9921875
7196,0.9912109375
7197,0.97265625
7198,0.9501953125
7199,0.94140625
7200,1.0
7201,1.0
7202,0.998046875
7203,0.9990234375
7204,0.99609375
7205,0.9921875
7206,0.986328125
7207,0.98046875
7208,1.0
7209,1.0
7210,1.0
7211,0.9990234375
7212,0.9990234375
7213,0.9970703125
7214,0.994140625
7215,0.9931640625
7216,1.0
7217,1.0
7218,1.0
7219,0.9990234375
7220,0.9970703125
7221,0.998046875
7222,0.99609375
7223,0.994140625
7224,1.0
7225,1.0
7226,1.0
7227,1.0
7228,0.9970703125
7229,0.994140625
7230,0.9912109375
7231,0.9921875
7232,1.0
7233,0.9990234375
7234,0.9970703125
7235,0.9990234375
7236,0.994140625
7237,0.9912109375
7238,0.984375
7239,0.9765625
7240,1.0
7241,1.0
7242,1.0
7243,1.0
7244,1.0
7245,0.9990234375
7246,0.9931640625
7247,0.9873046875
7248,1.0
7249,1.0
7250,0.998046875
7251,0.9970703125
7252,0.9931640625
7253,0.98828125
7254,0.98046875
7255,0.9755859375
7256,1.0
7257,1.0
7258,0.9990234375
7259,0.998046875
7260,0.9970703125
7261,0.9931640625
7262,0.986328125
7263,0.9814453125
7264,0.9990234375
7265,1.0
7266,0.99609375
7267,0.9970703125
7268,0.990234375
7269,0.9921875
7270,0.966796875
7271,0.95703125
7272,1.0
7273,1.0
7274,1.0
7275,0.998046875
7276,0.994140625
7277,0.9892578125
7278,0.9853515625
7279,0.978515625
7280,1.0
7281,1.0
7282,0.9990234375
7283,0.9990234375
7284,0.99609375
7285,0.9912109375
7286,0.98828125
7287,0.9775390625
7288,0.9990234375
7289,0.998046875
7290,0.9931640625
7291,0.9921875
7292,0.9873046875
7293,0.9794921875
7294,0.9638671875
7295,0.951171875
7296,1.0
7297,1.0
7298,0.9990234375
7299,0.99609375
7300,0.994140625
7301,0.990234375
7302,0.9833984375
7303,0.978515625
7304,1.0
7305,1.0
7306,1.0
7307,1.0
7308,1.0
7309,0.99609375
7310,0.99609375
7311,0.9931640625
7312,1.0
7313,1.0
7314,0.9990234375
7315,0.99609375
7316,0.990234375
7317,0.98828125
7318,0.9736328125
7319,0.9658203125
7320,1.0
7321,1.0
7322,0.9990234375
7323,0.998046875
7324,0.99609375
7325,0.9931640625
7326,0.984375
7327,0.9765625
7328,1.0
7329,1.0
7330,1.0
7331,0.9990234375
7332,0.998046875
7333,0.9912109375
7334,0.9873046875
7335,0.98828125
7336,1.0
7337,1.0
7338,0.998046875
7339,0.99609375
7340,0.9921875
7341,0.9892578125
7342,0.9794921875
7343,0.9716796875
7344,1.0
7345,1.0
7346,0.998046875
7347,0.9970703125
7348,0.9931640625
7349,0.994140625
7350,0.9873046875
7351,0.98046875
7352,1.0
7353,1.0
7354,0.998046875
7355,0.998046875
7356,0.9912109375
7357,0.986328125
7358,0.9794921875
7359,0.974609375
7360,1.0
7361,1.0
7362,1.0
7363,0.9990234375
7364,0.99609375
7365,0.98828125
7366,0.9833984375
7367,0.982421875
7368,1.0
7369,1.0
7370,0.998046875
7371,0.9951171875
7372,0.9931640625
7373,0.9873046875
7374,0.9775390625
7375,0.970703125
7376,1.0
7377,0.9990234375
7378,0.9990234375
7379,0.9970703125
7380,0.9951171875
7381,0.9853515625
7382,0.98046875
7383,0.962890625
7384,1.0
7385,1.0
7386,1.0
7387,1.0
7388,0.998046875
7389,0.99609375
7390,0.9921875
7391,0.9931640625
7392,1.0
7393,1.0
7394,0.9990234375
7395,0.9970703125
7396,0.9951171875
7397,0.9921875
7398,0.986328125
7399,0.9833984375
7400,1.0
7401,1.0
7402,0.9990234375
7403,0.9970703125
7404,0.9951171875
7405,0.994140625
7406,0.9873046875
7407,0.982421875
7408,1.0
7409,1.0
7410,1.0
7411,0.998046875
7412,0.99609375
7413,0.9921875
7414,0.9873046875
7415,0.982421875
7416,1.0
7417,0.9990234375
7418,1.0
7419,0.9970703125
7420,0.9912109375
7421,0.990234375
7422,0.984375
7423,0.9814453125
7424,1.0
7425,1.0
7426,0.9970703125
7427,0.9951171875
7428,0.994140625
7429,0.990234375
7430,0.9736328125
7431,0.9609375
7432,1.0
7433,1.0
7434,0.998046875
7435,0.9970703125
7436,0.990234375
7437,0.990234375
7438,0.9873046875
7439,0.9765625
7440,1.0
7441,1.0
7442,0.9990234375
7443,0.9970703125
7444,0.9912109375
7445,0.98828125
7446,0.9697265625
7447,0.9580078125
7448,1.0
7449,0.9990234375
7450,0.9990234375
7451,0.99609375
7452,0.9931640625
7453,0.98828125
7454,0.9794921875
7455,0.970703125
7456,1.0
7457,1.0
7458,1.0
7459,1.0
7460,0.998046875
7461,0.998046875
7462,0.9931640625
7463,0.9892578125
7464,1.0
7465,1.0
7466,0.9990234375
7467,0.9970703125
7468,0.9990234375
7469,0.9873046875
7470,0.9912109375
7471,0.9853515625
7472,1.0
7473,1.0
7474,1.0
7475,0.998046875
7476,0.9970703125
7477,0.994140625
7478,0.9912109375
7479,0.9873046875
7480,1.0
7481,0.9990234375
7482,0.9970703125
7483,0.994140625
7484,0.986328125
7485,0.9814453125
7486,0.962890625
7487,0.94921875
7488,1.0
7489,1.0
7490,0.998046875
7491,0.99609375
7492,0.9921875
7493,0.9873046875
7494,0.98046875
7495,0.9794921875
7496,1.0
7497,1.0
7498,0.998046875
7499,0.998046875
7500,0.994140625
7501,0.986328125
7502,0.9794921875
7503,0.98046875
7504,0.9990234375
7505,0.9990234375
7506,0.9990234375
7507,0.9951171875
7508,0.994140625
7509,0.9833984375
7510,0.9697265625
7511,0.958984375
7512,1.0
7513,1.0
7514,0.998046875
7515,0.998046875
7516,0.99609375
7517,0.9912109375
7518,0.9833984375
7519,0.9736328125
7520,1.0
7521,1.0
7522,0.998046875
7523,0.9970703125
7524,0.994140625
7525,0.9873046875
7526,0.9755859375
7527,0.97265625
7528,1.0
7529,1.0
7530,0.9990234375
7531,0.9951171875
7532,0.9931640625
7533,0.9951171875
7534,0.9814453125
7535,0.9755859375
7536,1.0
7537,1.0
7538,1.0
7539,1.0
7540,0.9990234375
7541,0.9970703125
7542,0.994140625
7543,0.9892578125
7544,1.0
7545,1.0
7546,0.9990234375
7547,0.998046875
7548,1.0
7549,0.9951171875
7550,0.9912109375
7551,0.9892578125
7552,1.0
7553,1.0
7554,0.9990234375
7555,1.0
7556,0.99609375
7557,0.994140625
7558,0.9912109375
7559,0.98828125
7560,1.0
7561,0.9990234375
7562,1.0
7563,0.998046875
7564,0.9921875
7565,0.9892578125
7566,0.9833984375
7567,0.974609375
7568,1.0
7569,1.0
7570,1.0
7571,1.0
7572,0.9990234375
7573,0.998046875
7574,0.9990234375
7575,0.9970703125
7576,1.0
7577,1.0
7578,1.0
7579,0.9990234375
7580,0.998046875
7581,0.99609375
7582,0.990234375
7583,0.9892578125
7584,1.0
7585,1.0
7586,0.9990234375
7587,0.9990234375
7588,0.9970703125
7589,0.99609375
7590,0.9921875
7591,0.986328125
7592,1.0
7593,1.0
7594,0.998046875
7595,0.99609375
7596,0.9951171875
7597,0.984375
7598,0.9716796875
7599,0.9677734375
7600,1.0
7601,1.0
7602,1.0
7603,0.9990234375
7604,0.9970703125
7605,0.99609375
7606,0.9921875
7607,0.98828125
7608,1.0
7609,0.9990234375
7610,0.998046875
7611,0.9970703125
7612,0.9951171875
7613,0.9833984375
7614,0.9716796875
7615,0.96875
7616,1.0
7617,1.0
7618,0.9970703125
7619,0.9970703125
7620,0.9912109375
7621,0.986328125
7622,0.9853515625
7623,0.9736328125
7624,1.0
7625,0.998046875
7626,0.9990234375
7627,0.994140625
7628,0.990234375
7629,0.98046875
7630,0.970703125
7631,0.955078125
7632,1.0
7633,1.0
7634,0.998046875
7635,0.9990234375
7636,0.9921875
7637,0.990234375
7638,0.986328125
7639,0.9794921875
7640,1.0
7641,0.9990234375
7642,0.998046875
7643,0.998046875
7644,0.9931640625
7645,0.986328125
7646,0.9775390625
7647,0.9736328125
7648,1.0
7649,1.0
7650,1.0
7651,0.9990234375
7652,0.9970703125
7653,0.9970703125
7654,0.994140625
7655,0.9931640625
7656,1.0
7657,1.0
7658,1.0
7659,1.0
7660,1.0
7661,0.998046875
7662,0.9990234375
7663,0.998046875
7664,1.0
7665,1.0
7666,0.9990234375
7667,0.998046875
7668,0.9951171875
7669,0.9931640625
7670,0.986328125
7671,0.978515625
7672,1.0
7673,1.0
7674,1.0
7675,0.9970703125
7676,0.9892578125
7677,0.9970703125
7678,0.9814453125
7679,0.9736328125
7680,1.0
7681,1.0
7682,1.0
7683,0.9990234375
7684,0.9990234375
7685,0.9951171875
7686,0.9912109375
7687,0.98828125
7688,1.0
7689,1.0
7690,1.0
7691,0.9970703125
7692,0.99609375
7693,0.9931640625
7694,0.98828125
7695,0.9833984375
7696,1.0
7697,1.0
7698,1.0
7699,0.9951171875
7700,0.9970703125
7701,0.9921875
7702,0.984375
7703,0.9833984375
7704,1.0
7705,1.0
7706,0.998046875
7707,0.99609375
7708,0.994140625
7709,0.98828125
7710,0.9775390625
7711,0.9619140625
7712,1.0
7713,1.0
7714,0.998046875
7715,0.998046875
7716,0.994140625
7717,0.9873046875
7718,0.9814453125
7719,0.96875
7720,1.0
7721,1.0
7722,0.998046875
7723,0.994140625
7724,0.9951171875
7725,0.9892578125
7726,0.970703125
7727,0.9638671875
7728,1.0
7729,1.0
7730,0.9990234375
7731,0.9990234375
7732,0.9951171875
7733,0.9853515625
7734,0.982421875
7735,0.9658203125
7736,1.0
7737,1.0
7738,0.9990234375
7739,1.0
7740,0.9970703125
7741,0.99609375
7742,0.9921875
7743,0.9873046875
7744,1.0
7745,1.0
7746,0.998046875
7747,0.9990234375
7748,0.9951171875
7749,0.98828125
7750,0.9833984375
7751,0.9765625
7752,1.0
7753,1.0
7754,1.0
7755,0.998046875
7756,0.99609375
7757,0.9912109375
7758,0.9873046875
7759,0.9892578125
7760,1.0
7761,1.0
7762,1.0
7763,1.0
7764,0.998046875
7765,0.9970703125
7766,0.9951171875
7767,0.9931640625
7768,0.9990234375
7769,0.9990234375
7770,0.998046875
7771,0.990234375
7772,0.986328125
7773,0.984375
7774,0.958984375
7775,0.955078125
7776,1.0
7777,0.9990234375
7778,0.9990234375
7779,0.9990234375
7780,0.994140625
7781,0.990234375
7782,0.9853515625
7783,0.984375
7784,1.0
7785,1.0
7786,1.0
7787,1.0
7788,0.998046875
7789,0.9970703125
7790,0.9921875
7791,0.9892578125
7792,1.0
7793,1.0
7794,0.9990234375
7795,0.998046875
7796,0.9951171875
7797,0.990234375
7798,0.9833984375
7799,0.982421875
7800,0.9990234375
7801,0.998046875
7802,0.9990234375
7803,0.998046875
7804,0.9912109375
7805,0.990234375
7806,0.98046875
7807,0.9599609375
7808,1.0
7809,1.0
7810,0.9990234375
7811,0.9951171875
7812,0.9931640625
7813,0.9912109375
7814,0.98046875
7815,0.970703125
7816,1.0
7817,1.0
7818,0.998046875
7819,0.99609375
7820,0.9931640625
7821,0.98828125
7822,0.9755859375
7823,0.95703125
7824,1.0
7825,1.0
7826,1.0
7827,0.9990234375
7828,0.9990234375
7829,0.99609375
7830,0.9931640625
7831,0.986328125
7832,1.0
7833,1.0
7834,0.9970703125
7835,0.9951171875
7836,0.98828125
7837,0.986328125
7838,0.9775390625
7839,0.955078125
7840,1.0
7841,1.0
7842,1.0
7843,1.0
7844,0.99609375
7845,0.994140625
7846,0.9931640625
7847,0.9853515625
7848,1.0
7849,1.0
7850,0.998046875
7851,0.998046875
7852,0.9921875
7853,0.9873046875
7854,0.98046875
7855,0.9697265625
7856,1.0
7857,1.0
7858,0.998046875
7859,0.9990234375
7860,0.9931640625
7861,0.9912109375
7862,0.9873046875
7863,0.9765625
7864,1.0
7865,1.0
7866,1.0
7867,0.9970703125
7868,0.9931640625
7869,0.99609375
7870,0.982421875
7871,0.97265625
7872,0.9990234375
7873,1.0
7874,0.998046875
7875,0.99609375
7876,0.99609375
7877,0.990234375
7878,0.9697265625
7879,0.958984375
7880,1.0
7881,1.0
7882,1.0
7883,0.9990234375
7884,0.99609375
7885,0.994140625
7886,0.9892578125
7887,0.986328125
7888,1.0
7889,1.0
7890,0.9970703125
7891,0.9931640625
7892,0.9951171875
7893,0.9912109375
7894,0.98046875
7895,0.9677734375
7896,1.0
7897,1.0
7898,0.9990234375
7899,0.9990234375
7900,0.998046875
7901,0.9931640625
7902,0.98828125
7903,0.982421875
7904,1.0
7905,1.0
7906,1.0
7907,1.0
7908,0.9990234375
7909,0.998046875
7910,0.9970703125
7911,0.9970703125
7912,1.0
7913,1.0
7914,0.9990234375
7915,0.9990234375
7916,0.99609375
7917,0.9912109375
7918,0.9853515625
7919,0.982421875
7920,1.0
7921,1.0
7922,1.0
7923,0.9990234375
7924,0.998046875
7925,0.9931640625
7926,0.98828125
7927,0.9853515625
7928,1.0
7929,1.0
7930,1.0
7931,0.9990234375
7932,0.99609375
7933,0.9912109375
7934,0.9873046875
7935,0.98828125
7936,1.0
7937,1.0
7938,0.9990234375
7939,0.998046875
7940,0.990234375
7941,0.98828125
7942,0.9755859375
7943,0.96875
7944,1.0
7945,1.0
7946,1.0
7947,1.0
7948,1.0
7949,0.998046875
7950,0.9951171875
7951,0.9951171875
7952,1.0
7953,1.0
7954,1.0
7955,1.0
7956,0.9970703125
7957,0.99609375
7958,0.994140625
7959,0.9912109375
7960,1.0
7961,0.9990234375
7962,0.9990234375
7963,0.994140625
7964,0.9970703125
7965,0.9931640625
7966,0.974609375
7967,0.9599609375
7968,0.9990234375
7969,0.9990234375
7970,0.998046875
7971,0.9921875
7972,0.9921875
7973,0.9833984375
7974,0.9794921875
7975,0.962890625
7976,1.0
7977,1.0
7978,0.9990234375
7979,0.99609375
7980,0.9931640625
7981,0.9931640625
7982,0.984375
7983,0.974609375
7984,1.0
7985,1.0
7986,1.0
7987,1.0
7988,1.0
7989,0.9970703125
7990,0.998046875
7991,0.9951171875
7992,1.0
7993,1.0
7994,0.9990234375
7995,0.998046875
7996,0.9951171875
7997,0.9892578125
7998,0.9814453125
7999,0.974609375
8000,1.0
8001,1.0
8002,1.0
8003,0.9970703125
8004,0.9970703125
8005,0.98828125
8006,0.9853515625
8007,0.9814453125
8008,1.0
8009,1.0
8010,0.9951171875
8011,0.9970703125
8012,0.98828125
8013,0.9765625
8014,0.9697265625
8015,0.9521484375
8016,1.0
8017,1.0
8018,1.0
8019,0.9970703125
8020,0.99609375
8021,0.994140625
8022,0.984375
8023,0.982421875
8024,1.0
8025,1.0
8026,1.0
8027,0.9990234375
8028,0.9990234375
8029,0.9931640625
8030,0.9921875
8031,0.9892578125
8032,1.0
8033,1.0
8034,1.0
8035,0.9990234375
8036,0.99609375
8037,0.9931640625
8038,0.9892578125
8039,0.9873046875
8040,1.0
8041,1.0
8042,1.0
8043,1.0
8044,1.0
8045,0.9970703125
8046,0.9931640625
8047,0.9912109375
8048,1.0
8049,0.9970703125
8050,0.9990234375
8051,0.9951171875
8052,0.9892578125
8053,0.9833984375
8054,0.9765625
8055,0.958984375
8056,1.0
8057,1.0
8058,0.9990234375
8059,0.994140625
8060,0.9921875
8061,0.986328125
8062,0.982421875
8063,0.9736328125
8064,1.0
8065,1.0
8066,1.0
8067,0.998046875
8068,0.9951171875
8069,0.990234375
8070,0.9931640625
8071,0.986328125
8072,1.0
8073,1.0
8074,1.0
8075,0.9990234375
8076,0.998046875
8077,0.990234375
8078,0.990234375
8079,0.978515625
8080,1.0
8081,1.0
8082,1.0
8083,1.0
8084,0.9990234375
8085,0.9990234375
8086,0.99609375
8087,0.9970703125
8088,1.0
8089,1.0
8090,1.0
8091,1.0
8092,1.0
8093,0.9990234375
8094,0.9990234375
8095,0.99609375
8096,1.0
8097,1.0
8098,1.0
8099,1.0
8100,0.9990234375
8101,0.9990234375
8102,0.998046875
8103,0.9970703125
8104,1.0
8105,1.0
8106,0.9990234375
8107,0.9970703125
8108,0.994140625
8109,0.9921875
8110,0.9853515625
8111,0.98046875
8112,1.0
8113,1.0
8114,0.9990234375
8115,0.9990234375
8116,0.99609375
8117,0.990234375
8118,0.9814453125
8119,0.978515625
8120,1.0
8121,1.0
8122,1.0
8123,1.0
8124,0.9970703125
8125,0.994140625
8126,0.9921875
8127,0.9873046875
8128,1.0
8129,1.0
8130,1.0
8131,1.0
8132,0.9970703125
8133,0.9951171875
8134,0.9921875
8135,0.98828125
8136,1.0
8137,1.0
8138,1.0
8139,0.998046875
8140,0.99609375
8141,0.9931640625
8142,0.984375
8143,0.984375
8144,0.9990234375
8145,0.9990234375
8146,0.99609375
8147,0.9931640625
8148,0.9912109375
8149,0.9853515625
8150,0.9697265625
8151,0.958984375
8152,1.0
8153,1.0
8154,1.0
8155,0.9970703125
8156,0.9951171875
8157,0.9931640625
8158,0.9853515625
8159,0.9775390625
8160,1.0
8161,1.0
8162,0.9970703125
8163,0.9951171875
8164,0.9912109375
8165,0.9912109375
8166,0.986328125
8167,0.9775390625
8168,1.0
8169,1.0
8170,1.0
8171,0.998046875
8172,0.9951171875
8173,0.98828125
8174,0.9814453125
8175,0.9775390625
8176,1.0
8177,1.0
8178,1.0
8179,1.0
8180,0.998046875
8181,0.9931640625
8182,0.98828125
8183,0.9853515625
8184,1.0
8185,1.0
8186,1.0
8187,0.998046875
8188,0.9970703125
8189,0.9921875
8190,0.990234375
8191,0.9833984375
