,0
0,1.0
1,1.0
2,1.0
3,1.0
4,1.0
5,1.0
6,1.0
7,1.0
8,0.98046875
9,0.9765625
10,0.9921875
11,0.9921875
12,0.99609375
13,1.0
14,1.0
15,1.0
16,0.95703125
17,0.96484375
18,0.9765625
19,0.99609375
20,0.98828125
21,1.0
22,1.0
23,1.0
24,0.9453125
25,0.98046875
26,0.98828125
27,0.9921875
28,0.9921875
29,0.99609375
30,0.99609375
31,1.0
32,0.94140625
33,0.95703125
34,0.96484375
35,0.9921875
36,0.99609375
37,0.99609375
38,0.99609375
39,1.0
40,0.9453125
41,0.9765625
42,0.984375
43,0.99609375
44,0.99609375
45,1.0
46,1.0
47,1.0
48,0.9921875
49,0.9921875
50,0.99609375
51,0.99609375
52,0.99609375
53,0.99609375
54,1.0
55,1.0
56,0.98046875
57,0.98828125
58,0.9921875
59,0.99609375
60,0.99609375
61,1.0
62,1.0
63,1.0
64,0.95703125
65,0.9609375
66,0.9921875
67,0.98046875
68,0.9921875
69,1.0
70,1.0
71,1.0
72,0.89453125
73,0.92578125
74,0.96875
75,0.984375
76,0.99609375
77,0.99609375
78,0.99609375
79,1.0
80,0.9375
81,0.96484375
82,0.9765625
83,0.9921875
84,0.99609375
85,1.0
86,1.0
87,1.0
88,0.96875
89,0.96484375
90,0.98828125
91,0.99609375
92,0.9921875
93,0.99609375
94,0.99609375
95,1.0
96,0.91796875
97,0.94921875
98,0.96875
99,0.9765625
100,0.98046875
101,0.9921875
102,0.99609375
103,1.0
104,0.98828125
105,0.984375
106,0.98828125
107,0.99609375
108,0.99609375
109,1.0
110,1.0
111,1.0
112,0.98828125
113,0.9921875
114,0.984375
115,0.98828125
116,1.0
117,1.0
118,1.0
119,1.0
120,0.96875
121,0.95703125
122,0.984375
123,0.9921875
124,1.0
125,1.0
126,1.0
127,1.0
128,0.91796875
129,0.94921875
130,0.9765625
131,0.984375
132,0.9921875
133,0.99609375
134,1.0
135,0.99609375
136,0.953125
137,0.984375
138,0.9765625
139,1.0
140,0.9921875
141,1.0
142,1.0
143,1.0
144,0.95703125
145,0.96484375
146,0.98046875
147,0.98828125
148,0.9921875
149,0.9921875
150,1.0
151,1.0
152,0.91796875
153,0.93359375
154,0.97265625
155,0.984375
156,0.9921875
157,1.0
158,1.0
159,1.0
160,0.92578125
161,0.953125
162,0.94921875
163,0.97265625
164,1.0
165,0.9921875
166,1.0
167,1.0
168,0.8828125
169,0.890625
170,0.9296875
171,0.96875
172,0.9921875
173,0.9921875
174,0.99609375
175,1.0
176,0.91015625
177,0.95703125
178,0.98046875
179,0.984375
180,0.9921875
181,0.9921875
182,1.0
183,1.0
184,0.96875
185,0.97265625
186,0.98046875
187,0.99609375
188,1.0
189,1.0
190,1.0
191,1.0
192,0.94140625
193,0.953125
194,0.9765625
195,0.984375
196,0.98828125
197,1.0
198,0.99609375
199,1.0
200,0.94921875
201,0.96875
202,0.97265625
203,0.9765625
204,0.9921875
205,0.99609375
206,1.0
207,1.0
208,0.9375
209,0.95703125
210,0.9921875
211,0.9921875
212,1.0
213,0.99609375
214,1.0
215,0.99609375
216,0.94140625
217,0.96875
218,0.984375
219,0.98828125
220,0.9921875
221,1.0
222,0.99609375
223,1.0
224,0.9296875
225,0.953125
226,0.9765625
227,0.984375
228,0.99609375
229,0.99609375
230,1.0
231,1.0
232,0.9453125
233,0.94921875
234,0.984375
235,0.98828125
236,0.99609375
237,1.0
238,1.0
239,1.0
240,1.0
241,0.99609375
242,0.99609375
243,1.0
244,1.0
245,1.0
246,1.0
247,1.0
248,0.97265625
249,0.984375
250,0.98828125
251,1.0
252,0.99609375
253,1.0
254,1.0
255,1.0
256,0.9765625
257,0.98046875
258,0.9921875
259,0.9921875
260,0.99609375
261,1.0
262,1.0
263,1.0
264,0.98046875
265,0.97265625
266,0.98828125
267,0.9921875
268,0.99609375
269,1.0
270,1.0
271,1.0
272,0.97265625
273,0.98046875
274,0.98828125
275,0.9921875
276,0.9921875
277,1.0
278,1.0
279,1.0
280,0.95703125
281,0.95703125
282,0.97265625
283,0.9921875
284,0.99609375
285,0.99609375
286,1.0
287,1.0
288,0.95703125
289,0.96484375
290,0.984375
291,0.9921875
292,0.99609375
293,1.0
294,1.0
295,1.0
296,0.95703125
297,0.9609375
298,0.984375
299,0.98828125
300,0.99609375
301,0.99609375
302,1.0
303,1.0
304,0.94921875
305,0.97265625
306,0.984375
307,0.99609375
308,0.99609375
309,0.99609375
310,1.0
311,1.0
312,0.9296875
313,0.95703125
314,0.984375
315,0.98828125
316,0.9921875
317,0.99609375
318,1.0
319,1.0
320,0.9453125
321,0.9609375
322,0.97265625
323,0.984375
324,0.9921875
325,0.99609375
326,1.0
327,1.0
328,0.90234375
329,0.92578125
330,0.96875
331,0.984375
332,0.99609375
333,0.98828125
334,0.99609375
335,1.0
336,0.90234375
337,0.94921875
338,0.97265625
339,0.984375
340,0.98828125
341,0.99609375
342,1.0
343,0.99609375
344,0.93359375
345,0.953125
346,0.97265625
347,0.98828125
348,0.99609375
349,0.99609375
350,1.0
351,1.0
352,0.9453125
353,0.9765625
354,0.984375
355,0.98828125
356,1.0
357,0.99609375
358,0.99609375
359,1.0
360,0.9296875
361,0.9609375
362,0.98046875
363,0.98828125
364,0.98828125
365,0.9921875
366,1.0
367,1.0
368,0.9765625
369,0.984375
370,0.9921875
371,1.0
372,0.99609375
373,1.0
374,1.0
375,1.0
376,0.953125
377,0.96484375
378,0.98046875
379,0.98828125
380,1.0
381,0.99609375
382,0.99609375
383,1.0
384,0.9765625
385,0.98046875
386,0.98828125
387,0.98828125
388,0.99609375
389,1.0
390,1.0
391,1.0
392,0.94140625
393,0.94140625
394,0.98828125
395,0.9921875
396,1.0
397,1.0
398,1.0
399,1.0
400,0.98046875
401,0.984375
402,0.98828125
403,0.98828125
404,1.0
405,1.0
406,1.0
407,1.0
408,0.9140625
409,0.9296875
410,0.98046875
411,0.98828125
412,0.984375
413,0.98828125
414,0.99609375
415,0.99609375
416,0.9375
417,0.92578125
418,0.97265625
419,0.984375
420,0.9921875
421,0.99609375
422,1.0
423,1.0
424,0.91796875
425,0.9296875
426,0.97265625
427,0.98828125
428,0.99609375
429,0.98828125
430,1.0
431,1.0
432,0.96875
433,0.98828125
434,0.99609375
435,0.984375
436,1.0
437,0.99609375
438,1.0
439,1.0
440,0.96484375
441,0.96875
442,0.98828125
443,0.9921875
444,0.9921875
445,1.0
446,1.0
447,1.0
448,0.9453125
449,0.94921875
450,0.97265625
451,0.984375
452,0.99609375
453,0.9921875
454,0.99609375
455,1.0
456,0.953125
457,0.9609375
458,0.98046875
459,0.9921875
460,1.0
461,1.0
462,1.0
463,1.0
464,0.98828125
465,0.98046875
466,0.98046875
467,0.98828125
468,0.9921875
469,0.99609375
470,1.0
471,1.0
472,0.9453125
473,0.9609375
474,0.9765625
475,0.98828125
476,0.99609375
477,0.99609375
478,1.0
479,1.0
480,0.93359375
481,0.9609375
482,0.984375
483,0.99609375
484,0.99609375
485,0.98828125
486,0.99609375
487,1.0
488,0.94921875
489,0.97265625
490,0.98828125
491,0.9921875
492,0.99609375
493,1.0
494,1.0
495,1.0
496,0.96484375
497,0.96875
498,0.984375
499,0.9921875
500,0.9921875
501,0.99609375
502,1.0
503,1.0
504,0.96875
505,0.98828125
506,0.99609375
507,0.984375
508,0.9921875
509,1.0
510,1.0
511,1.0
512,0.9140625
513,0.921875
514,0.96484375
515,0.984375
516,0.99609375
517,0.99609375
518,0.99609375
519,0.99609375
520,0.9609375
521,0.9609375
522,0.98046875
523,0.98828125
524,0.9921875
525,0.99609375
526,0.99609375
527,1.0
528,0.97265625
529,0.98828125
530,0.98828125
531,0.99609375
532,0.99609375
533,1.0
534,1.0
535,1.0
536,0.953125
537,0.96875
538,0.984375
539,0.984375
540,1.0
541,0.99609375
542,1.0
543,1.0
544,0.96875
545,0.97265625
546,0.984375
547,0.9921875
548,1.0
549,1.0
550,1.0
551,1.0
552,0.9296875
553,0.94921875
554,0.9765625
555,0.984375
556,0.9921875
557,0.99609375
558,0.99609375
559,1.0
560,0.91796875
561,0.90234375
562,0.96875
563,0.98828125
564,0.98828125
565,0.98828125
566,0.99609375
567,1.0
568,0.8828125
569,0.92578125
570,0.9296875
571,0.97265625
572,0.99609375
573,0.98828125
574,0.99609375
575,0.99609375
576,0.98046875
577,0.9765625
578,0.9765625
579,0.99609375
580,0.99609375
581,0.99609375
582,1.0
583,1.0
584,0.90625
585,0.953125
586,0.9765625
587,0.98046875
588,0.99609375
589,0.99609375
590,1.0
591,1.0
592,0.93359375
593,0.95703125
594,0.98046875
595,0.98828125
596,0.9921875
597,0.9921875
598,0.99609375
599,1.0
600,0.94921875
601,0.9609375
602,0.9765625
603,0.9921875
604,0.99609375
605,1.0
606,1.0
607,1.0
608,0.96875
609,0.98046875
610,0.9921875
611,0.9921875
612,0.99609375
613,0.99609375
614,1.0
615,1.0
616,0.921875
617,0.94921875
618,0.9609375
619,0.984375
620,0.984375
621,0.99609375
622,0.99609375
623,1.0
624,0.9609375
625,0.96484375
626,0.97265625
627,0.984375
628,0.99609375
629,1.0
630,1.0
631,1.0
632,0.94921875
633,0.9765625
634,0.9765625
635,0.9921875
636,0.99609375
637,1.0
638,0.99609375
639,1.0
640,0.96875
641,0.984375
642,0.98046875
643,0.99609375
644,1.0
645,0.99609375
646,0.99609375
647,1.0
648,0.94140625
649,0.97265625
650,0.9921875
651,1.0
652,0.98828125
653,1.0
654,0.99609375
655,1.0
656,0.9609375
657,0.97265625
658,0.984375
659,0.98828125
660,0.99609375
661,1.0
662,1.0
663,1.0
664,0.953125
665,0.98828125
666,0.98046875
667,0.9921875
668,1.0
669,0.99609375
670,0.99609375
671,1.0
672,0.94140625
673,0.953125
674,0.9765625
675,0.984375
676,0.98828125
677,0.99609375
678,0.99609375
679,1.0
680,0.9140625
681,0.94140625
682,0.9453125
683,0.98828125
684,0.9921875
685,0.99609375
686,0.99609375
687,1.0
688,0.921875
689,0.94921875
690,0.98046875
691,0.98046875
692,0.99609375
693,0.9921875
694,1.0
695,0.99609375
696,0.98046875
697,0.9765625
698,0.98046875
699,0.9921875
700,0.99609375
701,1.0
702,1.0
703,1.0
704,0.98828125
705,0.9921875
706,0.99609375
707,0.99609375
708,1.0
709,1.0
710,1.0
711,1.0
712,0.953125
713,0.95703125
714,0.984375
715,0.9921875
716,0.99609375
717,1.0
718,1.0
719,1.0
720,0.9453125
721,0.94921875
722,0.98046875
723,0.984375
724,0.98828125
725,0.9921875
726,0.99609375
727,1.0
728,0.953125
729,0.96875
730,0.9765625
731,0.9921875
732,0.99609375
733,1.0
734,1.0
735,1.0
736,0.953125
737,0.96875
738,0.98828125
739,0.99609375
740,0.99609375
741,0.99609375
742,1.0
743,1.0
744,0.93359375
745,0.96875
746,0.99609375
747,0.98046875
748,0.99609375
749,0.9921875
750,1.0
751,1.0
752,0.98828125
753,0.9921875
754,0.99609375
755,1.0
756,0.99609375
757,1.0
758,1.0
759,1.0
760,0.95703125
761,0.96875
762,0.98828125
763,0.9921875
764,0.9921875
765,0.9921875
766,1.0
767,1.0
768,0.9609375
769,0.96484375
770,0.9921875
771,0.98046875
772,1.0
773,0.99609375
774,1.0
775,1.0
776,0.984375
777,0.98828125
778,0.98828125
779,1.0
780,1.0
781,1.0
782,1.0
783,1.0
784,0.9921875
785,0.9921875
786,1.0
787,1.0
788,1.0
789,1.0
790,1.0
791,1.0
792,0.99609375
793,0.98828125
794,0.99609375
795,0.99609375
796,1.0
797,1.0
798,1.0
799,1.0
800,0.97265625
801,0.984375
802,0.98828125
803,0.9921875
804,1.0
805,1.0
806,1.0
807,1.0
808,0.9609375
809,0.97265625
810,0.98046875
811,0.98828125
812,1.0
813,0.99609375
814,1.0
815,1.0
816,0.984375
817,0.9765625
818,0.984375
819,0.98828125
820,1.0
821,1.0
822,1.0
823,1.0
824,0.9296875
825,0.953125
826,0.984375
827,0.98828125
828,0.99609375
829,0.99609375
830,0.99609375
831,1.0
832,0.98828125
833,0.98828125
834,0.98828125
835,0.99609375
836,1.0
837,1.0
838,1.0
839,1.0
840,0.890625
841,0.9453125
842,0.96484375
843,0.98828125
844,0.98828125
845,0.9921875
846,0.99609375
847,1.0
848,0.96484375
849,0.96875
850,0.98828125
851,0.98828125
852,0.99609375
853,0.99609375
854,1.0
855,1.0
856,0.98046875
857,0.98046875
858,0.9921875
859,0.99609375
860,0.99609375
861,1.0
862,1.0
863,1.0
864,0.91796875
865,0.94921875
866,0.96484375
867,0.9921875
868,0.9921875
869,0.9921875
870,1.0
871,1.0
872,0.9453125
873,0.953125
874,0.99609375
875,0.99609375
876,0.99609375
877,1.0
878,1.0
879,1.0
880,0.96875
881,0.98046875
882,0.98828125
883,0.98828125
884,0.9921875
885,1.0
886,1.0
887,1.0
888,0.9609375
889,0.9765625
890,0.9921875
891,0.98828125
892,0.99609375
893,0.99609375
894,1.0
895,1.0
896,0.9765625
897,0.98828125
898,0.984375
899,0.99609375
900,1.0
901,1.0
902,1.0
903,1.0
904,0.96875
905,0.9765625
906,0.98046875
907,1.0
908,1.0
909,1.0
910,1.0
911,1.0
912,0.95703125
913,0.97265625
914,0.9765625
915,0.99609375
916,0.9921875
917,1.0
918,1.0
919,1.0
920,0.95703125
921,0.9765625
922,0.96875
923,0.9921875
924,0.99609375
925,0.99609375
926,1.0
927,1.0
928,0.9609375
929,0.9609375
930,0.98046875
931,0.98828125
932,0.9921875
933,0.99609375
934,1.0
935,1.0
936,0.91796875
937,0.94140625
938,0.97265625
939,0.98828125
940,0.9921875
941,0.99609375
942,0.99609375
943,1.0
944,0.95703125
945,0.97265625
946,0.98828125
947,0.99609375
948,0.99609375
949,0.99609375
950,1.0
951,1.0
952,0.9375
953,0.94140625
954,0.97265625
955,0.9921875
956,0.98828125
957,0.9921875
958,1.0
959,1.0
960,0.9765625
961,0.984375
962,0.99609375
963,0.99609375
964,0.99609375
965,0.99609375
966,1.0
967,1.0
968,0.9296875
969,0.97265625
970,0.96484375
971,0.98828125
972,0.9921875
973,0.99609375
974,1.0
975,1.0
976,0.984375
977,0.984375
978,0.98828125
979,0.99609375
980,0.99609375
981,1.0
982,1.0
983,1.0
984,0.9765625
985,0.98828125
986,0.9921875
987,0.9921875
988,1.0
989,1.0
990,1.0
991,1.0
992,0.953125
993,0.96875
994,0.9765625
995,0.984375
996,0.99609375
997,1.0
998,1.0
999,1.0
1000,0.98046875
1001,0.98046875
1002,0.984375
1003,0.99609375
1004,0.99609375
1005,0.99609375
1006,1.0
1007,1.0
1008,0.98046875
1009,0.98828125
1010,0.9921875
1011,0.99609375
1012,0.99609375
1013,1.0
1014,1.0
1015,1.0
1016,0.9609375
1017,0.984375
1018,0.984375
1019,0.98828125
1020,0.9921875
1021,0.99609375
1022,1.0
1023,1.0
1024,0.98828125
1025,0.984375
1026,0.99609375
1027,1.0
1028,0.99609375
1029,0.99609375
1030,1.0
1031,1.0
1032,0.98046875
1033,0.98046875
1034,0.98828125
1035,0.9921875
1036,0.99609375
1037,1.0
1038,1.0
1039,1.0
1040,0.9921875
1041,0.99609375
1042,0.9921875
1043,1.0
1044,1.0
1045,1.0
1046,1.0
1047,1.0
1048,0.95703125
1049,0.96484375
1050,0.9765625
1051,0.99609375
1052,0.98828125
1053,1.0
1054,1.0
1055,1.0
1056,0.9296875
1057,0.93359375
1058,0.98828125
1059,0.99609375
1060,0.9921875
1061,0.99609375
1062,0.99609375
1063,1.0
1064,0.9296875
1065,0.9453125
1066,0.96875
1067,0.98046875
1068,0.98046875
1069,0.9921875
1070,0.99609375
1071,1.0
1072,0.9609375
1073,0.9765625
1074,0.984375
1075,0.9921875
1076,0.99609375
1077,1.0
1078,1.0
1079,1.0
1080,0.9765625
1081,0.98046875
1082,0.98828125
1083,1.0
1084,1.0
1085,0.99609375
1086,1.0
1087,1.0
1088,0.9765625
1089,0.984375
1090,0.9921875
1091,0.9921875
1092,0.99609375
1093,0.99609375
1094,1.0
1095,1.0
1096,0.97265625
1097,0.9765625
1098,0.99609375
1099,0.99609375
1100,0.99609375
1101,0.99609375
1102,1.0
1103,1.0
1104,0.8984375
1105,0.9375
1106,0.96484375
1107,0.98046875
1108,0.98828125
1109,0.98828125
1110,1.0
1111,1.0
1112,0.9453125
1113,0.95703125
1114,0.9765625
1115,0.98046875
1116,0.98828125
1117,1.0
1118,1.0
1119,1.0
1120,0.9453125
1121,0.95703125
1122,0.98828125
1123,1.0
1124,0.98828125
1125,0.9921875
1126,1.0
1127,1.0
1128,0.92578125
1129,0.94921875
1130,0.95703125
1131,0.98828125
1132,0.98828125
1133,1.0
1134,0.99609375
1135,0.99609375
1136,0.984375
1137,0.98828125
1138,0.98828125
1139,0.99609375
1140,0.99609375
1141,1.0
1142,1.0
1143,1.0
1144,0.9765625
1145,0.9765625
1146,0.99609375
1147,0.984375
1148,1.0
1149,1.0
1150,1.0
1151,1.0
1152,0.953125
1153,0.98046875
1154,0.984375
1155,0.98828125
1156,0.9921875
1157,1.0
1158,1.0
1159,1.0
1160,0.93359375
1161,0.953125
1162,0.96875
1163,0.98046875
1164,0.98828125
1165,0.99609375
1166,0.99609375
1167,1.0
1168,0.98046875
1169,0.97265625
1170,0.99609375
1171,0.984375
1172,1.0
1173,0.99609375
1174,1.0
1175,1.0
1176,0.95703125
1177,0.9609375
1178,0.9765625
1179,0.98828125
1180,0.9921875
1181,1.0
1182,0.99609375
1183,1.0
1184,0.9609375
1185,0.96875
1186,0.98046875
1187,0.98828125
1188,0.99609375
1189,0.9921875
1190,1.0
1191,1.0
1192,0.91796875
1193,0.91796875
1194,0.97265625
1195,0.9765625
1196,0.98828125
1197,1.0
1198,1.0
1199,1.0
1200,0.9140625
1201,0.94140625
1202,0.94921875
1203,0.9765625
1204,1.0
1205,0.984375
1206,0.9921875
1207,1.0
1208,0.9375
1209,0.95703125
1210,0.98046875
1211,0.984375
1212,0.9921875
1213,0.99609375
1214,1.0
1215,1.0
1216,0.98046875
1217,0.98828125
1218,0.984375
1219,0.98828125
1220,1.0
1221,0.99609375
1222,1.0
1223,1.0
1224,0.94140625
1225,0.94921875
1226,0.9765625
1227,0.99609375
1228,0.984375
1229,1.0
1230,1.0
1231,1.0
1232,0.92578125
1233,0.9140625
1234,0.96484375
1235,0.98046875
1236,0.9921875
1237,0.99609375
1238,1.0
1239,1.0
1240,0.890625
1241,0.93359375
1242,0.96875
1243,0.98828125
1244,0.9921875
1245,0.9921875
1246,0.99609375
1247,1.0
1248,0.953125
1249,0.97265625
1250,0.9765625
1251,0.9921875
1252,1.0
1253,1.0
1254,1.0
1255,1.0
1256,0.94140625
1257,0.94921875
1258,0.98046875
1259,0.98828125
1260,0.99609375
1261,1.0
1262,0.99609375
1263,1.0
1264,0.96484375
1265,0.9609375
1266,0.9921875
1267,0.99609375
1268,0.9921875
1269,0.99609375
1270,1.0
1271,1.0
1272,0.98828125
1273,0.99609375
1274,0.984375
1275,1.0
1276,1.0
1277,1.0
1278,1.0
1279,1.0
1280,0.9765625
1281,0.98828125
1282,0.98828125
1283,0.99609375
1284,1.0
1285,1.0
1286,1.0
1287,1.0
1288,0.97265625
1289,0.984375
1290,0.9921875
1291,0.99609375
1292,0.99609375
1293,1.0
1294,1.0
1295,1.0
1296,0.97265625
1297,0.9765625
1298,0.9921875
1299,0.9921875
1300,1.0
1301,1.0
1302,1.0
1303,1.0
1304,0.9765625
1305,0.98046875
1306,0.98828125
1307,0.9921875
1308,0.9921875
1309,1.0
1310,1.0
1311,1.0
1312,0.953125
1313,0.96484375
1314,0.97265625
1315,0.9921875
1316,0.9921875
1317,1.0
1318,1.0
1319,1.0
1320,0.95703125
1321,0.96484375
1322,0.984375
1323,0.98828125
1324,0.9921875
1325,1.0
1326,1.0
1327,1.0
1328,0.94921875
1329,0.953125
1330,0.9765625
1331,0.98828125
1332,0.9921875
1333,0.99609375
1334,1.0
1335,1.0
1336,0.953125
1337,0.96875
1338,0.98046875
1339,0.9921875
1340,0.99609375
1341,0.99609375
1342,0.99609375
1343,1.0
1344,0.94140625
1345,0.96875
1346,0.97265625
1347,0.9921875
1348,0.9921875
1349,1.0
1350,0.99609375
1351,1.0
1352,0.94921875
1353,0.953125
1354,0.9765625
1355,0.9921875
1356,0.99609375
1357,0.99609375
1358,1.0
1359,1.0
1360,0.8984375
1361,0.91015625
1362,0.953125
1363,0.984375
1364,0.9921875
1365,0.9921875
1366,0.99609375
1367,1.0
1368,0.921875
1369,0.953125
1370,0.96875
1371,0.98046875
1372,0.98828125
1373,0.9921875
1374,0.99609375
1375,1.0
1376,0.93359375
1377,0.96875
1378,0.9921875
1379,0.99609375
1380,0.99609375
1381,0.99609375
1382,1.0
1383,1.0
1384,0.96875
1385,0.97265625
1386,0.984375
1387,0.9921875
1388,0.99609375
1389,1.0
1390,1.0
1391,1.0
1392,0.9375
1393,0.93359375
1394,0.9765625
1395,0.9921875
1396,0.99609375
1397,0.9921875
1398,1.0
1399,1.0
1400,0.9765625
1401,0.984375
1402,0.9921875
1403,0.99609375
1404,1.0
1405,1.0
1406,1.0
1407,1.0
1408,0.9375
1409,0.96875
1410,0.984375
1411,0.99609375
1412,0.98828125
1413,0.99609375
1414,1.0
1415,1.0
1416,0.9765625
1417,0.98046875
1418,0.99609375
1419,0.98828125
1420,0.9921875
1421,1.0
1422,1.0
1423,1.0
1424,0.9453125
1425,0.9609375
1426,0.9765625
1427,0.984375
1428,0.9921875
1429,1.0
1430,1.0
1431,1.0
1432,0.984375
1433,0.984375
1434,0.98828125
1435,0.99609375
1436,0.99609375
1437,1.0
1438,1.0
1439,1.0
1440,0.91015625
1441,0.94921875
1442,0.98046875
1443,0.984375
1444,0.98828125
1445,0.99609375
1446,1.0
1447,1.0
1448,0.921875
1449,0.9453125
1450,0.9765625
1451,0.984375
1452,0.98828125
1453,0.99609375
1454,0.99609375
1455,1.0
1456,0.90234375
1457,0.92578125
1458,0.9765625
1459,0.98828125
1460,0.98828125
1461,1.0
1462,0.99609375
1463,0.99609375
1464,0.97265625
1465,0.96875
1466,0.984375
1467,0.9921875
1468,0.99609375
1469,1.0
1470,1.0
1471,1.0
1472,0.9609375
1473,0.96484375
1474,0.98046875
1475,0.98828125
1476,1.0
1477,1.0
1478,1.0
1479,1.0
1480,0.91796875
1481,0.9453125
1482,0.97265625
1483,0.984375
1484,0.9921875
1485,1.0
1486,1.0
1487,1.0
1488,0.95703125
1489,0.95703125
1490,0.9765625
1491,0.99609375
1492,1.0
1493,1.0
1494,0.99609375
1495,1.0
1496,0.9921875
1497,0.99609375
1498,0.99609375
1499,0.99609375
1500,0.99609375
1501,1.0
1502,1.0
1503,1.0
1504,0.9453125
1505,0.94921875
1506,0.97265625
1507,0.9921875
1508,0.99609375
1509,1.0
1510,1.0
1511,1.0
1512,0.93359375
1513,0.9375
1514,0.96875
1515,0.9765625
1516,0.99609375
1517,0.98828125
1518,1.0
1519,1.0
1520,0.9609375
1521,0.96484375
1522,0.97265625
1523,0.9921875
1524,0.99609375
1525,1.0
1526,1.0
1527,1.0
1528,0.94140625
1529,0.9609375
1530,0.984375
1531,0.9921875
1532,0.9921875
1533,1.0
1534,1.0
1535,1.0
1536,0.98046875
1537,0.97265625
1538,0.98046875
1539,0.98828125
1540,0.99609375
1541,1.0
1542,1.0
1543,1.0
1544,0.94140625
1545,0.95703125
1546,0.9765625
1547,0.9921875
1548,0.9921875
1549,0.99609375
1550,0.99609375
1551,0.99609375
1552,0.94140625
1553,0.96875
1554,0.98828125
1555,0.98828125
1556,0.9921875
1557,1.0
1558,1.0
1559,1.0
1560,0.984375
1561,0.98046875
1562,0.984375
1563,0.9921875
1564,0.99609375
1565,0.99609375
1566,1.0
1567,1.0
1568,0.9609375
1569,0.97265625
1570,0.984375
1571,0.984375
1572,1.0
1573,1.0
1574,1.0
1575,1.0
1576,0.96484375
1577,0.9765625
1578,0.98828125
1579,0.9921875
1580,0.99609375
1581,1.0
1582,1.0
1583,1.0
1584,0.9296875
1585,0.9609375
1586,0.984375
1587,0.9921875
1588,0.98046875
1589,1.0
1590,1.0
1591,1.0
1592,0.88671875
1593,0.90625
1594,0.95703125
1595,0.9765625
1596,0.98828125
1597,0.99609375
1598,1.0
1599,1.0
1600,0.93359375
1601,0.93359375
1602,0.96484375
1603,0.984375
1604,0.984375
1605,0.9921875
1606,0.99609375
1607,1.0
1608,0.98046875
1609,0.97265625
1610,0.98046875
1611,0.984375
1612,0.99609375
1613,0.99609375
1614,1.0
1615,1.0
1616,0.921875
1617,0.9453125
1618,0.97265625
1619,0.98828125
1620,0.9921875
1621,0.99609375
1622,0.99609375
1623,1.0
1624,0.93359375
1625,0.95703125
1626,0.984375
1627,0.9921875
1628,0.9921875
1629,1.0
1630,0.99609375
1631,1.0
1632,0.94140625
1633,0.94921875
1634,0.96875
1635,0.9921875
1636,0.9921875
1637,1.0
1638,1.0
1639,1.0
1640,0.96484375
1641,0.98046875
1642,0.98828125
1643,0.9921875
1644,0.9921875
1645,0.99609375
1646,1.0
1647,1.0
1648,0.94140625
1649,0.953125
1650,0.984375
1651,0.984375
1652,1.0
1653,1.0
1654,1.0
1655,1.0
1656,0.95703125
1657,0.96484375
1658,0.984375
1659,0.9921875
1660,0.9921875
1661,1.0
1662,0.99609375
1663,1.0
1664,0.94140625
1665,0.95703125
1666,0.9765625
1667,0.98828125
1668,0.9921875
1669,0.99609375
1670,1.0
1671,1.0
1672,0.97265625
1673,0.984375
1674,0.98828125
1675,0.9921875
1676,1.0
1677,1.0
1678,1.0
1679,1.0
1680,0.94140625
1681,0.98046875
1682,0.98828125
1683,0.9921875
1684,0.9921875
1685,1.0
1686,1.0
1687,1.0
1688,0.94921875
1689,0.9609375
1690,0.98046875
1691,0.9921875
1692,0.99609375
1693,0.99609375
1694,1.0
1695,1.0
1696,0.953125
1697,0.96484375
1698,0.984375
1699,0.9921875
1700,0.99609375
1701,0.99609375
1702,0.99609375
1703,1.0
1704,0.95703125
1705,0.94921875
1706,0.984375
1707,0.984375
1708,0.99609375
1709,0.99609375
1710,1.0
1711,1.0
1712,0.921875
1713,0.921875
1714,0.9609375
1715,0.98828125
1716,0.98828125
1717,0.98828125
1718,1.0
1719,1.0
1720,0.94140625
1721,0.9609375
1722,0.97265625
1723,0.984375
1724,0.9921875
1725,0.99609375
1726,1.0
1727,1.0
1728,0.9765625
1729,0.98046875
1730,0.9921875
1731,0.9921875
1732,1.0
1733,1.0
1734,1.0
1735,1.0
1736,0.98828125
1737,0.9921875
1738,0.99609375
1739,0.99609375
1740,1.0
1741,1.0
1742,1.0
1743,1.0
1744,0.92578125
1745,0.94140625
1746,0.984375
1747,0.9921875
1748,0.9921875
1749,0.99609375
1750,0.99609375
1751,1.0
1752,0.9609375
1753,0.9609375
1754,0.984375
1755,0.99609375
1756,1.0
1757,0.99609375
1758,0.99609375
1759,1.0
1760,0.92578125
1761,0.96875
1762,0.984375
1763,0.9921875
1764,1.0
1765,1.0
1766,1.0
1767,1.0
1768,0.96484375
1769,0.97265625
1770,0.98828125
1771,0.99609375
1772,0.9921875
1773,0.9921875
1774,1.0
1775,1.0
1776,0.95703125
1777,0.96875
1778,0.9765625
1779,0.99609375
1780,0.99609375
1781,1.0
1782,1.0
1783,1.0
1784,0.98828125
1785,0.98828125
1786,0.9921875
1787,0.99609375
1788,0.99609375
1789,1.0
1790,1.0
1791,1.0
1792,0.94921875
1793,0.96484375
1794,0.98828125
1795,0.98046875
1796,0.98046875
1797,1.0
1798,1.0
1799,1.0
1800,0.99609375
1801,0.98828125
1802,0.9921875
1803,0.984375
1804,0.984375
1805,1.0
1806,0.99609375
1807,1.0
1808,0.984375
1809,0.98828125
1810,0.99609375
1811,1.0
1812,0.99609375
1813,0.99609375
1814,1.0
1815,1.0
1816,0.99609375
1817,0.9921875
1818,1.0
1819,1.0
1820,1.0
1821,1.0
1822,1.0
1823,1.0
1824,0.9765625
1825,0.97265625
1826,0.9765625
1827,0.99609375
1828,1.0
1829,1.0
1830,1.0
1831,1.0
1832,0.96875
1833,0.984375
1834,0.98828125
1835,0.9921875
1836,1.0
1837,1.0
1838,1.0
1839,1.0
1840,0.9453125
1841,0.96484375
1842,0.984375
1843,0.98828125
1844,0.99609375
1845,1.0
1846,0.99609375
1847,1.0
1848,0.953125
1849,0.9765625
1850,0.97265625
1851,0.99609375
1852,0.98828125
1853,1.0
1854,1.0
1855,1.0
1856,0.94140625
1857,0.9453125
1858,0.97265625
1859,0.98828125
1860,0.99609375
1861,0.99609375
1862,1.0
1863,1.0
1864,0.98828125
1865,0.9921875
1866,0.99609375
1867,1.0
1868,1.0
1869,1.0
1870,1.0
1871,1.0
1872,0.89453125
1873,0.94140625
1874,0.9609375
1875,0.9765625
1876,0.9921875
1877,0.98828125
1878,1.0
1879,1.0
1880,0.984375
1881,0.984375
1882,0.984375
1883,0.98828125
1884,1.0
1885,0.99609375
1886,1.0
1887,1.0
1888,0.9765625
1889,0.984375
1890,0.9921875
1891,0.9921875
1892,1.0
1893,0.99609375
1894,1.0
1895,1.0
1896,0.92578125
1897,0.93359375
1898,0.9765625
1899,0.9765625
1900,0.9921875
1901,0.99609375
1902,0.99609375
1903,1.0
1904,0.96875
1905,0.9765625
1906,0.99609375
1907,0.99609375
1908,0.99609375
1909,0.99609375
1910,0.99609375
1911,1.0
1912,0.95703125
1913,0.95703125
1914,0.984375
1915,0.9921875
1916,0.9921875
1917,0.99609375
1918,1.0
1919,1.0
1920,0.9453125
1921,0.96484375
1922,0.984375
1923,0.984375
1924,0.99609375
1925,0.99609375
1926,1.0
1927,1.0
1928,0.98046875
1929,0.98828125
1930,0.99609375
1931,0.9921875
1932,0.99609375
1933,0.99609375
1934,1.0
1935,1.0
1936,0.98046875
1937,0.9921875
1938,0.984375
1939,0.98828125
1940,0.99609375
1941,0.99609375
1942,1.0
1943,1.0
1944,0.9609375
1945,0.96875
1946,0.984375
1947,0.99609375
1948,1.0
1949,1.0
1950,1.0
1951,1.0
1952,0.96484375
1953,0.96875
1954,0.98828125
1955,0.98828125
1956,1.0
1957,1.0
1958,1.0
1959,1.0
1960,0.95703125
1961,0.95703125
1962,0.97265625
1963,0.98828125
1964,0.9921875
1965,1.0
1966,1.0
1967,1.0
1968,0.94140625
1969,0.94921875
1970,0.98046875
1971,0.9921875
1972,0.99609375
1973,1.0
1974,1.0
1975,1.0
1976,0.95703125
1977,0.98046875
1978,0.9765625
1979,0.98046875
1980,0.99609375
1981,1.0
1982,1.0
1983,1.0
1984,0.921875
1985,0.94140625
1986,0.9609375
1987,0.9921875
1988,0.99609375
1989,0.9921875
1990,1.0
1991,1.0
1992,0.953125
1993,0.984375
1994,0.9921875
1995,0.984375
1996,0.98828125
1997,1.0
1998,1.0
1999,1.0
2000,0.94140625
2001,0.97265625
2002,0.95703125
2003,0.98828125
2004,0.9921875
2005,0.99609375
2006,1.0
2007,1.0
2008,0.98046875
2009,0.98828125
2010,0.9921875
2011,1.0
2012,1.0
2013,1.0
2014,1.0
2015,1.0
2016,0.9765625
2017,0.98828125
2018,0.9921875
2019,0.98828125
2020,1.0
2021,1.0
2022,1.0
2023,1.0
2024,0.953125
2025,0.9765625
2026,0.98828125
2027,0.984375
2028,0.99609375
2029,0.9921875
2030,0.99609375
2031,1.0
2032,0.9765625
2033,0.984375
2034,0.98828125
2035,0.99609375
2036,1.0
2037,1.0
2038,1.0
2039,1.0
2040,0.984375
2041,0.984375
2042,0.9921875
2043,0.99609375
2044,1.0
2045,1.0
2046,1.0
2047,1.0
2048,0.9609375
2049,0.9921875
2050,0.98828125
2051,0.99609375
2052,0.99609375
2053,1.0
2054,1.0
2055,1.0
2056,0.9765625
2057,0.984375
2058,0.98828125
2059,1.0
2060,0.9921875
2061,1.0
2062,1.0
2063,1.0
2064,0.94921875
2065,0.96875
2066,0.984375
2067,0.99609375
2068,1.0
2069,1.0
2070,1.0
2071,1.0
2072,0.9765625
2073,0.98828125
2074,0.98828125
2075,0.9921875
2076,1.0
2077,1.0
2078,1.0
2079,1.0
2080,0.9765625
2081,0.984375
2082,0.984375
2083,0.99609375
2084,0.99609375
2085,1.0
2086,1.0
2087,1.0
2088,1.0
2089,1.0
2090,1.0
2091,1.0
2092,1.0
2093,1.0
2094,1.0
2095,1.0
2096,1.0
2097,1.0
2098,1.0
2099,1.0
2100,1.0
2101,1.0
2102,1.0
2103,1.0
2104,0.9609375
2105,0.984375
2106,0.9921875
2107,1.0
2108,1.0
2109,1.0
2110,1.0
2111,1.0
2112,0.95703125
2113,0.96875
2114,0.984375
2115,0.99609375
2116,0.9921875
2117,0.99609375
2118,1.0
2119,1.0
2120,0.9609375
2121,0.96484375
2122,0.98828125
2123,0.9921875
2124,1.0
2125,1.0
2126,1.0
2127,1.0
2128,0.93359375
2129,0.94140625
2130,0.9765625
2131,0.984375
2132,0.99609375
2133,1.0
2134,1.0
2135,1.0
2136,0.95703125
2137,0.9609375
2138,0.98046875
2139,0.984375
2140,0.9921875
2141,1.0
2142,1.0
2143,1.0
2144,0.94921875
2145,0.953125
2146,0.97265625
2147,0.984375
2148,1.0
2149,0.99609375
2150,1.0
2151,1.0
2152,0.9453125
2153,0.9375
2154,0.96875
2155,0.9765625
2156,0.9921875
2157,1.0
2158,1.0
2159,1.0
2160,0.94921875
2161,0.95703125
2162,0.9765625
2163,0.9921875
2164,0.99609375
2165,0.99609375
2166,0.99609375
2167,1.0
2168,0.9140625
2169,0.921875
2170,0.96875
2171,0.97265625
2172,0.99609375
2173,0.9921875
2174,1.0
2175,1.0
2176,0.96875
2177,0.984375
2178,0.9921875
2179,0.98828125
2180,0.9921875
2181,1.0
2182,1.0
2183,1.0
2184,0.94921875
2185,0.96875
2186,0.98828125
2187,0.9921875
2188,0.9921875
2189,1.0
2190,1.0
2191,1.0
2192,0.9453125
2193,0.9609375
2194,0.98828125
2195,0.99609375
2196,0.99609375
2197,1.0
2198,1.0
2199,1.0
2200,0.91796875
2201,0.9453125
2202,0.9375
2203,0.96484375
2204,0.99609375
2205,0.99609375
2206,1.0
2207,1.0
2208,0.9296875
2209,0.94921875
2210,0.9609375
2211,0.984375
2212,0.99609375
2213,0.99609375
2214,1.0
2215,1.0
2216,0.9453125
2217,0.95703125
2218,0.984375
2219,0.98828125
2220,0.98828125
2221,0.99609375
2222,1.0
2223,1.0
2224,0.95703125
2225,0.9609375
2226,0.9921875
2227,0.9921875
2228,0.99609375
2229,1.0
2230,1.0
2231,1.0
2232,0.87109375
2233,0.8984375
2234,0.953125
2235,0.97265625
2236,0.984375
2237,0.99609375
2238,1.0
2239,1.0
2240,0.91796875
2241,0.9296875
2242,0.953125
2243,0.98828125
2244,0.98828125
2245,0.99609375
2246,1.0
2247,1.0
2248,0.93359375
2249,0.92578125
2250,0.98046875
2251,0.9921875
2252,0.98828125
2253,0.99609375
2254,1.0
2255,1.0
2256,0.94921875
2257,0.94140625
2258,0.953125
2259,0.9921875
2260,0.9921875
2261,0.99609375
2262,1.0
2263,1.0
2264,0.9375
2265,0.953125
2266,0.94140625
2267,0.9921875
2268,0.9921875
2269,0.9921875
2270,1.0
2271,1.0
2272,0.94921875
2273,0.95703125
2274,0.984375
2275,0.9921875
2276,0.9921875
2277,1.0
2278,1.0
2279,1.0
2280,0.95703125
2281,0.96484375
2282,0.99609375
2283,1.0
2284,1.0
2285,1.0
2286,1.0
2287,1.0
2288,0.98828125
2289,0.9921875
2290,0.9921875
2291,1.0
2292,1.0
2293,1.0
2294,1.0
2295,1.0
2296,0.9375
2297,0.94921875
2298,0.9609375
2299,0.98828125
2300,0.9921875
2301,0.99609375
2302,1.0
2303,1.0
2304,0.94921875
2305,0.97265625
2306,0.984375
2307,0.99609375
2308,1.0
2309,1.0
2310,1.0
2311,1.0
2312,0.921875
2313,0.9453125
2314,0.953125
2315,0.98828125
2316,0.9921875
2317,0.9921875
2318,1.0
2319,1.0
2320,0.953125
2321,0.95703125
2322,0.98046875
2323,0.9921875
2324,0.99609375
2325,1.0
2326,1.0
2327,1.0
2328,0.9765625
2329,0.98828125
2330,0.9921875
2331,1.0
2332,1.0
2333,1.0
2334,1.0
2335,1.0
2336,0.9296875
2337,0.93359375
2338,0.9609375
2339,0.984375
2340,0.99609375
2341,0.99609375
2342,1.0
2343,1.0
2344,0.95703125
2345,0.9609375
2346,0.98046875
2347,0.98828125
2348,0.99609375
2349,0.99609375
2350,1.0
2351,1.0
2352,0.9609375
2353,0.9765625
2354,0.98828125
2355,0.98828125
2356,0.99609375
2357,1.0
2358,1.0
2359,1.0
2360,0.94921875
2361,0.94921875
2362,0.9765625
2363,0.98828125
2364,0.98828125
2365,0.99609375
2366,1.0
2367,1.0
2368,0.90625
2369,0.9296875
2370,0.97265625
2371,0.98828125
2372,0.9921875
2373,0.99609375
2374,1.0
2375,1.0
2376,0.91015625
2377,0.921875
2378,0.96875
2379,0.9765625
2380,0.99609375
2381,1.0
2382,0.99609375
2383,1.0
2384,0.98828125
2385,0.9921875
2386,0.9921875
2387,1.0
2388,1.0
2389,1.0
2390,1.0
2391,1.0
2392,0.94921875
2393,0.95703125
2394,0.9765625
2395,0.984375
2396,0.99609375
2397,1.0
2398,1.0
2399,1.0
2400,0.9375
2401,0.92578125
2402,0.96484375
2403,0.984375
2404,0.9921875
2405,0.98828125
2406,1.0
2407,1.0
2408,0.97265625
2409,0.97265625
2410,1.0
2411,0.99609375
2412,0.99609375
2413,1.0
2414,1.0
2415,1.0
2416,0.97265625
2417,0.96484375
2418,0.984375
2419,0.99609375
2420,0.99609375
2421,1.0
2422,1.0
2423,1.0
2424,0.9609375
2425,0.97265625
2426,0.98828125
2427,0.9921875
2428,0.99609375
2429,1.0
2430,1.0
2431,1.0
2432,0.94921875
2433,0.9609375
2434,0.98828125
2435,0.98828125
2436,0.9921875
2437,1.0
2438,1.0
2439,1.0
2440,0.93359375
2441,0.95703125
2442,0.9765625
2443,0.9921875
2444,0.98828125
2445,0.99609375
2446,1.0
2447,1.0
2448,0.96875
2449,0.9765625
2450,0.99609375
2451,0.99609375
2452,1.0
2453,1.0
2454,1.0
2455,1.0
2456,0.94140625
2457,0.9453125
2458,0.97265625
2459,0.984375
2460,0.99609375
2461,0.9921875
2462,1.0
2463,1.0
2464,0.9765625
2465,0.98828125
2466,0.9921875
2467,0.99609375
2468,1.0
2469,1.0
2470,1.0
2471,1.0
2472,0.921875
2473,0.94140625
2474,0.9609375
2475,0.96875
2476,0.9921875
2477,0.9921875
2478,1.0
2479,1.0
2480,0.9296875
2481,0.953125
2482,0.96484375
2483,0.984375
2484,0.99609375
2485,0.9921875
2486,1.0
2487,1.0
2488,0.93359375
2489,0.9375
2490,0.95703125
2491,0.9765625
2492,0.9921875
2493,0.98828125
2494,0.99609375
2495,1.0
2496,0.97265625
2497,0.984375
2498,0.9921875
2499,0.99609375
2500,0.99609375
2501,1.0
2502,1.0
2503,1.0
2504,0.9375
2505,0.953125
2506,0.97265625
2507,0.99609375
2508,1.0
2509,1.0
2510,1.0
2511,1.0
2512,0.94921875
2513,0.94921875
2514,1.0
2515,0.98828125
2516,0.9921875
2517,1.0
2518,1.0
2519,1.0
2520,0.93359375
2521,0.96875
2522,0.94921875
2523,0.98828125
2524,0.98828125
2525,0.9921875
2526,1.0
2527,1.0
2528,0.94921875
2529,0.98046875
2530,0.99609375
2531,0.99609375
2532,1.0
2533,1.0
2534,1.0
2535,1.0
2536,0.9375
2537,0.953125
2538,0.9765625
2539,0.99609375
2540,0.99609375
2541,0.99609375
2542,1.0
2543,1.0
2544,0.9453125
2545,0.97265625
2546,0.9921875
2547,0.9921875
2548,0.99609375
2549,1.0
2550,1.0
2551,1.0
2552,0.98046875
2553,0.98828125
2554,0.99609375
2555,0.99609375
2556,1.0
2557,1.0
2558,1.0
2559,1.0
2560,0.9765625
2561,0.98828125
2562,0.99609375
2563,1.0
2564,0.99609375
2565,1.0
2566,1.0
2567,1.0
2568,0.9375
2569,0.953125
2570,0.9765625
2571,0.98828125
2572,1.0
2573,1.0
2574,1.0
2575,1.0
2576,0.97265625
2577,0.984375
2578,0.98828125
2579,0.98828125
2580,0.98828125
2581,1.0
2582,1.0
2583,1.0
2584,1.0
2585,1.0
2586,1.0
2587,1.0
2588,1.0
2589,1.0
2590,1.0
2591,1.0
2592,0.94140625
2593,0.94921875
2594,0.96484375
2595,0.99609375
2596,0.98828125
2597,0.9921875
2598,1.0
2599,1.0
2600,0.9296875
2601,0.95703125
2602,0.96875
2603,0.9921875
2604,0.99609375
2605,0.99609375
2606,1.0
2607,1.0
2608,0.91796875
2609,0.9375
2610,0.96875
2611,0.984375
2612,0.9921875
2613,0.99609375
2614,1.0
2615,1.0
2616,0.96484375
2617,0.98046875
2618,0.98828125
2619,0.99609375
2620,0.99609375
2621,1.0
2622,1.0
2623,1.0
2624,0.953125
2625,0.96484375
2626,0.98828125
2627,0.99609375
2628,0.99609375
2629,0.99609375
2630,1.0
2631,1.0
2632,0.92578125
2633,0.9609375
2634,0.96484375
2635,0.9921875
2636,0.9921875
2637,0.99609375
2638,1.0
2639,1.0
2640,1.0
2641,1.0
2642,1.0
2643,1.0
2644,1.0
2645,1.0
2646,1.0
2647,1.0
2648,0.94140625
2649,0.93359375
2650,0.95703125
2651,0.98046875
2652,0.9921875
2653,1.0
2654,1.0
2655,1.0
2656,0.99609375
2657,1.0
2658,1.0
2659,1.0
2660,1.0
2661,1.0
2662,1.0
2663,1.0
2664,0.92578125
2665,0.94140625
2666,0.97265625
2667,0.98828125
2668,0.9921875
2669,0.9921875
2670,1.0
2671,1.0
2672,0.98828125
2673,0.98828125
2674,0.99609375
2675,0.99609375
2676,1.0
2677,1.0
2678,1.0
2679,1.0
2680,0.98828125
2681,0.9921875
2682,0.99609375
2683,1.0
2684,1.0
2685,1.0
2686,1.0
2687,1.0
2688,0.95703125
2689,0.9609375
2690,0.9765625
2691,0.99609375
2692,1.0
2693,0.99609375
2694,1.0
2695,1.0
2696,0.94921875
2697,0.953125
2698,0.98046875
2699,0.99609375
2700,0.99609375
2701,0.99609375
2702,1.0
2703,1.0
2704,0.9453125
2705,0.94140625
2706,0.96875
2707,0.98828125
2708,0.9921875
2709,0.99609375
2710,1.0
2711,1.0
2712,0.9609375
2713,0.96484375
2714,0.9765625
2715,0.9921875
2716,0.99609375
2717,0.9921875
2718,1.0
2719,1.0
2720,0.9140625
2721,0.92578125
2722,0.9609375
2723,0.98046875
2724,1.0
2725,1.0
2726,1.0
2727,1.0
2728,0.95703125
2729,0.95703125
2730,0.9765625
2731,0.984375
2732,0.9921875
2733,0.9921875
2734,1.0
2735,1.0
2736,0.95703125
2737,0.9609375
2738,0.9921875
2739,0.9921875
2740,0.9921875
2741,1.0
2742,1.0
2743,1.0
2744,0.9375
2745,0.96484375
2746,0.9765625
2747,0.99609375
2748,0.99609375
2749,0.99609375
2750,1.0
2751,1.0
2752,0.9140625
2753,0.93359375
2754,0.9609375
2755,0.9765625
2756,0.98828125
2757,0.9921875
2758,0.99609375
2759,1.0
2760,0.953125
2761,0.98046875
2762,0.9765625
2763,0.984375
2764,0.98828125
2765,1.0
2766,1.0
2767,1.0
2768,0.953125
2769,0.95703125
2770,0.97265625
2771,0.9921875
2772,1.0
2773,1.0
2774,1.0
2775,1.0
2776,0.9609375
2777,0.9609375
2778,0.98046875
2779,0.9921875
2780,0.99609375
2781,1.0
2782,1.0
2783,1.0
2784,0.9453125
2785,0.97265625
2786,0.984375
2787,0.9921875
2788,0.99609375
2789,1.0
2790,1.0
2791,1.0
2792,0.92578125
2793,0.94921875
2794,0.9609375
2795,0.98046875
2796,0.99609375
2797,0.99609375
2798,1.0
2799,1.0
2800,0.9375
2801,0.953125
2802,0.98046875
2803,0.9921875
2804,0.9921875
2805,0.99609375
2806,1.0
2807,1.0
2808,0.94140625
2809,0.953125
2810,0.98046875
2811,0.99609375
2812,0.99609375
2813,0.99609375
2814,1.0
2815,1.0
2816,0.95703125
2817,0.95703125
2818,0.98046875
2819,0.99609375
2820,0.99609375
2821,1.0
2822,1.0
2823,1.0
2824,0.98046875
2825,0.984375
2826,0.984375
2827,0.98828125
2828,1.0
2829,0.99609375
2830,1.0
2831,1.0
2832,0.94921875
2833,0.94921875
2834,0.953125
2835,0.99609375
2836,1.0
2837,0.99609375
2838,1.0
2839,1.0
2840,0.9453125
2841,0.94921875
2842,0.98828125
2843,0.99609375
2844,1.0
2845,0.99609375
2846,1.0
2847,1.0
2848,0.98046875
2849,0.98828125
2850,0.9921875
2851,0.99609375
2852,1.0
2853,1.0
2854,1.0
2855,1.0
2856,0.94921875
2857,0.96484375
2858,0.98046875
2859,0.99609375
2860,0.99609375
2861,1.0
2862,1.0
2863,1.0
2864,0.9453125
2865,0.953125
2866,0.96875
2867,0.984375
2868,0.984375
2869,0.99609375
2870,1.0
2871,1.0
2872,0.984375
2873,0.98046875
2874,0.9921875
2875,0.99609375
2876,1.0
2877,1.0
2878,1.0
2879,1.0
2880,0.9375
2881,0.9609375
2882,0.96875
2883,0.9921875
2884,0.99609375
2885,1.0
2886,1.0
2887,1.0
2888,0.9765625
2889,0.9765625
2890,0.984375
2891,0.98828125
2892,0.99609375
2893,1.0
2894,1.0
2895,1.0
2896,0.95703125
2897,0.9296875
2898,0.97265625
2899,0.98046875
2900,1.0
2901,1.0
2902,1.0
2903,1.0
2904,0.98828125
2905,1.0
2906,1.0
2907,1.0
2908,1.0
2909,1.0
2910,1.0
2911,1.0
2912,0.96484375
2913,0.98046875
2914,0.99609375
2915,0.99609375
2916,1.0
2917,1.0
2918,1.0
2919,1.0
2920,0.9921875
2921,0.98828125
2922,1.0
2923,1.0
2924,1.0
2925,1.0
2926,1.0
2927,1.0
2928,0.90625
2929,0.94140625
2930,0.9609375
2931,0.9765625
2932,0.98828125
2933,0.98828125
2934,0.99609375
2935,1.0
2936,0.92578125
2937,0.9453125
2938,0.96875
2939,0.98046875
2940,0.9921875
2941,0.99609375
2942,1.0
2943,1.0
2944,0.97265625
2945,0.984375
2946,0.9921875
2947,0.9921875
2948,0.99609375
2949,1.0
2950,1.0
2951,1.0
2952,0.94921875
2953,0.95703125
2954,0.9765625
2955,0.9921875
2956,0.99609375
2957,0.99609375
2958,1.0
2959,1.0
2960,0.96484375
2961,0.9765625
2962,0.984375
2963,0.99609375
2964,0.99609375
2965,1.0
2966,1.0
2967,1.0
2968,0.94921875
2969,0.94921875
2970,0.98046875
2971,0.99609375
2972,0.9921875
2973,1.0
2974,1.0
2975,1.0
2976,0.99609375
2977,1.0
2978,1.0
2979,1.0
2980,1.0
2981,1.0
2982,1.0
2983,1.0
2984,0.984375
2985,0.984375
2986,0.98828125
2987,1.0
2988,1.0
2989,1.0
2990,1.0
2991,1.0
2992,0.96875
2993,0.98046875
2994,0.98828125
2995,0.99609375
2996,0.99609375
2997,1.0
2998,1.0
2999,1.0
3000,0.96875
3001,0.98046875
3002,0.98828125
3003,0.98828125
3004,0.99609375
3005,1.0
3006,1.0
3007,1.0
3008,0.9296875
3009,0.95703125
3010,0.9765625
3011,0.98828125
3012,0.9921875
3013,1.0
3014,1.0
3015,1.0
3016,0.94140625
3017,0.953125
3018,0.984375
3019,0.9921875
3020,0.99609375
3021,0.99609375
3022,1.0
3023,1.0
3024,0.9375
3025,0.9453125
3026,0.98828125
3027,0.9921875
3028,1.0
3029,0.99609375
3030,1.0
3031,1.0
3032,0.9765625
3033,0.97265625
3034,0.984375
3035,0.99609375
3036,0.9921875
3037,1.0
3038,1.0
3039,1.0
3040,0.984375
3041,0.98828125
3042,0.9921875
3043,1.0
3044,1.0
3045,1.0
3046,1.0
3047,1.0
3048,0.921875
3049,0.9453125
3050,0.9609375
3051,0.99609375
3052,0.9921875
3053,0.99609375
3054,1.0
3055,1.0
3056,0.98828125
3057,0.9921875
3058,0.99609375
3059,0.99609375
3060,1.0
3061,1.0
3062,1.0
3063,1.0
3064,0.94140625
3065,0.95703125
3066,0.984375
3067,0.9921875
3068,0.99609375
3069,0.99609375
3070,1.0
3071,1.0
3072,0.984375
3073,0.9765625
3074,0.9921875
3075,0.99609375
3076,0.99609375
3077,0.99609375
3078,1.0
3079,1.0
3080,0.9609375
3081,0.98046875
3082,0.98828125
3083,0.99609375
3084,0.99609375
3085,1.0
3086,1.0
3087,1.0
3088,0.95703125
3089,0.97265625
3090,0.984375
3091,0.98828125
3092,0.99609375
3093,1.0
3094,1.0
3095,1.0
3096,0.96484375
3097,0.96484375
3098,0.97265625
3099,0.99609375
3100,0.9921875
3101,1.0
3102,1.0
3103,1.0
3104,0.9375
3105,0.94921875
3106,0.96875
3107,0.984375
3108,0.9921875
3109,0.9921875
3110,1.0
3111,1.0
3112,0.984375
3113,0.99609375
3114,0.99609375
3115,1.0
3116,1.0
3117,1.0
3118,1.0
3119,1.0
3120,0.95703125
3121,0.98046875
3122,0.99609375
3123,0.99609375
3124,1.0
3125,1.0
3126,1.0
3127,1.0
3128,0.9921875
3129,0.9921875
3130,0.9921875
3131,0.99609375
3132,1.0
3133,1.0
3134,1.0
3135,1.0
3136,0.984375
3137,0.99609375
3138,0.99609375
3139,1.0
3140,1.0
3141,1.0
3142,1.0
3143,1.0
3144,0.95703125
3145,0.96875
3146,0.984375
3147,0.99609375
3148,0.99609375
3149,1.0
3150,1.0
3151,1.0
3152,0.9609375
3153,0.97265625
3154,0.98828125
3155,0.98828125
3156,0.99609375
3157,1.0
3158,1.0
3159,1.0
3160,0.9453125
3161,0.96484375
3162,0.98046875
3163,0.98828125
3164,0.9921875
3165,0.99609375
3166,1.0
3167,1.0
3168,0.94921875
3169,0.96875
3170,0.9921875
3171,1.0
3172,0.9921875
3173,1.0
3174,1.0
3175,1.0
3176,0.9375
3177,0.953125
3178,0.9609375
3179,1.0
3180,1.0
3181,1.0
3182,1.0
3183,1.0
3184,0.93359375
3185,0.9609375
3186,0.97265625
3187,0.9921875
3188,0.9921875
3189,1.0
3190,1.0
3191,1.0
3192,0.94140625
3193,0.9453125
3194,0.97265625
3195,0.98828125
3196,0.99609375
3197,0.9921875
3198,1.0
3199,1.0
3200,0.92578125
3201,0.9453125
3202,0.95703125
3203,0.96875
3204,1.0
3205,1.0
3206,1.0
3207,1.0
3208,0.9453125
3209,0.96875
3210,0.98828125
3211,0.99609375
3212,0.99609375
3213,1.0
3214,1.0
3215,1.0
3216,0.9453125
3217,0.9609375
3218,0.96875
3219,0.99609375
3220,0.99609375
3221,1.0
3222,1.0
3223,1.0
3224,0.9375
3225,0.953125
3226,0.97265625
3227,0.99609375
3228,0.9921875
3229,0.99609375
3230,1.0
3231,1.0
3232,0.921875
3233,0.9375
3234,0.96875
3235,0.98828125
3236,0.9921875
3237,0.9921875
3238,1.0
3239,1.0
3240,0.9375
3241,0.94921875
3242,0.96484375
3243,0.9921875
3244,1.0
3245,0.9921875
3246,1.0
3247,1.0
3248,0.94921875
3249,0.94921875
3250,0.9921875
3251,0.99609375
3252,0.9921875
3253,1.0
3254,1.0
3255,1.0
3256,0.96484375
3257,0.9609375
3258,0.9765625
3259,0.9921875
3260,0.99609375
3261,1.0
3262,1.0
3263,1.0
3264,0.859375
3265,0.921875
3266,0.94140625
3267,0.97265625
3268,0.984375
3269,1.0
3270,1.0
3271,1.0
3272,0.9375
3273,0.9453125
3274,0.96875
3275,0.9765625
3276,1.0
3277,0.9921875
3278,1.0
3279,1.0
3280,0.9453125
3281,0.9375
3282,0.98046875
3283,0.984375
3284,1.0
3285,0.9921875
3286,1.0
3287,1.0
3288,0.95703125
3289,0.953125
3290,0.97265625
3291,0.99609375
3292,0.98828125
3293,0.99609375
3294,1.0
3295,1.0
3296,0.921875
3297,0.953125
3298,0.9609375
3299,0.96875
3300,0.99609375
3301,0.99609375
3302,1.0
3303,1.0
3304,0.94140625
3305,0.94140625
3306,0.96875
3307,0.9921875
3308,0.99609375
3309,0.99609375
3310,1.0
3311,1.0
3312,0.94921875
3313,0.96484375
3314,0.99609375
3315,1.0
3316,0.99609375
3317,1.0
3318,1.0
3319,1.0
3320,0.9921875
3321,1.0
3322,0.9921875
3323,0.99609375
3324,1.0
3325,1.0
3326,1.0
3327,1.0
3328,0.94140625
3329,0.953125
3330,0.96484375
3331,0.9921875
3332,0.9921875
3333,0.99609375
3334,1.0
3335,1.0
3336,0.94921875
3337,0.9609375
3338,0.984375
3339,0.99609375
3340,1.0
3341,1.0
3342,1.0
3343,1.0
3344,0.9140625
3345,0.9296875
3346,0.96484375
3347,0.96875
3348,0.98828125
3349,0.9921875
3350,1.0
3351,1.0
3352,0.9609375
3353,0.97265625
3354,0.984375
3355,1.0
3356,1.0
3357,0.99609375
3358,1.0
3359,1.0
3360,0.984375
3361,0.9765625
3362,0.98828125
3363,0.98828125
3364,1.0
3365,1.0
3366,1.0
3367,1.0
3368,0.9296875
3369,0.9453125
3370,0.96875
3371,0.9921875
3372,0.99609375
3373,0.9921875
3374,1.0
3375,1.0
3376,0.92578125
3377,0.9609375
3378,0.9765625
3379,0.9921875
3380,0.99609375
3381,1.0
3382,1.0
3383,1.0
3384,0.9609375
3385,0.98046875
3386,0.98828125
3387,0.99609375
3388,0.99609375
3389,1.0
3390,1.0
3391,1.0
3392,0.94140625
3393,0.94140625
3394,0.98046875
3395,0.9921875
3396,0.98828125
3397,0.99609375
3398,1.0
3399,1.0
3400,0.90234375
3401,0.9140625
3402,0.9609375
3403,0.96484375
3404,0.9921875
3405,0.99609375
3406,1.0
3407,1.0
3408,0.90625
3409,0.92578125
3410,0.95703125
3411,0.96484375
3412,0.99609375
3413,0.99609375
3414,0.99609375
3415,1.0
3416,0.99609375
3417,0.99609375
3418,0.9921875
3419,0.99609375
3420,1.0
3421,1.0
3422,1.0
3423,1.0
3424,0.9453125
3425,0.9609375
3426,0.98046875
3427,0.9921875
3428,0.99609375
3429,0.9921875
3430,1.0
3431,1.0
3432,0.91796875
3433,0.94140625
3434,0.96484375
3435,0.98046875
3436,0.98828125
3437,1.0
3438,0.9921875
3439,1.0
3440,0.98828125
3441,0.984375
3442,0.9921875
3443,0.9921875
3444,1.0
3445,1.0
3446,1.0
3447,1.0
3448,0.96484375
3449,0.98046875
3450,0.99609375
3451,1.0
3452,1.0
3453,1.0
3454,1.0
3455,1.0
3456,0.9765625
3457,0.9765625
3458,0.98828125
3459,0.99609375
3460,0.99609375
3461,1.0
3462,1.0
3463,1.0
3464,0.96484375
3465,0.9609375
3466,0.98828125
3467,0.98828125
3468,0.9921875
3469,1.0
3470,1.0
3471,1.0
3472,0.9453125
3473,0.9453125
3474,0.97265625
3475,0.98828125
3476,0.99609375
3477,0.99609375
3478,1.0
3479,1.0
3480,0.97265625
3481,0.9921875
3482,0.98828125
3483,0.99609375
3484,0.99609375
3485,1.0
3486,1.0
3487,1.0
3488,0.9375
3489,0.953125
3490,0.95703125
3491,0.98828125
3492,0.98828125
3493,1.0
3494,1.0
3495,1.0
3496,0.98046875
3497,0.984375
3498,0.99609375
3499,1.0
3500,1.0
3501,1.0
3502,1.0
3503,1.0
3504,0.9375
3505,0.94140625
3506,0.96484375
3507,0.9921875
3508,0.9921875
3509,0.99609375
3510,1.0
3511,1.0
3512,0.92578125
3513,0.9375
3514,0.95703125
3515,0.98046875
3516,0.9921875
3517,0.9921875
3518,0.99609375
3519,1.0
3520,0.93359375
3521,0.9375
3522,0.95703125
3523,0.9765625
3524,0.9921875
3525,0.98828125
3526,0.99609375
3527,1.0
3528,0.98046875
3529,0.98046875
3530,0.9921875
3531,0.9921875
3532,0.99609375
3533,1.0
3534,1.0
3535,1.0
3536,0.95703125
3537,0.95703125
3538,0.9609375
3539,0.98828125
3540,0.9921875
3541,1.0
3542,1.0
3543,1.0
3544,0.9375
3545,0.96484375
3546,0.9921875
3547,1.0
3548,1.0
3549,0.99609375
3550,1.0
3551,1.0
3552,0.9453125
3553,0.97265625
3554,0.94140625
3555,0.98828125
3556,0.99609375
3557,1.0
3558,0.9921875
3559,1.0
3560,0.9296875
3561,0.953125
3562,0.9765625
3563,0.9921875
3564,0.99609375
3565,0.99609375
3566,1.0
3567,1.0
3568,0.94921875
3569,0.9609375
3570,0.9765625
3571,0.984375
3572,0.98828125
3573,1.0
3574,1.0
3575,1.0
3576,0.9609375
3577,0.98046875
3578,0.98046875
3579,0.9921875
3580,0.9921875
3581,1.0
3582,1.0
3583,1.0
3584,0.98046875
3585,0.98828125
3586,0.9921875
3587,0.99609375
3588,1.0
3589,1.0
3590,1.0
3591,1.0
3592,0.96875
3593,0.9765625
3594,0.98828125
3595,0.9921875
3596,1.0
3597,1.0
3598,1.0
3599,1.0
3600,0.94140625
3601,0.95703125
3602,0.97265625
3603,0.98828125
3604,0.98828125
3605,1.0
3606,1.0
3607,1.0
3608,0.94921875
3609,0.96875
3610,0.984375
3611,0.99609375
3612,1.0
3613,1.0
3614,1.0
3615,1.0
3616,0.99609375
3617,0.9921875
3618,0.99609375
3619,1.0
3620,1.0
3621,1.0
3622,1.0
3623,1.0
3624,0.9453125
3625,0.953125
3626,0.96484375
3627,0.99609375
3628,0.98828125
3629,1.0
3630,1.0
3631,1.0
3632,0.92578125
3633,0.9453125
3634,0.9765625
3635,0.98828125
3636,0.9921875
3637,0.99609375
3638,1.0
3639,1.0
3640,0.91796875
3641,0.93359375
3642,0.97265625
3643,0.984375
3644,0.9921875
3645,1.0
3646,1.0
3647,1.0
3648,0.95703125
3649,0.984375
3650,0.98828125
3651,0.99609375
3652,0.99609375
3653,1.0
3654,1.0
3655,1.0
3656,0.953125
3657,0.953125
3658,0.98828125
3659,0.99609375
3660,0.99609375
3661,1.0
3662,1.0
3663,1.0
3664,0.9296875
3665,0.9609375
3666,0.96484375
3667,0.9921875
3668,0.9921875
3669,0.9921875
3670,1.0
3671,1.0
3672,1.0
3673,1.0
3674,1.0
3675,1.0
3676,1.0
3677,1.0
3678,1.0
3679,1.0
3680,0.94921875
3681,0.97265625
3682,0.98046875
3683,0.9921875
3684,1.0
3685,0.99609375
3686,1.0
3687,1.0
3688,1.0
3689,1.0
3690,1.0
3691,1.0
3692,1.0
3693,1.0
3694,1.0
3695,1.0
3696,0.95703125
3697,0.96484375
3698,0.98828125
3699,1.0
3700,0.99609375
3701,1.0
3702,1.0
3703,1.0
3704,0.99609375
3705,1.0
3706,0.99609375
3707,1.0
3708,1.0
3709,1.0
3710,1.0
3711,1.0
3712,0.9921875
3713,0.9921875
3714,1.0
3715,1.0
3716,1.0
3717,1.0
3718,1.0
3719,1.0
3720,0.95703125
3721,0.9609375
3722,0.9765625
3723,0.99609375
3724,1.0
3725,0.99609375
3726,1.0
3727,1.0
3728,0.9453125
3729,0.95703125
3730,0.96875
3731,0.98046875
3732,0.99609375
3733,0.99609375
3734,1.0
3735,1.0
3736,0.92578125
3737,0.94921875
3738,0.953125
3739,0.98046875
3740,0.9921875
3741,0.99609375
3742,1.0
3743,1.0
3744,0.95703125
3745,0.96875
3746,0.984375
3747,0.9921875
3748,1.0
3749,1.0
3750,1.0
3751,1.0
3752,0.91796875
3753,0.91796875
3754,0.95703125
3755,1.0
3756,0.98828125
3757,0.9921875
3758,1.0
3759,1.0
3760,0.95703125
3761,0.95703125
3762,0.98828125
3763,1.0
3764,0.98828125
3765,0.98828125
3766,1.0
3767,1.0
3768,0.9609375
3769,0.97265625
3770,0.98046875
3771,0.98828125
3772,0.9921875
3773,1.0
3774,1.0
3775,1.0
3776,0.94921875
3777,0.96875
3778,0.9765625
3779,0.9921875
3780,0.99609375
3781,0.9921875
3782,1.0
3783,1.0
3784,0.921875
3785,0.9453125
3786,0.9609375
3787,0.98046875
3788,0.9921875
3789,0.9921875
3790,0.99609375
3791,1.0
3792,0.96484375
3793,0.98046875
3794,0.99609375
3795,0.9921875
3796,1.0
3797,1.0
3798,1.0
3799,1.0
3800,0.94921875
3801,0.953125
3802,0.98046875
3803,0.984375
3804,1.0
3805,1.0
3806,1.0
3807,1.0
3808,0.95703125
3809,0.94921875
3810,0.97265625
3811,0.99609375
3812,0.99609375
3813,1.0
3814,1.0
3815,1.0
3816,0.9609375
3817,0.97265625
3818,0.98828125
3819,0.9921875
3820,0.99609375
3821,1.0
3822,1.0
3823,1.0
3824,0.92578125
3825,0.94921875
3826,0.9609375
3827,0.98046875
3828,0.99609375
3829,0.99609375
3830,0.99609375
3831,1.0
3832,0.94140625
3833,0.9609375
3834,0.98046875
3835,0.984375
3836,0.9921875
3837,0.99609375
3838,1.0
3839,1.0
3840,0.9609375
3841,0.96875
3842,0.97265625
3843,0.984375
3844,0.99609375
3845,1.0
3846,1.0
3847,1.0
3848,0.96484375
3849,0.984375
3850,0.98046875
3851,0.99609375
3852,0.99609375
3853,1.0
3854,1.0
3855,1.0
3856,0.94921875
3857,0.96484375
3858,0.97265625
3859,1.0
3860,0.9921875
3861,1.0
3862,1.0
3863,1.0
3864,0.953125
3865,0.953125
3866,0.99609375
3867,1.0
3868,0.98828125
3869,0.9921875
3870,1.0
3871,1.0
3872,0.9609375
3873,0.97265625
3874,0.98046875
3875,0.9921875
3876,1.0
3877,1.0
3878,1.0
3879,1.0
3880,0.9765625
3881,0.98828125
3882,0.9921875
3883,1.0
3884,0.99609375
3885,1.0
3886,1.0
3887,1.0
3888,0.9765625
3889,0.984375
3890,0.984375
3891,0.99609375
3892,1.0
3893,0.99609375
3894,1.0
3895,1.0
3896,0.93359375
3897,0.9375
3898,0.98046875
3899,0.98828125
3900,0.984375
3901,0.99609375
3902,1.0
3903,1.0
3904,0.98828125
3905,0.98046875
3906,0.99609375
3907,0.99609375
3908,1.0
3909,1.0
3910,1.0
3911,1.0
3912,0.94140625
3913,0.9609375
3914,0.9765625
3915,0.9921875
3916,1.0
3917,0.99609375
3918,1.0
3919,1.0
3920,0.96484375
3921,0.984375
3922,0.984375
3923,0.99609375
3924,1.0
3925,1.0
3926,1.0
3927,1.0
3928,0.953125
3929,0.93359375
3930,0.96875
3931,0.9921875
3932,0.98828125
3933,0.99609375
3934,1.0
3935,1.0
3936,0.984375
3937,0.98828125
3938,1.0
3939,0.98828125
3940,1.0
3941,1.0
3942,1.0
3943,1.0
3944,0.98828125
3945,1.0
3946,1.0
3947,1.0
3948,1.0
3949,1.0
3950,1.0
3951,1.0
3952,0.9921875
3953,0.99609375
3954,1.0
3955,1.0
3956,1.0
3957,1.0
3958,1.0
3959,1.0
3960,0.9296875
3961,0.94921875
3962,0.97265625
3963,0.9765625
3964,0.99609375
3965,1.0
3966,1.0
3967,1.0
3968,0.9375
3969,0.95703125
3970,0.96484375
3971,0.99609375
3972,0.99609375
3973,0.99609375
3974,1.0
3975,1.0
3976,0.9765625
3977,0.98046875
3978,0.9921875
3979,0.9921875
3980,0.99609375
3981,1.0
3982,1.0
3983,1.0
3984,0.94921875
3985,0.96484375
3986,0.984375
3987,0.9921875
3988,0.99609375
3989,0.99609375
3990,1.0
3991,1.0
3992,0.9765625
3993,0.98046875
3994,0.98828125
3995,0.9921875
3996,1.0
3997,1.0
3998,1.0
3999,1.0
4000,0.9375
4001,0.953125
4002,0.97265625
4003,0.984375
4004,0.99609375
4005,1.0
4006,1.0
4007,1.0
4008,1.0
4009,0.99609375
4010,1.0
4011,1.0
4012,1.0
4013,1.0
4014,1.0
4015,1.0
4016,0.984375
4017,0.984375
4018,0.98828125
4019,0.99609375
4020,1.0
4021,1.0
4022,1.0
4023,1.0
4024,0.96875
4025,0.984375
4026,0.98828125
4027,0.9921875
4028,0.99609375
4029,1.0
4030,1.0
4031,1.0
4032,0.95703125
4033,0.9765625
4034,0.98828125
4035,0.98828125
4036,1.0
4037,1.0
4038,1.0
4039,1.0
4040,0.94921875
4041,0.97265625
4042,0.984375
4043,0.99609375
4044,0.99609375
4045,0.99609375
4046,1.0
4047,1.0
4048,0.9375
4049,0.94921875
4050,0.97265625
4051,0.984375
4052,0.99609375
4053,0.99609375
4054,1.0
4055,1.0
4056,0.9296875
4057,0.9375
4058,0.984375
4059,0.9765625
4060,0.98828125
4061,0.9921875
4062,1.0
4063,1.0
4064,0.97265625
4065,0.9609375
4066,0.98046875
4067,0.99609375
4068,0.9921875
4069,1.0
4070,1.0
4071,1.0
4072,0.98828125
4073,0.9921875
4074,0.9921875
4075,1.0
4076,1.0
4077,1.0
4078,1.0
4079,1.0
4080,0.953125
4081,0.94921875
4082,0.95703125
4083,0.9921875
4084,0.99609375
4085,0.99609375
4086,1.0
4087,1.0
4088,0.98828125
4089,0.98828125
4090,0.9921875
4091,0.99609375
4092,1.0
4093,1.0
4094,1.0
4095,1.0
4096,0.95703125
4097,0.94921875
4098,0.9765625
4099,0.99609375
4100,0.99609375
4101,1.0
4102,1.0
4103,1.0
4104,0.93359375
4105,0.9765625
4106,0.98046875
4107,0.9921875
4108,1.0
4109,1.0
4110,1.0
4111,1.0
4112,0.96484375
4113,0.98046875
4114,1.0
4115,1.0
4116,0.9921875
4117,1.0
4118,1.0
4119,1.0
4120,0.953125
4121,0.9765625
4122,0.984375
4123,0.99609375
4124,0.99609375
4125,1.0
4126,1.0
4127,1.0
4128,0.9609375
4129,0.97265625
4130,0.98828125
4131,0.9921875
4132,1.0
4133,1.0
4134,1.0
4135,1.0
4136,0.92578125
4137,0.94921875
4138,0.96484375
4139,0.9921875
4140,0.99609375
4141,0.99609375
4142,1.0
4143,1.0
4144,0.9765625
4145,0.98046875
4146,0.98828125
4147,0.99609375
4148,1.0
4149,1.0
4150,1.0
4151,1.0
4152,0.9609375
4153,0.97265625
4154,0.98828125
4155,0.99609375
4156,0.99609375
4157,1.0
4158,1.0
4159,1.0
4160,0.9921875
4161,0.9921875
4162,0.9921875
4163,0.99609375
4164,1.0
4165,1.0
4166,1.0
4167,1.0
4168,0.97265625
4169,0.96875
4170,0.99609375
4171,0.99609375
4172,0.99609375
4173,1.0
4174,1.0
4175,1.0
4176,0.98828125
4177,0.9921875
4178,0.99609375
4179,1.0
4180,1.0
4181,1.0
4182,1.0
4183,1.0
4184,1.0
4185,1.0
4186,1.0
4187,1.0
4188,1.0
4189,1.0
4190,1.0
4191,1.0
4192,1.0
4193,1.0
4194,1.0
4195,1.0
4196,1.0
4197,1.0
4198,1.0
4199,1.0
4200,0.9921875
4201,0.98828125
4202,1.0
4203,0.9921875
4204,1.0
4205,1.0
4206,1.0
4207,1.0
4208,0.92578125
4209,0.953125
4210,0.984375
4211,0.9921875
4212,0.99609375
4213,0.9921875
4214,1.0
4215,1.0
4216,0.9609375
4217,0.9765625
4218,0.98828125
4219,0.9921875
4220,1.0
4221,1.0
4222,1.0
4223,1.0
4224,0.9375
4225,0.9453125
4226,0.96484375
4227,0.984375
4228,0.98828125
4229,1.0
4230,1.0
4231,1.0
4232,0.9375
4233,0.95703125
4234,0.97265625
4235,0.9921875
4236,0.9921875
4237,0.99609375
4238,0.99609375
4239,1.0
4240,0.9765625
4241,0.96875
4242,0.98828125
4243,0.9921875
4244,0.99609375
4245,0.99609375
4246,1.0
4247,1.0
4248,0.92578125
4249,0.9453125
4250,0.96875
4251,0.9765625
4252,0.9921875
4253,0.99609375
4254,1.0
4255,1.0
4256,0.96484375
4257,0.96875
4258,1.0
4259,0.98828125
4260,0.9921875
4261,1.0
4262,1.0
4263,1.0
4264,0.96484375
4265,0.94921875
4266,0.98828125
4267,0.9921875
4268,0.9921875
4269,1.0
4270,0.99609375
4271,1.0
4272,0.98046875
4273,0.984375
4274,1.0
4275,1.0
4276,1.0
4277,1.0
4278,1.0
4279,1.0
4280,0.98046875
4281,0.98828125
4282,0.9921875
4283,0.9921875
4284,1.0
4285,1.0
4286,1.0
4287,1.0
4288,0.89453125
4289,0.90625
4290,0.96875
4291,0.96875
4292,0.99609375
4293,0.9921875
4294,0.99609375
4295,1.0
4296,0.9296875
4297,0.94140625
4298,0.97265625
4299,0.984375
4300,0.984375
4301,0.9921875
4302,0.99609375
4303,1.0
4304,0.953125
4305,0.96484375
4306,0.99609375
4307,0.98828125
4308,1.0
4309,0.99609375
4310,1.0
4311,1.0
4312,0.96484375
4313,0.9765625
4314,0.984375
4315,0.9921875
4316,0.99609375
4317,0.99609375
4318,1.0
4319,1.0
4320,0.97265625
4321,0.984375
4322,0.9921875
4323,0.9921875
4324,0.9921875
4325,1.0
4326,1.0
4327,1.0
4328,0.91015625
4329,0.93359375
4330,0.93359375
4331,0.97265625
4332,0.98828125
4333,0.9921875
4334,0.99609375
4335,1.0
4336,0.94140625
4337,0.9609375
4338,0.98828125
4339,0.99609375
4340,0.99609375
4341,0.99609375
4342,0.99609375
4343,1.0
4344,0.91796875
4345,0.96484375
4346,0.94921875
4347,0.984375
4348,0.9921875
4349,0.9921875
4350,0.9921875
4351,1.0
4352,0.94140625
4353,0.9453125
4354,0.97265625
4355,0.9921875
4356,0.9921875
4357,0.9921875
4358,0.99609375
4359,1.0
4360,0.890625
4361,0.9296875
4362,0.94140625
4363,0.984375
4364,0.9921875
4365,0.99609375
4366,0.99609375
4367,0.99609375
4368,0.91796875
4369,0.9296875
4370,0.9453125
4371,0.984375
4372,0.99609375
4373,0.99609375
4374,1.0
4375,1.0
4376,0.921875
4377,0.9375
4378,0.96875
4379,0.9765625
4380,0.99609375
4381,0.98828125
4382,1.0
4383,0.99609375
4384,0.9609375
4385,0.98046875
4386,0.9765625
4387,0.98828125
4388,0.9921875
4389,0.99609375
4390,1.0
4391,1.0
4392,0.97265625
4393,0.9609375
4394,0.9921875
4395,0.9921875
4396,0.99609375
4397,0.99609375
4398,1.0
4399,1.0
4400,0.96484375
4401,0.97265625
4402,0.99609375
4403,0.98828125
4404,0.9921875
4405,0.9921875
4406,1.0
4407,1.0
4408,0.94140625
4409,0.96484375
4410,0.9765625
4411,0.99609375
4412,0.9921875
4413,1.0
4414,1.0
4415,1.0
4416,0.92578125
4417,0.953125
4418,0.9765625
4419,0.9921875
4420,1.0
4421,0.9921875
4422,0.9921875
4423,1.0
4424,0.9921875
4425,0.984375
4426,0.9921875
4427,0.9921875
4428,1.0
4429,1.0
4430,1.0
4431,1.0
4432,0.96875
4433,0.98046875
4434,0.9921875
4435,0.99609375
4436,1.0
4437,1.0
4438,1.0
4439,1.0
4440,0.96484375
4441,0.96484375
4442,0.97265625
4443,0.99609375
4444,1.0
4445,1.0
4446,1.0
4447,1.0
4448,0.9296875
4449,0.94921875
4450,0.9765625
4451,0.9921875
4452,0.99609375
4453,1.0
4454,0.99609375
4455,1.0
4456,0.984375
4457,0.98046875
4458,0.99609375
4459,1.0
4460,1.0
4461,1.0
4462,1.0
4463,1.0
4464,0.95703125
4465,0.9609375
4466,0.96484375
4467,0.984375
4468,0.9921875
4469,0.99609375
4470,1.0
4471,1.0
4472,0.90625
4473,0.9375
4474,0.9609375
4475,0.98046875
4476,0.984375
4477,0.99609375
4478,1.0
4479,0.99609375
4480,0.921875
4481,0.9296875
4482,0.97265625
4483,0.9921875
4484,0.9921875
4485,1.0
4486,1.0
4487,1.0
4488,0.97265625
4489,0.984375
4490,0.98828125
4491,1.0
4492,0.99609375
4493,1.0
4494,1.0
4495,1.0
4496,0.95703125
4497,0.9765625
4498,0.98046875
4499,0.984375
4500,0.99609375
4501,0.99609375
4502,1.0
4503,1.0
4504,0.97265625
4505,0.9765625
4506,0.9765625
4507,0.9921875
4508,0.99609375
4509,0.99609375
4510,0.99609375
4511,1.0
4512,0.953125
4513,0.96484375
4514,0.984375
4515,0.99609375
4516,0.99609375
4517,0.99609375
4518,1.0
4519,1.0
4520,0.9453125
4521,0.97265625
4522,0.9921875
4523,0.99609375
4524,1.0
4525,1.0
4526,0.99609375
4527,1.0
4528,0.91015625
4529,0.9296875
4530,0.96484375
4531,0.98046875
4532,0.9921875
4533,0.99609375
4534,1.0
4535,1.0
4536,0.97265625
4537,0.98046875
4538,0.9921875
4539,0.9921875
4540,1.0
4541,1.0
4542,1.0
4543,1.0
4544,0.9453125
4545,0.95703125
4546,0.98046875
4547,0.99609375
4548,1.0
4549,1.0
4550,1.0
4551,1.0
4552,0.9453125
4553,0.9453125
4554,0.98046875
4555,0.98828125
4556,0.9921875
4557,0.99609375
4558,0.99609375
4559,1.0
4560,0.93359375
4561,0.94921875
4562,0.984375
4563,0.99609375
4564,0.99609375
4565,1.0
4566,1.0
4567,1.0
4568,0.95703125
4569,0.96875
4570,0.97265625
4571,0.98828125
4572,0.99609375
4573,1.0
4574,0.99609375
4575,1.0
4576,0.953125
4577,0.96875
4578,0.98828125
4579,0.9921875
4580,0.99609375
4581,0.99609375
4582,1.0
4583,1.0
4584,0.9453125
4585,0.95703125
4586,0.97265625
4587,0.9921875
4588,1.0
4589,0.99609375
4590,1.0
4591,1.0
4592,0.92578125
4593,0.94140625
4594,0.96875
4595,0.98828125
4596,0.98828125
4597,1.0
4598,1.0
4599,1.0
4600,0.8984375
4601,0.94140625
4602,0.953125
4603,0.98046875
4604,0.98828125
4605,0.99609375
4606,0.99609375
4607,1.0
4608,0.96484375
4609,0.984375
4610,0.98828125
4611,0.99609375
4612,1.0
4613,1.0
4614,1.0
4615,1.0
4616,0.9609375
4617,0.97265625
4618,0.984375
4619,0.98046875
4620,0.99609375
4621,1.0
4622,1.0
4623,1.0
4624,0.91015625
4625,0.9375
4626,0.97265625
4627,0.984375
4628,0.9921875
4629,0.9921875
4630,0.99609375
4631,1.0
4632,0.94921875
4633,0.95703125
4634,0.97265625
4635,0.98828125
4636,0.9921875
4637,0.99609375
4638,0.99609375
4639,1.0
4640,0.99609375
4641,0.99609375
4642,1.0
4643,1.0
4644,1.0
4645,1.0
4646,1.0
4647,1.0
4648,0.9609375
4649,0.9609375
4650,0.97265625
4651,0.98828125
4652,0.99609375
4653,0.99609375
4654,1.0
4655,1.0
4656,0.97265625
4657,0.97265625
4658,0.99609375
4659,0.99609375
4660,0.99609375
4661,0.99609375
4662,1.0
4663,1.0
4664,0.91015625
4665,0.95703125
4666,0.96484375
4667,0.9921875
4668,0.9921875
4669,1.0
4670,0.9921875
4671,1.0
4672,0.9375
4673,0.96484375
4674,0.97265625
4675,0.98828125
4676,0.9921875
4677,0.99609375
4678,1.0
4679,1.0
4680,0.92578125
4681,0.953125
4682,0.97265625
4683,0.98828125
4684,0.9921875
4685,0.99609375
4686,0.99609375
4687,1.0
4688,0.84375
4689,0.89453125
4690,0.96484375
4691,0.96484375
4692,0.98828125
4693,0.98828125
4694,1.0
4695,1.0
4696,0.9296875
4697,0.95703125
4698,0.96484375
4699,0.984375
4700,0.98828125
4701,0.99609375
4702,0.99609375
4703,1.0
4704,0.94921875
4705,0.94921875
4706,0.96875
4707,0.9921875
4708,0.9921875
4709,1.0
4710,1.0
4711,1.0
4712,0.984375
4713,0.98828125
4714,1.0
4715,1.0
4716,1.0
4717,1.0
4718,1.0
4719,1.0
4720,0.9609375
4721,0.9765625
4722,0.96875
4723,0.98828125
4724,0.9921875
4725,0.99609375
4726,0.99609375
4727,1.0
4728,0.96484375
4729,0.96484375
4730,0.984375
4731,0.99609375
4732,1.0
4733,0.99609375
4734,1.0
4735,1.0
4736,0.96484375
4737,0.9765625
4738,0.98828125
4739,0.98828125
4740,0.99609375
4741,0.9921875
4742,1.0
4743,1.0
4744,0.9765625
4745,0.984375
4746,0.9921875
4747,0.99609375
4748,0.99609375
4749,1.0
4750,1.0
4751,1.0
4752,0.91015625
4753,0.9375
4754,0.95703125
4755,0.98828125
4756,0.98828125
4757,0.9921875
4758,0.99609375
4759,1.0
4760,0.89453125
4761,0.921875
4762,0.94921875
4763,0.9765625
4764,0.99609375
4765,0.9921875
4766,1.0
4767,1.0
4768,0.953125
4769,0.9765625
4770,0.9765625
4771,0.98828125
4772,0.99609375
4773,1.0
4774,0.99609375
4775,1.0
4776,0.97265625
4777,0.99609375
4778,0.984375
4779,1.0
4780,1.0
4781,1.0
4782,1.0
4783,1.0
4784,0.99609375
4785,1.0
4786,1.0
4787,1.0
4788,1.0
4789,1.0
4790,1.0
4791,1.0
4792,0.94140625
4793,0.97265625
4794,0.98046875
4795,0.98828125
4796,0.9921875
4797,0.99609375
4798,1.0
4799,1.0
4800,0.921875
4801,0.93359375
4802,0.9609375
4803,0.984375
4804,1.0
4805,1.0
4806,1.0
4807,1.0
4808,0.94921875
4809,0.96875
4810,0.98828125
4811,0.99609375
4812,0.99609375
4813,1.0
4814,1.0
4815,1.0
4816,0.98828125
4817,0.98828125
4818,0.9921875
4819,0.99609375
4820,0.99609375
4821,1.0
4822,1.0
4823,1.0
4824,0.96875
4825,0.97265625
4826,0.99609375
4827,0.99609375
4828,0.99609375
4829,0.99609375
4830,1.0
4831,1.0
4832,0.98046875
4833,0.98828125
4834,0.9921875
4835,0.9921875
4836,1.0
4837,1.0
4838,1.0
4839,1.0
4840,0.94921875
4841,0.96875
4842,0.98828125
4843,0.984375
4844,1.0
4845,1.0
4846,1.0
4847,1.0
4848,0.9921875
4849,0.98828125
4850,0.99609375
4851,0.99609375
4852,1.0
4853,1.0
4854,1.0
4855,1.0
4856,0.96875
4857,0.984375
4858,0.98828125
4859,0.99609375
4860,1.0
4861,0.99609375
4862,1.0
4863,1.0
4864,0.98828125
4865,0.9921875
4866,0.98828125
4867,0.9921875
4868,0.99609375
4869,1.0
4870,1.0
4871,1.0
4872,0.9296875
4873,0.94921875
4874,0.9609375
4875,0.9921875
4876,0.9921875
4877,0.99609375
4878,0.99609375
4879,1.0
4880,0.95703125
4881,0.96875
4882,0.97265625
4883,0.98828125
4884,0.98828125
4885,1.0
4886,1.0
4887,1.0
4888,0.95703125
4889,0.96875
4890,0.98046875
4891,0.9921875
4892,0.99609375
4893,1.0
4894,1.0
4895,1.0
4896,0.9609375
4897,0.9609375
4898,0.9765625
4899,0.98828125
4900,0.98828125
4901,0.99609375
4902,0.99609375
4903,1.0
4904,0.9609375
4905,0.96875
4906,0.98828125
4907,0.99609375
4908,1.0
4909,0.9921875
4910,0.99609375
4911,1.0
4912,0.9453125
4913,0.96484375
4914,0.984375
4915,0.98828125
4916,0.99609375
4917,0.9921875
4918,1.0
4919,1.0
4920,0.90234375
4921,0.92578125
4922,0.97265625
4923,0.9921875
4924,0.9921875
4925,0.99609375
4926,0.99609375
4927,1.0
4928,0.9453125
4929,0.9609375
4930,0.96484375
4931,0.98828125
4932,0.98828125
4933,0.99609375
4934,0.99609375
4935,1.0
4936,0.953125
4937,0.97265625
4938,0.98828125
4939,0.98828125
4940,0.99609375
4941,0.99609375
4942,1.0
4943,1.0
4944,0.92578125
4945,0.94921875
4946,0.97265625
4947,0.98828125
4948,0.98828125
4949,0.99609375
4950,0.99609375
4951,1.0
4952,0.9609375
4953,0.96875
4954,0.99609375
4955,0.99609375
4956,0.99609375
4957,1.0
4958,1.0
4959,1.0
4960,0.98046875
4961,0.9765625
4962,0.98046875
4963,0.99609375
4964,0.9921875
4965,0.99609375
4966,1.0
4967,1.0
4968,0.984375
4969,0.98828125
4970,0.99609375
4971,0.984375
4972,0.99609375
4973,0.99609375
4974,1.0
4975,1.0
4976,0.9375
4977,0.9375
4978,0.98046875
4979,0.98828125
4980,0.99609375
4981,1.0
4982,1.0
4983,1.0
4984,0.93359375
4985,0.953125
4986,0.96484375
4987,0.9921875
4988,0.99609375
4989,1.0
4990,1.0
4991,1.0
4992,0.99609375
4993,0.99609375
4994,0.99609375
4995,0.99609375
4996,1.0
4997,1.0
4998,1.0
4999,1.0
5000,0.94921875
5001,0.97265625
5002,0.98046875
5003,0.98828125
5004,0.99609375
5005,0.99609375
5006,1.0
5007,1.0
5008,0.94140625
5009,0.9453125
5010,0.97265625
5011,0.9765625
5012,1.0
5013,0.9921875
5014,1.0
5015,1.0
5016,0.9375
5017,0.953125
5018,0.984375
5019,0.99609375
5020,0.99609375
5021,0.99609375
5022,1.0
5023,1.0
5024,0.9453125
5025,0.9609375
5026,0.97265625
5027,0.98828125
5028,0.9921875
5029,1.0
5030,1.0
5031,1.0
5032,0.953125
5033,0.98046875
5034,0.984375
5035,0.99609375
5036,1.0
5037,0.99609375
5038,1.0
5039,1.0
5040,0.96484375
5041,0.96875
5042,0.9921875
5043,0.99609375
5044,1.0
5045,1.0
5046,1.0
5047,1.0
5048,0.97265625
5049,0.984375
5050,0.99609375
5051,0.9921875
5052,0.9921875
5053,1.0
5054,1.0
5055,1.0
5056,0.9609375
5057,0.97265625
5058,0.9921875
5059,0.99609375
5060,0.99609375
5061,1.0
5062,1.0
5063,1.0
5064,0.92578125
5065,0.94921875
5066,0.97265625
5067,0.9921875
5068,0.98828125
5069,1.0
5070,1.0
5071,1.0
5072,0.91796875
5073,0.93359375
5074,0.96484375
5075,0.984375
5076,0.9921875
5077,0.9921875
5078,0.99609375
5079,1.0
5080,0.953125
5081,0.9609375
5082,0.9921875
5083,0.99609375
5084,0.99609375
5085,1.0
5086,1.0
5087,1.0
5088,0.96875
5089,0.9921875
5090,0.9921875
5091,0.99609375
5092,0.99609375
5093,1.0
5094,1.0
5095,1.0
5096,0.96484375
5097,0.96875
5098,0.98828125
5099,0.99609375
5100,0.9921875
5101,1.0
5102,1.0
5103,1.0
5104,0.94140625
5105,0.96484375
5106,0.9921875
5107,0.98828125
5108,0.98828125
5109,1.0
5110,1.0
5111,1.0
5112,0.95703125
5113,0.9765625
5114,0.98046875
5115,0.99609375
5116,0.99609375
5117,0.99609375
5118,1.0
5119,1.0
5120,0.96484375
5121,0.98046875
5122,0.98046875
5123,0.99609375
5124,1.0
5125,1.0
5126,1.0
5127,1.0
5128,0.98046875
5129,0.98046875
5130,0.984375
5131,0.984375
5132,0.99609375
5133,0.99609375
5134,1.0
5135,1.0
5136,0.9765625
5137,0.984375
5138,0.984375
5139,0.99609375
5140,0.99609375
5141,1.0
5142,1.0
5143,1.0
5144,0.95703125
5145,0.96484375
5146,0.98828125
5147,0.9921875
5148,1.0
5149,1.0
5150,1.0
5151,1.0
5152,0.96875
5153,0.98046875
5154,0.9765625
5155,0.9765625
5156,1.0
5157,0.9921875
5158,1.0
5159,1.0
5160,0.9765625
5161,0.984375
5162,0.98828125
5163,0.99609375
5164,1.0
5165,1.0
5166,1.0
5167,1.0
5168,0.94921875
5169,0.97265625
5170,0.984375
5171,0.984375
5172,0.9921875
5173,0.99609375
5174,1.0
5175,1.0
5176,0.921875
5177,0.9296875
5178,0.9765625
5179,0.99609375
5180,1.0
5181,0.9921875
5182,1.0
5183,1.0
5184,0.94921875
5185,0.95703125
5186,0.9921875
5187,0.984375
5188,0.9921875
5189,0.99609375
5190,1.0
5191,1.0
5192,0.96484375
5193,0.98046875
5194,0.9921875
5195,0.99609375
5196,0.99609375
5197,0.99609375
5198,1.0
5199,1.0
5200,0.99609375
5201,0.9921875
5202,0.9921875
5203,1.0
5204,1.0
5205,1.0
5206,1.0
5207,1.0
5208,0.94921875
5209,0.9765625
5210,0.98828125
5211,0.99609375
5212,0.99609375
5213,0.99609375
5214,1.0
5215,1.0
5216,0.96875
5217,0.9765625
5218,0.98828125
5219,0.98828125
5220,0.99609375
5221,0.99609375
5222,1.0
5223,1.0
5224,0.91796875
5225,0.9375
5226,1.0
5227,0.9921875
5228,0.9921875
5229,1.0
5230,1.0
5231,1.0
5232,0.984375
5233,0.99609375
5234,0.99609375
5235,0.99609375
5236,0.99609375
5237,1.0
5238,1.0
5239,1.0
5240,0.9375
5241,0.95703125
5242,0.96875
5243,0.98828125
5244,0.99609375
5245,0.99609375
5246,0.99609375
5247,1.0
5248,0.96875
5249,0.97265625
5250,0.984375
5251,0.984375
5252,0.99609375
5253,0.99609375
5254,1.0
5255,1.0
5256,0.94140625
5257,0.9609375
5258,0.984375
5259,1.0
5260,1.0
5261,1.0
5262,1.0
5263,1.0
5264,0.93359375
5265,0.95703125
5266,0.96875
5267,0.98828125
5268,0.98828125
5269,0.99609375
5270,1.0
5271,1.0
5272,0.9375
5273,0.97265625
5274,0.984375
5275,0.9921875
5276,0.99609375
5277,0.99609375
5278,1.0
5279,1.0
5280,0.9375
5281,0.94921875
5282,0.96875
5283,0.98828125
5284,0.9921875
5285,0.9921875
5286,1.0
5287,1.0
5288,0.95703125
5289,0.96875
5290,0.9921875
5291,0.98828125
5292,0.99609375
5293,1.0
5294,1.0
5295,1.0
5296,0.953125
5297,0.95703125
5298,0.98046875
5299,0.99609375
5300,0.9921875
5301,1.0
5302,1.0
5303,1.0
5304,0.9765625
5305,0.984375
5306,1.0
5307,1.0
5308,1.0
5309,1.0
5310,1.0
5311,1.0
5312,0.98828125
5313,0.99609375
5314,0.9921875
5315,0.99609375
5316,0.99609375
5317,1.0
5318,1.0
5319,1.0
5320,0.93359375
5321,0.9765625
5322,0.94921875
5323,0.96875
5324,0.984375
5325,0.99609375
5326,0.99609375
5327,0.99609375
5328,0.96875
5329,0.9609375
5330,0.98046875
5331,0.9921875
5332,1.0
5333,1.0
5334,1.0
5335,1.0
5336,0.953125
5337,0.96875
5338,0.9921875
5339,0.99609375
5340,0.99609375
5341,0.99609375
5342,1.0
5343,1.0
5344,0.97265625
5345,0.98828125
5346,0.98828125
5347,0.984375
5348,1.0
5349,1.0
5350,1.0
5351,1.0
5352,0.97265625
5353,0.98828125
5354,0.99609375
5355,0.9921875
5356,1.0
5357,1.0
5358,1.0
5359,1.0
5360,0.90625
5361,0.94140625
5362,0.9765625
5363,0.9921875
5364,0.984375
5365,1.0
5366,1.0
5367,0.99609375
5368,0.953125
5369,0.97265625
5370,0.98828125
5371,0.98828125
5372,0.99609375
5373,0.99609375
5374,1.0
5375,1.0
5376,0.94140625
5377,0.9296875
5378,0.984375
5379,0.984375
5380,0.98828125
5381,0.9921875
5382,1.0
5383,0.99609375
5384,0.93359375
5385,0.95703125
5386,0.96484375
5387,0.9921875
5388,0.9921875
5389,0.99609375
5390,1.0
5391,1.0
5392,0.89453125
5393,0.91796875
5394,0.9453125
5395,0.97265625
5396,0.99609375
5397,0.9921875
5398,0.99609375
5399,1.0
5400,0.890625
5401,0.890625
5402,0.94921875
5403,0.984375
5404,0.99609375
5405,0.98828125
5406,1.0
5407,0.9921875
5408,0.92578125
5409,0.93359375
5410,0.953125
5411,0.9921875
5412,0.984375
5413,0.9921875
5414,1.0
5415,1.0
5416,0.9140625
5417,0.95703125
5418,0.9765625
5419,0.98828125
5420,0.9921875
5421,0.99609375
5422,0.99609375
5423,1.0
5424,0.9765625
5425,0.984375
5426,0.984375
5427,0.99609375
5428,1.0
5429,1.0
5430,1.0
5431,1.0
5432,0.96484375
5433,0.96875
5434,0.98828125
5435,0.99609375
5436,0.99609375
5437,0.9921875
5438,1.0
5439,1.0
5440,0.9296875
5441,0.9453125
5442,0.9765625
5443,0.984375
5444,1.0
5445,1.0
5446,1.0
5447,1.0
5448,0.9375
5449,0.94921875
5450,0.9765625
5451,0.984375
5452,0.98828125
5453,0.98828125
5454,1.0
5455,1.0
5456,0.98046875
5457,0.984375
5458,0.9921875
5459,0.99609375
5460,0.99609375
5461,1.0
5462,1.0
5463,1.0
5464,0.9609375
5465,0.97265625
5466,0.98828125
5467,0.99609375
5468,0.99609375
5469,1.0
5470,1.0
5471,1.0
5472,0.96484375
5473,0.96484375
5474,0.96875
5475,0.99609375
5476,1.0
5477,0.9921875
5478,1.0
5479,1.0
5480,0.9609375
5481,0.96484375
5482,0.9765625
5483,0.9921875
5484,0.99609375
5485,1.0
5486,0.99609375
5487,1.0
5488,0.98828125
5489,0.98046875
5490,0.99609375
5491,0.99609375
5492,0.99609375
5493,1.0
5494,1.0
5495,1.0
5496,0.91796875
5497,0.94921875
5498,0.9765625
5499,0.98828125
5500,0.99609375
5501,1.0
5502,0.99609375
5503,1.0
5504,0.90234375
5505,0.9375
5506,0.9375
5507,0.9765625
5508,0.98828125
5509,0.99609375
5510,0.99609375
5511,1.0
5512,0.94921875
5513,0.9609375
5514,0.96875
5515,0.98828125
5516,0.9921875
5517,0.99609375
5518,1.0
5519,1.0
5520,0.98828125
5521,0.984375
5522,0.9921875
5523,0.99609375
5524,0.99609375
5525,1.0
5526,1.0
5527,1.0
5528,0.94921875
5529,0.96875
5530,0.98828125
5531,0.98828125
5532,0.99609375
5533,0.99609375
5534,1.0
5535,1.0
5536,0.96484375
5537,0.984375
5538,0.97265625
5539,0.984375
5540,0.984375
5541,0.99609375
5542,1.0
5543,1.0
5544,0.953125
5545,0.9453125
5546,0.97265625
5547,0.9921875
5548,0.99609375
5549,1.0
5550,1.0
5551,1.0
5552,0.9453125
5553,0.9375
5554,0.96875
5555,0.984375
5556,0.984375
5557,1.0
5558,1.0
5559,1.0
5560,0.9296875
5561,0.94140625
5562,0.9765625
5563,0.98828125
5564,0.98828125
5565,0.99609375
5566,0.99609375
5567,1.0
5568,0.95703125
5569,0.96875
5570,0.98828125
5571,0.99609375
5572,0.99609375
5573,1.0
5574,1.0
5575,1.0
5576,0.9296875
5577,0.9453125
5578,0.984375
5579,0.984375
5580,0.99609375
5581,1.0
5582,1.0
5583,1.0
5584,0.9609375
5585,0.95703125
5586,0.96875
5587,0.98828125
5588,0.98828125
5589,1.0
5590,1.0
5591,1.0
5592,0.921875
5593,0.94921875
5594,0.96484375
5595,0.98828125
5596,0.9921875
5597,0.9921875
5598,0.99609375
5599,1.0
5600,0.93359375
5601,0.953125
5602,0.97265625
5603,0.9921875
5604,0.9921875
5605,0.9921875
5606,0.9921875
5607,1.0
5608,0.96875
5609,0.96875
5610,0.98046875
5611,0.98828125
5612,0.99609375
5613,1.0
5614,1.0
5615,1.0
5616,0.94140625
5617,0.95703125
5618,0.9765625
5619,0.99609375
5620,0.99609375
5621,1.0
5622,1.0
5623,1.0
5624,0.94921875
5625,0.95703125
5626,0.97265625
5627,0.984375
5628,0.9921875
5629,0.9921875
5630,0.99609375
5631,1.0
5632,0.91796875
5633,0.92578125
5634,0.98046875
5635,0.98046875
5636,0.98828125
5637,0.9921875
5638,0.99609375
5639,0.99609375
5640,0.9765625
5641,0.984375
5642,0.9921875
5643,0.9921875
5644,0.99609375
5645,1.0
5646,1.0
5647,1.0
5648,0.96875
5649,0.95703125
5650,0.96484375
5651,0.98046875
5652,0.98828125
5653,1.0
5654,1.0
5655,1.0
5656,0.90625
5657,0.9375
5658,0.96875
5659,0.984375
5660,0.98828125
5661,0.9921875
5662,0.99609375
5663,0.99609375
5664,0.9453125
5665,0.96875
5666,0.984375
5667,0.984375
5668,0.98828125
5669,1.0
5670,1.0
5671,1.0
5672,0.98046875
5673,0.98828125
5674,0.9921875
5675,0.99609375
5676,1.0
5677,1.0
5678,1.0
5679,1.0
5680,0.9609375
5681,0.97265625
5682,0.99609375
5683,0.98828125
5684,0.9921875
5685,0.99609375
5686,1.0
5687,1.0
5688,0.95703125
5689,0.95703125
5690,0.98046875
5691,0.98828125
5692,0.99609375
5693,0.99609375
5694,1.0
5695,1.0
5696,0.9375
5697,0.95703125
5698,0.98046875
5699,0.98828125
5700,0.99609375
5701,1.0
5702,1.0
5703,1.0
5704,0.9375
5705,0.9453125
5706,0.98046875
5707,0.98828125
5708,0.9921875
5709,0.99609375
5710,0.99609375
5711,1.0
5712,0.91796875
5713,0.9453125
5714,0.97265625
5715,0.9921875
5716,0.9921875
5717,0.99609375
5718,0.99609375
5719,1.0
5720,0.9140625
5721,0.94140625
5722,0.94921875
5723,0.9765625
5724,1.0
5725,0.9921875
5726,0.9921875
5727,0.9921875
5728,0.9609375
5729,0.96875
5730,0.9609375
5731,0.984375
5732,0.9921875
5733,0.99609375
5734,0.99609375
5735,1.0
5736,0.94921875
5737,0.953125
5738,0.96875
5739,0.9921875
5740,0.9921875
5741,1.0
5742,1.0
5743,1.0
5744,0.984375
5745,0.99609375
5746,0.98828125
5747,0.9921875
5748,1.0
5749,1.0
5750,1.0
5751,1.0
5752,0.92578125
5753,0.9375
5754,0.97265625
5755,0.98828125
5756,0.9921875
5757,0.99609375
5758,1.0
5759,1.0
5760,0.96875
5761,0.9765625
5762,0.98828125
5763,0.98828125
5764,0.99609375
5765,0.99609375
5766,1.0
5767,1.0
5768,0.94921875
5769,0.94921875
5770,0.984375
5771,0.9921875
5772,1.0
5773,0.9921875
5774,0.99609375
5775,1.0
5776,0.984375
5777,0.9921875
5778,0.98828125
5779,0.99609375
5780,1.0
5781,1.0
5782,1.0
5783,1.0
5784,0.91796875
5785,0.94140625
5786,0.96484375
5787,0.98046875
5788,0.9921875
5789,1.0
5790,1.0
5791,1.0
5792,0.9453125
5793,0.953125
5794,0.9609375
5795,0.9765625
5796,0.98046875
5797,0.984375
5798,1.0
5799,1.0
5800,0.9609375
5801,0.95703125
5802,0.98046875
5803,0.98828125
5804,0.99609375
5805,0.99609375
5806,1.0
5807,1.0
5808,0.98828125
5809,0.99609375
5810,0.99609375
5811,0.99609375
5812,0.99609375
5813,1.0
5814,1.0
5815,1.0
5816,0.99609375
5817,1.0
5818,1.0
5819,1.0
5820,1.0
5821,1.0
5822,1.0
5823,1.0
5824,0.94921875
5825,0.96875
5826,0.98046875
5827,0.99609375
5828,0.9921875
5829,1.0
5830,1.0
5831,1.0
5832,0.9296875
5833,0.96875
5834,0.96875
5835,0.98828125
5836,0.9921875
5837,0.9921875
5838,0.99609375
5839,1.0
5840,0.9609375
5841,0.9765625
5842,0.9765625
5843,1.0
5844,1.0
5845,0.99609375
5846,1.0
5847,1.0
5848,0.9921875
5849,0.9921875
5850,1.0
5851,1.0
5852,1.0
5853,1.0
5854,1.0
5855,1.0
5856,0.98046875
5857,0.97265625
5858,0.9921875
5859,0.99609375
5860,0.99609375
5861,1.0
5862,1.0
5863,1.0
5864,0.984375
5865,0.98828125
5866,0.9921875
5867,1.0
5868,0.99609375
5869,1.0
5870,1.0
5871,1.0
5872,0.95703125
5873,0.97265625
5874,0.984375
5875,0.98828125
5876,0.99609375
5877,0.99609375
5878,1.0
5879,1.0
5880,0.98046875
5881,0.98828125
5882,0.98828125
5883,0.9921875
5884,0.99609375
5885,1.0
5886,1.0
5887,1.0
5888,0.9765625
5889,0.98046875
5890,0.9921875
5891,0.99609375
5892,0.9921875
5893,1.0
5894,1.0
5895,1.0
5896,0.9765625
5897,0.98828125
5898,0.9921875
5899,0.99609375
5900,1.0
5901,1.0
5902,1.0
5903,1.0
5904,0.9375
5905,0.953125
5906,0.95703125
5907,0.9765625
5908,0.98828125
5909,0.99609375
5910,0.99609375
5911,1.0
5912,0.94140625
5913,0.953125
5914,0.98046875
5915,0.9921875
5916,0.9921875
5917,0.99609375
5918,0.99609375
5919,1.0
5920,0.94921875
5921,0.96875
5922,0.984375
5923,0.99609375
5924,0.99609375
5925,0.99609375
5926,1.0
5927,1.0
5928,0.94921875
5929,0.9609375
5930,0.98046875
5931,0.984375
5932,0.99609375
5933,0.99609375
5934,1.0
5935,1.0
5936,0.95703125
5937,0.97265625
5938,0.9765625
5939,0.99609375
5940,1.0
5941,1.0
5942,1.0
5943,1.0
5944,0.92578125
5945,0.9453125
5946,0.9765625
5947,0.9921875
5948,0.9921875
5949,0.99609375
5950,1.0
5951,1.0
5952,0.92578125
5953,0.9609375
5954,0.97265625
5955,0.9765625
5956,0.99609375
5957,0.99609375
5958,1.0
5959,1.0
5960,0.95703125
5961,0.9609375
5962,0.98046875
5963,0.98828125
5964,1.0
5965,1.0
5966,1.0
5967,1.0
5968,0.953125
5969,0.97265625
5970,0.984375
5971,0.9921875
5972,0.9921875
5973,0.9921875
5974,0.9921875
5975,1.0
5976,0.921875
5977,0.95703125
5978,0.96875
5979,0.984375
5980,0.9921875
5981,0.99609375
5982,0.99609375
5983,1.0
5984,0.94921875
5985,0.9609375
5986,0.984375
5987,0.984375
5988,0.99609375
5989,1.0
5990,1.0
5991,1.0
5992,0.94140625
5993,0.96484375
5994,0.98046875
5995,0.98828125
5996,0.99609375
5997,0.99609375
5998,1.0
5999,1.0
6000,0.95703125
6001,0.96484375
6002,0.99609375
6003,0.9921875
6004,1.0
6005,1.0
6006,1.0
6007,1.0
6008,0.95703125
6009,0.96484375
6010,0.9765625
6011,0.9921875
6012,0.99609375
6013,0.9921875
6014,0.99609375
6015,1.0
6016,0.94921875
6017,0.94921875
6018,0.9765625
6019,0.9921875
6020,0.9921875
6021,0.99609375
6022,1.0
6023,1.0
6024,0.9921875
6025,0.99609375
6026,1.0
6027,0.99609375
6028,1.0
6029,1.0
6030,1.0
6031,1.0
6032,0.9609375
6033,0.96875
6034,0.98046875
6035,0.9921875
6036,0.9921875
6037,1.0
6038,1.0
6039,1.0
6040,0.9296875
6041,0.9375
6042,0.96875
6043,0.984375
6044,0.9921875
6045,0.99609375
6046,1.0
6047,1.0
6048,0.9296875
6049,0.953125
6050,0.984375
6051,0.984375
6052,0.98828125
6053,1.0
6054,1.0
6055,1.0
6056,0.953125
6057,0.97265625
6058,0.9765625
6059,0.98828125
6060,1.0
6061,1.0
6062,0.99609375
6063,1.0
6064,0.96484375
6065,0.9765625
6066,0.984375
6067,0.98828125
6068,1.0
6069,1.0
6070,1.0
6071,1.0
6072,0.96875
6073,0.96484375
6074,0.98828125
6075,0.99609375
6076,0.99609375
6077,0.99609375
6078,1.0
6079,1.0
6080,0.984375
6081,0.984375
6082,0.98828125
6083,0.99609375
6084,0.99609375
6085,1.0
6086,1.0
6087,1.0
6088,0.98046875
6089,0.98046875
6090,0.99609375
6091,1.0
6092,1.0
6093,1.0
6094,1.0
6095,1.0
6096,0.9296875
6097,0.94921875
6098,0.96484375
6099,0.9921875
6100,0.99609375
6101,0.99609375
6102,1.0
6103,1.0
6104,0.9140625
6105,0.93359375
6106,0.96875
6107,0.984375
6108,0.9921875
6109,0.9921875
6110,1.0
6111,1.0
6112,0.953125
6113,0.96875
6114,0.984375
6115,0.99609375
6116,1.0
6117,1.0
6118,0.99609375
6119,1.0
6120,0.96484375
6121,0.9921875
6122,0.984375
6123,0.99609375
6124,0.99609375
6125,1.0
6126,1.0
6127,1.0
6128,0.95703125
6129,0.97265625
6130,0.99609375
6131,0.99609375
6132,0.9921875
6133,1.0
6134,1.0
6135,1.0
6136,0.9453125
6137,0.95703125
6138,0.9765625
6139,1.0
6140,1.0
6141,1.0
6142,1.0
6143,1.0
6144,0.96484375
6145,0.9765625
6146,0.984375
6147,0.9921875
6148,0.99609375
6149,0.99609375
6150,1.0
6151,1.0
6152,0.96875
6153,0.98046875
6154,0.9921875
6155,0.99609375
6156,1.0
6157,1.0
6158,1.0
6159,1.0
6160,0.96875
6161,0.96875
6162,1.0
6163,0.98828125
6164,0.9921875
6165,1.0
6166,1.0
6167,1.0
6168,0.98046875
6169,0.984375
6170,0.984375
6171,0.9921875
6172,0.99609375
6173,1.0
6174,1.0
6175,1.0
6176,0.953125
6177,0.96875
6178,0.98828125
6179,0.9921875
6180,0.99609375
6181,0.99609375
6182,1.0
6183,1.0
6184,0.97265625
6185,0.984375
6186,0.97265625
6187,1.0
6188,1.0
6189,0.9921875
6190,1.0
6191,1.0
6192,0.98046875
6193,0.9921875
6194,0.98828125
6195,0.9921875
6196,1.0
6197,1.0
6198,1.0
6199,1.0
6200,0.9609375
6201,0.96875
6202,0.98046875
6203,0.99609375
6204,1.0
6205,1.0
6206,1.0
6207,1.0
6208,0.95703125
6209,0.97265625
6210,0.96875
6211,0.9921875
6212,1.0
6213,1.0
6214,1.0
6215,1.0
6216,0.953125
6217,0.95703125
6218,0.984375
6219,0.99609375
6220,0.99609375
6221,0.99609375
6222,1.0
6223,1.0
6224,0.96484375
6225,0.9765625
6226,0.9921875
6227,0.99609375
6228,0.99609375
6229,1.0
6230,1.0
6231,1.0
6232,0.9921875
6233,0.9921875
6234,1.0
6235,1.0
6236,1.0
6237,1.0
6238,1.0
6239,1.0
6240,0.9609375
6241,0.96875
6242,0.9921875
6243,0.9921875
6244,0.99609375
6245,1.0
6246,1.0
6247,1.0
6248,0.9375
6249,0.953125
6250,0.98046875
6251,0.98828125
6252,0.99609375
6253,1.0
6254,1.0
6255,1.0
6256,0.91015625
6257,0.93359375
6258,0.9921875
6259,0.984375
6260,1.0
6261,1.0
6262,1.0
6263,1.0
6264,0.9609375
6265,0.984375
6266,0.984375
6267,0.9921875
6268,1.0
6269,0.99609375
6270,1.0
6271,1.0
6272,0.98828125
6273,0.98828125
6274,0.99609375
6275,0.99609375
6276,1.0
6277,1.0
6278,1.0
6279,1.0
6280,1.0
6281,1.0
6282,1.0
6283,1.0
6284,1.0
6285,1.0
6286,1.0
6287,1.0
6288,1.0
6289,1.0
6290,1.0
6291,1.0
6292,1.0
6293,1.0
6294,1.0
6295,1.0
6296,0.8984375
6297,0.8984375
6298,0.98046875
6299,0.96484375
6300,0.98046875
6301,0.9921875
6302,0.98828125
6303,1.0
6304,0.9609375
6305,0.96875
6306,0.98046875
6307,0.98046875
6308,0.9921875
6309,0.99609375
6310,0.99609375
6311,1.0
6312,0.97265625
6313,0.9765625
6314,0.9765625
6315,0.98828125
6316,0.98828125
6317,0.99609375
6318,1.0
6319,1.0
6320,0.96875
6321,0.984375
6322,0.98046875
6323,0.98046875
6324,0.98828125
6325,0.9921875
6326,0.99609375
6327,1.0
6328,0.953125
6329,0.98046875
6330,0.984375
6331,0.98828125
6332,0.984375
6333,1.0
6334,0.99609375
6335,1.0
6336,0.94921875
6337,0.9609375
6338,0.98046875
6339,0.9921875
6340,0.9921875
6341,0.99609375
6342,1.0
6343,1.0
6344,0.984375
6345,0.9765625
6346,0.9765625
6347,0.98828125
6348,0.98828125
6349,0.99609375
6350,1.0
6351,1.0
6352,0.9609375
6353,0.98828125
6354,0.96484375
6355,0.9921875
6356,0.9765625
6357,1.0
6358,1.0
6359,0.99609375
6360,0.9453125
6361,0.9765625
6362,0.984375
6363,0.984375
6364,0.984375
6365,0.99609375
6366,1.0
6367,1.0
6368,0.97265625
6369,0.9765625
6370,0.9921875
6371,0.98828125
6372,1.0
6373,1.0
6374,1.0
6375,0.99609375
6376,0.95703125
6377,0.96484375
6378,0.98046875
6379,0.9921875
6380,0.984375
6381,0.9921875
6382,1.0
6383,1.0
6384,0.96875
6385,0.98046875
6386,0.984375
6387,0.98828125
6388,0.99609375
6389,0.99609375
6390,0.99609375
6391,1.0
6392,0.9921875
6393,0.9921875
6394,1.0
6395,1.0
6396,1.0
6397,1.0
6398,1.0
6399,1.0
6400,0.9609375
6401,0.97265625
6402,0.9921875
6403,0.99609375
6404,0.98046875
6405,0.984375
6406,0.99609375
6407,0.99609375
6408,0.91796875
6409,0.94140625
6410,0.97265625
6411,0.98046875
6412,0.984375
6413,0.98828125
6414,0.9921875
6415,0.99609375
6416,0.9765625
6417,0.98046875
6418,0.98828125
6419,0.984375
6420,0.99609375
6421,1.0
6422,1.0
6423,1.0
6424,0.9765625
6425,0.9765625
6426,0.984375
6427,0.9921875
6428,0.99609375
6429,1.0
6430,1.0
6431,1.0
6432,0.96484375
6433,0.96875
6434,0.984375
6435,0.98828125
6436,0.98828125
6437,0.98828125
6438,0.9921875
6439,1.0
6440,0.97265625
6441,0.9765625
6442,0.98046875
6443,0.99609375
6444,0.99609375
6445,0.99609375
6446,1.0
6447,1.0
6448,0.953125
6449,0.96875
6450,0.984375
6451,0.98828125
6452,0.9921875
6453,1.0
6454,1.0
6455,1.0
6456,0.98828125
6457,0.97265625
6458,0.99609375
6459,0.99609375
6460,0.98828125
6461,0.99609375
6462,1.0
6463,1.0
6464,0.9765625
6465,0.984375
6466,0.98828125
6467,0.9921875
6468,1.0
6469,1.0
6470,1.0
6471,1.0
6472,0.984375
6473,0.984375
6474,0.9921875
6475,0.9921875
6476,0.9921875
6477,0.99609375
6478,1.0
6479,1.0
6480,0.9453125
6481,0.95703125
6482,0.9765625
6483,0.9921875
6484,0.98828125
6485,0.99609375
6486,0.9921875
6487,0.99609375
6488,0.96875
6489,0.984375
6490,0.9921875
6491,0.9921875
6492,0.98828125
6493,0.99609375
6494,1.0
6495,1.0
6496,0.9765625
6497,0.984375
6498,0.98828125
6499,0.98828125
6500,0.99609375
6501,0.99609375
6502,0.99609375
6503,1.0
6504,0.9609375
6505,0.96875
6506,0.98046875
6507,0.984375
6508,0.984375
6509,0.98828125
6510,0.99609375
6511,1.0
6512,0.98828125
6513,0.98828125
6514,0.9921875
6515,0.99609375
6516,0.99609375
6517,1.0
6518,1.0
6519,1.0
6520,0.98046875
6521,0.9609375
6522,0.9765625
6523,0.98828125
6524,0.99609375
6525,0.99609375
6526,1.0
6527,1.0
6528,0.9609375
6529,0.9609375
6530,0.98046875
6531,0.98828125
6532,0.9921875
6533,1.0
6534,1.0
6535,1.0
6536,0.96484375
6537,0.96484375
6538,0.9765625
6539,0.9921875
6540,0.99609375
6541,0.9921875
6542,0.9921875
6543,1.0
6544,0.9453125
6545,0.96875
6546,0.98046875
6547,0.98046875
6548,0.98828125
6549,0.99609375
6550,0.99609375
6551,0.99609375
6552,0.9765625
6553,0.984375
6554,0.9921875
6555,0.99609375
6556,0.99609375
6557,0.99609375
6558,1.0
6559,1.0
6560,0.96875
6561,0.97265625
6562,0.96875
6563,0.97265625
6564,0.98046875
6565,0.98828125
6566,0.99609375
6567,1.0
6568,0.96484375
6569,0.9765625
6570,0.984375
6571,0.984375
6572,0.9921875
6573,1.0
6574,1.0
6575,1.0
6576,0.92578125
6577,0.9453125
6578,0.96875
6579,0.98046875
6580,0.9921875
6581,0.98828125
6582,0.9921875
6583,1.0
6584,0.94921875
6585,0.94921875
6586,0.98046875
6587,0.984375
6588,0.98828125
6589,0.9921875
6590,1.0
6591,1.0
6592,0.9765625
6593,0.984375
6594,0.98828125
6595,0.9921875
6596,0.9921875
6597,0.99609375
6598,1.0
6599,1.0
6600,0.953125
6601,0.97265625
6602,0.98046875
6603,0.984375
6604,0.98828125
6605,0.9921875
6606,0.99609375
6607,1.0
6608,0.91796875
6609,0.94140625
6610,0.95703125
6611,0.98046875
6612,0.98828125
6613,0.9921875
6614,1.0
6615,0.99609375
6616,0.96875
6617,0.97265625
6618,0.98046875
6619,0.98828125
6620,0.9921875
6621,0.99609375
6622,1.0
6623,1.0
6624,0.953125
6625,0.96875
6626,0.9921875
6627,0.9921875
6628,0.98828125
6629,0.9921875
6630,0.9921875
6631,0.99609375
6632,0.9375
6633,0.9609375
6634,0.9765625
6635,0.98828125
6636,0.99609375
6637,0.9921875
6638,1.0
6639,1.0
6640,0.98828125
6641,0.98828125
6642,1.0
6643,1.0
6644,1.0
6645,1.0
6646,1.0
6647,1.0
6648,0.984375
6649,0.98828125
6650,0.98828125
6651,0.99609375
6652,0.99609375
6653,0.99609375
6654,1.0
6655,1.0
6656,0.96875
6657,0.98046875
6658,0.96875
6659,0.9921875
6660,0.984375
6661,0.9921875
6662,0.99609375
6663,0.99609375
6664,0.9609375
6665,0.96484375
6666,0.98828125
6667,0.98828125
6668,0.99609375
6669,0.9921875
6670,0.99609375
6671,1.0
6672,0.94921875
6673,0.96875
6674,0.984375
6675,0.984375
6676,0.9921875
6677,1.0
6678,0.99609375
6679,1.0
6680,0.96875
6681,0.97265625
6682,0.98046875
6683,0.98828125
6684,0.9921875
6685,0.98828125
6686,0.99609375
6687,1.0
6688,0.9765625
6689,0.9921875
6690,0.99609375
6691,0.98046875
6692,0.984375
6693,1.0
6694,0.99609375
6695,1.0
6696,0.9609375
6697,0.95703125
6698,0.98046875
6699,0.9921875
6700,1.0
6701,0.9921875
6702,1.0
6703,0.99609375
6704,0.98046875
6705,0.984375
6706,0.98828125
6707,0.99609375
6708,0.9921875
6709,1.0
6710,1.0
6711,1.0
6712,0.9375
6713,0.953125
6714,0.97265625
6715,0.98046875
6716,0.98828125
6717,1.0
6718,1.0
6719,1.0
6720,0.95703125
6721,0.9765625
6722,0.9765625
6723,0.98828125
6724,0.98828125
6725,0.99609375
6726,1.0
6727,1.0
6728,0.97265625
6729,0.98828125
6730,0.9921875
6731,0.9921875
6732,0.9921875
6733,1.0
6734,1.0
6735,1.0
6736,0.96875
6737,0.98046875
6738,0.98828125
6739,0.98046875
6740,0.9921875
6741,0.9921875
6742,0.99609375
6743,1.0
6744,0.90625
6745,0.9375
6746,0.96484375
6747,0.98046875
6748,0.984375
6749,0.99609375
6750,0.9921875
6751,0.9921875
6752,0.9375
6753,0.94140625
6754,0.9765625
6755,0.9765625
6756,0.9921875
6757,0.99609375
6758,0.99609375
6759,1.0
6760,0.9609375
6761,0.97265625
6762,0.98046875
6763,0.9921875
6764,0.99609375
6765,1.0
6766,1.0
6767,1.0
6768,0.9375
6769,0.953125
6770,0.9609375
6771,0.9765625
6772,0.9921875
6773,0.9921875
6774,0.9921875
6775,0.99609375
6776,0.93359375
6777,0.9609375
6778,0.98046875
6779,0.984375
6780,0.98828125
6781,0.99609375
6782,1.0
6783,1.0
6784,0.97265625
6785,0.98046875
6786,0.9921875
6787,0.9921875
6788,0.9921875
6789,1.0
6790,1.0
6791,1.0
6792,0.984375
6793,0.9921875
6794,0.98828125
6795,0.9921875
6796,0.9921875
6797,0.99609375
6798,1.0
6799,1.0
6800,0.98046875
6801,0.9765625
6802,0.984375
6803,0.984375
6804,0.99609375
6805,1.0
6806,0.99609375
6807,1.0
6808,1.0
6809,0.98828125
6810,0.98828125
6811,0.99609375
6812,0.9921875
6813,1.0
6814,1.0
6815,1.0
6816,0.95703125
6817,0.9609375
6818,0.984375
6819,0.984375
6820,0.9921875
6821,1.0
6822,1.0
6823,0.99609375
6824,0.953125
6825,0.96875
6826,0.98046875
6827,0.9921875
6828,0.984375
6829,0.99609375
6830,0.99609375
6831,1.0
6832,0.984375
6833,0.98828125
6834,0.99609375
6835,1.0
6836,0.99609375
6837,1.0
6838,1.0
6839,1.0
6840,0.953125
6841,0.953125
6842,0.96875
6843,0.98828125
6844,0.984375
6845,0.9921875
6846,0.9921875
6847,1.0
6848,0.95703125
6849,0.95703125
6850,0.9921875
6851,0.98046875
6852,0.98828125
6853,0.98828125
6854,1.0
6855,1.0
6856,0.97265625
6857,0.9765625
6858,0.9921875
6859,0.9921875
6860,0.99609375
6861,0.99609375
6862,1.0
6863,1.0
6864,0.94140625
6865,0.95703125
6866,0.97265625
6867,0.98046875
6868,0.98828125
6869,0.99609375
6870,1.0
6871,1.0
6872,0.96484375
6873,0.9765625
6874,0.98046875
6875,0.98828125
6876,0.9921875
6877,0.99609375
6878,0.99609375
6879,1.0
6880,0.97265625
6881,0.96484375
6882,0.98828125
6883,0.9921875
6884,0.99609375
6885,0.98828125
6886,1.0
6887,1.0
6888,0.96484375
6889,0.97265625
6890,0.984375
6891,0.9921875
6892,0.99609375
6893,1.0
6894,1.0
6895,1.0
6896,0.9609375
6897,0.96875
6898,0.9765625
6899,0.98046875
6900,1.0
6901,1.0
6902,1.0
6903,0.99609375
6904,0.97265625
6905,0.98046875
6906,0.98828125
6907,0.98828125
6908,0.99609375
6909,0.9921875
6910,1.0
6911,1.0
6912,0.96875
6913,0.98046875
6914,0.98046875
6915,0.98828125
6916,0.9921875
6917,0.99609375
6918,1.0
6919,0.99609375
6920,0.98046875
6921,0.984375
6922,0.9921875
6923,0.99609375
6924,0.99609375
6925,1.0
6926,0.99609375
6927,1.0
6928,0.95703125
6929,0.984375
6930,0.984375
6931,0.984375
6932,0.9921875
6933,0.99609375
6934,0.99609375
6935,1.0
6936,0.90234375
6937,0.94140625
6938,0.95703125
6939,0.98828125
6940,0.98828125
6941,0.984375
6942,0.99609375
6943,0.9921875
6944,0.95703125
6945,0.97265625
6946,0.96875
6947,0.9921875
6948,0.99609375
6949,0.9921875
6950,1.0
6951,1.0
6952,0.93359375
6953,0.94921875
6954,0.96484375
6955,0.98046875
6956,0.9921875
6957,0.99609375
6958,1.0
6959,1.0
6960,0.95703125
6961,0.9609375
6962,0.9921875
6963,0.99609375
6964,1.0
6965,1.0
6966,1.0
6967,1.0
6968,0.95703125
6969,0.98046875
6970,0.9765625
6971,0.9921875
6972,0.99609375
6973,1.0
6974,0.9921875
6975,0.99609375
6976,0.9765625
6977,0.9921875
6978,0.99609375
6979,0.984375
6980,1.0
6981,1.0
6982,1.0
6983,1.0
6984,0.94921875
6985,0.96875
6986,0.98046875
6987,0.984375
6988,0.984375
6989,0.99609375
6990,0.9921875
6991,1.0
6992,0.97265625
6993,0.9765625
6994,0.9921875
6995,0.9921875
6996,1.0
6997,1.0
6998,1.0
6999,1.0
7000,0.97265625
7001,0.98046875
7002,0.98046875
7003,0.984375
7004,0.9921875
7005,1.0
7006,1.0
7007,1.0
7008,0.96875
7009,0.984375
7010,0.984375
7011,0.9921875
7012,0.99609375
7013,1.0
7014,1.0
7015,1.0
7016,0.95703125
7017,0.9609375
7018,0.98828125
7019,0.98046875
7020,0.9921875
7021,0.9921875
7022,0.99609375
7023,1.0
7024,0.96875
7025,0.9921875
7026,0.96875
7027,0.9765625
7028,1.0
7029,1.0
7030,1.0
7031,1.0
7032,0.96484375
7033,0.984375
7034,0.98828125
7035,0.98828125
7036,0.99609375
7037,1.0
7038,0.99609375
7039,1.0
7040,0.94921875
7041,0.96484375
7042,0.97265625
7043,0.984375
7044,0.98828125
7045,0.99609375
7046,0.99609375
7047,1.0
7048,0.9765625
7049,0.97265625
7050,0.99609375
7051,0.99609375
7052,0.9921875
7053,0.99609375
7054,1.0
7055,1.0
7056,0.9609375
7057,0.9765625
7058,0.984375
7059,0.984375
7060,0.98828125
7061,1.0
7062,0.99609375
7063,1.0
7064,0.984375
7065,0.98046875
7066,0.98828125
7067,0.9921875
7068,0.99609375
7069,0.99609375
7070,1.0
7071,1.0
7072,0.98828125
7073,0.99609375
7074,0.9921875
7075,0.99609375
7076,0.99609375
7077,1.0
7078,1.0
7079,1.0
7080,0.96875
7081,0.98046875
7082,0.984375
7083,0.984375
7084,0.9921875
7085,0.99609375
7086,1.0
7087,1.0
7088,0.9453125
7089,0.96875
7090,0.9765625
7091,0.984375
7092,1.0
7093,1.0
7094,1.0
7095,1.0
7096,0.9765625
7097,0.98046875
7098,0.9921875
7099,0.9921875
7100,0.9921875
7101,1.0
7102,0.99609375
7103,1.0
7104,0.91796875
7105,0.9453125
7106,0.96875
7107,0.98046875
7108,0.98828125
7109,0.984375
7110,1.0
7111,1.0
7112,0.94140625
7113,0.9609375
7114,0.9765625
7115,0.984375
7116,0.984375
7117,0.9921875
7118,0.98828125
7119,0.99609375
7120,0.96484375
7121,0.96484375
7122,0.98828125
7123,0.98046875
7124,0.98828125
7125,1.0
7126,1.0
7127,1.0
7128,0.9765625
7129,0.98828125
7130,0.98046875
7131,0.9921875
7132,0.98828125
7133,1.0
7134,1.0
7135,1.0
7136,0.9765625
7137,0.98828125
7138,0.98828125
7139,0.99609375
7140,0.99609375
7141,0.99609375
7142,1.0
7143,1.0
7144,0.953125
7145,0.98046875
7146,0.98828125
7147,0.9921875
7148,0.98046875
7149,0.99609375
7150,0.9921875
7151,1.0
7152,0.953125
7153,0.96484375
7154,0.98046875
7155,0.984375
7156,0.98828125
7157,0.99609375
7158,1.0
7159,1.0
7160,0.98828125
7161,0.984375
7162,0.9921875
7163,0.99609375
7164,0.99609375
7165,1.0
7166,1.0
7167,1.0
7168,0.93359375
7169,0.9453125
7170,0.9765625
7171,0.984375
7172,0.98828125
7173,0.98828125
7174,0.99609375
7175,1.0
7176,0.98828125
7177,0.99609375
7178,0.984375
7179,1.0
7180,1.0
7181,1.0
7182,1.0
7183,1.0
7184,0.98828125
7185,0.98828125
7186,0.9921875
7187,0.9921875
7188,0.99609375
7189,1.0
7190,1.0
7191,1.0
7192,0.9375
7193,0.9609375
7194,0.97265625
7195,0.98828125
7196,0.98828125
7197,0.9921875
7198,1.0
7199,0.99609375
7200,0.95703125
7201,0.94921875
7202,0.9765625
7203,0.98828125
7204,0.98828125
7205,0.9921875
7206,0.99609375
7207,1.0
7208,0.98046875
7209,0.984375
7210,0.984375
7211,0.99609375
7212,1.0
7213,1.0
7214,1.0
7215,1.0
7216,0.94921875
7217,0.9609375
7218,0.98046875
7219,0.98828125
7220,0.98828125
7221,1.0
7222,0.99609375
7223,0.99609375
7224,0.96875
7225,0.97265625
7226,0.97265625
7227,1.0
7228,1.0
7229,0.9921875
7230,1.0
7231,0.99609375
7232,0.9765625
7233,0.9921875
7234,0.984375
7235,0.99609375
7236,1.0
7237,0.99609375
7238,1.0
7239,1.0
7240,0.984375
7241,0.9765625
7242,0.98828125
7243,0.98828125
7244,0.9921875
7245,0.99609375
7246,1.0
7247,0.99609375
7248,0.96484375
7249,0.97265625
7250,0.98046875
7251,0.99609375
7252,0.99609375
7253,0.99609375
7254,0.99609375
7255,1.0
7256,0.98828125
7257,0.9921875
7258,0.98828125
7259,1.0
7260,0.99609375
7261,1.0
7262,1.0
7263,1.0
7264,0.96875
7265,0.96484375
7266,0.97265625
7267,0.99609375
7268,0.99609375
7269,1.0
7270,1.0
7271,0.99609375
7272,0.9765625
7273,0.98828125
7274,0.98828125
7275,0.98828125
7276,0.99609375
7277,0.99609375
7278,0.99609375
7279,1.0
7280,0.9921875
7281,0.9921875
7282,0.9921875
7283,1.0
7284,1.0
7285,1.0
7286,1.0
7287,1.0
7288,0.98828125
7289,0.98828125
7290,0.99609375
7291,0.99609375
7292,1.0
7293,1.0
7294,1.0
7295,1.0
7296,0.96484375
7297,0.96875
7298,0.984375
7299,0.98828125
7300,0.9921875
7301,0.9921875
7302,0.99609375
7303,1.0
7304,0.984375
7305,0.9921875
7306,0.9921875
7307,0.99609375
7308,1.0
7309,0.99609375
7310,1.0
7311,1.0
7312,0.953125
7313,0.96875
7314,0.9765625
7315,0.9921875
7316,0.98046875
7317,0.9921875
7318,1.0
7319,1.0
7320,0.99609375
7321,0.99609375
7322,0.99609375
7323,0.99609375
7324,1.0
7325,1.0
7326,1.0
7327,1.0
7328,0.9765625
7329,0.9765625
7330,0.99609375
7331,0.98046875
7332,0.98828125
7333,1.0
7334,1.0
7335,1.0
7336,0.9765625
7337,0.98828125
7338,0.98828125
7339,0.98828125
7340,0.9921875
7341,0.99609375
7342,0.99609375
7343,1.0
7344,0.953125
7345,0.953125
7346,0.9921875
7347,0.98046875
7348,0.984375
7349,0.99609375
7350,1.0
7351,1.0
7352,0.96875
7353,0.97265625
7354,0.984375
7355,0.99609375
7356,0.9921875
7357,1.0
7358,1.0
7359,1.0
7360,0.96875
7361,0.98046875
7362,0.984375
7363,0.984375
7364,0.9921875
7365,1.0
7366,1.0
7367,0.99609375
7368,0.9453125
7369,0.9453125
7370,0.96484375
7371,0.9765625
7372,0.9765625
7373,0.984375
7374,0.98828125
7375,1.0
7376,0.9921875
7377,0.98828125
7378,0.9921875
7379,0.99609375
7380,1.0
7381,1.0
7382,1.0
7383,1.0
7384,0.9375
7385,0.94140625
7386,0.9609375
7387,0.984375
7388,0.9921875
7389,0.9921875
7390,0.99609375
7391,0.99609375
7392,0.96875
7393,0.97265625
7394,0.984375
7395,0.98828125
7396,0.98828125
7397,0.9921875
7398,0.9921875
7399,1.0
7400,0.97265625
7401,0.9765625
7402,0.98828125
7403,0.984375
7404,0.99609375
7405,0.9921875
7406,1.0
7407,1.0
7408,0.953125
7409,0.96484375
7410,0.98046875
7411,0.9765625
7412,0.9921875
7413,0.9921875
7414,0.99609375
7415,1.0
7416,0.97265625
7417,0.9609375
7418,0.98828125
7419,0.9921875
7420,0.9921875
7421,0.99609375
7422,1.0
7423,0.99609375
7424,0.9921875
7425,0.99609375
7426,1.0
7427,1.0
7428,1.0
7429,1.0
7430,1.0
7431,1.0
7432,0.97265625
7433,0.96875
7434,0.9921875
7435,1.0
7436,1.0
7437,1.0
7438,1.0
7439,1.0
7440,0.921875
7441,0.94921875
7442,0.97265625
7443,0.98046875
7444,0.98828125
7445,0.9921875
7446,0.99609375
7447,0.99609375
7448,0.98046875
7449,0.98828125
7450,0.98828125
7451,0.99609375
7452,0.99609375
7453,0.99609375
7454,1.0
7455,1.0
7456,0.98828125
7457,0.98046875
7458,0.98828125
7459,0.9921875
7460,0.9921875
7461,1.0
7462,1.0
7463,1.0
7464,0.93359375
7465,0.94921875
7466,0.9765625
7467,0.98828125
7468,0.98828125
7469,0.98828125
7470,0.9921875
7471,1.0
7472,0.98046875
7473,0.9765625
7474,0.98046875
7475,0.9921875
7476,0.98828125
7477,0.99609375
7478,0.99609375
7479,1.0
7480,0.9609375
7481,0.984375
7482,0.98828125
7483,0.98828125
7484,0.99609375
7485,0.99609375
7486,1.0
7487,1.0
7488,0.984375
7489,0.99609375
7490,0.9921875
7491,0.9921875
7492,0.99609375
7493,0.99609375
7494,1.0
7495,1.0
7496,0.984375
7497,0.9921875
7498,0.9921875
7499,0.9921875
7500,0.99609375
7501,1.0
7502,1.0
7503,1.0
7504,0.9765625
7505,0.98046875
7506,0.9921875
7507,0.9921875
7508,1.0
7509,1.0
7510,0.99609375
7511,1.0
7512,0.921875
7513,0.95703125
7514,0.97265625
7515,0.984375
7516,0.9921875
7517,0.984375
7518,0.98828125
7519,0.99609375
7520,0.9609375
7521,0.9765625
7522,0.9921875
7523,0.98828125
7524,0.9921875
7525,1.0
7526,0.99609375
7527,1.0
7528,0.96875
7529,0.984375
7530,0.98828125
7531,0.98828125
7532,0.9921875
7533,0.99609375
7534,1.0
7535,1.0
7536,0.953125
7537,0.95703125
7538,0.98046875
7539,0.984375
7540,0.99609375
7541,0.99609375
7542,0.99609375
7543,1.0
7544,0.98828125
7545,0.98828125
7546,0.9921875
7547,0.99609375
7548,0.99609375
7549,1.0
7550,1.0
7551,1.0
7552,0.9765625
7553,0.9765625
7554,0.984375
7555,0.98046875
7556,0.98828125
7557,0.99609375
7558,1.0
7559,1.0
7560,0.96875
7561,0.96875
7562,0.98046875
7563,0.984375
7564,0.9921875
7565,0.99609375
7566,0.99609375
7567,0.99609375
7568,0.97265625
7569,0.97265625
7570,0.98828125
7571,0.9921875
7572,0.9921875
7573,0.9921875
7574,1.0
7575,1.0
7576,0.95703125
7577,0.96484375
7578,0.97265625
7579,0.9921875
7580,0.99609375
7581,0.99609375
7582,1.0
7583,1.0
7584,0.953125
7585,0.9609375
7586,0.9765625
7587,0.9921875
7588,0.99609375
7589,0.99609375
7590,0.99609375
7591,0.99609375
7592,0.94921875
7593,0.96484375
7594,0.9765625
7595,0.98828125
7596,0.9921875
7597,0.99609375
7598,1.0
7599,1.0
7600,0.96875
7601,0.96875
7602,0.98828125
7603,0.984375
7604,0.9921875
7605,0.9921875
7606,0.99609375
7607,1.0
7608,0.92578125
7609,0.9375
7610,0.96875
7611,0.98046875
7612,0.9921875
7613,0.98828125
7614,0.9921875
7615,1.0
7616,0.95703125
7617,0.97265625
7618,0.9765625
7619,0.984375
7620,0.98828125
7621,0.9921875
7622,0.99609375
7623,1.0
7624,0.96875
7625,0.9765625
7626,0.98828125
7627,0.984375
7628,0.9921875
7629,0.9921875
7630,0.99609375
7631,1.0
7632,0.93359375
7633,0.94140625
7634,0.96875
7635,0.9921875
7636,0.9921875
7637,0.98828125
7638,0.9921875
7639,0.99609375
7640,0.96875
7641,0.96484375
7642,0.984375
7643,0.98828125
7644,0.9921875
7645,0.9921875
7646,1.0
7647,1.0
7648,0.97265625
7649,0.97265625
7650,0.98046875
7651,0.984375
7652,0.9921875
7653,0.9921875
7654,1.0
7655,1.0
7656,0.9609375
7657,0.9765625
7658,0.984375
7659,0.98828125
7660,0.98828125
7661,0.99609375
7662,1.0
7663,1.0
7664,0.95703125
7665,0.96484375
7666,0.98046875
7667,0.984375
7668,0.99609375
7669,0.99609375
7670,0.99609375
7671,1.0
7672,0.98828125
7673,0.98828125
7674,0.99609375
7675,0.99609375
7676,1.0
7677,1.0
7678,1.0
7679,1.0
7680,0.98828125
7681,0.984375
7682,0.98828125
7683,0.9921875
7684,0.99609375
7685,0.99609375
7686,1.0
7687,1.0
7688,0.96875
7689,0.98046875
7690,0.96875
7691,0.9921875
7692,0.984375
7693,0.9921875
7694,0.99609375
7695,1.0
7696,0.97265625
7697,0.97265625
7698,0.98046875
7699,0.98046875
7700,0.98828125
7701,0.9921875
7702,0.99609375
7703,1.0
7704,0.96484375
7705,0.96484375
7706,0.9765625
7707,0.99609375
7708,0.9921875
7709,0.99609375
7710,1.0
7711,1.0
7712,0.96484375
7713,0.984375
7714,0.98046875
7715,0.9921875
7716,0.98828125
7717,0.99609375
7718,1.0
7719,1.0
7720,0.9609375
7721,0.9609375
7722,0.96875
7723,0.98046875
7724,0.99609375
7725,1.0
7726,0.99609375
7727,1.0
7728,0.9609375
7729,0.95703125
7730,0.984375
7731,0.98828125
7732,0.984375
7733,0.9921875
7734,1.0
7735,0.99609375
7736,0.98828125
7737,0.98828125
7738,0.9921875
7739,0.9921875
7740,0.99609375
7741,1.0
7742,1.0
7743,1.0
7744,0.94140625
7745,0.96875
7746,0.96875
7747,0.9765625
7748,0.98046875
7749,0.9921875
7750,0.98828125
7751,1.0
7752,0.94921875
7753,0.9609375
7754,0.9765625
7755,0.98828125
7756,0.99609375
7757,0.99609375
7758,0.99609375
7759,1.0
7760,0.96484375
7761,0.97265625
7762,0.9921875
7763,0.9921875
7764,0.984375
7765,0.99609375
7766,1.0
7767,0.99609375
7768,0.9765625
7769,0.96875
7770,0.984375
7771,0.98828125
7772,0.98828125
7773,0.9921875
7774,1.0
7775,0.99609375
7776,0.90625
7777,0.94140625
7778,0.96875
7779,0.98046875
7780,0.984375
7781,0.98828125
7782,1.0
7783,1.0
7784,0.9453125
7785,0.953125
7786,0.96875
7787,0.98046875
7788,0.984375
7789,0.99609375
7790,0.99609375
7791,1.0
7792,0.9453125
7793,0.94921875
7794,0.96484375
7795,0.984375
7796,0.98828125
7797,0.99609375
7798,0.99609375
7799,1.0
7800,0.92578125
7801,0.94921875
7802,0.984375
7803,0.9921875
7804,0.9765625
7805,0.984375
7806,0.98828125
7807,0.99609375
7808,0.953125
7809,0.9609375
7810,0.9765625
7811,0.9921875
7812,0.9921875
7813,0.9921875
7814,0.99609375
7815,1.0
7816,0.98828125
7817,0.98828125
7818,0.99609375
7819,0.99609375
7820,0.99609375
7821,1.0
7822,0.99609375
7823,1.0
7824,0.97265625
7825,0.984375
7826,0.9921875
7827,0.98046875
7828,0.99609375
7829,1.0
7830,1.0
7831,1.0
7832,0.9765625
7833,0.9765625
7834,0.984375
7835,0.9921875
7836,0.9921875
7837,1.0
7838,0.99609375
7839,1.0
7840,0.98828125
7841,0.984375
7842,0.984375
7843,0.98046875
7844,0.98828125
7845,0.99609375
7846,1.0
7847,1.0
7848,0.95703125
7849,0.9609375
7850,0.984375
7851,0.98828125
7852,0.9921875
7853,1.0
7854,0.99609375
7855,1.0
7856,0.9453125
7857,0.9609375
7858,0.9765625
7859,0.98828125
7860,0.984375
7861,0.9921875
7862,0.9921875
7863,1.0
7864,0.98046875
7865,0.98828125
7866,0.984375
7867,0.9921875
7868,1.0
7869,0.99609375
7870,1.0
7871,1.0
7872,0.94140625
7873,0.94921875
7874,0.96875
7875,0.98828125
7876,0.98828125
7877,0.99609375
7878,0.9921875
7879,1.0
7880,0.984375
7881,0.984375
7882,0.9921875
7883,0.9921875
7884,0.9921875
7885,0.99609375
7886,1.0
7887,1.0
7888,0.98828125
7889,0.98046875
7890,0.9921875
7891,0.9921875
7892,0.99609375
7893,1.0
7894,1.0
7895,1.0
7896,0.96875
7897,0.97265625
7898,0.97265625
7899,0.99609375
7900,0.984375
7901,0.984375
7902,0.99609375
7903,1.0
7904,0.96484375
7905,0.98828125
7906,0.98828125
7907,0.9921875
7908,0.99609375
7909,0.99609375
7910,1.0
7911,1.0
7912,0.96484375
7913,0.984375
7914,0.9921875
7915,0.98828125
7916,0.98828125
7917,0.9921875
7918,0.99609375
7919,1.0
7920,0.97265625
7921,0.9921875
7922,0.98828125
7923,0.9921875
7924,0.99609375
7925,0.99609375
7926,1.0
7927,1.0
7928,0.9609375
7929,0.98046875
7930,0.98046875
7931,0.98046875
7932,0.984375
7933,0.9921875
7934,1.0
7935,1.0
7936,0.953125
7937,0.97265625
7938,0.984375
7939,0.99609375
7940,1.0
7941,0.9921875
7942,1.0
7943,1.0
7944,0.96875
7945,0.96875
7946,0.98828125
7947,0.9921875
7948,0.9921875
7949,0.99609375
7950,0.99609375
7951,0.99609375
7952,0.984375
7953,0.98828125
7954,0.98828125
7955,0.99609375
7956,0.99609375
7957,1.0
7958,1.0
7959,1.0
7960,0.96484375
7961,0.98046875
7962,0.98828125
7963,0.98828125
7964,0.9921875
7965,0.9921875
7966,1.0
7967,1.0
7968,0.921875
7969,0.94140625
7970,0.96875
7971,0.9765625
7972,0.99609375
7973,0.99609375
7974,1.0
7975,1.0
7976,0.9609375
7977,0.96875
7978,0.984375
7979,0.98828125
7980,0.9921875
7981,0.99609375
7982,0.99609375
7983,1.0
7984,0.9375
7985,0.94921875
7986,0.96875
7987,0.98828125
7988,0.98828125
7989,0.9921875
7990,0.99609375
7991,1.0
7992,0.96484375
7993,0.96875
7994,0.98046875
7995,0.984375
7996,0.984375
7997,0.99609375
7998,0.99609375
7999,0.99609375
8000,0.9609375
8001,0.98828125
8002,0.9921875
8003,0.98046875
8004,0.99609375
8005,1.0
8006,0.99609375
8007,0.99609375
8008,0.9765625
8009,0.984375
8010,0.99609375
8011,0.984375
8012,0.99609375
8013,1.0
8014,1.0
8015,1.0
8016,0.9453125
8017,0.96875
8018,0.9609375
8019,0.98828125
8020,0.9921875
8021,0.99609375
8022,0.99609375
8023,1.0
8024,0.984375
8025,0.98828125
8026,0.9921875
8027,0.98828125
8028,0.9921875
8029,0.99609375
8030,0.99609375
8031,1.0
8032,0.98046875
8033,0.984375
8034,0.9921875
8035,0.99609375
8036,1.0
8037,0.9921875
8038,1.0
8039,1.0
8040,0.96875
8041,0.9765625
8042,0.984375
8043,0.9921875
8044,0.99609375
8045,0.99609375
8046,0.99609375
8047,1.0
8048,0.9609375
8049,0.9609375
8050,0.9921875
8051,1.0
8052,1.0
8053,1.0
8054,0.99609375
8055,1.0
8056,1.0
8057,0.9765625
8058,0.984375
8059,0.9921875
8060,0.9921875
8061,1.0
8062,1.0
8063,1.0
8064,0.9765625
8065,0.97265625
8066,0.984375
8067,0.9921875
8068,0.99609375
8069,0.99609375
8070,0.99609375
8071,1.0
8072,0.93359375
8073,0.95703125
8074,0.97265625
8075,0.98046875
8076,0.99609375
8077,1.0
8078,0.99609375
8079,0.99609375
8080,0.96875
8081,0.96875
8082,0.98828125
8083,0.99609375
8084,0.98828125
8085,1.0
8086,1.0
8087,1.0
8088,0.9609375
8089,0.9765625
8090,0.984375
8091,0.98046875
8092,0.98828125
8093,0.9921875
8094,0.99609375
8095,1.0
8096,0.98046875
8097,0.9765625
8098,0.98828125
8099,0.99609375
8100,0.99609375
8101,0.99609375
8102,1.0
8103,1.0
8104,0.98828125
8105,0.99609375
8106,0.9921875
8107,0.99609375
8108,1.0
8109,1.0
8110,1.0
8111,1.0
8112,0.96484375
8113,0.97265625
8114,0.9921875
8115,0.9921875
8116,0.9921875
8117,0.99609375
8118,0.99609375
8119,0.99609375
8120,0.96484375
8121,0.96484375
8122,0.9765625
8123,0.984375
8124,0.9921875
8125,0.9921875
8126,1.0
8127,0.99609375
8128,0.984375
8129,0.98046875
8130,0.9921875
8131,0.9921875
8132,0.9921875
8133,0.99609375
8134,1.0
8135,1.0
8136,0.9296875
8137,0.96484375
8138,0.9765625
8139,0.96875
8140,1.0
8141,1.0
8142,1.0
8143,1.0
8144,0.94140625
8145,0.95703125
8146,0.9765625
8147,0.98046875
8148,0.98828125
8149,0.99609375
8150,0.99609375
8151,1.0
8152,0.96484375
8153,0.96875
8154,0.98828125
8155,0.98046875
8156,0.98828125
8157,1.0
8158,1.0
8159,1.0
8160,0.96484375
8161,0.9765625
8162,0.984375
8163,0.98828125
8164,0.9921875
8165,0.99609375
8166,1.0
8167,1.0
8168,0.96875
8169,0.98046875
8170,0.98828125
8171,0.98828125
8172,0.99609375
8173,0.9921875
8174,0.99609375
8175,1.0
8176,0.9609375
8177,0.9609375
8178,0.98046875
8179,0.984375
8180,0.984375
8181,0.9921875
8182,1.0
8183,1.0
8184,0.953125
8185,0.953125
8186,0.9765625
8187,0.984375
8188,0.9921875
8189,0.9921875
8190,0.99609375
8191,0.99609375
8192,0.98828125
8193,0.98828125
8194,0.9921875
8195,0.99609375
8196,0.99609375
8197,1.0
8198,1.0
8199,1.0
8200,0.94921875
8201,0.953125
8202,0.96875
8203,0.984375
8204,0.9921875
8205,0.9921875
8206,1.0
8207,0.99609375
8208,0.98828125
8209,0.98828125
8210,0.98828125
8211,1.0
8212,0.99609375
8213,0.99609375
8214,1.0
8215,1.0
8216,0.98828125
8217,0.9921875
8218,0.99609375
8219,0.99609375
8220,0.99609375
8221,0.99609375
8222,1.0
8223,1.0
8224,0.96875
8225,0.98046875
8226,0.98046875
8227,0.98828125
8228,0.98828125
8229,0.9921875
8230,0.9921875
8231,0.99609375
8232,0.93359375
8233,0.95703125
8234,0.9765625
8235,0.984375
8236,0.98828125
8237,0.98828125
8238,0.9921875
8239,1.0
8240,0.98828125
8241,0.9921875
8242,0.984375
8243,0.98828125
8244,0.99609375
8245,1.0
8246,1.0
8247,1.0
8248,0.9609375
8249,0.96875
8250,0.9765625
8251,0.984375
8252,0.984375
8253,0.9921875
8254,0.99609375
8255,1.0
8256,0.953125
8257,0.96875
8258,0.98828125
8259,0.9921875
8260,0.98828125
8261,1.0
8262,0.99609375
8263,1.0
8264,0.96875
8265,0.97265625
8266,0.9921875
8267,0.98828125
8268,0.9921875
8269,0.99609375
8270,1.0
8271,1.0
8272,0.9765625
8273,0.984375
8274,0.984375
8275,0.984375
8276,0.98828125
8277,0.99609375
8278,0.99609375
8279,0.99609375
8280,0.96875
8281,0.96875
8282,0.97265625
8283,0.99609375
8284,0.99609375
8285,0.98828125
8286,0.99609375
8287,1.0
8288,0.98828125
8289,0.98828125
8290,0.984375
8291,0.98828125
8292,0.99609375
8293,0.99609375
8294,1.0
8295,1.0
8296,0.953125
8297,0.97265625
8298,0.98828125
8299,0.99609375
8300,0.984375
8301,1.0
8302,0.99609375
8303,1.0
8304,0.984375
8305,0.984375
8306,0.98828125
8307,0.99609375
8308,0.99609375
8309,0.99609375
8310,1.0
8311,1.0
8312,0.9921875
8313,0.99609375
8314,0.9921875
8315,1.0
8316,0.99609375
8317,1.0
8318,1.0
8319,1.0
8320,0.984375
8321,0.984375
8322,0.99609375
8323,0.99609375
8324,1.0
8325,1.0
8326,1.0
8327,1.0
8328,0.9375
8329,0.96875
8330,0.984375
8331,0.984375
8332,0.9921875
8333,1.0
8334,1.0
8335,1.0
8336,0.984375
8337,0.9921875
8338,0.9921875
8339,0.99609375
8340,0.99609375
8341,1.0
8342,1.0
8343,1.0
8344,0.97265625
8345,0.98046875
8346,0.9921875
8347,0.9921875
8348,0.98828125
8349,0.9921875
8350,1.0
8351,1.0
8352,0.98828125
8353,0.98828125
8354,0.98828125
8355,1.0
8356,1.0
8357,1.0
8358,1.0
8359,1.0
8360,0.984375
8361,0.98828125
8362,0.98828125
8363,0.98828125
8364,0.99609375
8365,0.99609375
8366,1.0
8367,1.0
8368,0.9921875
8369,0.9921875
8370,0.9921875
8371,0.99609375
8372,0.99609375
8373,1.0
8374,1.0
8375,1.0
8376,1.0
8377,1.0
8378,1.0
8379,1.0
8380,1.0
8381,1.0
8382,1.0
8383,1.0
8384,1.0
8385,1.0
8386,1.0
8387,1.0
8388,1.0
8389,1.0
8390,1.0
8391,1.0
8392,1.0
8393,1.0
8394,1.0
8395,1.0
8396,1.0
8397,1.0
8398,1.0
8399,1.0
8400,0.9609375
8401,0.96875
8402,0.984375
8403,0.98828125
8404,0.99609375
8405,1.0
8406,1.0
8407,1.0
8408,0.953125
8409,0.97265625
8410,0.99609375
8411,0.99609375
8412,1.0
8413,0.99609375
8414,1.0
8415,1.0
8416,0.98828125
8417,0.98828125
8418,1.0
8419,1.0
8420,1.0
8421,1.0
8422,1.0
8423,1.0
8424,0.9296875
8425,0.9375
8426,0.98046875
8427,0.984375
8428,0.99609375
8429,0.99609375
8430,1.0
8431,1.0
8432,0.95703125
8433,0.95703125
8434,0.98046875
8435,1.0
8436,0.99609375
8437,1.0
8438,1.0
8439,1.0
8440,0.99609375
8441,0.9921875
8442,0.9921875
8443,1.0
8444,1.0
8445,1.0
8446,1.0
8447,1.0
8448,0.93359375
8449,0.94921875
8450,0.984375
8451,1.0
8452,1.0
8453,0.99609375
8454,0.99609375
8455,1.0
8456,0.94921875
8457,0.96484375
8458,0.98046875
8459,0.98828125
8460,0.99609375
8461,1.0
8462,1.0
8463,1.0
8464,0.98046875
8465,0.98046875
8466,0.98828125
8467,0.9921875
8468,1.0
8469,1.0
8470,1.0
8471,1.0
8472,0.9609375
8473,0.9765625
8474,0.99609375
8475,0.99609375
8476,0.99609375
8477,0.99609375
8478,0.99609375
8479,1.0
8480,0.9453125
8481,0.95703125
8482,0.9765625
8483,0.98828125
8484,0.9921875
8485,0.99609375
8486,0.99609375
8487,1.0
8488,0.9921875
8489,0.9921875
8490,0.99609375
8491,0.99609375
8492,0.99609375
8493,1.0
8494,1.0
8495,1.0
8496,0.9375
8497,0.96484375
8498,0.98046875
8499,0.98828125
8500,0.9921875
8501,1.0
8502,0.99609375
8503,1.0
8504,0.98828125
8505,0.984375
8506,0.9921875
8507,0.99609375
8508,1.0
8509,1.0
8510,1.0
8511,1.0
8512,0.94140625
8513,0.94921875
8514,0.9765625
8515,0.99609375
8516,0.9921875
8517,1.0
8518,1.0
8519,1.0
8520,0.9765625
8521,0.97265625
8522,0.98046875
8523,0.99609375
8524,0.99609375
8525,1.0
8526,1.0
8527,1.0
8528,0.97265625
8529,0.9921875
8530,0.9921875
8531,0.99609375
8532,0.99609375
8533,0.99609375
8534,1.0
8535,1.0
8536,0.9609375
8537,0.97265625
8538,0.9921875
8539,0.9921875
8540,1.0
8541,1.0
8542,1.0
8543,1.0
8544,0.96484375
8545,0.984375
8546,0.984375
8547,0.98828125
8548,1.0
8549,1.0
8550,1.0
8551,1.0
8552,0.95703125
8553,0.96484375
8554,0.98828125
8555,1.0
8556,0.99609375
8557,0.99609375
8558,1.0
8559,1.0
8560,0.94921875
8561,0.97265625
8562,0.98046875
8563,0.9921875
8564,1.0
8565,1.0
8566,0.99609375
8567,1.0
8568,0.96484375
8569,0.97265625
8570,0.98046875
8571,0.9921875
8572,0.99609375
8573,0.99609375
8574,1.0
8575,1.0
8576,0.96484375
8577,0.97265625
8578,0.98046875
8579,0.99609375
8580,0.99609375
8581,0.99609375
8582,1.0
8583,1.0
8584,0.96484375
8585,0.984375
8586,0.9921875
8587,1.0
8588,0.99609375
8589,0.99609375
8590,1.0
8591,1.0
8592,0.96484375
8593,0.984375
8594,0.9921875
8595,0.99609375
8596,1.0
8597,1.0
8598,1.0
8599,1.0
8600,0.96484375
8601,0.96875
8602,0.98046875
8603,1.0
8604,0.99609375
8605,0.99609375
8606,1.0
8607,1.0
8608,1.0
8609,0.99609375
8610,1.0
8611,0.99609375
8612,1.0
8613,1.0
8614,1.0
8615,1.0
8616,0.9609375
8617,0.96875
8618,0.98828125
8619,0.9921875
8620,0.99609375
8621,0.99609375
8622,0.99609375
8623,1.0
8624,0.9609375
8625,0.97265625
8626,0.98828125
8627,0.9921875
8628,1.0
8629,1.0
8630,1.0
8631,1.0
8632,0.92578125
8633,0.97265625
8634,0.98828125
8635,0.9921875
8636,0.9921875
8637,0.99609375
8638,1.0
8639,1.0
8640,0.9453125
8641,0.9609375
8642,0.98828125
8643,0.99609375
8644,0.99609375
8645,0.99609375
8646,1.0
8647,1.0
8648,0.99609375
8649,0.99609375
8650,1.0
8651,1.0
8652,1.0
8653,1.0
8654,1.0
8655,1.0
8656,0.9921875
8657,0.9921875
8658,0.9921875
8659,0.99609375
8660,1.0
8661,1.0
8662,1.0
8663,1.0
8664,0.94921875
8665,0.98046875
8666,0.9921875
8667,0.984375
8668,0.99609375
8669,1.0
8670,1.0
8671,1.0
8672,0.9375
8673,0.953125
8674,0.9921875
8675,0.99609375
8676,1.0
8677,1.0
8678,1.0
8679,1.0
8680,0.93359375
8681,0.96484375
8682,0.98046875
8683,0.984375
8684,0.9921875
8685,1.0
8686,0.99609375
8687,1.0
8688,0.95703125
8689,0.9765625
8690,0.984375
8691,0.98828125
8692,1.0
8693,1.0
8694,1.0
8695,1.0
8696,0.953125
8697,0.98046875
8698,0.984375
8699,0.99609375
8700,1.0
8701,0.99609375
8702,1.0
8703,1.0
8704,0.9765625
8705,0.98046875
8706,0.99609375
8707,1.0
8708,1.0
8709,1.0
8710,1.0
8711,1.0
8712,0.953125
8713,0.96875
8714,0.98046875
8715,0.9921875
8716,0.99609375
8717,1.0
8718,1.0
8719,1.0
8720,0.97265625
8721,0.9765625
8722,0.9921875
8723,0.99609375
8724,0.99609375
8725,1.0
8726,1.0
8727,1.0
8728,0.984375
8729,0.9765625
8730,0.9921875
8731,0.99609375
8732,0.99609375
8733,1.0
8734,1.0
8735,1.0
8736,0.96484375
8737,0.98046875
8738,0.984375
8739,0.99609375
8740,1.0
8741,1.0
8742,1.0
8743,1.0
8744,0.984375
8745,0.984375
8746,0.98828125
8747,0.99609375
8748,0.99609375
8749,1.0
8750,1.0
8751,1.0
8752,0.96875
8753,0.96875
8754,0.9921875
8755,0.9921875
8756,0.9921875
8757,1.0
8758,1.0
8759,1.0
8760,0.93359375
8761,0.95703125
8762,0.9765625
8763,0.98828125
8764,0.9921875
8765,1.0
8766,1.0
8767,1.0
8768,0.96875
8769,0.96484375
8770,0.984375
8771,0.99609375
8772,1.0
8773,1.0
8774,1.0
8775,1.0
8776,0.95703125
8777,0.98046875
8778,0.98828125
8779,0.9921875
8780,0.99609375
8781,0.99609375
8782,1.0
8783,1.0
8784,0.94140625
8785,0.953125
8786,0.984375
8787,0.9921875
8788,0.99609375
8789,1.0
8790,1.0
8791,1.0
8792,0.9921875
8793,0.98046875
8794,0.98828125
8795,0.99609375
8796,0.99609375
8797,0.99609375
8798,1.0
8799,1.0
8800,0.98828125
8801,0.9921875
8802,0.99609375
8803,1.0
8804,0.99609375
8805,1.0
8806,1.0
8807,1.0
8808,0.89453125
8809,0.9375
8810,0.96484375
8811,0.98046875
8812,0.99609375
8813,0.9921875
8814,0.99609375
8815,1.0
8816,0.9765625
8817,0.98046875
8818,0.99609375
8819,0.99609375
8820,0.99609375
8821,1.0
8822,1.0
8823,1.0
8824,0.9765625
8825,0.97265625
8826,0.99609375
8827,0.9921875
8828,0.99609375
8829,1.0
8830,1.0
8831,1.0
8832,0.96875
8833,0.98046875
8834,0.984375
8835,0.9921875
8836,0.99609375
8837,0.99609375
8838,0.99609375
8839,1.0
8840,1.0
8841,0.99609375
8842,1.0
8843,1.0
8844,1.0
8845,1.0
8846,1.0
8847,1.0
8848,0.95703125
8849,0.96875
8850,0.984375
8851,0.9921875
8852,1.0
8853,1.0
8854,1.0
8855,1.0
8856,0.92578125
8857,0.9609375
8858,0.9765625
8859,0.9921875
8860,1.0
8861,0.99609375
8862,0.99609375
8863,1.0
8864,0.9609375
8865,0.9765625
8866,0.9921875
8867,0.9921875
8868,0.99609375
8869,1.0
8870,1.0
8871,1.0
8872,0.9921875
8873,1.0
8874,1.0
8875,0.9921875
8876,1.0
8877,1.0
8878,1.0
8879,1.0
8880,0.94921875
8881,0.984375
8882,0.9921875
8883,0.99609375
8884,0.99609375
8885,1.0
8886,1.0
8887,1.0
8888,0.9375
8889,0.9453125
8890,0.9765625
8891,0.98828125
8892,1.0
8893,0.99609375
8894,0.99609375
8895,1.0
8896,0.94921875
8897,0.9609375
8898,0.98828125
8899,0.98828125
8900,0.9921875
8901,0.99609375
8902,0.99609375
8903,1.0
8904,0.98046875
8905,0.98046875
8906,0.9921875
8907,0.99609375
8908,1.0
8909,0.99609375
8910,1.0
8911,1.0
8912,1.0
8913,0.99609375
8914,1.0
8915,1.0
8916,1.0
8917,1.0
8918,1.0
8919,1.0
8920,0.94921875
8921,0.96484375
8922,0.984375
8923,0.9921875
8924,0.99609375
8925,1.0
8926,1.0
8927,1.0
8928,0.9921875
8929,0.9921875
8930,0.9921875
8931,1.0
8932,1.0
8933,1.0
8934,1.0
8935,1.0
8936,0.9921875
8937,0.984375
8938,0.9921875
8939,1.0
8940,1.0
8941,0.99609375
8942,1.0
8943,1.0
8944,0.9765625
8945,0.9921875
8946,0.984375
8947,0.9921875
8948,1.0
8949,1.0
8950,1.0
8951,1.0
8952,0.94921875
8953,0.9765625
8954,0.9765625
8955,0.9921875
8956,0.99609375
8957,1.0
8958,1.0
8959,1.0
8960,0.9375
8961,0.94921875
8962,0.96875
8963,0.98828125
8964,0.99609375
8965,0.99609375
8966,0.99609375
8967,1.0
8968,0.98046875
8969,0.984375
8970,0.99609375
8971,0.99609375
8972,0.99609375
8973,1.0
8974,1.0
8975,1.0
8976,0.984375
8977,0.9921875
8978,0.99609375
8979,0.99609375
8980,1.0
8981,0.99609375
8982,1.0
8983,1.0
8984,0.97265625
8985,0.9765625
8986,0.99609375
8987,0.99609375
8988,1.0
8989,0.99609375
8990,1.0
8991,1.0
8992,0.97265625
8993,0.9765625
8994,0.984375
8995,0.99609375
8996,0.99609375
8997,0.99609375
8998,1.0
8999,1.0
9000,0.98828125
9001,0.9921875
9002,0.99609375
9003,1.0
9004,1.0
9005,1.0
9006,1.0
9007,1.0
9008,0.984375
9009,0.9921875
9010,1.0
9011,1.0
9012,1.0
9013,1.0
9014,1.0
9015,1.0
9016,0.984375
9017,0.984375
9018,0.9921875
9019,1.0
9020,1.0
9021,1.0
9022,1.0
9023,1.0
9024,0.9921875
9025,0.9921875
9026,0.99609375
9027,1.0
9028,1.0
9029,1.0
9030,1.0
9031,1.0
9032,0.97265625
9033,0.9609375
9034,0.984375
9035,0.98828125
9036,0.99609375
9037,1.0
9038,1.0
9039,1.0
9040,0.99609375
9041,1.0
9042,0.99609375
9043,1.0
9044,1.0
9045,1.0
9046,1.0
9047,1.0
9048,0.95703125
9049,0.9765625
9050,0.9921875
9051,1.0
9052,1.0
9053,1.0
9054,1.0
9055,1.0
9056,0.98046875
9057,0.98046875
9058,1.0
9059,1.0
9060,0.99609375
9061,1.0
9062,1.0
9063,1.0
9064,0.98828125
9065,0.99609375
9066,0.99609375
9067,0.99609375
9068,0.99609375
9069,1.0
9070,1.0
9071,1.0
9072,0.97265625
9073,0.984375
9074,0.984375
9075,0.99609375
9076,1.0
9077,0.99609375
9078,1.0
9079,1.0
9080,0.94921875
9081,0.96875
9082,0.98828125
9083,0.99609375
9084,0.99609375
9085,0.99609375
9086,1.0
9087,1.0
9088,0.98828125
9089,0.99609375
9090,0.9921875
9091,1.0
9092,0.99609375
9093,0.99609375
9094,1.0
9095,1.0
9096,0.9296875
9097,0.9453125
9098,0.96875
9099,0.9921875
9100,0.99609375
9101,1.0
9102,1.0
9103,1.0
9104,0.96484375
9105,0.984375
9106,1.0
9107,0.98828125
9108,1.0
9109,0.99609375
9110,1.0
9111,1.0
9112,0.96484375
9113,0.97265625
9114,0.9921875
9115,0.99609375
9116,1.0
9117,0.99609375
9118,1.0
9119,1.0
9120,0.99609375
9121,0.99609375
9122,0.984375
9123,1.0
9124,0.99609375
9125,1.0
9126,1.0
9127,1.0
9128,0.94921875
9129,0.9765625
9130,0.984375
9131,1.0
9132,1.0
9133,1.0
9134,1.0
9135,1.0
9136,0.99609375
9137,0.98828125
9138,0.99609375
9139,0.99609375
9140,1.0
9141,1.0
9142,1.0
9143,1.0
9144,0.97265625
9145,0.9921875
9146,0.984375
9147,0.9921875
9148,0.99609375
9149,1.0
9150,0.99609375
9151,1.0
9152,0.98046875
9153,0.98828125
9154,0.99609375
9155,0.99609375
9156,0.99609375
9157,1.0
9158,1.0
9159,1.0
9160,0.984375
9161,0.98828125
9162,0.99609375
9163,0.99609375
9164,1.0
9165,1.0
9166,1.0
9167,1.0
9168,0.97265625
9169,0.98046875
9170,0.98828125
9171,1.0
9172,0.99609375
9173,1.0
9174,1.0
9175,1.0
9176,0.98828125
9177,0.98828125
9178,0.9921875
9179,1.0
9180,0.99609375
9181,1.0
9182,1.0
9183,1.0
9184,0.95703125
9185,0.9609375
9186,0.9921875
9187,0.99609375
9188,0.99609375
9189,1.0
9190,1.0
9191,1.0
9192,0.96484375
9193,0.984375
9194,0.98046875
9195,1.0
9196,1.0
9197,0.99609375
9198,1.0
9199,1.0
9200,0.9765625
9201,0.984375
9202,0.98828125
9203,0.99609375
9204,1.0
9205,1.0
9206,1.0
9207,1.0
9208,0.9296875
9209,0.9609375
9210,0.97265625
9211,0.984375
9212,0.99609375
9213,1.0
9214,1.0
9215,1.0
9216,0.9453125
9217,0.97265625
9218,0.98046875
9219,0.98046875
9220,0.99609375
9221,0.99609375
9222,1.0
9223,1.0
9224,0.91796875
9225,0.94140625
9226,0.97265625
9227,0.9921875
9228,0.99609375
9229,1.0
9230,1.0
9231,1.0
9232,0.984375
9233,0.984375
9234,0.9921875
9235,1.0
9236,0.99609375
9237,1.0
9238,1.0
9239,1.0
9240,0.99609375
9241,0.99609375
9242,1.0
9243,1.0
9244,1.0
9245,1.0
9246,1.0
9247,1.0
9248,0.9609375
9249,0.9765625
9250,0.984375
9251,1.0
9252,1.0
9253,0.99609375
9254,1.0
9255,1.0
9256,0.96484375
9257,0.98046875
9258,0.9921875
9259,0.99609375
9260,1.0
9261,1.0
9262,1.0
9263,1.0
9264,0.99609375
9265,0.99609375
9266,0.99609375
9267,1.0
9268,1.0
9269,1.0
9270,1.0
9271,1.0
9272,0.96484375
9273,0.984375
9274,0.984375
9275,0.99609375
9276,0.99609375
9277,0.99609375
9278,1.0
9279,1.0
9280,0.984375
9281,0.99609375
9282,0.99609375
9283,1.0
9284,1.0
9285,1.0
9286,1.0
9287,1.0
9288,0.96875
9289,0.984375
9290,0.98828125
9291,0.9921875
9292,1.0
9293,1.0
9294,1.0
9295,1.0
9296,0.96484375
9297,0.98046875
9298,0.98046875
9299,0.9921875
9300,1.0
9301,1.0
9302,1.0
9303,1.0
9304,0.96484375
9305,0.96484375
9306,0.98046875
9307,0.98828125
9308,0.99609375
9309,0.99609375
9310,0.99609375
9311,1.0
9312,0.98828125
9313,0.9921875
9314,0.99609375
9315,1.0
9316,1.0
9317,1.0
9318,1.0
9319,1.0
9320,0.984375
9321,0.98828125
9322,0.99609375
9323,0.99609375
9324,1.0
9325,1.0
9326,1.0
9327,1.0
9328,0.99609375
9329,0.98828125
9330,1.0
9331,1.0
9332,1.0
9333,1.0
9334,1.0
9335,1.0
9336,0.9453125
9337,0.95703125
9338,0.99609375
9339,0.99609375
9340,1.0
9341,0.99609375
9342,1.0
9343,1.0
9344,0.98046875
9345,0.9921875
9346,0.9921875
9347,1.0
9348,1.0
9349,1.0
9350,1.0
9351,1.0
9352,0.96875
9353,0.9765625
9354,0.98828125
9355,0.99609375
9356,1.0
9357,1.0
9358,1.0
9359,1.0
9360,0.92578125
9361,0.94921875
9362,0.984375
9363,0.9921875
9364,0.99609375
9365,0.99609375
9366,0.99609375
9367,1.0
9368,0.9453125
9369,0.9609375
9370,0.98828125
9371,0.98828125
9372,0.99609375
9373,0.99609375
9374,1.0
9375,1.0
9376,0.96875
9377,0.98046875
9378,0.98828125
9379,0.99609375
9380,0.99609375
9381,1.0
9382,1.0
9383,1.0
9384,0.97265625
9385,0.98828125
9386,0.98828125
9387,0.99609375
9388,0.99609375
9389,1.0
9390,1.0
9391,1.0
9392,0.9765625
9393,0.97265625
9394,0.984375
9395,0.9921875
9396,0.99609375
9397,0.99609375
9398,1.0
9399,1.0
9400,0.9921875
9401,0.98046875
9402,0.99609375
9403,0.99609375
9404,1.0
9405,1.0
9406,1.0
9407,1.0
9408,0.98828125
9409,0.99609375
9410,0.99609375
9411,0.99609375
9412,1.0
9413,1.0
9414,1.0
9415,1.0
9416,1.0
9417,1.0
9418,1.0
9419,1.0
9420,1.0
9421,1.0
9422,1.0
9423,1.0
9424,0.99609375
9425,0.99609375
9426,1.0
9427,1.0
9428,1.0
9429,1.0
9430,1.0
9431,1.0
9432,0.953125
9433,0.96484375
9434,0.984375
9435,0.9921875
9436,0.99609375
9437,1.0
9438,1.0
9439,1.0
9440,0.93359375
9441,0.96875
9442,0.984375
9443,0.98046875
9444,0.99609375
9445,1.0
9446,1.0
9447,1.0
9448,0.98046875
9449,0.984375
9450,0.984375
9451,0.99609375
9452,0.99609375
9453,0.99609375
9454,1.0
9455,1.0
9456,0.90625
9457,0.93359375
9458,0.9765625
9459,0.9921875
9460,0.99609375
9461,0.9921875
9462,0.99609375
9463,1.0
9464,0.96875
9465,0.98828125
9466,0.99609375
9467,1.0
9468,0.99609375
9469,1.0
9470,1.0
9471,1.0
9472,0.98828125
9473,0.99609375
9474,1.0
9475,0.99609375
9476,1.0
9477,1.0
9478,1.0
9479,1.0
9480,0.93359375
9481,0.953125
9482,0.97265625
9483,1.0
9484,0.9921875
9485,1.0
9486,0.99609375
9487,1.0
9488,0.93359375
9489,0.953125
9490,0.97265625
9491,0.98828125
9492,0.99609375
9493,1.0
9494,1.0
9495,1.0
9496,0.97265625
9497,0.984375
9498,0.98828125
9499,0.9921875
9500,1.0
9501,0.99609375
9502,1.0
9503,1.0
9504,0.96484375
9505,0.98046875
9506,0.984375
9507,0.99609375
9508,0.99609375
9509,1.0
9510,1.0
9511,1.0
9512,0.94921875
9513,0.97265625
9514,0.984375
9515,0.98828125
9516,1.0
9517,0.99609375
9518,1.0
9519,1.0
9520,0.984375
9521,0.9921875
9522,1.0
9523,1.0
9524,1.0
9525,1.0
9526,1.0
9527,1.0
9528,0.95703125
9529,0.96484375
9530,0.984375
9531,0.9921875
9532,0.9921875
9533,1.0
9534,1.0
9535,1.0
9536,0.9921875
9537,0.9921875
9538,0.99609375
9539,1.0
9540,1.0
9541,1.0
9542,1.0
9543,1.0
9544,0.94140625
9545,0.96875
9546,0.98828125
9547,0.9921875
9548,1.0
9549,0.99609375
9550,0.99609375
9551,1.0
9552,0.9765625
9553,0.97265625
9554,0.984375
9555,0.99609375
9556,1.0
9557,1.0
9558,1.0
9559,1.0
9560,0.984375
9561,0.9921875
9562,0.9921875
9563,1.0
9564,1.0
9565,1.0
9566,1.0
9567,1.0
9568,0.96484375
9569,0.98046875
9570,0.98828125
9571,0.99609375
9572,0.99609375
9573,1.0
9574,1.0
9575,1.0
9576,0.9609375
9577,0.984375
9578,0.984375
9579,0.98828125
9580,1.0
9581,1.0
9582,1.0
9583,1.0
9584,0.98046875
9585,0.98828125
9586,0.9921875
9587,0.98828125
9588,0.99609375
9589,1.0
9590,1.0
9591,1.0
9592,0.97265625
9593,0.9765625
9594,0.984375
9595,0.98828125
9596,0.99609375
9597,1.0
9598,1.0
9599,1.0
9600,0.97265625
9601,0.9765625
9602,0.9921875
9603,0.99609375
9604,1.0
9605,1.0
9606,1.0
9607,1.0
9608,0.98046875
9609,0.98828125
9610,0.98046875
9611,0.99609375
9612,1.0
9613,1.0
9614,1.0
9615,1.0
9616,0.98046875
9617,0.98046875
9618,0.9921875
9619,0.9921875
9620,1.0
9621,1.0
9622,1.0
9623,1.0
9624,0.96875
9625,0.96875
9626,0.984375
9627,0.9921875
9628,1.0
9629,0.99609375
9630,0.99609375
9631,1.0
9632,0.984375
9633,0.99609375
9634,0.9921875
9635,1.0
9636,1.0
9637,1.0
9638,1.0
9639,1.0
9640,0.99609375
9641,0.99609375
9642,1.0
9643,1.0
9644,1.0
9645,1.0
9646,1.0
9647,1.0
9648,0.94921875
9649,0.9609375
9650,0.9765625
9651,0.984375
9652,1.0
9653,1.0
9654,1.0
9655,1.0
9656,0.984375
9657,0.98828125
9658,0.98828125
9659,0.99609375
9660,0.99609375
9661,0.99609375
9662,1.0
9663,1.0
9664,0.96875
9665,0.96875
9666,0.98828125
9667,0.98828125
9668,1.0
9669,0.99609375
9670,1.0
9671,1.0
9672,0.9296875
9673,0.9375
9674,0.98828125
9675,0.9765625
9676,0.9921875
9677,1.0
9678,0.99609375
9679,1.0
9680,1.0
9681,1.0
9682,1.0
9683,1.0
9684,1.0
9685,1.0
9686,1.0
9687,1.0
9688,0.99609375
9689,0.9921875
9690,0.9921875
9691,1.0
9692,0.99609375
9693,1.0
9694,1.0
9695,1.0
9696,0.96484375
9697,0.98828125
9698,0.99609375
9699,0.99609375
9700,1.0
9701,0.99609375
9702,0.99609375
9703,1.0
9704,0.94921875
9705,0.953125
9706,0.9921875
9707,0.98828125
9708,0.99609375
9709,0.99609375
9710,1.0
9711,1.0
9712,0.9296875
9713,0.9609375
9714,0.984375
9715,0.98828125
9716,0.99609375
9717,1.0
9718,1.0
9719,1.0
9720,0.94921875
9721,0.95703125
9722,0.9765625
9723,0.99609375
9724,1.0
9725,0.99609375
9726,0.99609375
9727,1.0
9728,0.9609375
9729,0.97265625
9730,0.98046875
9731,0.98828125
9732,0.99609375
9733,0.99609375
9734,1.0
9735,1.0
9736,0.97265625
9737,0.984375
9738,1.0
9739,1.0
9740,1.0
9741,1.0
9742,1.0
9743,1.0
9744,0.9609375
9745,0.96875
9746,0.98046875
9747,0.98828125
9748,1.0
9749,0.99609375
9750,1.0
9751,1.0
9752,0.97265625
9753,0.9765625
9754,1.0
9755,0.9921875
9756,0.99609375
9757,1.0
9758,1.0
9759,1.0
9760,0.98828125
9761,0.99609375
9762,0.99609375
9763,0.99609375
9764,0.99609375
9765,1.0
9766,1.0
9767,1.0
9768,0.984375
9769,0.98828125
9770,0.99609375
9771,0.99609375
9772,1.0
9773,0.99609375
9774,1.0
9775,1.0
9776,0.98828125
9777,0.9765625
9778,0.984375
9779,0.99609375
9780,1.0
9781,1.0
9782,1.0
9783,1.0
9784,0.9453125
9785,0.97265625
9786,0.9921875
9787,0.99609375
9788,0.99609375
9789,0.99609375
9790,1.0
9791,1.0
9792,0.953125
9793,0.9765625
9794,0.98828125
9795,0.98828125
9796,0.99609375
9797,1.0
9798,1.0
9799,1.0
9800,0.9609375
9801,0.98046875
9802,0.98828125
9803,0.9921875
9804,1.0
9805,0.99609375
9806,0.99609375
9807,1.0
9808,0.94921875
9809,0.9765625
9810,0.98046875
9811,1.0
9812,1.0
9813,0.99609375
9814,1.0
9815,1.0
9816,0.9453125
9817,0.94921875
9818,0.98046875
9819,0.9921875
9820,0.99609375
9821,1.0
9822,0.99609375
9823,1.0
9824,0.98046875
9825,0.984375
9826,0.9921875
9827,0.99609375
9828,0.99609375
9829,1.0
9830,1.0
9831,1.0
9832,0.98828125
9833,0.9921875
9834,0.99609375
9835,0.99609375
9836,1.0
9837,1.0
9838,1.0
9839,1.0
9840,0.9140625
9841,0.93359375
9842,0.96484375
9843,0.9921875
9844,0.99609375
9845,1.0
9846,1.0
9847,1.0
9848,0.98828125
9849,0.99609375
9850,1.0
9851,1.0
9852,1.0
9853,0.99609375
9854,1.0
9855,1.0
9856,0.984375
9857,0.99609375
9858,0.99609375
9859,0.9921875
9860,0.99609375
9861,1.0
9862,1.0
9863,1.0
9864,0.9765625
9865,0.9765625
9866,0.9921875
9867,0.9921875
9868,1.0
9869,0.99609375
9870,0.99609375
9871,1.0
9872,0.99609375
9873,0.99609375
9874,1.0
9875,1.0
9876,1.0
9877,1.0
9878,1.0
9879,1.0
9880,0.9609375
9881,0.96875
9882,0.984375
9883,0.98828125
9884,0.99609375
9885,1.0
9886,1.0
9887,1.0
9888,0.93359375
9889,0.95703125
9890,0.9765625
9891,0.98828125
9892,0.99609375
9893,1.0
9894,0.99609375
9895,1.0
9896,0.96875
9897,0.9765625
9898,0.98828125
9899,0.98828125
9900,0.99609375
9901,1.0
9902,1.0
9903,1.0
9904,0.96875
9905,0.97265625
9906,1.0
9907,1.0
9908,1.0
9909,1.0
9910,1.0
9911,1.0
9912,0.98046875
9913,0.98828125
9914,0.9921875
9915,0.99609375
9916,1.0
9917,1.0
9918,1.0
9919,1.0
9920,0.95703125
9921,0.97265625
9922,0.98828125
9923,0.9921875
9924,0.99609375
9925,1.0
9926,0.99609375
9927,1.0
9928,0.9453125
9929,0.96484375
9930,0.98046875
9931,0.99609375
9932,1.0
9933,0.99609375
9934,0.99609375
9935,1.0
9936,0.9765625
9937,0.984375
9938,0.9921875
9939,0.99609375
9940,1.0
9941,1.0
9942,1.0
9943,1.0
9944,1.0
9945,0.99609375
9946,1.0
9947,1.0
9948,1.0
9949,1.0
9950,1.0
9951,1.0
9952,0.95703125
9953,0.96484375
9954,0.984375
9955,0.9921875
9956,0.99609375
9957,1.0
9958,1.0
9959,1.0
9960,0.96875
9961,0.9921875
9962,0.9921875
9963,0.99609375
9964,1.0
9965,0.99609375
9966,1.0
9967,1.0
9968,0.98046875
9969,0.9921875
9970,0.99609375
9971,0.99609375
9972,1.0
9973,1.0
9974,1.0
9975,1.0
9976,0.984375
9977,0.98828125
9978,0.9921875
9979,0.9921875
9980,0.99609375
9981,1.0
9982,1.0
9983,1.0
9984,0.97265625
9985,0.97265625
9986,0.9765625
9987,0.98046875
9988,1.0
9989,1.0
9990,1.0
9991,1.0
9992,0.890625
9993,0.92578125
9994,0.97265625
9995,0.98828125
9996,0.9921875
9997,1.0
9998,1.0
9999,1.0
10000,0.98046875
10001,0.98828125
10002,0.9921875
10003,0.99609375
10004,1.0
10005,1.0
10006,1.0
10007,1.0
10008,0.98828125
10009,0.9921875
10010,0.98828125
10011,0.9921875
10012,1.0
10013,1.0
10014,1.0
10015,1.0
10016,0.96875
10017,0.984375
10018,0.9921875
10019,0.99609375
10020,0.99609375
10021,1.0
10022,1.0
10023,1.0
10024,0.96484375
10025,0.95703125
10026,0.9921875
10027,0.9921875
10028,0.99609375
10029,1.0
10030,1.0
10031,1.0
10032,0.97265625
10033,0.9765625
10034,0.9921875
10035,0.99609375
10036,1.0
10037,1.0
10038,1.0
10039,1.0
10040,0.97265625
10041,0.98046875
10042,0.9921875
10043,0.99609375
10044,0.99609375
10045,0.99609375
10046,1.0
10047,1.0
10048,0.99609375
10049,0.99609375
10050,1.0
10051,1.0
10052,1.0
10053,1.0
10054,1.0
10055,1.0
10056,0.9921875
10057,0.9921875
10058,1.0
10059,1.0
10060,1.0
10061,1.0
10062,1.0
10063,1.0
10064,0.953125
10065,0.98046875
10066,0.98828125
10067,0.98828125
10068,0.9921875
10069,1.0
10070,1.0
10071,1.0
10072,0.99609375
10073,1.0
10074,0.99609375
10075,1.0
10076,1.0
10077,1.0
10078,1.0
10079,1.0
10080,0.98828125
10081,0.984375
10082,0.98828125
10083,0.99609375
10084,1.0
10085,1.0
10086,1.0
10087,1.0
10088,0.984375
10089,0.9921875
10090,0.98828125
10091,0.99609375
10092,0.99609375
10093,0.99609375
10094,1.0
10095,1.0
10096,0.98828125
10097,0.99609375
10098,1.0
10099,1.0
10100,1.0
10101,1.0
10102,1.0
10103,1.0
10104,0.953125
10105,0.98046875
10106,0.9921875
10107,1.0
10108,0.9921875
10109,1.0
10110,1.0
10111,1.0
10112,0.96484375
10113,0.96875
10114,0.9921875
10115,0.9921875
10116,0.99609375
10117,1.0
10118,1.0
10119,1.0
10120,0.97265625
10121,0.99609375
10122,1.0
10123,0.99609375
10124,1.0
10125,1.0
10126,1.0
10127,1.0
10128,0.9609375
10129,0.96484375
10130,0.9765625
10131,0.984375
10132,0.99609375
10133,0.99609375
10134,1.0
10135,1.0
10136,0.94921875
10137,0.97265625
10138,0.98828125
10139,0.99609375
10140,1.0
10141,1.0
10142,1.0
10143,1.0
10144,0.96484375
10145,0.97265625
10146,0.9921875
10147,0.9921875
10148,1.0
10149,1.0
10150,1.0
10151,1.0
10152,0.99609375
10153,0.98828125
10154,0.99609375
10155,1.0
10156,1.0
10157,1.0
10158,1.0
10159,1.0
10160,0.96875
10161,0.98046875
10162,0.99609375
10163,0.9921875
10164,1.0
10165,1.0
10166,1.0
10167,1.0
10168,0.98828125
10169,0.99609375
10170,1.0
10171,1.0
10172,1.0
10173,1.0
10174,1.0
10175,1.0
10176,0.9609375
10177,0.98046875
10178,0.9921875
10179,0.99609375
10180,1.0
10181,0.99609375
10182,1.0
10183,1.0
10184,0.98828125
10185,0.9921875
10186,0.99609375
10187,1.0
10188,1.0
10189,1.0
10190,1.0
10191,1.0
10192,0.98828125
10193,0.984375
10194,0.99609375
10195,0.99609375
10196,1.0
10197,1.0
10198,1.0
10199,1.0
10200,0.96875
10201,0.98046875
10202,0.98828125
10203,0.99609375
10204,1.0
10205,1.0
10206,1.0
10207,1.0
10208,0.98828125
10209,0.984375
10210,0.99609375
10211,1.0
10212,0.99609375
10213,1.0
10214,1.0
10215,1.0
10216,0.953125
10217,0.95703125
10218,0.96875
10219,1.0
10220,1.0
10221,1.0
10222,1.0
10223,1.0
10224,0.96484375
10225,0.97265625
10226,0.98828125
10227,1.0
10228,1.0
10229,1.0
10230,1.0
10231,1.0
10232,0.984375
10233,0.984375
10234,0.99609375
10235,1.0
10236,1.0
10237,1.0
10238,1.0
10239,1.0
10240,0.9453125
10241,0.9375
10242,0.97265625
10243,0.9921875
10244,0.99609375
10245,1.0
10246,1.0
10247,1.0
10248,0.97265625
10249,0.97265625
10250,0.98828125
10251,0.99609375
10252,0.99609375
10253,0.99609375
10254,0.99609375
10255,1.0
10256,0.94140625
10257,0.9453125
10258,0.98828125
10259,0.9921875
10260,1.0
10261,1.0
10262,0.99609375
10263,0.99609375
10264,0.98828125
10265,0.98828125
10266,0.9921875
10267,1.0
10268,1.0
10269,1.0
10270,1.0
10271,1.0
10272,1.0
10273,1.0
10274,1.0
10275,1.0
10276,1.0
10277,1.0
10278,1.0
10279,1.0
10280,0.953125
10281,0.96484375
10282,0.99609375
10283,0.98828125
10284,1.0
10285,0.99609375
10286,0.99609375
10287,1.0
10288,0.96484375
10289,0.98046875
10290,0.98828125
10291,1.0
10292,0.99609375
10293,1.0
10294,1.0
10295,1.0
10296,1.0
10297,1.0
10298,1.0
10299,1.0
10300,1.0
10301,1.0
10302,1.0
10303,1.0
10304,0.9609375
10305,0.97265625
10306,0.9921875
10307,0.9921875
10308,0.99609375
10309,1.0
10310,1.0
10311,1.0
10312,0.984375
10313,0.99609375
10314,0.99609375
10315,1.0
10316,1.0
10317,1.0
10318,1.0
10319,1.0
10320,0.9765625
10321,0.9921875
10322,0.98828125
10323,0.99609375
10324,0.99609375
10325,0.99609375
10326,1.0
10327,1.0
10328,0.96484375
10329,0.98046875
10330,0.984375
10331,1.0
10332,0.99609375
10333,0.99609375
10334,1.0
10335,1.0
10336,0.953125
10337,0.9765625
10338,0.98046875
10339,0.9921875
10340,1.0
10341,1.0
10342,1.0
10343,1.0
10344,0.98828125
10345,0.9765625
10346,0.99609375
10347,1.0
10348,0.99609375
10349,0.99609375
10350,1.0
10351,1.0
10352,0.98828125
10353,0.9921875
10354,1.0
10355,1.0
10356,0.99609375
10357,1.0
10358,1.0
10359,1.0
10360,0.99609375
10361,0.99609375
10362,1.0
10363,1.0
10364,1.0
10365,1.0
10366,1.0
10367,1.0
10368,0.94921875
10369,0.96484375
10370,0.9765625
10371,0.984375
10372,0.99609375
10373,1.0
10374,1.0
10375,1.0
10376,0.99609375
10377,0.9921875
10378,0.9921875
10379,0.99609375
10380,1.0
10381,1.0
10382,1.0
10383,1.0
10384,0.9609375
10385,0.96875
10386,1.0
10387,0.984375
10388,0.99609375
10389,1.0
10390,1.0
10391,1.0
10392,0.92578125
10393,0.94921875
10394,0.98046875
10395,0.9921875
10396,0.99609375
10397,0.99609375
10398,0.99609375
10399,1.0
10400,0.9453125
10401,0.9609375
10402,0.98046875
10403,0.9921875
10404,0.99609375
10405,1.0
10406,0.99609375
10407,1.0
10408,0.96875
10409,0.98046875
10410,0.98828125
10411,0.99609375
10412,0.99609375
10413,1.0
10414,1.0
10415,1.0
10416,0.98828125
10417,0.984375
10418,1.0
10419,1.0
10420,1.0
10421,1.0
10422,1.0
10423,1.0
10424,0.9453125
10425,0.97265625
10426,0.98828125
10427,1.0
10428,1.0
10429,1.0
10430,1.0
10431,1.0
10432,0.9921875
10433,0.99609375
10434,0.99609375
10435,0.99609375
10436,0.99609375
10437,1.0
10438,1.0
10439,1.0
10440,0.984375
10441,0.9921875
10442,0.99609375
10443,0.99609375
10444,1.0
10445,1.0
10446,1.0
10447,1.0
10448,0.99609375
10449,1.0
10450,0.99609375
10451,0.99609375
10452,1.0
10453,1.0
10454,1.0
10455,1.0
10456,0.9921875
10457,0.98828125
10458,0.99609375
10459,0.99609375
10460,0.99609375
10461,1.0
10462,1.0
10463,1.0
10464,0.98828125
10465,0.98828125
10466,1.0
10467,0.99609375
10468,0.99609375
10469,1.0
10470,1.0
10471,1.0
10472,1.0
10473,1.0
10474,1.0
10475,1.0
10476,1.0
10477,1.0
10478,1.0
10479,1.0
10480,1.0
10481,1.0
10482,1.0
10483,1.0
10484,1.0
10485,1.0
10486,1.0
10487,1.0
10488,0.99609375
10489,0.98046875
10490,1.0
10491,1.0
10492,1.0
10493,0.99609375
10494,1.0
10495,1.0
10496,0.94921875
10497,0.9765625
10498,0.98046875
10499,0.99609375
10500,0.99609375
10501,0.99609375
10502,1.0
10503,1.0
10504,0.9609375
10505,0.98046875
10506,0.98046875
10507,0.99609375
10508,0.9921875
10509,0.99609375
10510,1.0
10511,1.0
10512,0.97265625
10513,0.98828125
10514,0.98828125
10515,0.99609375
10516,1.0
10517,0.99609375
10518,0.99609375
10519,1.0
10520,0.98828125
10521,0.9921875
10522,1.0
10523,0.9921875
10524,0.99609375
10525,0.99609375
10526,1.0
10527,1.0
10528,0.9140625
10529,0.91015625
10530,0.96875
10531,0.97265625
10532,0.99609375
10533,0.99609375
10534,1.0
10535,1.0
10536,0.9296875
10537,0.95703125
10538,0.9609375
10539,0.9921875
10540,0.98828125
10541,1.0
10542,0.99609375
10543,0.99609375
10544,0.96484375
10545,0.9921875
10546,0.9921875
10547,0.9921875
10548,0.99609375
10549,1.0
10550,0.99609375
10551,1.0
10552,0.9609375
10553,0.96875
10554,0.984375
10555,0.99609375
10556,1.0
10557,1.0
10558,1.0
10559,1.0
10560,0.9140625
10561,0.93359375
10562,0.97265625
10563,0.96875
10564,0.99609375
10565,0.99609375
10566,1.0
10567,0.99609375
10568,0.96484375
10569,0.9765625
10570,0.98828125
10571,1.0
10572,0.99609375
10573,1.0
10574,0.99609375
10575,1.0
10576,0.921875
10577,0.9296875
10578,0.95703125
10579,0.9921875
10580,0.98828125
10581,0.99609375
10582,1.0
10583,0.99609375
10584,0.9921875
10585,1.0
10586,1.0
10587,0.99609375
10588,1.0
10589,1.0
10590,1.0
10591,1.0
10592,0.9765625
10593,0.98046875
10594,0.9921875
10595,1.0
10596,1.0
10597,0.99609375
10598,1.0
10599,1.0
10600,0.95703125
10601,0.96484375
10602,0.98046875
10603,0.98828125
10604,0.99609375
10605,0.99609375
10606,0.99609375
10607,0.99609375
10608,0.96875
10609,0.98046875
10610,0.9921875
10611,0.99609375
10612,0.99609375
10613,0.99609375
10614,0.99609375
10615,1.0
10616,0.9296875
10617,0.9609375
10618,0.9765625
10619,0.98828125
10620,0.98828125
10621,0.9921875
10622,0.99609375
10623,0.99609375
10624,0.97265625
10625,0.97265625
10626,0.9921875
10627,0.9921875
10628,1.0
10629,0.99609375
10630,0.99609375
10631,1.0
10632,0.921875
10633,0.9375
10634,0.984375
10635,0.9609375
10636,0.98828125
10637,0.9921875
10638,0.9921875
10639,1.0
10640,0.92578125
10641,0.953125
10642,0.96484375
10643,0.9765625
10644,0.984375
10645,1.0
10646,0.99609375
10647,1.0
10648,0.9765625
10649,0.984375
10650,1.0
10651,1.0
10652,0.99609375
10653,1.0
10654,1.0
10655,1.0
10656,0.94921875
10657,0.95703125
10658,0.984375
10659,0.9921875
10660,0.99609375
10661,1.0
10662,1.0
10663,0.99609375
10664,0.95703125
10665,0.95703125
10666,0.9765625
10667,0.98828125
10668,0.99609375
10669,0.99609375
10670,1.0
10671,1.0
10672,0.9921875
10673,0.98828125
10674,0.99609375
10675,0.99609375
10676,1.0
10677,1.0
10678,1.0
10679,1.0
10680,0.96484375
10681,0.96484375
10682,0.9765625
10683,0.9921875
10684,0.9921875
10685,0.99609375
10686,1.0
10687,1.0
10688,0.96875
10689,0.97265625
10690,0.98828125
10691,0.9921875
10692,1.0
10693,0.99609375
10694,1.0
10695,1.0
10696,0.9765625
10697,0.98046875
10698,0.984375
10699,0.99609375
10700,0.99609375
10701,0.99609375
10702,1.0
10703,1.0
10704,0.9375
10705,0.9609375
10706,0.98046875
10707,0.9921875
10708,0.99609375
10709,1.0
10710,0.99609375
10711,0.99609375
10712,0.953125
10713,0.97265625
10714,0.98046875
10715,0.99609375
10716,0.9921875
10717,0.9921875
10718,0.99609375
10719,1.0
10720,0.953125
10721,0.9765625
10722,0.96875
10723,0.9921875
10724,0.99609375
10725,1.0
10726,0.99609375
10727,1.0
10728,0.96484375
10729,0.98046875
10730,0.9765625
10731,0.9921875
10732,0.9921875
10733,0.99609375
10734,1.0
10735,0.99609375
10736,0.95703125
10737,0.96484375
10738,0.984375
10739,0.9921875
10740,0.99609375
10741,1.0
10742,1.0
10743,1.0
10744,0.97265625
10745,0.96875
10746,0.984375
10747,0.9921875
10748,0.9921875
10749,1.0
10750,1.0
10751,1.0
10752,0.98046875
10753,0.9921875
10754,0.9921875
10755,0.99609375
10756,1.0
10757,0.99609375
10758,0.99609375
10759,1.0
10760,0.953125
10761,0.98046875
10762,0.98828125
10763,0.984375
10764,0.9921875
10765,1.0
10766,0.99609375
10767,0.99609375
10768,0.9609375
10769,0.9765625
10770,0.98046875
10771,0.98828125
10772,0.9921875
10773,0.99609375
10774,0.99609375
10775,1.0
10776,0.99609375
10777,0.99609375
10778,0.9921875
10779,1.0
10780,1.0
10781,1.0
10782,1.0
10783,1.0
10784,0.98046875
10785,0.9921875
10786,0.9921875
10787,0.99609375
10788,0.99609375
10789,0.99609375
10790,0.99609375
10791,1.0
10792,0.98046875
10793,0.984375
10794,0.9921875
10795,0.9921875
10796,1.0
10797,1.0
10798,1.0
10799,1.0
10800,0.984375
10801,0.98828125
10802,0.98828125
10803,0.99609375
10804,0.99609375
10805,1.0
10806,1.0
10807,1.0
10808,0.9765625
10809,0.9921875
10810,0.9921875
10811,0.99609375
10812,0.99609375
10813,0.99609375
10814,1.0
10815,1.0
10816,0.92578125
10817,0.94921875
10818,0.97265625
10819,0.984375
10820,1.0
10821,1.0
10822,1.0
10823,1.0
10824,0.95703125
10825,0.984375
10826,0.9921875
10827,0.98828125
10828,1.0
10829,1.0
10830,1.0
10831,1.0
10832,0.984375
10833,0.9921875
10834,0.9921875
10835,0.9921875
10836,1.0
10837,0.99609375
10838,0.99609375
10839,1.0
10840,0.9453125
10841,0.9453125
10842,0.96875
10843,0.98046875
10844,0.9921875
10845,0.99609375
10846,0.99609375
10847,1.0
10848,0.9921875
10849,0.9921875
10850,0.9921875
10851,1.0
10852,0.99609375
10853,0.99609375
10854,1.0
10855,1.0
10856,0.921875
10857,0.94921875
10858,0.96484375
10859,0.984375
10860,0.99609375
10861,0.99609375
10862,0.99609375
10863,1.0
10864,0.9765625
10865,0.9765625
10866,0.98828125
10867,0.9921875
10868,1.0
10869,1.0
10870,1.0
10871,1.0
10872,0.98828125
10873,0.9921875
10874,0.99609375
10875,1.0
10876,0.99609375
10877,1.0
10878,1.0
10879,1.0
10880,0.95703125
10881,0.984375
10882,0.98046875
10883,0.98828125
10884,0.99609375
10885,0.99609375
10886,0.99609375
10887,0.99609375
10888,0.953125
10889,0.98046875
10890,0.984375
10891,0.9921875
10892,0.99609375
10893,0.99609375
10894,0.99609375
10895,1.0
10896,0.9609375
10897,0.984375
10898,0.984375
10899,0.98828125
10900,1.0
10901,1.0
10902,1.0
10903,0.99609375
10904,0.9453125
10905,0.96484375
10906,0.9765625
10907,0.98828125
10908,0.9921875
10909,1.0
10910,1.0
10911,1.0
10912,0.9921875
10913,0.98828125
10914,0.99609375
10915,0.99609375
10916,1.0
10917,1.0
10918,1.0
10919,1.0
10920,0.9765625
10921,0.98828125
10922,0.98828125
10923,0.99609375
10924,1.0
10925,1.0
10926,1.0
10927,1.0
10928,0.9609375
10929,0.96875
10930,0.9921875
10931,0.9921875
10932,0.9921875
10933,1.0
10934,1.0
10935,1.0
10936,0.96484375
10937,0.9765625
10938,0.98828125
10939,0.99609375
10940,0.99609375
10941,0.99609375
10942,0.99609375
10943,1.0
10944,0.9921875
10945,0.99609375
10946,0.99609375
10947,1.0
10948,1.0
10949,1.0
10950,1.0
10951,1.0
10952,0.9453125
10953,0.9609375
10954,0.97265625
10955,0.984375
10956,0.9921875
10957,0.99609375
10958,0.99609375
10959,1.0
10960,1.0
10961,1.0
10962,1.0
10963,1.0
10964,1.0
10965,1.0
10966,1.0
10967,1.0
10968,0.94140625
10969,0.96875
10970,0.96484375
10971,0.98828125
10972,0.98828125
10973,0.99609375
10974,1.0
10975,0.99609375
10976,0.96484375
10977,0.96484375
10978,0.98828125
10979,0.9921875
10980,1.0
10981,0.99609375
10982,0.99609375
10983,1.0
10984,0.96484375
10985,0.9609375
10986,0.98046875
10987,0.9921875
10988,0.99609375
10989,1.0
10990,0.99609375
10991,0.99609375
10992,0.93359375
10993,0.9453125
10994,0.98828125
10995,0.98046875
10996,0.9921875
10997,0.99609375
10998,1.0
10999,1.0
11000,0.97265625
11001,0.984375
11002,0.99609375
11003,0.99609375
11004,0.99609375
11005,1.0
11006,0.99609375
11007,1.0
11008,0.96875
11009,0.98828125
11010,0.99609375
11011,1.0
11012,1.0
11013,1.0
11014,1.0
11015,1.0
11016,0.9140625
11017,0.9453125
11018,0.96875
11019,0.98046875
11020,0.9921875
11021,0.99609375
11022,0.99609375
11023,1.0
11024,0.953125
11025,0.9609375
11026,0.9765625
11027,0.98828125
11028,1.0
11029,0.99609375
11030,0.99609375
11031,1.0
11032,0.97265625
11033,0.97265625
11034,0.984375
11035,0.9921875
11036,0.99609375
11037,1.0
11038,1.0
11039,1.0
11040,0.98828125
11041,0.9921875
11042,0.98046875
11043,1.0
11044,1.0
11045,0.99609375
11046,0.99609375
11047,1.0
11048,0.96484375
11049,0.97265625
11050,0.9765625
11051,0.99609375
11052,0.99609375
11053,0.99609375
11054,0.99609375
11055,1.0
11056,0.94921875
11057,0.95703125
11058,0.9765625
11059,0.984375
11060,0.98828125
11061,1.0
11062,0.99609375
11063,1.0
11064,0.953125
11065,0.95703125
11066,0.9765625
11067,0.99609375
11068,0.99609375
11069,1.0
11070,0.99609375
11071,1.0
11072,0.95703125
11073,0.9609375
11074,0.98828125
11075,0.9921875
11076,0.99609375
11077,1.0
11078,1.0
11079,1.0
11080,0.95703125
11081,0.96484375
11082,0.98046875
11083,0.9921875
11084,0.99609375
11085,0.99609375
11086,1.0
11087,1.0
11088,0.95703125
11089,0.96875
11090,0.99609375
11091,0.984375
11092,0.984375
11093,1.0
11094,0.99609375
11095,1.0
11096,0.95703125
11097,0.97265625
11098,0.9765625
11099,0.98828125
11100,0.99609375
11101,1.0
11102,1.0
11103,1.0
11104,0.98828125
11105,0.9921875
11106,1.0
11107,1.0
11108,0.99609375
11109,1.0
11110,1.0
11111,1.0
11112,0.9375
11113,0.96875
11114,0.97265625
11115,0.98046875
11116,0.9921875
11117,1.0
11118,1.0
11119,0.99609375
11120,0.95703125
11121,0.95703125
11122,0.98828125
11123,0.9921875
11124,0.9921875
11125,1.0
11126,0.99609375
11127,0.99609375
11128,0.98828125
11129,0.99609375
11130,0.9921875
11131,1.0
11132,0.99609375
11133,1.0
11134,1.0
11135,1.0
11136,0.9453125
11137,0.97265625
11138,0.9921875
11139,0.984375
11140,1.0
11141,1.0
11142,0.99609375
11143,1.0
11144,0.97265625
11145,0.98046875
11146,0.98828125
11147,0.99609375
11148,0.99609375
11149,1.0
11150,1.0
11151,1.0
11152,0.96875
11153,0.97265625
11154,0.98828125
11155,0.9921875
11156,0.99609375
11157,1.0
11158,1.0
11159,1.0
11160,0.96875
11161,0.984375
11162,0.9921875
11163,0.99609375
11164,1.0
11165,0.99609375
11166,0.99609375
11167,1.0
11168,0.96875
11169,0.984375
11170,0.99609375
11171,0.984375
11172,1.0
11173,1.0
11174,0.99609375
11175,0.99609375
11176,0.97265625
11177,0.98828125
11178,0.984375
11179,0.99609375
11180,1.0
11181,1.0
11182,1.0
11183,1.0
11184,0.95703125
11185,0.953125
11186,0.9921875
11187,0.9921875
11188,0.9921875
11189,1.0
11190,0.99609375
11191,0.99609375
11192,0.953125
11193,0.96484375
11194,0.97265625
11195,1.0
11196,0.99609375
11197,1.0
11198,0.99609375
11199,1.0
11200,0.953125
11201,0.97265625
11202,0.98828125
11203,0.9921875
11204,0.99609375
11205,1.0
11206,1.0
11207,1.0
11208,0.984375
11209,0.98046875
11210,0.99609375
11211,1.0
11212,0.99609375
11213,0.99609375
11214,0.99609375
11215,1.0
11216,0.9609375
11217,0.9765625
11218,0.97265625
11219,0.9921875
11220,0.99609375
11221,1.0
11222,1.0
11223,0.99609375
11224,0.96875
11225,0.96875
11226,0.98828125
11227,0.9921875
11228,0.99609375
11229,1.0
11230,0.99609375
11231,1.0
11232,0.9765625
11233,0.98828125
11234,0.99609375
11235,0.99609375
11236,1.0
11237,1.0
11238,0.99609375
11239,1.0
11240,1.0
11241,1.0
11242,1.0
11243,1.0
11244,1.0
11245,1.0
11246,1.0
11247,1.0
11248,0.97265625
11249,0.98046875
11250,1.0
11251,0.9921875
11252,1.0
11253,1.0
11254,1.0
11255,1.0
11256,0.9609375
11257,0.953125
11258,0.96875
11259,0.984375
11260,0.98828125
11261,0.99609375
11262,1.0
11263,1.0
11264,0.97265625
11265,0.98046875
11266,0.98828125
11267,0.99609375
11268,0.99609375
11269,0.99609375
11270,1.0
11271,1.0
11272,0.98046875
11273,0.98828125
11274,0.99609375
11275,0.99609375
11276,0.99609375
11277,1.0
11278,1.0
11279,1.0
11280,0.96484375
11281,0.9765625
11282,0.9921875
11283,0.9921875
11284,0.9921875
11285,0.99609375
11286,0.99609375
11287,0.99609375
11288,0.98046875
11289,0.98046875
11290,0.9921875
11291,0.99609375
11292,1.0
11293,1.0
11294,1.0
11295,1.0
11296,0.97265625
11297,0.9765625
11298,0.984375
11299,0.99609375
11300,1.0
11301,1.0
11302,0.99609375
11303,1.0
11304,0.97265625
11305,0.98828125
11306,0.98046875
11307,0.98828125
11308,0.9921875
11309,0.99609375
11310,0.99609375
11311,1.0
11312,0.9765625
11313,0.98046875
11314,0.98828125
11315,0.9921875
11316,1.0
11317,1.0
11318,1.0
11319,1.0
11320,0.98046875
11321,0.98828125
11322,0.99609375
11323,0.99609375
11324,0.99609375
11325,0.99609375
11326,1.0
11327,1.0
11328,0.953125
11329,0.97265625
11330,0.97265625
11331,0.98828125
11332,0.99609375
11333,1.0
11334,0.99609375
11335,1.0
11336,0.98046875
11337,0.984375
11338,0.98828125
11339,0.99609375
11340,1.0
11341,0.99609375
11342,1.0
11343,0.99609375
11344,0.953125
11345,0.9765625
11346,0.98828125
11347,0.99609375
11348,0.99609375
11349,0.99609375
11350,0.99609375
11351,0.99609375
11352,0.96875
11353,0.98046875
11354,0.98828125
11355,1.0
11356,1.0
11357,0.99609375
11358,1.0
11359,1.0
11360,0.94140625
11361,0.953125
11362,0.9921875
11363,0.98828125
11364,0.99609375
11365,1.0
11366,1.0
11367,1.0
11368,1.0
11369,1.0
11370,1.0
11371,0.99609375
11372,1.0
11373,1.0
11374,1.0
11375,1.0
11376,0.9921875
11377,0.99609375
11378,1.0
11379,0.99609375
11380,1.0
11381,1.0
11382,1.0
11383,1.0
11384,0.9765625
11385,0.9765625
11386,1.0
11387,1.0
11388,1.0
11389,1.0
11390,1.0
11391,1.0
11392,0.97265625
11393,0.9765625
11394,0.9921875
11395,1.0
11396,0.99609375
11397,1.0
11398,1.0
11399,1.0
11400,1.0
11401,1.0
11402,1.0
11403,0.99609375
11404,0.99609375
11405,1.0
11406,1.0
11407,1.0
11408,0.953125
11409,0.96484375
11410,0.984375
11411,0.98828125
11412,0.9921875
11413,1.0
11414,0.99609375
11415,1.0
11416,0.9609375
11417,0.97265625
11418,0.96875
11419,0.98828125
11420,1.0
11421,1.0
11422,1.0
11423,0.99609375
11424,0.96484375
11425,0.9609375
11426,0.98046875
11427,0.98828125
11428,1.0
11429,0.99609375
11430,0.99609375
11431,0.99609375
11432,0.98046875
11433,0.98828125
11434,0.9921875
11435,0.98828125
11436,0.99609375
11437,1.0
11438,0.99609375
11439,1.0
11440,0.984375
11441,0.9921875
11442,0.9921875
11443,0.99609375
11444,0.99609375
11445,1.0
11446,1.0
11447,0.99609375
11448,0.98046875
11449,0.984375
11450,0.99609375
11451,0.99609375
11452,1.0
11453,1.0
11454,1.0
11455,1.0
11456,0.95703125
11457,0.96875
11458,0.9765625
11459,0.9921875
11460,0.99609375
11461,0.99609375
11462,1.0
11463,1.0
11464,0.984375
11465,0.9765625
11466,0.9921875
11467,0.9921875
11468,1.0
11469,0.99609375
11470,0.99609375
11471,1.0
11472,0.98828125
11473,0.99609375
11474,0.9921875
11475,0.99609375
11476,0.99609375
11477,0.99609375
11478,1.0
11479,1.0
11480,0.984375
11481,0.9921875
11482,1.0
11483,0.99609375
11484,0.99609375
11485,1.0
11486,1.0
11487,1.0
11488,0.96875
11489,0.98828125
11490,0.9921875
11491,1.0
11492,0.99609375
11493,1.0
11494,1.0
11495,1.0
11496,0.9765625
11497,0.9765625
11498,0.99609375
11499,0.9921875
11500,0.99609375
11501,0.99609375
11502,0.99609375
11503,1.0
11504,0.9609375
11505,0.984375
11506,0.9921875
11507,0.99609375
11508,0.99609375
11509,1.0
11510,0.99609375
11511,0.99609375
11512,1.0
11513,1.0
11514,1.0
11515,1.0
11516,1.0
11517,1.0
11518,1.0
11519,1.0
11520,0.98046875
11521,0.98046875
11522,0.98828125
11523,0.99609375
11524,0.99609375
11525,1.0
11526,1.0
11527,1.0
11528,0.9765625
11529,0.97265625
11530,0.984375
11531,0.9921875
11532,1.0
11533,1.0
11534,1.0
11535,1.0
11536,0.9609375
11537,0.97265625
11538,0.9921875
11539,0.99609375
11540,0.9921875
11541,0.99609375
11542,0.99609375
11543,0.99609375
11544,0.984375
11545,0.9921875
11546,0.99609375
11547,0.99609375
11548,1.0
11549,0.99609375
11550,1.0
11551,1.0
11552,0.9921875
11553,0.984375
11554,1.0
11555,1.0
11556,1.0
11557,1.0
11558,1.0
11559,1.0
11560,0.87109375
11561,0.91015625
11562,0.95703125
11563,0.9765625
11564,0.9921875
11565,0.99609375
11566,0.99609375
11567,0.99609375
11568,0.9453125
11569,0.95703125
11570,0.98828125
11571,0.9765625
11572,1.0
11573,1.0
11574,0.99609375
11575,1.0
11576,0.94921875
11577,0.96875
11578,0.984375
11579,0.984375
11580,0.99609375
11581,1.0
11582,0.99609375
11583,0.99609375
11584,0.96484375
11585,0.97265625
11586,0.99609375
11587,1.0
11588,1.0
11589,1.0
11590,1.0
11591,1.0
11592,0.9453125
11593,0.97265625
11594,0.9765625
11595,0.98828125
11596,0.9921875
11597,0.99609375
11598,1.0
11599,0.99609375
11600,0.9765625
11601,0.9765625
11602,0.9921875
11603,0.98828125
11604,0.99609375
11605,0.99609375
11606,1.0
11607,1.0
11608,0.94140625
11609,0.94921875
11610,0.98046875
11611,0.9765625
11612,0.9921875
11613,0.9921875
11614,0.99609375
11615,0.99609375
11616,0.99609375
11617,1.0
11618,1.0
11619,0.99609375
11620,0.99609375
11621,1.0
11622,1.0
11623,1.0
11624,0.9765625
11625,0.98046875
11626,0.984375
11627,0.99609375
11628,1.0
11629,1.0
11630,1.0
11631,1.0
11632,0.9375
11633,0.953125
11634,0.97265625
11635,0.984375
11636,1.0
11637,1.0
11638,0.99609375
11639,0.99609375
11640,0.97265625
11641,0.9765625
11642,0.984375
11643,0.98828125
11644,0.99609375
11645,0.99609375
11646,1.0
11647,0.99609375
11648,0.953125
11649,0.95703125
11650,0.96875
11651,0.98828125
11652,0.98828125
11653,0.99609375
11654,1.0
11655,1.0
11656,0.96875
11657,0.96875
11658,0.98046875
11659,1.0
11660,1.0
11661,1.0
11662,1.0
11663,1.0
11664,0.9296875
11665,0.95703125
11666,0.9765625
11667,0.98046875
11668,1.0
11669,1.0
11670,0.99609375
11671,0.99609375
11672,0.91796875
11673,0.9453125
11674,0.9609375
11675,0.9765625
11676,0.98828125
11677,1.0
11678,0.99609375
11679,0.99609375
11680,0.97265625
11681,0.99609375
11682,0.98828125
11683,0.99609375
11684,1.0
11685,1.0
11686,1.0
11687,1.0
11688,0.9765625
11689,0.984375
11690,0.984375
11691,0.99609375
11692,0.99609375
11693,0.99609375
11694,1.0
11695,1.0
11696,0.9453125
11697,0.9765625
11698,0.97265625
11699,0.9921875
11700,0.99609375
11701,1.0
11702,1.0
11703,1.0
11704,0.9921875
11705,0.9921875
11706,0.99609375
11707,1.0
11708,0.99609375
11709,1.0
11710,0.99609375
11711,1.0
11712,0.96484375
11713,0.9609375
11714,0.9765625
11715,0.9921875
11716,0.99609375
11717,1.0
11718,1.0
11719,1.0
11720,0.9765625
11721,0.9921875
11722,0.98828125
11723,0.99609375
11724,0.99609375
11725,1.0
11726,1.0
11727,1.0
11728,0.98046875
11729,0.98046875
11730,0.98828125
11731,0.99609375
11732,0.99609375
11733,1.0
11734,1.0
11735,1.0
11736,0.9375
11737,0.96484375
11738,0.984375
11739,0.9921875
11740,0.99609375
11741,1.0
11742,1.0
11743,1.0
11744,0.95703125
11745,0.96875
11746,0.98046875
11747,0.98828125
11748,0.9921875
11749,0.99609375
11750,1.0
11751,1.0
11752,0.93359375
11753,0.96484375
11754,0.97265625
11755,0.99609375
11756,0.99609375
11757,0.99609375
11758,0.99609375
11759,0.99609375
11760,0.98046875
11761,0.984375
11762,0.98828125
11763,0.9921875
11764,0.99609375
11765,0.99609375
11766,0.99609375
11767,1.0
11768,0.9765625
11769,0.98828125
11770,1.0
11771,1.0
11772,0.9921875
11773,0.99609375
11774,1.0
11775,1.0
11776,0.9609375
11777,0.9765625
11778,0.96875
11779,0.98828125
11780,1.0
11781,0.99609375
11782,1.0
11783,1.0
11784,0.98046875
11785,0.98828125
11786,0.9921875
11787,1.0
11788,1.0
11789,0.99609375
11790,0.99609375
11791,1.0
11792,0.9609375
11793,0.984375
11794,0.9921875
11795,1.0
11796,0.9921875
11797,1.0
11798,1.0
11799,1.0
11800,0.95703125
11801,0.9609375
11802,0.9765625
11803,0.99609375
11804,1.0
11805,1.0
11806,1.0
11807,0.99609375
11808,0.98828125
11809,0.99609375
11810,0.9921875
11811,1.0
11812,0.99609375
11813,0.99609375
11814,1.0
11815,1.0
11816,0.98046875
11817,0.99609375
11818,0.9921875
11819,0.99609375
11820,0.99609375
11821,1.0
11822,0.99609375
11823,1.0
11824,0.98046875
11825,0.98828125
11826,0.99609375
11827,0.99609375
11828,1.0
11829,1.0
11830,1.0
11831,1.0
11832,0.984375
11833,0.984375
11834,0.99609375
11835,0.99609375
11836,0.99609375
11837,1.0
11838,1.0
11839,1.0
11840,0.98046875
11841,0.984375
11842,0.9921875
11843,0.99609375
11844,0.99609375
11845,1.0
11846,0.99609375
11847,1.0
11848,0.9296875
11849,0.96484375
11850,0.9765625
11851,0.98828125
11852,0.9921875
11853,1.0
11854,1.0
11855,0.99609375
11856,0.98828125
11857,0.984375
11858,0.9765625
11859,0.9921875
11860,0.99609375
11861,1.0
11862,1.0
11863,1.0
11864,0.9765625
11865,0.984375
11866,0.99609375
11867,1.0
11868,0.99609375
11869,0.99609375
11870,0.99609375
11871,1.0
11872,0.9375
11873,0.94921875
11874,0.96484375
11875,1.0
11876,0.984375
11877,0.99609375
11878,0.99609375
11879,0.99609375
11880,0.98828125
11881,0.9921875
11882,0.99609375
11883,1.0
11884,1.0
11885,1.0
11886,1.0
11887,1.0
11888,0.90625
11889,0.94921875
11890,0.96484375
11891,0.98046875
11892,0.99609375
11893,0.99609375
11894,1.0
11895,1.0
11896,0.984375
11897,0.9921875
11898,0.99609375
11899,1.0
11900,0.99609375
11901,0.99609375
11902,1.0
11903,1.0
11904,0.98828125
11905,0.9921875
11906,1.0
11907,0.99609375
11908,1.0
11909,1.0
11910,1.0
11911,1.0
11912,0.9453125
11913,0.97265625
11914,0.9921875
11915,0.98828125
11916,0.9921875
11917,1.0
11918,0.99609375
11919,1.0
11920,0.96484375
11921,0.97265625
11922,0.98046875
11923,0.9921875
11924,0.99609375
11925,1.0
11926,1.0
11927,1.0
11928,0.9453125
11929,0.96484375
11930,0.9765625
11931,0.98828125
11932,1.0
11933,0.99609375
11934,0.99609375
11935,0.99609375
11936,0.94921875
11937,0.96484375
11938,0.98046875
11939,0.9921875
11940,0.99609375
11941,0.99609375
11942,0.99609375
11943,1.0
11944,0.98828125
11945,0.9921875
11946,1.0
11947,0.99609375
11948,1.0
11949,1.0
11950,1.0
11951,1.0
11952,0.9765625
11953,0.98046875
11954,0.99609375
11955,1.0
11956,1.0
11957,1.0
11958,1.0
11959,1.0
11960,0.95703125
11961,0.96875
11962,0.9921875
11963,0.99609375
11964,1.0
11965,0.99609375
11966,1.0
11967,0.99609375
11968,0.96484375
11969,0.96875
11970,0.984375
11971,0.99609375
11972,0.99609375
11973,1.0
11974,1.0
11975,1.0
11976,0.9921875
11977,0.99609375
11978,0.99609375
11979,1.0
11980,1.0
11981,1.0
11982,1.0
11983,1.0
11984,0.93359375
11985,0.95703125
11986,0.98828125
11987,0.99609375
11988,0.99609375
11989,1.0
11990,1.0
11991,1.0
11992,1.0
11993,1.0
11994,1.0
11995,0.99609375
11996,1.0
11997,1.0
11998,1.0
11999,1.0
12000,0.9453125
12001,0.95703125
12002,0.98046875
12003,0.9921875
12004,1.0
12005,1.0
12006,1.0
12007,1.0
12008,0.953125
12009,0.9765625
12010,0.98828125
12011,0.99609375
12012,1.0
12013,1.0
12014,1.0
12015,1.0
12016,0.96875
12017,0.96875
12018,0.9765625
12019,0.984375
12020,0.98828125
12021,0.99609375
12022,0.99609375
12023,0.99609375
12024,0.9609375
12025,0.9609375
12026,0.96875
12027,0.98046875
12028,0.99609375
12029,1.0
12030,0.99609375
12031,0.99609375
12032,0.98046875
12033,0.99609375
12034,0.99609375
12035,1.0
12036,0.99609375
12037,1.0
12038,1.0
12039,1.0
12040,0.98046875
12041,0.9765625
12042,0.984375
12043,0.98828125
12044,0.99609375
12045,0.99609375
12046,0.99609375
12047,1.0
12048,0.90625
12049,0.94140625
12050,0.96875
12051,0.98046875
12052,0.98828125
12053,0.9921875
12054,0.99609375
12055,0.99609375
12056,0.95703125
12057,0.96484375
12058,0.9765625
12059,0.98828125
12060,0.9921875
12061,1.0
12062,0.99609375
12063,0.99609375
12064,0.97265625
12065,0.97265625
12066,0.98828125
12067,1.0
12068,1.0
12069,0.99609375
12070,1.0
12071,1.0
12072,0.96875
12073,0.97265625
12074,0.98046875
12075,1.0
12076,0.99609375
12077,1.0
12078,1.0
12079,1.0
12080,0.9609375
12081,0.97265625
12082,0.99609375
12083,0.99609375
12084,0.99609375
12085,0.99609375
12086,0.99609375
12087,1.0
12088,0.953125
12089,0.9609375
12090,0.98828125
12091,0.98046875
12092,1.0
12093,0.99609375
12094,0.99609375
12095,1.0
12096,0.9609375
12097,0.984375
12098,0.98046875
12099,0.98828125
12100,0.99609375
12101,0.99609375
12102,1.0
12103,1.0
12104,0.96875
12105,0.96875
12106,0.98046875
12107,0.9921875
12108,0.99609375
12109,1.0
12110,0.99609375
12111,0.99609375
12112,0.9453125
12113,0.96875
12114,0.9765625
12115,0.99609375
12116,0.9921875
12117,0.99609375
12118,1.0
12119,1.0
12120,0.953125
12121,0.9609375
12122,0.96875
12123,0.98828125
12124,1.0
12125,1.0
12126,1.0
12127,1.0
12128,0.95703125
12129,0.97265625
12130,0.98828125
12131,0.984375
12132,0.99609375
12133,0.99609375
12134,0.99609375
12135,0.99609375
12136,0.99609375
12137,0.9921875
12138,1.0
12139,1.0
12140,0.99609375
12141,0.99609375
12142,1.0
12143,1.0
12144,0.94140625
12145,0.95703125
12146,0.97265625
12147,0.984375
12148,0.99609375
12149,0.99609375
12150,0.99609375
12151,1.0
12152,0.9453125
12153,0.95703125
12154,0.97265625
12155,0.9921875
12156,0.99609375
12157,1.0
12158,1.0
12159,0.99609375
12160,0.99609375
12161,0.9921875
12162,0.99609375
12163,0.99609375
12164,1.0
12165,1.0
12166,1.0
12167,1.0
12168,0.94140625
12169,0.9765625
12170,0.9921875
12171,1.0
12172,0.99609375
12173,0.99609375
12174,1.0
12175,1.0
12176,0.98828125
12177,0.9921875
12178,0.99609375
12179,0.99609375
12180,1.0
12181,1.0
12182,1.0
12183,1.0
12184,0.9609375
12185,0.96875
12186,0.97265625
12187,0.99609375
12188,1.0
12189,1.0
12190,0.99609375
12191,0.99609375
12192,0.97265625
12193,0.97265625
12194,0.98828125
12195,0.9921875
12196,0.99609375
12197,0.99609375
12198,0.99609375
12199,0.99609375
12200,0.96484375
12201,0.9765625
12202,0.99609375
12203,1.0
12204,0.9921875
12205,0.99609375
12206,1.0
12207,1.0
12208,0.9765625
12209,0.98828125
12210,0.984375
12211,0.9921875
12212,0.99609375
12213,1.0
12214,1.0
12215,1.0
12216,0.95703125
12217,0.94921875
12218,0.984375
12219,0.9921875
12220,0.9921875
12221,1.0
12222,1.0
12223,1.0
12224,0.953125
12225,0.9609375
12226,0.9765625
12227,0.9921875
12228,0.9921875
12229,1.0
12230,0.99609375
12231,0.99609375
12232,0.953125
12233,0.9765625
12234,0.9921875
12235,0.9921875
12236,0.99609375
12237,0.99609375
12238,1.0
12239,1.0
12240,0.984375
12241,0.984375
12242,0.99609375
12243,0.99609375
12244,1.0
12245,0.99609375
12246,0.99609375
12247,1.0
12248,0.9453125
12249,0.9765625
12250,0.98828125
12251,0.9765625
12252,1.0
12253,1.0
12254,1.0
12255,0.99609375
12256,0.95703125
12257,0.96875
12258,0.98828125
12259,0.99609375
12260,1.0
12261,0.99609375
12262,0.99609375
12263,0.99609375
12264,0.984375
12265,0.98828125
12266,0.9921875
12267,0.99609375
12268,0.99609375
12269,1.0
12270,1.0
12271,1.0
12272,0.99609375
12273,0.99609375
12274,0.99609375
12275,1.0
12276,1.0
12277,1.0
12278,1.0
12279,1.0
12280,0.984375
12281,0.984375
12282,1.0
12283,1.0
12284,0.99609375
12285,1.0
12286,1.0
12287,0.99609375
12288,0.9765625
12289,0.984375
12290,0.984375
12291,0.99609375
12292,1.0
12293,0.99609375
12294,0.99609375
12295,0.99609375
12296,0.96875
12297,0.9765625
12298,0.984375
12299,0.99609375
12300,1.0
12301,1.0
12302,1.0
12303,1.0
12304,0.984375
12305,0.98828125
12306,0.9921875
12307,1.0
12308,1.0
12309,1.0
12310,1.0
12311,1.0
12312,0.95703125
12313,0.97265625
12314,0.96484375
12315,0.98046875
12316,0.99609375
12317,0.99609375
12318,1.0
12319,0.99609375
12320,0.984375
12321,0.98828125
12322,0.99609375
12323,0.9921875
12324,0.99609375
12325,1.0
12326,0.99609375
12327,1.0
12328,0.95703125
12329,0.96875
12330,0.984375
12331,0.99609375
12332,1.0
12333,1.0
12334,0.99609375
12335,0.99609375
12336,0.94921875
12337,0.95703125
12338,0.98046875
12339,0.98828125
12340,0.99609375
12341,1.0
12342,1.0
12343,0.99609375
12344,0.98046875
12345,0.984375
12346,0.9921875
12347,0.99609375
12348,1.0
12349,1.0
12350,1.0
12351,0.99609375
12352,0.984375
12353,0.98046875
12354,0.99609375
12355,0.99609375
12356,1.0
12357,0.99609375
12358,1.0
12359,1.0
12360,0.953125
12361,0.97265625
12362,0.97265625
12363,0.98828125
12364,0.99609375
12365,0.99609375
12366,1.0
12367,0.99609375
12368,0.96875
12369,0.984375
12370,0.98828125
12371,0.9921875
12372,0.9921875
12373,1.0
12374,1.0
12375,1.0
12376,0.94921875
12377,0.97265625
12378,0.97265625
12379,0.9921875
12380,1.0
12381,1.0
12382,0.99609375
12383,0.99609375
12384,0.98046875
12385,0.9921875
12386,0.98828125
12387,0.9921875
12388,0.99609375
12389,1.0
12390,1.0
12391,1.0
12392,0.953125
12393,0.95703125
12394,0.9765625
12395,0.9921875
12396,0.99609375
12397,0.99609375
12398,1.0
12399,1.0
12400,0.9921875
12401,0.99609375
12402,0.99609375
12403,1.0
12404,1.0
12405,1.0
12406,1.0
12407,1.0
12408,0.9921875
12409,0.98828125
12410,0.99609375
12411,1.0
12412,1.0
12413,0.99609375
12414,1.0
12415,1.0
12416,0.98046875
12417,0.99609375
12418,1.0
12419,1.0
12420,1.0
12421,1.0
12422,1.0
12423,1.0
12424,0.9765625
12425,0.9765625
12426,0.9921875
12427,0.9921875
12428,0.99609375
12429,0.99609375
12430,1.0
12431,1.0
12432,0.99609375
12433,1.0
12434,1.0
12435,1.0
12436,1.0
12437,1.0
12438,1.0
12439,1.0
12440,0.95703125
12441,0.9609375
12442,0.98828125
12443,0.9921875
12444,0.99609375
12445,0.99609375
12446,0.99609375
12447,0.99609375
12448,0.96875
12449,0.9765625
12450,0.9765625
12451,0.9921875
12452,1.0
12453,1.0
12454,0.99609375
12455,0.99609375
12456,0.96875
12457,0.96484375
12458,0.96875
12459,0.9921875
12460,0.99609375
12461,1.0
12462,1.0
12463,1.0
12464,0.98046875
12465,0.984375
12466,0.98828125
12467,0.98828125
12468,1.0
12469,1.0
12470,1.0
12471,1.0
12472,0.94921875
12473,0.953125
12474,0.9609375
12475,0.984375
12476,0.99609375
12477,1.0
12478,0.99609375
12479,1.0
12480,0.9765625
12481,0.984375
12482,0.9921875
12483,1.0
12484,0.99609375
12485,1.0
12486,1.0
12487,1.0
12488,0.9453125
12489,0.953125
12490,0.984375
12491,0.98828125
12492,0.99609375
12493,0.99609375
12494,0.99609375
12495,0.99609375
12496,0.9921875
12497,0.9765625
12498,0.99609375
12499,0.98828125
12500,0.9921875
12501,0.99609375
12502,0.99609375
12503,1.0
12504,0.984375
12505,0.99609375
12506,0.99609375
12507,1.0
12508,0.99609375
12509,1.0
12510,1.0
12511,1.0
12512,0.984375
12513,0.98828125
12514,0.99609375
12515,1.0
12516,1.0
12517,1.0
12518,1.0
12519,1.0
12520,0.96484375
12521,0.984375
12522,0.98828125
12523,0.99609375
12524,1.0
12525,1.0
12526,0.99609375
12527,1.0
12528,0.9765625
12529,0.9765625
12530,0.984375
12531,1.0
12532,1.0
12533,1.0
12534,1.0
12535,1.0
12536,0.98046875
12537,0.97265625
12538,0.98828125
12539,0.9921875
12540,1.0
12541,1.0
12542,1.0
12543,0.99609375
12544,1.0
12545,1.0
12546,1.0
12547,1.0
12548,1.0
12549,1.0
12550,1.0
12551,1.0
12552,0.96875
12553,0.984375
12554,0.99609375
12555,0.98828125
12556,0.99609375
12557,1.0
12558,1.0
12559,1.0
12560,0.99609375
12561,0.99609375
12562,0.99609375
12563,0.99609375
12564,0.99609375
12565,1.0
12566,1.0
12567,1.0
12568,1.0
12569,1.0
12570,1.0
12571,1.0
12572,1.0
12573,1.0
12574,1.0
12575,1.0
12576,1.0
12577,1.0
12578,1.0
12579,1.0
12580,1.0
12581,1.0
12582,1.0
12583,1.0
12584,0.8828125
12585,0.90625
12586,0.94921875
12587,0.98046875
12588,0.98828125
12589,0.98828125
12590,0.9921875
12591,0.99609375
12592,0.984375
12593,0.98828125
12594,0.99609375
12595,0.98828125
12596,0.99609375
12597,1.0
12598,1.0
12599,1.0
12600,0.9453125
12601,0.95703125
12602,0.9765625
12603,0.9921875
12604,0.98828125
12605,0.9921875
12606,0.99609375
12607,0.99609375
12608,0.90234375
12609,0.921875
12610,0.96484375
12611,0.98046875
12612,0.98046875
12613,0.984375
12614,0.98828125
12615,0.99609375
12616,0.89453125
12617,0.93359375
12618,0.95703125
12619,0.9921875
12620,0.99609375
12621,0.9765625
12622,1.0
12623,1.0
12624,0.9375
12625,0.9609375
12626,0.9765625
12627,0.98828125
12628,0.9921875
12629,0.9921875
12630,0.9921875
12631,0.99609375
12632,0.94921875
12633,0.9609375
12634,0.9765625
12635,0.984375
12636,0.9921875
12637,0.9921875
12638,1.0
12639,1.0
12640,0.98046875
12641,0.984375
12642,0.984375
12643,0.99609375
12644,0.9921875
12645,1.0
12646,1.0
12647,1.0
12648,0.9453125
12649,0.96875
12650,0.9765625
12651,0.9921875
12652,0.98828125
12653,0.99609375
12654,0.99609375
12655,1.0
12656,0.94140625
12657,0.9609375
12658,0.9765625
12659,0.98046875
12660,0.984375
12661,0.9921875
12662,0.99609375
12663,1.0
12664,0.95703125
12665,0.96875
12666,0.9921875
12667,0.9921875
12668,0.984375
12669,0.984375
12670,1.0
12671,0.99609375
12672,0.98046875
12673,0.9921875
12674,0.98828125
12675,0.9921875
12676,1.0
12677,1.0
12678,1.0
12679,1.0
12680,0.98046875
12681,0.98828125
12682,0.984375
12683,0.98828125
12684,0.99609375
12685,0.9921875
12686,0.99609375
12687,1.0
12688,0.984375
12689,0.98828125
12690,0.9921875
12691,0.9921875
12692,0.99609375
12693,1.0
12694,1.0
12695,1.0
12696,0.94140625
12697,0.97265625
12698,0.98828125
12699,0.9921875
12700,0.9921875
12701,0.9921875
12702,0.9921875
12703,0.99609375
12704,0.94921875
12705,0.96875
12706,0.984375
12707,0.984375
12708,0.984375
12709,0.984375
12710,0.98828125
12711,1.0
12712,0.953125
12713,0.94140625
12714,0.98046875
12715,0.9921875
12716,0.98828125
12717,0.9921875
12718,0.99609375
12719,0.99609375
12720,0.8984375
12721,0.9296875
12722,0.95703125
12723,0.984375
12724,0.984375
12725,0.98828125
12726,0.9921875
12727,1.0
12728,0.953125
12729,0.97265625
12730,0.953125
12731,0.98046875
12732,0.98828125
12733,0.9921875
12734,0.9921875
12735,1.0
12736,0.984375
12737,0.984375
12738,0.98828125
12739,0.9921875
12740,0.9921875
12741,1.0
12742,1.0
12743,1.0
12744,0.94140625
12745,0.9609375
12746,0.98046875
12747,0.9921875
12748,0.9921875
12749,0.9921875
12750,1.0
12751,1.0
12752,0.9296875
12753,0.9453125
12754,0.97265625
12755,0.98046875
12756,0.98828125
12757,0.98828125
12758,0.99609375
12759,1.0
12760,0.921875
12761,0.9453125
12762,0.9765625
12763,0.984375
12764,0.984375
12765,0.984375
12766,0.99609375
12767,0.99609375
12768,0.94921875
12769,0.96875
12770,0.98828125
12771,0.98046875
12772,0.984375
12773,0.98828125
12774,0.99609375
12775,1.0
12776,0.9609375
12777,0.95703125
12778,0.97265625
12779,0.984375
12780,0.984375
12781,0.98828125
12782,1.0
12783,1.0
12784,0.94921875
12785,0.97265625
12786,0.984375
12787,0.9921875
12788,0.99609375
12789,0.99609375
12790,0.99609375
12791,1.0
12792,0.98828125
12793,0.98828125
12794,0.9921875
12795,0.9921875
12796,1.0
12797,1.0
12798,1.0
12799,1.0
12800,0.98046875
12801,0.9765625
12802,0.99609375
12803,0.99609375
12804,0.99609375
12805,1.0
12806,1.0
12807,1.0
12808,0.9375
12809,0.94140625
12810,0.9765625
12811,0.9765625
12812,0.984375
12813,0.99609375
12814,0.99609375
12815,0.99609375
12816,0.95703125
12817,0.98046875
12818,0.99609375
12819,0.99609375
12820,0.98046875
12821,1.0
12822,0.9921875
12823,1.0
12824,0.96484375
12825,0.984375
12826,0.984375
12827,0.984375
12828,0.984375
12829,0.9921875
12830,1.0
12831,1.0
12832,0.89453125
12833,0.91796875
12834,0.95703125
12835,0.9765625
12836,0.98828125
12837,0.98828125
12838,0.9921875
12839,0.99609375
12840,0.95703125
12841,0.9609375
12842,0.98828125
12843,0.98828125
12844,0.98828125
12845,0.9921875
12846,0.99609375
12847,1.0
12848,0.95703125
12849,0.97265625
12850,0.984375
12851,0.98046875
12852,0.99609375
12853,0.9921875
12854,1.0
12855,1.0
12856,0.95703125
12857,0.95703125
12858,0.9765625
12859,0.98046875
12860,0.984375
12861,1.0
12862,1.0
12863,0.99609375
12864,0.97265625
12865,0.98046875
12866,0.98828125
12867,0.9921875
12868,1.0
12869,1.0
12870,1.0
12871,1.0
12872,0.9453125
12873,0.96875
12874,0.9765625
12875,0.98046875
12876,0.984375
12877,0.98828125
12878,1.0
12879,1.0
12880,0.97265625
12881,0.98828125
12882,0.98828125
12883,0.984375
12884,0.99609375
12885,1.0
12886,1.0
12887,1.0
12888,0.97265625
12889,0.98046875
12890,0.99609375
12891,0.99609375
12892,0.99609375
12893,0.99609375
12894,0.99609375
12895,1.0
12896,0.9296875
12897,0.94140625
12898,0.96875
12899,0.98828125
12900,0.984375
12901,0.98828125
12902,0.99609375
12903,0.99609375
12904,0.96875
12905,0.96875
12906,0.9765625
12907,0.984375
12908,0.99609375
12909,0.99609375
12910,1.0
12911,1.0
12912,0.98046875
12913,0.984375
12914,0.984375
12915,0.98828125
12916,1.0
12917,1.0
12918,1.0
12919,1.0
12920,0.9609375
12921,0.98046875
12922,0.9765625
12923,0.984375
12924,0.9921875
12925,0.9921875
12926,0.99609375
12927,1.0
12928,0.98828125
12929,0.9921875
12930,0.9921875
12931,0.99609375
12932,1.0
12933,1.0
12934,1.0
12935,1.0
12936,0.98828125
12937,0.9921875
12938,0.9921875
12939,1.0
12940,0.99609375
12941,0.99609375
12942,1.0
12943,1.0
12944,0.95703125
12945,0.953125
12946,0.97265625
12947,0.98046875
12948,0.99609375
12949,0.99609375
12950,0.99609375
12951,1.0
12952,0.98046875
12953,0.98828125
12954,0.984375
12955,0.9921875
12956,0.9921875
12957,0.99609375
12958,1.0
12959,1.0
12960,0.94921875
12961,0.96484375
12962,0.97265625
12963,0.984375
12964,0.984375
12965,0.9921875
12966,0.99609375
12967,0.99609375
12968,0.9765625
12969,0.98828125
12970,0.984375
12971,0.9921875
12972,0.9921875
12973,1.0
12974,1.0
12975,1.0
12976,0.91015625
12977,0.9453125
12978,0.96875
12979,0.984375
12980,0.9921875
12981,0.9921875
12982,0.99609375
12983,1.0
12984,0.95703125
12985,0.97265625
12986,0.98046875
12987,0.98828125
12988,0.99609375
12989,0.99609375
12990,0.99609375
12991,1.0
12992,0.953125
12993,0.96875
12994,0.97265625
12995,0.99609375
12996,0.984375
12997,0.98828125
12998,0.99609375
12999,1.0
13000,0.9765625
13001,0.9765625
13002,1.0
13003,0.99609375
13004,0.98828125
13005,1.0
13006,1.0
13007,1.0
13008,0.9453125
13009,0.96875
13010,0.984375
13011,0.98828125
13012,0.98828125
13013,0.9921875
13014,0.99609375
13015,1.0
13016,0.91015625
13017,0.94140625
13018,0.97265625
13019,0.98828125
13020,1.0
13021,0.9765625
13022,0.984375
13023,0.9921875
13024,0.91796875
13025,0.93359375
13026,0.95703125
13027,0.96875
13028,1.0
13029,0.984375
13030,1.0
13031,1.0
13032,0.9609375
13033,0.98046875
13034,0.97265625
13035,0.99609375
13036,0.99609375
13037,0.9921875
13038,0.99609375
13039,1.0
13040,0.92578125
13041,0.921875
13042,0.9609375
13043,0.9921875
13044,0.984375
13045,0.984375
13046,0.99609375
13047,1.0
13048,0.95703125
13049,0.9609375
13050,0.9921875
13051,0.98828125
13052,0.98828125
13053,0.99609375
13054,0.99609375
13055,1.0
13056,0.953125
13057,0.9765625
13058,0.9765625
13059,0.98828125
13060,0.99609375
13061,0.9921875
13062,0.99609375
13063,1.0
13064,0.9375
13065,0.94921875
13066,0.96484375
13067,0.9921875
13068,0.99609375
13069,0.98828125
13070,0.99609375
13071,0.99609375
13072,0.97265625
13073,0.98828125
13074,0.98828125
13075,0.9921875
13076,0.99609375
13077,0.99609375
13078,1.0
13079,1.0
13080,0.94140625
13081,0.94140625
13082,0.9609375
13083,0.99609375
13084,0.98046875
13085,0.98828125
13086,0.9921875
13087,1.0
13088,0.96875
13089,0.96875
13090,0.98828125
13091,0.9921875
13092,0.9921875
13093,0.99609375
13094,0.99609375
13095,1.0
13096,0.96484375
13097,0.97265625
13098,0.9921875
13099,0.99609375
13100,0.99609375
13101,0.9921875
13102,1.0
13103,1.0
13104,0.9375
13105,0.9609375
13106,0.9765625
13107,0.984375
13108,0.98828125
13109,0.99609375
13110,0.99609375
13111,0.99609375
13112,0.9375
13113,0.94921875
13114,0.9609375
13115,0.984375
13116,0.9921875
13117,0.99609375
13118,1.0
13119,1.0
13120,0.94921875
13121,0.95703125
13122,0.984375
13123,0.98828125
13124,0.99609375
13125,0.99609375
13126,0.99609375
13127,1.0
13128,0.9765625
13129,0.98046875
13130,0.98828125
13131,0.98828125
13132,0.99609375
13133,1.0
13134,1.0
13135,1.0
13136,0.921875
13137,0.94921875
13138,0.94921875
13139,0.96875
13140,0.984375
13141,0.99609375
13142,0.9921875
13143,0.99609375
13144,0.94921875
13145,0.9609375
13146,0.96875
13147,0.9921875
13148,0.9921875
13149,0.98828125
13150,0.99609375
13151,0.99609375
13152,0.94921875
13153,0.95703125
13154,0.97265625
13155,0.984375
13156,0.98828125
13157,0.98828125
13158,1.0
13159,0.99609375
13160,0.96484375
13161,0.96484375
13162,0.97265625
13163,0.984375
13164,0.98828125
13165,0.99609375
13166,0.99609375
13167,0.99609375
13168,0.92578125
13169,0.953125
13170,0.984375
13171,0.98828125
13172,0.98828125
13173,0.98828125
13174,0.9921875
13175,1.0
13176,0.9296875
13177,0.9453125
13178,0.97265625
13179,0.984375
13180,0.98828125
13181,0.9921875
13182,0.99609375
13183,1.0
13184,0.96484375
13185,0.96484375
13186,0.97265625
13187,0.9921875
13188,0.984375
13189,0.98828125
13190,0.99609375
13191,1.0
13192,0.94921875
13193,0.95703125
13194,0.96875
13195,0.98828125
13196,0.99609375
13197,0.99609375
13198,1.0
13199,1.0
13200,0.97265625
13201,0.9765625
13202,0.984375
13203,0.9921875
13204,0.98828125
13205,0.99609375
13206,0.99609375
13207,1.0
13208,0.9375
13209,0.9765625
13210,0.984375
13211,0.98828125
13212,0.9921875
13213,0.9921875
13214,1.0
13215,1.0
13216,0.9296875
13217,0.95703125
13218,0.9765625
13219,0.99609375
13220,0.99609375
13221,1.0
13222,0.9921875
13223,1.0
13224,0.97265625
13225,0.9765625
13226,0.9921875
13227,0.9921875
13228,0.9921875
13229,0.99609375
13230,1.0
13231,1.0
13232,0.98046875
13233,0.98046875
13234,0.98828125
13235,0.9921875
13236,0.9921875
13237,0.99609375
13238,1.0
13239,1.0
13240,0.96484375
13241,0.97265625
13242,0.98046875
13243,0.9921875
13244,1.0
13245,0.9921875
13246,0.99609375
13247,1.0
13248,0.9140625
13249,0.93359375
13250,0.9609375
13251,0.98046875
13252,0.984375
13253,0.9921875
13254,0.99609375
13255,0.99609375
13256,0.96484375
13257,0.9921875
13258,0.984375
13259,0.984375
13260,0.984375
13261,0.99609375
13262,1.0
13263,1.0
13264,0.98046875
13265,0.9765625
13266,0.984375
13267,0.984375
13268,1.0
13269,1.0
13270,0.99609375
13271,1.0
13272,0.96875
13273,0.98046875
13274,0.98828125
13275,0.9921875
13276,0.9921875
13277,0.99609375
13278,1.0
13279,1.0
13280,0.9921875
13281,0.98828125
13282,0.9921875
13283,0.99609375
13284,1.0
13285,1.0
13286,1.0
13287,1.0
13288,0.984375
13289,0.9921875
13290,0.99609375
13291,0.99609375
13292,0.99609375
13293,0.99609375
13294,1.0
13295,1.0
13296,0.98046875
13297,0.9921875
13298,0.984375
13299,0.99609375
13300,0.9921875
13301,1.0
13302,1.0
13303,1.0
13304,0.9921875
13305,0.98828125
13306,0.9921875
13307,0.9921875
13308,0.99609375
13309,1.0
13310,1.0
13311,1.0
13312,0.9921875
13313,0.9765625
13314,1.0
13315,0.984375
13316,0.9921875
13317,1.0
13318,1.0
13319,1.0
13320,0.9453125
13321,0.96875
13322,0.98828125
13323,0.9921875
13324,0.9921875
13325,0.99609375
13326,1.0
13327,1.0
13328,0.9453125
13329,0.96484375
13330,0.984375
13331,0.9921875
13332,0.9921875
13333,0.99609375
13334,1.0
13335,1.0
13336,0.9609375
13337,0.97265625
13338,0.9765625
13339,0.98828125
13340,0.9921875
13341,0.99609375
13342,1.0
13343,1.0
13344,0.9375
13345,0.96875
13346,0.96875
13347,0.9921875
13348,1.0
13349,1.0
13350,0.9921875
13351,0.99609375
13352,0.94921875
13353,0.984375
13354,0.97265625
13355,0.9765625
13356,0.98046875
13357,1.0
13358,0.9921875
13359,1.0
13360,0.91796875
13361,0.94140625
13362,0.9765625
13363,0.984375
13364,0.98828125
13365,0.99609375
13366,1.0
13367,1.0
13368,0.921875
13369,0.921875
13370,0.953125
13371,0.9921875
13372,0.98828125
13373,0.9921875
13374,0.9921875
13375,1.0
13376,0.98046875
13377,0.98046875
13378,0.984375
13379,0.984375
13380,0.9921875
13381,0.99609375
13382,1.0
13383,1.0
13384,0.97265625
13385,0.984375
13386,0.984375
13387,0.9921875
13388,0.99609375
13389,1.0
13390,1.0
13391,1.0
13392,0.98046875
13393,0.984375
13394,0.98828125
13395,0.984375
13396,0.98828125
13397,1.0
13398,0.99609375
13399,1.0
13400,0.9921875
13401,0.99609375
13402,0.984375
13403,1.0
13404,0.99609375
13405,1.0
13406,1.0
13407,1.0
13408,0.98828125
13409,0.9921875
13410,0.9921875
13411,1.0
13412,1.0
13413,1.0
13414,1.0
13415,1.0
13416,0.93359375
13417,0.95703125
13418,0.9765625
13419,0.98046875
13420,0.9921875
13421,0.9921875
13422,0.9921875
13423,0.99609375
13424,0.95703125
13425,0.9765625
13426,1.0
13427,1.0
13428,1.0
13429,1.0
13430,1.0
13431,1.0
13432,0.9765625
13433,0.98828125
13434,0.98828125
13435,0.9921875
13436,0.99609375
13437,1.0
13438,1.0
13439,1.0
13440,0.984375
13441,0.984375
13442,0.99609375
13443,0.98828125
13444,0.9921875
13445,1.0
13446,1.0
13447,1.0
13448,0.98828125
13449,0.98828125
13450,0.99609375
13451,0.99609375
13452,0.99609375
13453,1.0
13454,1.0
13455,1.0
13456,0.95703125
13457,0.96484375
13458,0.98046875
13459,0.98828125
13460,0.9921875
13461,0.9921875
13462,1.0
13463,1.0
13464,0.93359375
13465,0.953125
13466,0.984375
13467,0.9765625
13468,1.0
13469,1.0
13470,0.98828125
13471,1.0
13472,0.96484375
13473,0.97265625
13474,0.98046875
13475,0.9921875
13476,0.9921875
13477,0.99609375
13478,1.0
13479,1.0
13480,0.9921875
13481,0.984375
13482,0.9921875
13483,0.9921875
13484,0.99609375
13485,1.0
13486,1.0
13487,1.0
13488,0.9375
13489,0.94140625
13490,0.9765625
13491,0.984375
13492,0.9921875
13493,0.99609375
13494,0.99609375
13495,0.99609375
13496,0.95703125
13497,0.97265625
13498,0.9765625
13499,0.99609375
13500,0.99609375
13501,0.9921875
13502,1.0
13503,1.0
13504,0.9140625
13505,0.94921875
13506,0.97265625
13507,0.9921875
13508,0.984375
13509,0.984375
13510,0.99609375
13511,1.0
13512,0.984375
13513,0.984375
13514,0.984375
13515,0.99609375
13516,1.0
13517,1.0
13518,1.0
13519,1.0
13520,0.98046875
13521,0.984375
13522,0.984375
13523,0.98828125
13524,0.9921875
13525,0.99609375
13526,1.0
13527,1.0
13528,0.890625
13529,0.92578125
13530,0.97265625
13531,0.984375
13532,0.984375
13533,0.99609375
13534,0.99609375
13535,0.9921875
13536,0.96875
13537,0.97265625
13538,0.98046875
13539,0.98828125
13540,0.9921875
13541,0.99609375
13542,1.0
13543,1.0
13544,0.9765625
13545,0.98046875
13546,0.99609375
13547,0.98828125
13548,0.98828125
13549,0.99609375
13550,1.0
13551,1.0
13552,0.93359375
13553,0.94921875
13554,0.9765625
13555,0.99609375
13556,0.99609375
13557,0.984375
13558,1.0
13559,1.0
13560,0.9921875
13561,0.98828125
13562,0.98828125
13563,0.9921875
13564,0.9921875
13565,1.0
13566,1.0
13567,1.0
13568,0.95703125
13569,0.98046875
13570,0.98828125
13571,0.9921875
13572,0.9921875
13573,0.99609375
13574,1.0
13575,1.0
13576,0.98828125
13577,0.99609375
13578,0.99609375
13579,1.0
13580,0.99609375
13581,1.0
13582,1.0
13583,1.0
13584,0.9609375
13585,0.97265625
13586,0.984375
13587,0.9921875
13588,0.9921875
13589,1.0
13590,1.0
13591,1.0
13592,0.94140625
13593,0.96484375
13594,0.984375
13595,0.984375
13596,0.99609375
13597,0.9921875
13598,0.99609375
13599,1.0
13600,0.984375
13601,0.984375
13602,0.98828125
13603,0.99609375
13604,1.0
13605,1.0
13606,1.0
13607,1.0
13608,0.98828125
13609,0.98828125
13610,1.0
13611,0.99609375
13612,1.0
13613,1.0
13614,1.0
13615,1.0
13616,0.98828125
13617,0.9921875
13618,0.9921875
13619,0.99609375
13620,1.0
13621,1.0
13622,1.0
13623,1.0
13624,0.95703125
13625,0.95703125
13626,0.9921875
13627,0.9765625
13628,0.98828125
13629,0.99609375
13630,1.0
13631,1.0
13632,0.92578125
13633,0.94140625
13634,0.96875
13635,0.984375
13636,0.98828125
13637,0.9921875
13638,0.9921875
13639,1.0
13640,0.90625
13641,0.93359375
13642,0.97265625
13643,0.984375
13644,0.99609375
13645,0.98828125
13646,0.98828125
13647,1.0
13648,0.91796875
13649,0.92578125
13650,0.95703125
13651,0.96875
13652,0.98046875
13653,0.984375
13654,1.0
13655,0.99609375
13656,0.94140625
13657,0.9609375
13658,0.97265625
13659,0.98828125
13660,0.9921875
13661,0.9921875
13662,1.0
13663,0.99609375
13664,0.9609375
13665,0.98046875
13666,0.98828125
13667,0.9921875
13668,0.98828125
13669,0.9921875
13670,1.0
13671,1.0
13672,0.96484375
13673,0.99609375
13674,0.99609375
13675,0.99609375
13676,1.0
13677,1.0
13678,1.0
13679,1.0
13680,0.94921875
13681,0.96875
13682,0.97265625
13683,0.984375
13684,0.9921875
13685,0.99609375
13686,0.99609375
13687,1.0
13688,0.94921875
13689,0.953125
13690,0.984375
13691,0.984375
13692,0.98828125
13693,0.99609375
13694,0.99609375
13695,1.0
13696,0.9609375
13697,0.96484375
13698,0.984375
13699,0.99609375
13700,0.984375
13701,1.0
13702,1.0
13703,1.0
13704,0.984375
13705,0.9921875
13706,0.98828125
13707,0.9921875
13708,0.99609375
13709,0.99609375
13710,1.0
13711,1.0
13712,0.97265625
13713,0.9765625
13714,0.98828125
13715,0.984375
13716,0.99609375
13717,1.0
13718,1.0
13719,1.0
13720,0.99609375
13721,0.98828125
13722,0.9921875
13723,0.9921875
13724,0.9921875
13725,1.0
13726,1.0
13727,1.0
13728,0.96875
13729,0.9609375
13730,0.984375
13731,0.98828125
13732,0.9921875
13733,0.9921875
13734,0.99609375
13735,1.0
13736,0.9375
13737,0.96484375
13738,0.98046875
13739,0.9921875
13740,0.99609375
13741,1.0
13742,0.99609375
13743,1.0
13744,0.9453125
13745,0.94921875
13746,0.96875
13747,0.98828125
13748,0.9921875
13749,0.99609375
13750,0.99609375
13751,0.99609375
13752,0.90625
13753,0.9296875
13754,0.9609375
13755,0.984375
13756,0.984375
13757,0.9921875
13758,0.99609375
13759,0.99609375
13760,0.96875
13761,0.97265625
13762,0.98046875
13763,0.98046875
13764,0.984375
13765,0.98828125
13766,0.99609375
13767,0.9921875
13768,0.96875
13769,0.98046875
13770,0.98828125
13771,0.98828125
13772,0.99609375
13773,1.0
13774,0.99609375
13775,1.0
13776,0.93359375
13777,0.953125
13778,0.984375
13779,0.984375
13780,0.98828125
13781,0.98828125
13782,0.99609375
13783,1.0
13784,0.88671875
13785,0.94140625
13786,0.96484375
13787,0.98828125
13788,0.984375
13789,0.98828125
13790,0.98828125
13791,0.99609375
13792,0.91015625
13793,0.94140625
13794,0.9765625
13795,0.97265625
13796,0.98046875
13797,1.0
13798,1.0
13799,1.0
13800,0.9375
13801,0.94921875
13802,0.96875
13803,0.984375
13804,0.9921875
13805,0.9921875
13806,0.99609375
13807,1.0
13808,0.94921875
13809,0.94921875
13810,0.98046875
13811,0.98828125
13812,0.98828125
13813,0.98828125
13814,0.9921875
13815,1.0
13816,0.953125
13817,0.9609375
13818,0.98828125
13819,0.984375
13820,0.984375
13821,0.9921875
13822,0.99609375
13823,0.99609375
13824,0.98046875
13825,0.984375
13826,0.984375
13827,0.99609375
13828,0.98828125
13829,1.0
13830,1.0
13831,1.0
13832,0.97265625
13833,0.98046875
13834,0.98828125
13835,0.984375
13836,0.99609375
13837,1.0
13838,1.0
13839,1.0
13840,0.9296875
13841,0.9375
13842,0.96875
13843,0.9921875
13844,0.9921875
13845,0.99609375
13846,1.0
13847,1.0
13848,0.95703125
13849,0.953125
13850,0.9765625
13851,0.99609375
13852,0.99609375
13853,0.98046875
13854,0.9921875
13855,1.0
13856,0.9765625
13857,0.9765625
13858,0.984375
13859,0.9921875
13860,0.9921875
13861,0.99609375
13862,1.0
13863,1.0
13864,0.890625
13865,0.91015625
13866,0.94140625
13867,0.96875
13868,0.984375
13869,0.9921875
13870,0.9921875
13871,0.99609375
13872,0.96875
13873,0.97265625
13874,0.984375
13875,0.9921875
13876,0.99609375
13877,1.0
13878,1.0
13879,1.0
13880,0.93359375
13881,0.9765625
13882,0.98046875
13883,0.9921875
13884,0.98046875
13885,0.99609375
13886,0.99609375
13887,0.99609375
13888,0.95703125
13889,0.9609375
13890,0.9765625
13891,0.98046875
13892,1.0
13893,0.98828125
13894,0.99609375
13895,1.0
13896,0.97265625
13897,0.98046875
13898,0.98828125
13899,0.9921875
13900,1.0
13901,1.0
13902,1.0
13903,1.0
13904,0.93359375
13905,0.95703125
13906,0.9765625
13907,0.98828125
13908,0.984375
13909,0.99609375
13910,0.99609375
13911,1.0
13912,0.9765625
13913,0.984375
13914,0.98828125
13915,0.98828125
13916,0.9921875
13917,0.99609375
13918,0.99609375
13919,1.0
13920,0.9765625
13921,0.98046875
13922,0.9921875
13923,0.9921875
13924,0.99609375
13925,1.0
13926,0.99609375
13927,1.0
13928,0.9375
13929,0.94921875
13930,0.96875
13931,0.9765625
13932,0.984375
13933,0.99609375
13934,0.99609375
13935,0.99609375
13936,0.96875
13937,0.97265625
13938,1.0
13939,1.0
13940,1.0
13941,0.98828125
13942,1.0
13943,1.0
13944,0.97265625
13945,0.984375
13946,0.98828125
13947,0.984375
13948,0.98828125
13949,1.0
13950,1.0
13951,1.0
13952,0.97265625
13953,0.984375
13954,0.98046875
13955,0.9765625
13956,0.99609375
13957,0.99609375
13958,1.0
13959,1.0
13960,0.98828125
13961,0.9921875
13962,0.9921875
13963,1.0
13964,1.0
13965,1.0
13966,1.0
13967,1.0
13968,0.984375
13969,0.9921875
13970,0.9921875
13971,0.98828125
13972,0.9921875
13973,1.0
13974,1.0
13975,1.0
13976,0.95703125
13977,0.96875
13978,0.984375
13979,0.98046875
13980,0.984375
13981,0.98828125
13982,0.99609375
13983,1.0
13984,0.96875
13985,0.98828125
13986,0.9921875
13987,0.9921875
13988,1.0
13989,1.0
13990,0.99609375
13991,1.0
13992,0.9375
13993,0.96484375
13994,0.98046875
13995,0.98828125
13996,0.98828125
13997,0.98828125
13998,0.99609375
13999,1.0
14000,0.97265625
14001,0.984375
14002,0.98828125
14003,1.0
14004,1.0
14005,0.99609375
14006,1.0
14007,1.0
14008,0.90625
14009,0.92578125
14010,0.9609375
14011,0.96484375
14012,0.99609375
14013,0.98828125
14014,1.0
14015,0.99609375
14016,0.9453125
14017,0.96484375
14018,0.98046875
14019,0.98828125
14020,0.99609375
14021,0.9921875
14022,0.99609375
14023,1.0
14024,0.94140625
14025,0.94921875
14026,0.9765625
14027,0.98828125
14028,0.984375
14029,0.9921875
14030,0.99609375
14031,1.0
14032,0.97265625
14033,0.99609375
14034,1.0
14035,1.0
14036,1.0
14037,1.0
14038,1.0
14039,1.0
14040,0.9453125
14041,0.953125
14042,0.98828125
14043,0.98828125
14044,0.98828125
14045,0.9921875
14046,0.99609375
14047,0.99609375
14048,0.9140625
14049,0.9375
14050,0.953125
14051,0.98828125
14052,0.98828125
14053,0.98828125
14054,1.0
14055,1.0
14056,0.9140625
14057,0.93359375
14058,0.96484375
14059,0.984375
14060,0.98828125
14061,0.9921875
14062,0.9921875
14063,1.0
14064,0.96875
14065,0.9765625
14066,0.98828125
14067,0.99609375
14068,0.9921875
14069,0.99609375
14070,0.99609375
14071,1.0
14072,0.94140625
14073,0.9375
14074,0.9609375
14075,0.9765625
14076,0.9921875
14077,0.984375
14078,0.9921875
14079,0.99609375
14080,0.953125
14081,0.96875
14082,0.984375
14083,0.9921875
14084,0.99609375
14085,0.9921875
14086,1.0
14087,1.0
14088,0.95703125
14089,0.97265625
14090,0.9765625
14091,0.984375
14092,0.99609375
14093,0.9921875
14094,0.99609375
14095,1.0
14096,0.921875
14097,0.94140625
14098,0.96875
14099,0.984375
14100,0.99609375
14101,0.99609375
14102,0.9921875
14103,1.0
14104,0.96875
14105,0.96875
14106,0.984375
14107,0.984375
14108,0.99609375
14109,0.9921875
14110,1.0
14111,1.0
14112,0.953125
14113,0.95703125
14114,0.98046875
14115,0.98828125
14116,0.98828125
14117,0.99609375
14118,1.0
14119,1.0
14120,0.96484375
14121,0.984375
14122,0.98828125
14123,0.9921875
14124,0.99609375
14125,1.0
14126,1.0
14127,1.0
14128,0.96484375
14129,0.98046875
14130,0.9921875
14131,0.99609375
14132,0.99609375
14133,0.99609375
14134,1.0
14135,1.0
14136,0.9453125
14137,0.9765625
14138,0.9765625
14139,0.984375
14140,0.98828125
14141,0.99609375
14142,0.99609375
14143,0.99609375
14144,0.9375
14145,0.94921875
14146,0.98046875
14147,0.984375
14148,0.984375
14149,0.984375
14150,0.984375
14151,1.0
14152,0.97265625
14153,0.97265625
14154,0.984375
14155,0.98828125
14156,0.98828125
14157,0.99609375
14158,0.99609375
14159,1.0
14160,0.9765625
14161,0.98046875
14162,0.98828125
14163,0.98828125
14164,0.9921875
14165,1.0
14166,1.0
14167,1.0
14168,0.87890625
14169,0.90234375
14170,0.93359375
14171,0.984375
14172,0.98046875
14173,0.98828125
14174,0.9921875
14175,0.99609375
14176,0.953125
14177,0.9609375
14178,0.9765625
14179,0.984375
14180,0.98828125
14181,0.9921875
14182,0.99609375
14183,0.99609375
14184,0.9375
14185,0.94921875
14186,0.9765625
14187,0.98828125
14188,0.9921875
14189,0.9921875
14190,1.0
14191,1.0
14192,0.9453125
14193,0.95703125
14194,0.98046875
14195,0.984375
14196,0.98828125
14197,0.99609375
14198,1.0
14199,1.0
14200,0.91796875
14201,0.93359375
14202,0.9609375
14203,0.9921875
14204,0.9765625
14205,0.99609375
14206,0.99609375
14207,1.0
14208,0.92578125
14209,0.953125
14210,0.97265625
14211,0.984375
14212,0.98828125
14213,0.98828125
14214,0.99609375
14215,1.0
14216,0.94921875
14217,0.96875
14218,0.9921875
14219,0.9921875
14220,0.984375
14221,0.98828125
14222,0.99609375
14223,1.0
14224,0.93359375
14225,0.9609375
14226,0.97265625
14227,0.98828125
14228,0.9921875
14229,0.9921875
14230,0.9921875
14231,1.0
14232,0.96875
14233,0.96875
14234,0.98828125
14235,0.98828125
14236,0.98828125
14237,0.99609375
14238,1.0
14239,1.0
14240,0.953125
14241,0.96484375
14242,0.984375
14243,0.984375
14244,0.98828125
14245,0.9921875
14246,1.0
14247,1.0
14248,0.9140625
14249,0.93359375
14250,0.9609375
14251,0.98046875
14252,0.9921875
14253,0.99609375
14254,0.98828125
14255,1.0
14256,0.9765625
14257,0.9765625
14258,0.98046875
14259,0.98046875
14260,1.0
14261,0.99609375
14262,1.0
14263,1.0
14264,0.984375
14265,0.98828125
14266,0.98828125
14267,0.9921875
14268,0.9921875
14269,1.0
14270,1.0
14271,1.0
14272,0.96875
14273,0.97265625
14274,0.984375
14275,0.98828125
14276,0.9921875
14277,0.9921875
14278,1.0
14279,1.0
14280,0.92578125
14281,0.9296875
14282,0.9609375
14283,0.9765625
14284,0.984375
14285,0.99609375
14286,0.9921875
14287,1.0
14288,0.98828125
14289,0.99609375
14290,0.9765625
14291,0.99609375
14292,1.0
14293,1.0
14294,1.0
14295,1.0
14296,0.9609375
14297,0.95703125
14298,0.9765625
14299,1.0
14300,1.0
14301,0.9921875
14302,1.0
14303,1.0
14304,0.98046875
14305,0.98828125
14306,0.984375
14307,0.9921875
14308,0.9921875
14309,0.99609375
14310,1.0
14311,1.0
14312,0.98828125
14313,0.9921875
14314,0.9921875
14315,0.99609375
14316,1.0
14317,1.0
14318,1.0
14319,1.0
14320,0.9609375
14321,0.98046875
14322,0.9921875
14323,0.99609375
14324,0.9921875
14325,1.0
14326,1.0
14327,1.0
14328,0.97265625
14329,0.9765625
14330,0.984375
14331,0.99609375
14332,0.99609375
14333,1.0
14334,1.0
14335,1.0
14336,0.97265625
14337,0.984375
14338,0.9921875
14339,0.99609375
14340,1.0
14341,0.99609375
14342,1.0
14343,1.0
14344,0.97265625
14345,0.98046875
14346,0.9921875
14347,0.98828125
14348,0.99609375
14349,1.0
14350,1.0
14351,1.0
14352,0.94921875
14353,0.96484375
14354,0.9765625
14355,0.98828125
14356,0.9921875
14357,0.9921875
14358,1.0
14359,1.0
14360,0.9375
14361,0.9609375
14362,0.98046875
14363,0.984375
14364,0.9921875
14365,0.9921875
14366,1.0
14367,1.0
14368,0.94921875
14369,0.9609375
14370,0.984375
14371,0.98828125
14372,0.9921875
14373,0.9921875
14374,0.99609375
14375,0.99609375
14376,0.9296875
14377,0.9609375
14378,0.96875
14379,0.98828125
14380,0.9921875
14381,0.9921875
14382,0.99609375
14383,1.0
14384,0.9375
14385,0.94140625
14386,0.96875
14387,0.984375
14388,0.98828125
14389,0.9921875
14390,1.0
14391,1.0
14392,0.93359375
14393,0.9609375
14394,0.96875
14395,0.984375
14396,0.98828125
14397,0.98828125
14398,0.9921875
14399,0.99609375
14400,0.92578125
14401,0.96484375
14402,0.9609375
14403,0.984375
14404,0.98828125
14405,0.98828125
14406,0.98828125
14407,1.0
14408,0.96875
14409,0.98046875
14410,0.9921875
14411,0.984375
14412,0.99609375
14413,1.0
14414,0.99609375
14415,1.0
14416,0.9765625
14417,0.98828125
14418,0.99609375
14419,0.99609375
14420,0.98828125
14421,1.0
14422,1.0
14423,1.0
14424,0.953125
14425,0.97265625
14426,0.98828125
14427,0.9921875
14428,0.99609375
14429,1.0
14430,1.0
14431,1.0
14432,0.984375
14433,0.98046875
14434,0.984375
14435,0.9921875
14436,1.0
14437,1.0
14438,1.0
14439,1.0
14440,0.984375
14441,0.9921875
14442,0.99609375
14443,0.99609375
14444,1.0
14445,1.0
14446,1.0
14447,1.0
14448,0.93359375
14449,0.94140625
14450,0.9609375
14451,0.984375
14452,0.9921875
14453,0.9921875
14454,0.9921875
14455,1.0
14456,0.9609375
14457,0.9453125
14458,0.97265625
14459,0.98828125
14460,1.0
14461,0.9921875
14462,1.0
14463,1.0
14464,0.984375
14465,0.98828125
14466,0.9921875
14467,0.9921875
14468,0.99609375
14469,1.0
14470,1.0
14471,1.0
14472,0.98046875
14473,0.984375
14474,0.984375
14475,0.99609375
14476,0.9921875
14477,1.0
14478,1.0
14479,1.0
14480,0.98828125
14481,0.98828125
14482,0.98828125
14483,0.9921875
14484,1.0
14485,0.99609375
14486,1.0
14487,1.0
14488,0.953125
14489,0.96875
14490,0.98828125
14491,0.984375
14492,0.984375
14493,0.99609375
14494,0.99609375
14495,1.0
14496,0.9296875
14497,0.953125
14498,0.96875
14499,0.98828125
14500,0.98828125
14501,1.0
14502,1.0
14503,1.0
14504,0.98046875
14505,0.98046875
14506,0.9921875
14507,0.984375
14508,0.9921875
14509,0.99609375
14510,1.0
14511,1.0
14512,0.9921875
14513,0.9921875
14514,0.9921875
14515,0.99609375
14516,1.0
14517,0.99609375
14518,1.0
14519,1.0
14520,0.94140625
14521,0.94140625
14522,0.96484375
14523,0.9765625
14524,0.98046875
14525,0.99609375
14526,0.99609375
14527,1.0
14528,0.9765625
14529,0.98828125
14530,0.99609375
14531,0.984375
14532,0.98828125
14533,0.9921875
14534,1.0
14535,1.0
14536,0.9296875
14537,0.94921875
14538,0.96875
14539,0.99609375
14540,0.9921875
14541,0.9921875
14542,0.99609375
14543,1.0
14544,0.97265625
14545,0.98046875
14546,0.984375
14547,0.9921875
14548,1.0
14549,1.0
14550,1.0
14551,1.0
14552,0.9765625
14553,0.9921875
14554,0.99609375
14555,0.99609375
14556,0.9921875
14557,1.0
14558,1.0
14559,1.0
14560,0.875
14561,0.8984375
14562,0.96484375
14563,0.9609375
14564,0.9765625
14565,0.984375
14566,0.984375
14567,0.99609375
14568,0.97265625
14569,0.9765625
14570,0.9765625
14571,0.9921875
14572,0.98828125
14573,0.99609375
14574,1.0
14575,1.0
14576,0.9765625
14577,0.9921875
14578,0.99609375
14579,0.99609375
14580,0.99609375
14581,1.0
14582,1.0
14583,1.0
14584,0.93359375
14585,0.95703125
14586,0.96484375
14587,0.9765625
14588,0.98046875
14589,0.98046875
14590,1.0
14591,1.0
14592,0.98046875
14593,0.98828125
14594,0.99609375
14595,0.99609375
14596,1.0
14597,0.99609375
14598,1.0
14599,1.0
14600,0.96484375
14601,0.97265625
14602,0.98828125
14603,0.9921875
14604,0.99609375
14605,0.99609375
14606,1.0
14607,1.0
14608,0.9921875
14609,0.99609375
14610,1.0
14611,1.0
14612,1.0
14613,1.0
14614,1.0
14615,1.0
14616,0.96875
14617,0.97265625
14618,0.99609375
14619,0.99609375
14620,0.99609375
14621,1.0
14622,1.0
14623,1.0
14624,0.97265625
14625,0.98046875
14626,0.984375
14627,0.9921875
14628,0.98828125
14629,0.99609375
14630,0.99609375
14631,1.0
14632,0.98828125
14633,0.984375
14634,0.9921875
14635,0.9921875
14636,0.99609375
14637,1.0
14638,1.0
14639,1.0
14640,0.99609375
14641,0.98046875
14642,0.9921875
14643,0.984375
14644,0.98828125
14645,0.99609375
14646,1.0
14647,1.0
14648,0.98828125
14649,0.98828125
14650,0.9921875
14651,0.9921875
14652,1.0
14653,1.0
14654,1.0
14655,1.0
14656,0.98046875
14657,0.984375
14658,0.99609375
14659,0.984375
14660,0.9921875
14661,0.99609375
14662,1.0
14663,1.0
14664,1.0
14665,1.0
14666,1.0
14667,1.0
14668,1.0
14669,1.0
14670,1.0
14671,1.0
14672,1.0
14673,1.0
14674,1.0
14675,1.0
14676,1.0
14677,1.0
14678,1.0
14679,1.0
14680,1.0
14681,0.99609375
14682,0.99609375
14683,0.99609375
14684,1.0
14685,1.0
14686,0.99609375
14687,1.0
14688,0.94921875
14689,0.96484375
14690,0.98828125
14691,0.99609375
14692,0.98828125
14693,1.0
14694,0.99609375
14695,1.0
14696,0.9765625
14697,0.984375
14698,0.9921875
14699,1.0
14700,1.0
14701,0.99609375
14702,0.99609375
14703,1.0
14704,0.89453125
14705,0.9453125
14706,0.984375
14707,0.97265625
14708,0.98046875
14709,0.99609375
14710,0.99609375
14711,1.0
14712,0.953125
14713,0.9609375
14714,0.984375
14715,0.98828125
14716,0.99609375
14717,1.0
14718,0.99609375
14719,1.0
14720,0.95703125
14721,0.96875
14722,0.984375
14723,0.9921875
14724,0.99609375
14725,1.0
14726,1.0
14727,0.99609375
14728,0.87109375
14729,0.90234375
14730,0.96484375
14731,0.98828125
14732,0.99609375
14733,0.9921875
14734,1.0
14735,0.99609375
14736,0.94921875
14737,0.96484375
14738,0.99609375
14739,0.99609375
14740,0.99609375
14741,1.0
14742,1.0
14743,1.0
14744,0.953125
14745,0.9765625
14746,0.9921875
14747,0.98828125
14748,0.99609375
14749,1.0
14750,1.0
14751,1.0
14752,0.9140625
14753,0.953125
14754,0.96875
14755,0.98046875
14756,0.9921875
14757,0.99609375
14758,1.0
14759,1.0
14760,1.0
14761,1.0
14762,1.0
14763,1.0
14764,1.0
14765,1.0
14766,1.0
14767,1.0
14768,0.94140625
14769,0.953125
14770,0.984375
14771,0.984375
14772,1.0
14773,0.99609375
14774,1.0
14775,1.0
14776,0.9921875
14777,0.9921875
14778,1.0
14779,1.0
14780,1.0
14781,1.0
14782,0.99609375
14783,1.0
14784,0.95703125
14785,0.97265625
14786,0.984375
14787,0.9921875
14788,0.99609375
14789,1.0
14790,1.0
14791,1.0
14792,0.96484375
14793,0.984375
14794,0.98828125
14795,0.98828125
14796,0.99609375
14797,1.0
14798,1.0
14799,1.0
14800,0.97265625
14801,0.98046875
14802,0.9921875
14803,0.99609375
14804,1.0
14805,0.99609375
14806,1.0
14807,0.99609375
14808,0.96875
14809,0.98046875
14810,0.984375
14811,0.99609375
14812,0.99609375
14813,0.99609375
14814,1.0
14815,1.0
14816,0.921875
14817,0.953125
14818,0.9765625
14819,0.98828125
14820,0.99609375
14821,1.0
14822,1.0
14823,1.0
14824,0.96484375
14825,0.97265625
14826,0.99609375
14827,0.98828125
14828,0.99609375
14829,0.99609375
14830,0.99609375
14831,0.99609375
14832,0.89453125
14833,0.91796875
14834,0.953125
14835,0.98046875
14836,0.9921875
14837,0.99609375
14838,0.99609375
14839,0.99609375
14840,0.9453125
14841,0.94921875
14842,0.984375
14843,0.99609375
14844,0.9921875
14845,1.0
14846,1.0
14847,1.0
14848,0.95703125
14849,0.98828125
14850,0.9921875
14851,0.9921875
14852,1.0
14853,0.99609375
14854,0.99609375
14855,0.99609375
14856,0.94921875
14857,0.9609375
14858,0.9765625
14859,0.99609375
14860,1.0
14861,1.0
14862,1.0
14863,1.0
14864,0.9765625
14865,0.98828125
14866,0.9921875
14867,0.99609375
14868,1.0
14869,1.0
14870,1.0
14871,1.0
14872,0.9609375
14873,0.9765625
14874,0.9921875
14875,0.99609375
14876,0.99609375
14877,1.0
14878,0.99609375
14879,0.99609375
14880,0.9375
14881,0.96875
14882,0.98828125
14883,1.0
14884,1.0
14885,1.0
14886,0.99609375
14887,1.0
14888,0.921875
14889,0.94921875
14890,0.9765625
14891,0.984375
14892,0.98828125
14893,0.99609375
14894,1.0
14895,1.0
14896,0.96875
14897,0.984375
14898,0.9921875
14899,0.9921875
14900,1.0
14901,0.99609375
14902,1.0
14903,0.99609375
14904,0.9140625
14905,0.95703125
14906,0.97265625
14907,0.99609375
14908,0.9921875
14909,0.99609375
14910,0.99609375
14911,1.0
14912,0.98046875
14913,0.984375
14914,0.984375
14915,1.0
14916,0.99609375
14917,1.0
14918,1.0
14919,1.0
14920,0.96875
14921,0.984375
14922,0.9921875
14923,0.99609375
14924,1.0
14925,0.99609375
14926,1.0
14927,0.99609375
14928,0.94921875
14929,0.96484375
14930,0.98046875
14931,0.98828125
14932,0.99609375
14933,0.99609375
14934,1.0
14935,0.99609375
14936,0.9921875
14937,1.0
14938,0.99609375
14939,1.0
14940,1.0
14941,1.0
14942,1.0
14943,1.0
14944,0.94921875
14945,0.96875
14946,0.98828125
14947,0.9921875
14948,0.99609375
14949,1.0
14950,0.99609375
14951,1.0
14952,0.91015625
14953,0.94921875
14954,0.9765625
14955,0.9921875
14956,0.9921875
14957,0.99609375
14958,1.0
14959,0.99609375
14960,0.9765625
14961,0.98046875
14962,0.98828125
14963,0.9921875
14964,0.99609375
14965,0.99609375
14966,0.99609375
14967,0.99609375
14968,0.984375
14969,0.9765625
14970,1.0
14971,1.0
14972,1.0
14973,1.0
14974,0.99609375
14975,1.0
14976,0.97265625
14977,0.99609375
14978,0.99609375
14979,1.0
14980,0.99609375
14981,1.0
14982,0.99609375
14983,1.0
14984,0.87890625
14985,0.9375
14986,0.94921875
14987,0.9921875
14988,0.99609375
14989,1.0
14990,1.0
14991,1.0
14992,0.953125
14993,0.96484375
14994,0.98046875
14995,0.984375
14996,1.0
14997,1.0
14998,1.0
14999,0.99609375
15000,0.921875
15001,0.953125
15002,0.97265625
15003,0.9921875
15004,0.9921875
15005,1.0
15006,0.99609375
15007,1.0
15008,0.96875
15009,0.97265625
15010,0.98828125
15011,0.99609375
15012,0.99609375
15013,0.99609375
15014,1.0
15015,1.0
15016,0.97265625
15017,0.98046875
15018,0.99609375
15019,0.99609375
15020,0.99609375
15021,0.99609375
15022,0.99609375
15023,0.99609375
15024,0.94140625
15025,0.96875
15026,0.984375
15027,0.9921875
15028,0.98828125
15029,0.99609375
15030,1.0
15031,0.99609375
15032,0.98828125
15033,0.99609375
15034,1.0
15035,0.99609375
15036,0.99609375
15037,1.0
15038,0.99609375
15039,1.0
15040,0.98046875
15041,0.984375
15042,0.9921875
15043,0.99609375
15044,1.0
15045,1.0
15046,1.0
15047,0.99609375
15048,0.94140625
15049,0.96875
15050,0.984375
15051,0.9921875
15052,1.0
15053,0.99609375
15054,0.99609375
15055,0.99609375
15056,0.94140625
15057,0.96875
15058,0.97265625
15059,0.98828125
15060,0.9921875
15061,0.99609375
15062,0.99609375
15063,0.99609375
15064,1.0
15065,1.0
15066,1.0
15067,1.0
15068,1.0
15069,1.0
15070,1.0
15071,1.0
15072,0.91796875
15073,0.96484375
15074,0.98046875
15075,0.9921875
15076,0.9921875
15077,0.99609375
15078,1.0
15079,1.0
15080,0.93359375
15081,0.9609375
15082,0.98828125
15083,0.9921875
15084,0.98828125
15085,1.0
15086,1.0
15087,0.99609375
15088,0.91015625
15089,0.9296875
15090,0.9765625
15091,0.9921875
15092,0.9921875
15093,1.0
15094,1.0
15095,1.0
15096,0.9921875
15097,0.98828125
15098,0.99609375
15099,1.0
15100,1.0
15101,1.0
15102,1.0
15103,1.0
15104,0.9453125
15105,0.9609375
15106,0.984375
15107,0.99609375
15108,0.9921875
15109,1.0
15110,1.0
15111,1.0
15112,0.97265625
15113,0.9765625
15114,0.984375
15115,0.9921875
15116,1.0
15117,0.99609375
15118,0.99609375
15119,0.99609375
15120,0.98828125
15121,0.98828125
15122,0.98828125
15123,0.99609375
15124,1.0
15125,0.99609375
15126,1.0
15127,1.0
15128,0.97265625
15129,0.98046875
15130,0.9921875
15131,1.0
15132,1.0
15133,1.0
15134,0.99609375
15135,1.0
15136,0.96875
15137,0.9765625
15138,0.98828125
15139,0.9921875
15140,0.99609375
15141,1.0
15142,1.0
15143,0.99609375
15144,0.94921875
15145,0.9765625
15146,0.96875
15147,0.98828125
15148,0.99609375
15149,0.99609375
15150,1.0
15151,1.0
15152,0.890625
15153,0.9140625
15154,0.98046875
15155,0.9921875
15156,0.984375
15157,1.0
15158,0.99609375
15159,0.99609375
15160,0.96875
15161,0.98046875
15162,0.984375
15163,0.9921875
15164,1.0
15165,0.99609375
15166,0.99609375
15167,0.99609375
15168,0.98046875
15169,0.9921875
15170,0.98828125
15171,0.99609375
15172,0.99609375
15173,1.0
15174,1.0
15175,1.0
15176,0.9296875
15177,0.9453125
15178,0.97265625
15179,0.9921875
15180,0.99609375
15181,0.99609375
15182,0.99609375
15183,1.0
15184,0.95703125
15185,0.9609375
15186,0.98828125
15187,0.99609375
15188,0.9921875
15189,0.99609375
15190,0.99609375
15191,1.0
15192,0.9765625
15193,0.98046875
15194,0.99609375
15195,0.99609375
15196,1.0
15197,1.0
15198,0.99609375
15199,1.0
15200,0.98046875
15201,0.984375
15202,0.99609375
15203,0.99609375
15204,0.99609375
15205,0.99609375
15206,0.99609375
15207,0.99609375
15208,0.9609375
15209,0.98046875
15210,0.99609375
15211,0.99609375
15212,0.99609375
15213,0.99609375
15214,0.99609375
15215,1.0
15216,0.92578125
15217,0.96875
15218,0.97265625
15219,0.9921875
15220,0.9921875
15221,1.0
15222,0.99609375
15223,1.0
15224,0.9453125
15225,0.96484375
15226,0.98046875
15227,0.9921875
15228,0.99609375
15229,0.99609375
15230,1.0
15231,0.99609375
15232,0.953125
15233,0.97265625
15234,0.984375
15235,0.99609375
15236,1.0
15237,0.99609375
15238,1.0
15239,1.0
15240,0.96875
15241,0.98828125
15242,0.9921875
15243,1.0
15244,0.99609375
15245,0.99609375
15246,0.99609375
15247,1.0
15248,0.95703125
15249,0.98828125
15250,0.98828125
15251,0.99609375
15252,1.0
15253,0.99609375
15254,0.99609375
15255,1.0
15256,0.9609375
15257,0.9765625
15258,0.984375
15259,1.0
15260,0.99609375
15261,1.0
15262,0.99609375
15263,1.0
15264,0.9609375
15265,0.9765625
15266,0.9921875
15267,0.99609375
15268,0.99609375
15269,0.99609375
15270,0.99609375
15271,0.99609375
15272,0.9921875
15273,0.9921875
15274,0.99609375
15275,1.0
15276,1.0
15277,1.0
15278,1.0
15279,1.0
15280,0.97265625
15281,0.98046875
15282,0.9765625
15283,0.984375
15284,0.99609375
15285,0.99609375
15286,0.99609375
15287,0.99609375
15288,0.95703125
15289,0.97265625
15290,0.98828125
15291,0.9921875
15292,0.9921875
15293,0.99609375
15294,1.0
15295,1.0
15296,0.96875
15297,0.99609375
15298,0.984375
15299,0.9921875
15300,1.0
15301,0.99609375
15302,1.0
15303,1.0
15304,0.9375
15305,0.953125
15306,0.98046875
15307,0.98828125
15308,0.9921875
15309,0.99609375
15310,1.0
15311,1.0
15312,0.94921875
15313,0.95703125
15314,0.9765625
15315,0.9921875
15316,0.99609375
15317,0.99609375
15318,1.0
15319,1.0
15320,0.96484375
15321,0.98046875
15322,0.9921875
15323,0.99609375
15324,1.0
15325,1.0
15326,1.0
15327,1.0
15328,0.99609375
15329,0.99609375
15330,1.0
15331,0.99609375
15332,0.99609375
15333,0.99609375
15334,1.0
15335,1.0
15336,1.0
15337,1.0
15338,1.0
15339,0.99609375
15340,0.99609375
15341,1.0
15342,1.0
15343,1.0
15344,0.984375
15345,0.9921875
15346,0.99609375
15347,1.0
15348,1.0
15349,1.0
15350,1.0
15351,1.0
15352,0.93359375
15353,0.96875
15354,0.97265625
15355,0.99609375
15356,1.0
15357,1.0
15358,1.0
15359,1.0
15360,0.94921875
15361,0.96484375
15362,0.9921875
15363,0.9921875
15364,0.99609375
15365,0.99609375
15366,1.0
15367,1.0
15368,0.98828125
15369,0.9921875
15370,1.0
15371,0.9921875
15372,1.0
15373,0.99609375
15374,1.0
15375,1.0
15376,0.94140625
15377,0.9453125
15378,0.9765625
15379,0.98828125
15380,0.9921875
15381,0.99609375
15382,1.0
15383,1.0
15384,0.984375
15385,0.984375
15386,0.9921875
15387,0.9921875
15388,1.0
15389,1.0
15390,0.99609375
15391,1.0
15392,0.984375
15393,0.9765625
15394,0.98828125
15395,0.99609375
15396,0.99609375
15397,0.99609375
15398,0.99609375
15399,1.0
15400,0.9765625
15401,0.9921875
15402,0.9921875
15403,0.99609375
15404,0.99609375
15405,0.99609375
15406,0.99609375
15407,1.0
15408,0.93359375
15409,0.9453125
15410,0.96875
15411,1.0
15412,1.0
15413,1.0
15414,1.0
15415,1.0
15416,0.97265625
15417,0.98828125
15418,0.99609375
15419,0.99609375
15420,0.99609375
15421,0.99609375
15422,1.0
15423,1.0
15424,0.953125
15425,0.98046875
15426,0.984375
15427,0.99609375
15428,0.99609375
15429,1.0
15430,1.0
15431,0.99609375
15432,0.9921875
15433,0.9921875
15434,0.9921875
15435,0.99609375
15436,0.99609375
15437,1.0
15438,1.0
15439,1.0
15440,0.9765625
15441,0.984375
15442,0.98828125
15443,0.99609375
15444,0.99609375
15445,1.0
15446,0.99609375
15447,1.0
15448,0.953125
15449,0.96484375
15450,0.97265625
15451,0.98828125
15452,0.9921875
15453,0.99609375
15454,1.0
15455,1.0
15456,0.97265625
15457,0.98046875
15458,0.98828125
15459,0.9921875
15460,0.99609375
15461,0.99609375
15462,0.99609375
15463,1.0
15464,0.96875
15465,0.98828125
15466,0.98828125
15467,0.9921875
15468,1.0
15469,0.99609375
15470,0.99609375
15471,1.0
15472,0.9921875
15473,0.99609375
15474,1.0
15475,0.99609375
15476,1.0
15477,1.0
15478,1.0
15479,1.0
15480,0.9765625
15481,0.97265625
15482,0.9921875
15483,0.9921875
15484,0.99609375
15485,0.99609375
15486,1.0
15487,1.0
15488,0.9765625
15489,0.9765625
15490,0.9921875
15491,0.98828125
15492,1.0
15493,0.99609375
15494,1.0
15495,1.0
15496,0.97265625
15497,0.9609375
15498,0.98828125
15499,0.9921875
15500,0.99609375
15501,1.0
15502,0.99609375
15503,0.99609375
15504,0.9921875
15505,0.99609375
15506,0.99609375
15507,0.99609375
15508,0.99609375
15509,1.0
15510,1.0
15511,1.0
15512,0.9609375
15513,0.9765625
15514,0.98046875
15515,0.99609375
15516,1.0
15517,0.99609375
15518,1.0
15519,1.0
15520,0.99609375
15521,0.99609375
15522,1.0
15523,1.0
15524,1.0
15525,1.0
15526,1.0
15527,1.0
15528,0.96484375
15529,0.9765625
15530,0.98828125
15531,1.0
15532,1.0
15533,0.99609375
15534,1.0
15535,1.0
15536,0.984375
15537,0.9921875
15538,0.98046875
15539,0.984375
15540,0.99609375
15541,1.0
15542,1.0
15543,0.99609375
15544,0.98046875
15545,0.984375
15546,0.98828125
15547,0.99609375
15548,1.0
15549,1.0
15550,0.99609375
15551,1.0
15552,0.96875
15553,0.9765625
15554,0.9921875
15555,0.9921875
15556,1.0
15557,1.0
15558,1.0
15559,1.0
15560,0.94140625
15561,0.94140625
15562,0.95703125
15563,0.99609375
15564,0.99609375
15565,1.0
15566,1.0
15567,1.0
15568,0.953125
15569,0.9765625
15570,0.9765625
15571,0.99609375
15572,0.99609375
15573,0.99609375
15574,1.0
15575,1.0
15576,0.9609375
15577,0.97265625
15578,0.98828125
15579,0.9921875
15580,1.0
15581,1.0
15582,0.99609375
15583,1.0
15584,0.9765625
15585,0.9921875
15586,1.0
15587,0.9921875
15588,0.99609375
15589,0.99609375
15590,1.0
15591,1.0
15592,0.9609375
15593,0.96875
15594,0.984375
15595,0.99609375
15596,0.99609375
15597,1.0
15598,0.99609375
15599,1.0
15600,0.95703125
15601,0.97265625
15602,0.984375
15603,1.0
15604,0.99609375
15605,1.0
15606,0.99609375
15607,0.99609375
15608,0.9765625
15609,0.98828125
15610,0.984375
15611,0.99609375
15612,0.99609375
15613,0.99609375
15614,0.99609375
15615,1.0
15616,0.97265625
15617,0.98046875
15618,0.99609375
15619,1.0
15620,0.99609375
15621,0.99609375
15622,0.99609375
15623,1.0
15624,0.97265625
15625,0.9765625
15626,0.98828125
15627,0.98828125
15628,0.99609375
15629,1.0
15630,0.99609375
15631,1.0
15632,0.98828125
15633,0.98828125
15634,0.99609375
15635,0.99609375
15636,1.0
15637,1.0
15638,1.0
15639,1.0
15640,0.98046875
15641,0.9765625
15642,0.9921875
15643,0.99609375
15644,1.0
15645,0.99609375
15646,0.99609375
15647,0.99609375
15648,0.97265625
15649,0.984375
15650,0.99609375
15651,0.99609375
15652,1.0
15653,1.0
15654,1.0
15655,1.0
15656,0.921875
15657,0.953125
15658,0.9765625
15659,0.99609375
15660,0.99609375
15661,0.99609375
15662,1.0
15663,0.99609375
15664,0.95703125
15665,0.98046875
15666,0.98046875
15667,0.98046875
15668,1.0
15669,0.99609375
15670,0.99609375
15671,1.0
15672,0.99609375
15673,0.99609375
15674,0.99609375
15675,1.0
15676,0.99609375
15677,0.99609375
15678,1.0
15679,1.0
15680,0.9375
15681,0.95703125
15682,0.98046875
15683,0.99609375
15684,0.99609375
15685,0.99609375
15686,0.99609375
15687,1.0
15688,0.96875
15689,0.97265625
15690,0.98828125
15691,0.9921875
15692,0.99609375
15693,1.0
15694,0.99609375
15695,1.0
15696,0.96484375
15697,0.9609375
15698,0.98046875
15699,0.984375
15700,0.98828125
15701,0.99609375
15702,0.99609375
15703,1.0
15704,0.98828125
15705,0.98828125
15706,0.99609375
15707,0.99609375
15708,1.0
15709,1.0
15710,1.0
15711,1.0
15712,0.99609375
15713,0.9921875
15714,0.984375
15715,0.99609375
15716,0.99609375
15717,1.0
15718,1.0
15719,1.0
15720,0.94921875
15721,0.96484375
15722,0.98828125
15723,0.99609375
15724,0.98828125
15725,1.0
15726,0.99609375
15727,1.0
15728,0.98828125
15729,0.99609375
15730,0.984375
15731,1.0
15732,0.99609375
15733,1.0
15734,0.99609375
15735,0.99609375
15736,0.94140625
15737,0.953125
15738,0.96484375
15739,0.98828125
15740,0.9921875
15741,0.9921875
15742,0.99609375
15743,0.99609375
15744,0.9609375
15745,0.98828125
15746,0.99609375
15747,0.98828125
15748,1.0
15749,0.99609375
15750,0.99609375
15751,0.99609375
15752,0.9609375
15753,0.9765625
15754,0.98046875
15755,1.0
15756,1.0
15757,1.0
15758,1.0
15759,1.0
15760,0.8671875
15761,0.91015625
15762,0.9453125
15763,0.97265625
15764,0.984375
15765,0.9921875
15766,1.0
15767,0.99609375
15768,0.96875
15769,0.98046875
15770,0.984375
15771,0.98828125
15772,0.99609375
15773,1.0
15774,0.99609375
15775,0.99609375
15776,0.95703125
15777,0.96484375
15778,0.98828125
15779,0.98828125
15780,0.99609375
15781,1.0
15782,1.0
15783,1.0
15784,0.91796875
15785,0.94140625
15786,0.95703125
15787,0.9921875
15788,0.98828125
15789,0.99609375
15790,1.0
15791,1.0
15792,1.0
15793,0.99609375
15794,1.0
15795,1.0
15796,1.0
15797,1.0
15798,1.0
15799,1.0
15800,0.9296875
15801,0.95703125
15802,0.9765625
15803,0.98828125
15804,0.9921875
15805,0.99609375
15806,1.0
15807,0.99609375
15808,0.98828125
15809,1.0
15810,0.98828125
15811,1.0
15812,0.99609375
15813,1.0
15814,0.99609375
15815,1.0
15816,0.953125
15817,0.96875
15818,0.984375
15819,0.98828125
15820,0.99609375
15821,0.99609375
15822,1.0
15823,1.0
15824,0.96875
15825,0.95703125
15826,0.98828125
15827,0.984375
15828,0.98828125
15829,1.0
15830,0.99609375
15831,1.0
15832,0.98828125
15833,0.98828125
15834,0.98828125
15835,0.99609375
15836,1.0
15837,1.0
15838,1.0
15839,1.0
15840,0.9609375
15841,0.9765625
15842,0.99609375
15843,0.9921875
15844,1.0
15845,1.0
15846,0.99609375
15847,1.0
15848,0.94140625
15849,0.94921875
15850,0.9765625
15851,0.98828125
15852,0.9921875
15853,1.0
15854,1.0
15855,1.0
15856,0.97265625
15857,0.96875
15858,0.99609375
15859,0.99609375
15860,1.0
15861,1.0
15862,0.99609375
15863,1.0
15864,0.91796875
15865,0.9375
15866,0.9765625
15867,0.98046875
15868,0.9921875
15869,0.9921875
15870,1.0
15871,1.0
15872,0.921875
15873,0.953125
15874,0.97265625
15875,0.984375
15876,0.9921875
15877,1.0
15878,1.0
15879,1.0
15880,0.94921875
15881,0.9609375
15882,0.984375
15883,0.9921875
15884,0.99609375
15885,0.99609375
15886,0.99609375
15887,0.99609375
15888,0.92578125
15889,0.95703125
15890,0.98046875
15891,0.99609375
15892,0.9921875
15893,1.0
15894,1.0
15895,0.99609375
15896,0.98828125
15897,0.98828125
15898,0.9921875
15899,1.0
15900,0.99609375
15901,0.99609375
15902,0.99609375
15903,1.0
15904,0.96875
15905,0.98046875
15906,0.98828125
15907,0.9921875
15908,0.99609375
15909,0.99609375
15910,1.0
15911,0.99609375
15912,0.9296875
15913,0.9453125
15914,0.97265625
15915,0.98046875
15916,1.0
15917,1.0
15918,1.0
15919,0.99609375
15920,0.9296875
15921,0.94921875
15922,0.98046875
15923,0.98046875
15924,0.99609375
15925,0.99609375
15926,0.99609375
15927,0.99609375
15928,0.96875
15929,0.984375
15930,0.984375
15931,0.9921875
15932,0.99609375
15933,0.99609375
15934,0.99609375
15935,1.0
15936,0.91015625
15937,0.94921875
15938,0.98046875
15939,0.9921875
15940,0.9921875
15941,0.99609375
15942,0.99609375
15943,1.0
15944,0.953125
15945,0.9765625
15946,0.98828125
15947,0.9921875
15948,0.99609375
15949,0.99609375
15950,1.0
15951,0.99609375
15952,0.98046875
15953,0.984375
15954,0.98828125
15955,0.9921875
15956,1.0
15957,0.99609375
15958,1.0
15959,1.0
15960,0.91015625
15961,0.9375
15962,0.98046875
15963,0.98828125
15964,0.9921875
15965,1.0
15966,1.0
15967,1.0
15968,0.984375
15969,0.984375
15970,1.0
15971,1.0
15972,1.0
15973,1.0
15974,1.0
15975,1.0
15976,0.93359375
15977,0.95703125
15978,0.9765625
15979,0.9921875
15980,0.99609375
15981,0.99609375
15982,0.99609375
15983,1.0
15984,0.91796875
15985,0.96875
15986,0.96484375
15987,0.9921875
15988,0.98828125
15989,0.99609375
15990,0.99609375
15991,1.0
15992,0.97265625
15993,0.98046875
15994,0.98828125
15995,0.9921875
15996,0.99609375
15997,1.0
15998,0.99609375
15999,0.99609375
16000,0.98828125
16001,0.9921875
16002,0.984375
16003,0.984375
16004,0.99609375
16005,0.99609375
16006,0.99609375
16007,0.99609375
16008,0.95703125
16009,0.9765625
16010,0.98828125
16011,0.9921875
16012,0.99609375
16013,0.99609375
16014,1.0
16015,1.0
16016,0.921875
16017,0.92578125
16018,0.9609375
16019,0.984375
16020,0.99609375
16021,0.99609375
16022,1.0
16023,1.0
16024,0.984375
16025,0.984375
16026,0.99609375
16027,0.99609375
16028,1.0
16029,1.0
16030,1.0
16031,1.0
16032,0.92578125
16033,0.96875
16034,0.9765625
16035,0.98828125
16036,1.0
16037,0.99609375
16038,0.99609375
16039,1.0
16040,0.96484375
16041,0.984375
16042,0.984375
16043,1.0
16044,1.0
16045,0.99609375
16046,0.99609375
16047,1.0
16048,0.9765625
16049,0.98046875
16050,0.99609375
16051,0.9921875
16052,1.0
16053,1.0
16054,1.0
16055,0.99609375
16056,0.94140625
16057,0.9609375
16058,0.98046875
16059,0.99609375
16060,0.99609375
16061,0.99609375
16062,1.0
16063,0.99609375
16064,0.98828125
16065,0.9921875
16066,0.99609375
16067,1.0
16068,0.99609375
16069,1.0
16070,1.0
16071,1.0
16072,0.9765625
16073,0.984375
16074,0.98828125
16075,0.99609375
16076,1.0
16077,0.99609375
16078,0.99609375
16079,1.0
16080,0.953125
16081,0.9765625
16082,0.984375
16083,0.9921875
16084,0.99609375
16085,0.99609375
16086,0.99609375
16087,0.99609375
16088,0.921875
16089,0.91015625
16090,0.96875
16091,0.98828125
16092,0.99609375
16093,0.99609375
16094,0.99609375
16095,1.0
16096,1.0
16097,1.0
16098,1.0
16099,1.0
16100,1.0
16101,1.0
16102,1.0
16103,1.0
16104,0.953125
16105,0.9609375
16106,0.97265625
16107,0.98828125
16108,0.9921875
16109,1.0
16110,1.0
16111,0.99609375
16112,0.94140625
16113,0.9609375
16114,0.9765625
16115,0.98828125
16116,0.9921875
16117,0.99609375
16118,1.0
16119,0.99609375
16120,0.9375
16121,0.95703125
16122,0.9765625
16123,0.98828125
16124,0.98828125
16125,1.0
16126,0.99609375
16127,0.99609375
16128,0.99609375
16129,0.9921875
16130,0.99609375
16131,0.99609375
16132,1.0
16133,1.0
16134,1.0
16135,1.0
16136,0.93359375
16137,0.9609375
16138,0.984375
16139,0.99609375
16140,1.0
16141,1.0
16142,0.99609375
16143,0.99609375
16144,0.9765625
16145,0.99609375
16146,0.99609375
16147,0.99609375
16148,0.99609375
16149,0.99609375
16150,1.0
16151,0.99609375
16152,0.98828125
16153,0.98828125
16154,0.9921875
16155,0.99609375
16156,1.0
16157,0.99609375
16158,0.99609375
16159,1.0
16160,0.96484375
16161,0.97265625
16162,0.984375
16163,0.9921875
16164,0.99609375
16165,0.99609375
16166,1.0
16167,1.0
16168,0.96484375
16169,0.96875
16170,0.98828125
16171,0.9921875
16172,0.99609375
16173,0.99609375
16174,0.99609375
16175,1.0
16176,0.96484375
16177,0.97265625
16178,0.98046875
16179,0.98828125
16180,0.9921875
16181,1.0
16182,1.0
16183,0.99609375
16184,0.890625
16185,0.9140625
16186,0.984375
16187,0.96875
16188,0.98828125
16189,0.9921875
16190,0.99609375
16191,1.0
16192,0.984375
16193,0.9921875
16194,0.9921875
16195,0.99609375
16196,0.99609375
16197,0.99609375
16198,0.99609375
16199,1.0
16200,0.9921875
16201,0.98828125
16202,0.99609375
16203,1.0
16204,1.0
16205,0.99609375
16206,1.0
16207,0.99609375
16208,0.9296875
16209,0.94140625
16210,0.97265625
16211,0.984375
16212,0.98828125
16213,1.0
16214,0.99609375
16215,1.0
16216,0.94921875
16217,0.9609375
16218,0.98828125
16219,0.984375
16220,1.0
16221,0.99609375
16222,1.0
16223,1.0
16224,0.98046875
16225,0.98046875
16226,0.98828125
16227,0.98828125
16228,0.99609375
16229,1.0
16230,1.0
16231,1.0
16232,0.98046875
16233,0.984375
16234,0.9921875
16235,0.99609375
16236,0.99609375
16237,0.99609375
16238,1.0
16239,0.99609375
16240,0.96484375
16241,0.9765625
16242,0.98828125
16243,0.98828125
16244,1.0
16245,0.99609375
16246,0.99609375
16247,1.0
16248,0.9296875
16249,0.96484375
16250,0.97265625
16251,0.98828125
16252,0.9921875
16253,0.99609375
16254,1.0
16255,1.0
16256,0.93359375
16257,0.9609375
16258,0.9765625
16259,0.99609375
16260,1.0
16261,0.99609375
16262,0.99609375
16263,1.0
16264,0.94921875
16265,0.96484375
16266,0.984375
16267,0.99609375
16268,0.99609375
16269,0.99609375
16270,1.0
16271,1.0
16272,0.9609375
16273,0.98046875
16274,0.9765625
16275,1.0
16276,1.0
16277,1.0
16278,0.99609375
16279,1.0
16280,0.95703125
16281,0.984375
16282,0.9921875
16283,0.9921875
16284,0.99609375
16285,1.0
16286,1.0
16287,1.0
16288,0.97265625
16289,0.9765625
16290,0.984375
16291,0.99609375
16292,0.99609375
16293,0.99609375
16294,1.0
16295,1.0
16296,0.9453125
16297,0.96875
16298,0.9921875
16299,0.99609375
16300,0.99609375
16301,1.0
16302,1.0
16303,1.0
16304,0.99609375
16305,0.99609375
16306,0.98828125
16307,0.99609375
16308,1.0
16309,1.0
16310,0.99609375
16311,0.99609375
16312,0.9765625
16313,0.98828125
16314,0.984375
16315,1.0
16316,1.0
16317,0.99609375
16318,0.99609375
16319,0.99609375
16320,0.94921875
16321,0.97265625
16322,0.984375
16323,0.98828125
16324,0.99609375
16325,0.99609375
16326,1.0
16327,1.0
16328,0.97265625
16329,0.98046875
16330,0.99609375
16331,1.0
16332,0.99609375
16333,0.99609375
16334,1.0
16335,1.0
16336,0.94140625
16337,0.9609375
16338,0.96875
16339,0.9921875
16340,0.99609375
16341,1.0
16342,1.0
16343,1.0
16344,0.94921875
16345,0.984375
16346,1.0
16347,1.0
16348,0.99609375
16349,1.0
16350,0.99609375
16351,1.0
16352,0.96484375
16353,0.98046875
16354,0.9921875
16355,0.9921875
16356,0.99609375
16357,1.0
16358,1.0
16359,1.0
16360,0.9921875
16361,0.99609375
16362,0.99609375
16363,0.99609375
16364,0.99609375
16365,0.99609375
16366,1.0
16367,1.0
16368,0.99609375
16369,0.99609375
16370,1.0
16371,0.99609375
16372,0.99609375
16373,1.0
16374,1.0
16375,1.0
16376,0.98828125
16377,0.9921875
16378,0.99609375
16379,0.99609375
16380,0.99609375
16381,1.0
16382,1.0
16383,1.0
16384,0.9453125
16385,0.97265625
16386,0.98046875
16387,0.9921875
16388,1.0
16389,0.99609375
16390,1.0
16391,0.99609375
16392,0.95703125
16393,0.97265625
16394,0.99609375
16395,0.984375
16396,1.0
16397,0.99609375
16398,1.0
16399,1.0
16400,0.97265625
16401,0.984375
16402,0.9921875
16403,0.99609375
16404,1.0
16405,0.99609375
16406,0.99609375
16407,0.99609375
16408,0.953125
16409,0.9453125
16410,0.97265625
16411,0.98828125
16412,0.9921875
16413,0.99609375
16414,1.0
16415,1.0
16416,0.984375
16417,0.98828125
16418,0.9921875
16419,0.99609375
16420,1.0
16421,0.99609375
16422,1.0
16423,0.99609375
16424,0.9765625
16425,0.984375
16426,0.98828125
16427,0.99609375
16428,0.99609375
16429,0.99609375
16430,0.99609375
16431,1.0
16432,0.98046875
16433,0.98828125
16434,0.9921875
16435,0.99609375
16436,0.99609375
16437,1.0
16438,0.99609375
16439,0.99609375
16440,0.953125
16441,0.97265625
16442,0.98046875
16443,1.0
16444,0.99609375
16445,0.99609375
16446,1.0
16447,1.0
16448,0.98046875
16449,0.984375
16450,0.984375
16451,1.0
16452,0.99609375
16453,1.0
16454,1.0
16455,1.0
16456,0.9765625
16457,0.984375
16458,0.98828125
16459,0.98828125
16460,1.0
16461,0.99609375
16462,1.0
16463,0.99609375
16464,0.98828125
16465,0.9921875
16466,1.0
16467,1.0
16468,0.99609375
16469,1.0
16470,0.99609375
16471,1.0
16472,0.9765625
16473,0.98046875
16474,0.99609375
16475,1.0
16476,1.0
16477,1.0
16478,0.99609375
16479,1.0
16480,0.96484375
16481,0.95703125
16482,0.9765625
16483,0.99609375
16484,0.9921875
16485,1.0
16486,0.99609375
16487,1.0
16488,0.9609375
16489,0.984375
16490,1.0
16491,0.9921875
16492,0.99609375
16493,1.0
16494,1.0
16495,1.0
16496,0.96875
16497,0.96875
16498,0.9921875
16499,0.9921875
16500,0.99609375
16501,1.0
16502,0.99609375
16503,0.99609375
16504,0.9921875
16505,0.9921875
16506,1.0
16507,1.0
16508,1.0
16509,0.99609375
16510,1.0
16511,1.0
16512,0.9765625
16513,0.9765625
16514,0.9921875
16515,0.9921875
16516,1.0
16517,0.99609375
16518,1.0
16519,1.0
16520,0.96484375
16521,0.97265625
16522,0.98828125
16523,0.9921875
16524,0.99609375
16525,1.0
16526,0.99609375
16527,0.99609375
16528,0.9453125
16529,0.96484375
16530,0.98046875
16531,0.98828125
16532,0.98828125
16533,1.0
16534,1.0
16535,0.99609375
16536,0.984375
16537,0.9921875
16538,0.984375
16539,0.99609375
16540,0.99609375
16541,1.0
16542,1.0
16543,1.0
16544,0.96484375
16545,0.97265625
16546,0.98828125
16547,0.99609375
16548,1.0
16549,0.99609375
16550,1.0
16551,0.99609375
16552,0.99609375
16553,0.99609375
16554,1.0
16555,0.99609375
16556,0.99609375
16557,1.0
16558,1.0
16559,1.0
16560,0.984375
16561,0.9921875
16562,0.99609375
16563,1.0
16564,0.99609375
16565,1.0
16566,1.0
16567,0.99609375
16568,0.97265625
16569,0.9765625
16570,0.99609375
16571,0.984375
16572,0.99609375
16573,1.0
16574,1.0
16575,1.0
16576,0.9921875
16577,1.0
16578,1.0
16579,0.99609375
16580,0.99609375
16581,0.99609375
16582,1.0
16583,1.0
16584,0.96484375
16585,0.984375
16586,0.99609375
16587,1.0
16588,0.99609375
16589,1.0
16590,0.99609375
16591,1.0
16592,0.94140625
16593,0.94140625
16594,0.95703125
16595,0.99609375
16596,0.99609375
16597,1.0
16598,1.0
16599,1.0
16600,0.91796875
16601,0.95703125
16602,0.98046875
16603,0.99609375
16604,1.0
16605,1.0
16606,1.0
16607,1.0
16608,0.95703125
16609,0.96875
16610,0.984375
16611,0.99609375
16612,1.0
16613,1.0
16614,1.0
16615,1.0
16616,0.98046875
16617,0.98828125
16618,0.99609375
16619,1.0
16620,1.0
16621,1.0
16622,1.0
16623,0.99609375
16624,0.9609375
16625,0.96484375
16626,0.984375
16627,0.9921875
16628,1.0
16629,1.0
16630,1.0
16631,1.0
16632,0.96875
16633,0.984375
16634,0.98828125
16635,0.99609375
16636,0.99609375
16637,0.99609375
16638,0.99609375
16639,1.0
16640,0.9765625
16641,0.98046875
16642,0.99609375
16643,0.99609375
16644,1.0
16645,1.0
16646,0.99609375
16647,0.99609375
16648,0.97265625
16649,0.98046875
16650,0.98828125
16651,0.99609375
16652,0.99609375
16653,0.99609375
16654,0.99609375
16655,0.99609375
16656,0.96484375
16657,0.984375
16658,0.98828125
16659,0.9921875
16660,1.0
16661,1.0
16662,1.0
16663,1.0
16664,0.99609375
16665,1.0
16666,0.99609375
16667,0.99609375
16668,0.99609375
16669,1.0
16670,1.0
16671,1.0
16672,0.984375
16673,0.984375
16674,0.98046875
16675,0.9921875
16676,0.99609375
16677,1.0
16678,1.0
16679,0.99609375
16680,0.97265625
16681,0.98828125
16682,0.984375
16683,0.99609375
16684,0.99609375
16685,1.0
16686,0.99609375
16687,1.0
16688,0.91015625
16689,0.94140625
16690,0.97265625
16691,0.98828125
16692,0.9921875
16693,1.0
16694,0.99609375
16695,1.0
16696,0.9375
16697,0.96484375
16698,0.98046875
16699,0.98828125
16700,0.99609375
16701,1.0
16702,0.99609375
16703,0.99609375
16704,0.9921875
16705,0.99609375
16706,1.0
16707,0.99609375
16708,0.99609375
16709,1.0
16710,1.0
16711,1.0
16712,0.92578125
16713,0.94921875
16714,0.984375
16715,0.98828125
16716,0.99609375
16717,1.0
16718,0.99609375
16719,1.0
16720,0.97265625
16721,0.98828125
16722,0.98046875
16723,0.99609375
16724,1.0
16725,0.99609375
16726,0.99609375
16727,0.99609375
16728,0.93359375
16729,0.97265625
16730,0.99609375
16731,0.984375
16732,0.9921875
16733,1.0
16734,0.99609375
16735,0.99609375
16736,0.984375
16737,0.99609375
16738,1.0
16739,1.0
16740,1.0
16741,1.0
16742,0.99609375
16743,1.0
16744,0.95703125
16745,0.984375
16746,0.99609375
16747,0.9921875
16748,1.0
16749,1.0
16750,1.0
16751,1.0
16752,0.99609375
16753,0.9921875
16754,0.99609375
16755,1.0
16756,0.99609375
16757,1.0
16758,1.0
16759,1.0
16760,1.0
16761,1.0
16762,1.0
16763,1.0
16764,1.0
16765,1.0
16766,1.0
16767,1.0
16768,1.0
16769,1.0
16770,1.0
16771,1.0
16772,1.0
16773,1.0
16774,1.0
16775,1.0
16776,0.95703125
16777,0.9609375
16778,0.98828125
16779,1.0
16780,0.99609375
16781,1.0
16782,1.0
16783,1.0
16784,0.921875
16785,0.9609375
16786,0.96484375
16787,0.984375
16788,0.9921875
16789,0.99609375
16790,0.99609375
16791,1.0
16792,0.98828125
16793,0.99609375
16794,1.0
16795,1.0
16796,1.0
16797,1.0
16798,1.0
16799,1.0
16800,0.9609375
16801,0.94921875
16802,0.98828125
16803,0.99609375
16804,0.99609375
16805,0.99609375
16806,1.0
16807,1.0
16808,0.97265625
16809,0.97265625
16810,0.9921875
16811,1.0
16812,0.99609375
16813,1.0
16814,1.0
16815,1.0
16816,0.95703125
16817,0.96875
16818,0.9765625
16819,0.9921875
16820,0.9921875
16821,1.0
16822,1.0
16823,1.0
16824,0.89453125
16825,0.92578125
16826,0.9453125
16827,0.9609375
16828,0.98046875
16829,1.0
16830,1.0
16831,1.0
16832,0.9921875
16833,0.9921875
16834,0.99609375
16835,0.99609375
16836,1.0
16837,1.0
16838,1.0
16839,1.0
16840,0.8671875
16841,0.91015625
16842,0.953125
16843,0.9765625
16844,0.9921875
16845,0.9921875
16846,0.99609375
16847,1.0
16848,0.96484375
16849,0.96484375
16850,0.984375
16851,1.0
16852,0.9921875
16853,0.99609375
16854,1.0
16855,0.99609375
16856,0.96484375
16857,0.97265625
16858,0.984375
16859,0.99609375
16860,0.99609375
16861,0.99609375
16862,0.99609375
16863,1.0
16864,0.9453125
16865,0.95703125
16866,0.9609375
16867,0.98046875
16868,0.99609375
16869,0.99609375
16870,1.0
16871,1.0
16872,0.93359375
16873,0.95703125
16874,0.96875
16875,0.984375
16876,0.9921875
16877,1.0
16878,0.99609375
16879,0.99609375
16880,0.96875
16881,0.9765625
16882,0.9921875
16883,0.9921875
16884,0.99609375
16885,1.0
16886,1.0
16887,1.0
16888,0.93359375
16889,0.95703125
16890,0.9765625
16891,0.99609375
16892,1.0
16893,0.9921875
16894,0.99609375
16895,1.0
16896,0.9921875
16897,0.99609375
16898,0.99609375
16899,0.99609375
16900,0.99609375
16901,1.0
16902,1.0
16903,1.0
16904,0.90625
16905,0.93359375
16906,0.9609375
16907,0.98046875
16908,0.98828125
16909,0.9921875
16910,0.99609375
16911,1.0
16912,0.9140625
16913,0.9296875
16914,0.96484375
16915,0.9765625
16916,0.98828125
16917,0.9921875
16918,1.0
16919,0.99609375
16920,0.97265625
16921,0.98046875
16922,0.984375
16923,0.9921875
16924,1.0
16925,1.0
16926,0.99609375
16927,1.0
16928,0.96484375
16929,0.97265625
16930,0.984375
16931,1.0
16932,1.0
16933,1.0
16934,1.0
16935,1.0
16936,0.953125
16937,0.97265625
16938,0.9765625
16939,0.984375
16940,0.99609375
16941,0.99609375
16942,1.0
16943,0.99609375
16944,0.96875
16945,0.96875
16946,0.984375
16947,0.9921875
16948,1.0
16949,0.99609375
16950,0.99609375
16951,1.0
16952,0.94921875
16953,0.95703125
16954,0.984375
16955,0.99609375
16956,0.9921875
16957,1.0
16958,0.99609375
16959,1.0
16960,0.9765625
16961,0.98046875
16962,0.98828125
16963,1.0
16964,1.0
16965,1.0
16966,1.0
16967,1.0
16968,0.98828125
16969,1.0
16970,0.99609375
16971,1.0
16972,1.0
16973,1.0
16974,1.0
16975,1.0
16976,0.93359375
16977,0.953125
16978,0.97265625
16979,0.98828125
16980,1.0
16981,1.0
16982,0.99609375
16983,0.99609375
16984,0.953125
16985,0.96484375
16986,0.98046875
16987,0.9921875
16988,1.0
16989,0.99609375
16990,1.0
16991,1.0
16992,0.98046875
16993,0.96875
16994,0.9921875
16995,0.99609375
16996,0.99609375
16997,0.99609375
16998,1.0
16999,1.0
17000,0.9453125
17001,0.96484375
17002,0.984375
17003,0.99609375
17004,0.99609375
17005,1.0
17006,1.0
17007,1.0
17008,0.94921875
17009,0.96484375
17010,0.984375
17011,0.9921875
17012,0.99609375
17013,1.0
17014,1.0
17015,1.0
17016,0.98046875
17017,0.98828125
17018,0.9921875
17019,1.0
17020,0.99609375
17021,1.0
17022,0.99609375
17023,1.0
17024,0.97265625
17025,0.97265625
17026,0.98828125
17027,1.0
17028,0.9921875
17029,1.0
17030,1.0
17031,0.99609375
17032,0.96484375
17033,0.96875
17034,0.98046875
17035,0.98828125
17036,1.0
17037,0.99609375
17038,1.0
17039,1.0
17040,0.98046875
17041,0.9921875
17042,0.99609375
17043,0.99609375
17044,0.99609375
17045,1.0
17046,0.99609375
17047,1.0
17048,0.96484375
17049,0.9765625
17050,0.9921875
17051,0.99609375
17052,0.99609375
17053,1.0
17054,0.99609375
17055,1.0
17056,0.91015625
17057,0.9453125
17058,0.9765625
17059,0.99609375
17060,0.99609375
17061,0.9921875
17062,0.99609375
17063,0.99609375
17064,0.95703125
17065,0.97265625
17066,0.9765625
17067,0.9921875
17068,1.0
17069,0.99609375
17070,1.0
17071,1.0
17072,0.984375
17073,0.98828125
17074,0.99609375
17075,0.99609375
17076,1.0
17077,0.99609375
17078,0.99609375
17079,1.0
17080,0.91015625
17081,0.9375
17082,0.9609375
17083,0.96875
17084,0.99609375
17085,0.99609375
17086,0.99609375
17087,0.99609375
17088,0.96875
17089,0.984375
17090,0.984375
17091,0.99609375
17092,1.0
17093,1.0
17094,0.99609375
17095,1.0
17096,0.97265625
17097,0.96484375
17098,0.9921875
17099,1.0
17100,0.99609375
17101,1.0
17102,1.0
17103,1.0
17104,0.97265625
17105,0.9765625
17106,1.0
17107,1.0
17108,0.99609375
17109,0.99609375
17110,1.0
17111,1.0
17112,0.96875
17113,0.984375
17114,0.984375
17115,1.0
17116,1.0
17117,0.99609375
17118,1.0
17119,1.0
17120,0.98046875
17121,0.98046875
17122,0.9921875
17123,1.0
17124,1.0
17125,1.0
17126,0.99609375
17127,1.0
17128,0.96875
17129,0.98046875
17130,0.984375
17131,1.0
17132,1.0
17133,1.0
17134,1.0
17135,1.0
17136,0.91796875
17137,0.9453125
17138,0.96484375
17139,0.98046875
17140,0.98828125
17141,0.99609375
17142,1.0
17143,0.99609375
17144,0.9453125
17145,0.95703125
17146,0.9765625
17147,0.9921875
17148,0.99609375
17149,0.99609375
17150,0.99609375
17151,1.0
17152,0.96875
17153,0.98046875
17154,0.98046875
17155,0.99609375
17156,1.0
17157,1.0
17158,1.0
17159,1.0
17160,0.97265625
17161,0.97265625
17162,0.9921875
17163,1.0
17164,0.9921875
17165,0.99609375
17166,1.0
17167,1.0
17168,0.94140625
17169,0.9453125
17170,0.98046875
17171,0.98828125
17172,0.99609375
17173,0.99609375
17174,0.99609375
17175,1.0
17176,0.953125
17177,0.96484375
17178,0.9765625
17179,0.98828125
17180,0.9921875
17181,0.99609375
17182,0.99609375
17183,0.99609375
17184,0.96875
17185,0.96875
17186,0.9921875
17187,0.99609375
17188,0.99609375
17189,0.99609375
17190,0.99609375
17191,1.0
17192,0.9453125
17193,0.96875
17194,0.98046875
17195,0.98828125
17196,1.0
17197,0.99609375
17198,0.99609375
17199,1.0
17200,0.94921875
17201,0.94140625
17202,0.95703125
17203,0.98046875
17204,0.9921875
17205,0.99609375
17206,1.0
17207,0.99609375
17208,0.96484375
17209,0.984375
17210,1.0
17211,0.99609375
17212,1.0
17213,1.0
17214,0.99609375
17215,1.0
17216,0.94140625
17217,0.9453125
17218,0.9765625
17219,0.9921875
17220,0.9921875
17221,0.99609375
17222,1.0
17223,1.0
17224,0.96875
17225,0.98046875
17226,0.99609375
17227,1.0
17228,1.0
17229,1.0
17230,1.0
17231,1.0
17232,0.9609375
17233,0.97265625
17234,0.98046875
17235,1.0
17236,1.0
17237,1.0
17238,1.0
17239,1.0
17240,0.9453125
17241,0.95703125
17242,0.96484375
17243,0.9921875
17244,1.0
17245,0.9921875
17246,0.99609375
17247,1.0
17248,0.96875
17249,0.9765625
17250,0.984375
17251,0.9921875
17252,0.99609375
17253,1.0
17254,1.0
17255,1.0
17256,0.95703125
17257,0.97265625
17258,0.98046875
17259,0.99609375
17260,1.0
17261,1.0
17262,1.0
17263,1.0
17264,0.91015625
17265,0.94140625
17266,0.9765625
17267,0.984375
17268,0.99609375
17269,0.99609375
17270,0.99609375
17271,1.0
17272,0.984375
17273,0.98828125
17274,1.0
17275,0.9921875
17276,0.99609375
17277,1.0
17278,0.99609375
17279,1.0
17280,0.94140625
17281,0.96484375
17282,0.9765625
17283,0.98828125
17284,0.99609375
17285,0.99609375
17286,0.99609375
17287,1.0
17288,0.96484375
17289,0.96484375
17290,0.9765625
17291,0.99609375
17292,0.99609375
17293,0.99609375
17294,0.99609375
17295,1.0
17296,0.93359375
17297,0.97265625
17298,0.99609375
17299,0.984375
17300,0.9921875
17301,0.9921875
17302,1.0
17303,0.99609375
17304,0.94921875
17305,0.96875
17306,0.97265625
17307,0.984375
17308,0.9921875
17309,1.0
17310,1.0
17311,1.0
17312,0.89453125
17313,0.91796875
17314,0.9609375
17315,0.9765625
17316,0.9921875
17317,0.99609375
17318,1.0
17319,1.0
17320,0.9765625
17321,0.98828125
17322,0.98828125
17323,0.99609375
17324,0.99609375
17325,1.0
17326,1.0
17327,1.0
17328,0.89453125
17329,0.9453125
17330,0.984375
17331,0.97265625
17332,0.99609375
17333,1.0
17334,1.0
17335,1.0
17336,0.9453125
17337,0.97265625
17338,0.98046875
17339,0.9921875
17340,1.0
17341,0.99609375
17342,0.99609375
17343,0.99609375
17344,0.9453125
17345,0.9453125
17346,0.96875
17347,0.9921875
17348,1.0
17349,0.9921875
17350,1.0
17351,0.99609375
17352,0.9296875
17353,0.94140625
17354,0.96875
17355,0.99609375
17356,1.0
17357,0.99609375
17358,0.99609375
17359,1.0
17360,0.97265625
17361,0.98046875
17362,0.98828125
17363,1.0
17364,1.0
17365,1.0
17366,1.0
17367,1.0
17368,0.94921875
17369,0.96875
17370,0.96875
17371,0.98828125
17372,0.99609375
17373,1.0
17374,1.0
17375,1.0
17376,0.9453125
17377,0.95703125
17378,0.96875
17379,0.984375
17380,0.9921875
17381,0.9921875
17382,1.0
17383,0.99609375
17384,0.99609375
17385,0.99609375
17386,0.99609375
17387,0.99609375
17388,1.0
17389,1.0
17390,1.0
17391,1.0
17392,0.9296875
17393,0.9453125
17394,0.9765625
17395,0.98828125
17396,0.9921875
17397,0.99609375
17398,1.0
17399,1.0
17400,0.94140625
17401,0.95703125
17402,0.98046875
17403,0.98828125
17404,0.99609375
17405,0.99609375
17406,0.99609375
17407,1.0
17408,0.96484375
17409,0.98828125
17410,0.9765625
17411,0.98828125
17412,0.99609375
17413,0.99609375
17414,1.0
17415,1.0
17416,0.9609375
17417,0.96484375
17418,0.98046875
17419,1.0
17420,0.9921875
17421,0.99609375
17422,1.0
17423,1.0
17424,0.9765625
17425,0.9765625
17426,0.9921875
17427,1.0
17428,1.0
17429,1.0
17430,1.0
17431,1.0
17432,0.953125
17433,0.94921875
17434,0.96875
17435,0.984375
17436,0.99609375
17437,1.0
17438,1.0
17439,1.0
17440,0.9921875
17441,0.99609375
17442,0.99609375
17443,0.99609375
17444,1.0
17445,1.0
17446,1.0
17447,1.0
17448,0.94921875
17449,0.9765625
17450,0.98046875
17451,0.9921875
17452,0.9921875
17453,0.9921875
17454,1.0
17455,1.0
17456,0.95703125
17457,0.9765625
17458,0.98828125
17459,0.9921875
17460,0.99609375
17461,1.0
17462,1.0
17463,1.0
17464,1.0
17465,0.99609375
17466,1.0
17467,1.0
17468,1.0
17469,1.0
17470,1.0
17471,1.0
17472,0.91796875
17473,0.97265625
17474,0.9609375
17475,0.99609375
17476,1.0
17477,1.0
17478,1.0
17479,0.99609375
17480,0.91015625
17481,0.9453125
17482,0.97265625
17483,0.98046875
17484,1.0
17485,0.9921875
17486,0.99609375
17487,1.0
17488,0.97265625
17489,0.97265625
17490,0.98046875
17491,0.9921875
17492,1.0
17493,0.99609375
17494,0.99609375
17495,1.0
17496,0.984375
17497,0.9921875
17498,0.99609375
17499,1.0
17500,1.0
17501,1.0
17502,1.0
17503,1.0
17504,0.9921875
17505,0.98828125
17506,0.9921875
17507,0.99609375
17508,1.0
17509,1.0
17510,1.0
17511,1.0
17512,0.9765625
17513,0.984375
17514,0.98828125
17515,0.99609375
17516,1.0
17517,1.0
17518,1.0
17519,1.0
17520,0.96484375
17521,0.9765625
17522,0.9921875
17523,1.0
17524,1.0
17525,1.0
17526,1.0
17527,1.0
17528,0.9375
17529,0.9609375
17530,0.98828125
17531,1.0
17532,0.99609375
17533,0.99609375
17534,0.99609375
17535,1.0
17536,0.98828125
17537,0.98828125
17538,0.99609375
17539,1.0
17540,1.0
17541,1.0
17542,1.0
17543,1.0
17544,0.9609375
17545,0.9765625
17546,0.99609375
17547,0.99609375
17548,0.99609375
17549,0.99609375
17550,0.99609375
17551,0.99609375
17552,0.9296875
17553,0.96484375
17554,0.96484375
17555,0.984375
17556,1.0
17557,0.99609375
17558,0.99609375
17559,1.0
17560,0.96875
17561,0.96875
17562,0.98046875
17563,0.99609375
17564,1.0
17565,1.0
17566,1.0
17567,1.0
17568,0.91796875
17569,0.953125
17570,0.96875
17571,0.9765625
17572,0.9921875
17573,1.0
17574,1.0
17575,1.0
17576,0.96875
17577,0.9921875
17578,0.99609375
17579,0.99609375
17580,1.0
17581,1.0
17582,1.0
17583,1.0
17584,1.0
17585,1.0
17586,0.99609375
17587,1.0
17588,1.0
17589,1.0
17590,1.0
17591,1.0
17592,0.97265625
17593,0.98046875
17594,0.984375
17595,0.9921875
17596,1.0
17597,0.99609375
17598,1.0
17599,1.0
17600,0.98046875
17601,0.99609375
17602,0.99609375
17603,0.99609375
17604,1.0
17605,0.99609375
17606,1.0
17607,1.0
17608,0.96875
17609,0.96484375
17610,0.9921875
17611,1.0
17612,1.0
17613,1.0
17614,1.0
17615,1.0
17616,0.97265625
17617,0.9765625
17618,0.9765625
17619,0.98828125
17620,1.0
17621,1.0
17622,1.0
17623,1.0
17624,0.96484375
17625,0.9765625
17626,0.98828125
17627,1.0
17628,1.0
17629,0.99609375
17630,1.0
17631,1.0
17632,0.9609375
17633,0.97265625
17634,0.98828125
17635,0.98828125
17636,1.0
17637,0.99609375
17638,1.0
17639,0.99609375
17640,0.98046875
17641,0.96875
17642,1.0
17643,1.0
17644,1.0
17645,1.0
17646,1.0
17647,1.0
17648,0.94921875
17649,0.95703125
17650,0.96875
17651,0.9921875
17652,1.0
17653,1.0
17654,0.99609375
17655,1.0
17656,0.97265625
17657,0.984375
17658,0.9921875
17659,1.0
17660,0.99609375
17661,0.99609375
17662,1.0
17663,1.0
17664,0.94921875
17665,0.96484375
17666,0.984375
17667,1.0
17668,0.99609375
17669,0.99609375
17670,1.0
17671,0.99609375
17672,0.9453125
17673,0.9765625
17674,0.9609375
17675,0.99609375
17676,0.99609375
17677,0.99609375
17678,0.99609375
17679,1.0
17680,0.99609375
17681,0.99609375
17682,1.0
17683,1.0
17684,1.0
17685,1.0
17686,1.0
17687,1.0
17688,0.953125
17689,0.9609375
17690,0.984375
17691,0.98828125
17692,0.9921875
17693,1.0
17694,0.99609375
17695,0.99609375
17696,0.98046875
17697,0.97265625
17698,0.98828125
17699,0.9921875
17700,0.99609375
17701,1.0
17702,0.99609375
17703,1.0
17704,0.984375
17705,0.9921875
17706,1.0
17707,1.0
17708,1.0
17709,1.0
17710,1.0
17711,1.0
17712,0.98828125
17713,1.0
17714,0.99609375
17715,1.0
17716,1.0
17717,1.0
17718,1.0
17719,1.0
17720,0.984375
17721,0.98828125
17722,0.9921875
17723,0.99609375
17724,0.99609375
17725,0.99609375
17726,1.0
17727,1.0
17728,0.953125
17729,0.9453125
17730,0.98046875
17731,0.9921875
17732,1.0
17733,1.0
17734,0.99609375
17735,1.0
17736,0.92578125
17737,0.96484375
17738,0.984375
17739,0.9921875
17740,1.0
17741,0.99609375
17742,1.0
17743,1.0
17744,0.95703125
17745,0.96875
17746,0.984375
17747,0.99609375
17748,1.0
17749,1.0
17750,0.99609375
17751,1.0
17752,0.9765625
17753,0.98828125
17754,1.0
17755,0.99609375
17756,1.0
17757,0.99609375
17758,1.0
17759,1.0
17760,0.9765625
17761,0.984375
17762,0.984375
17763,0.9921875
17764,0.99609375
17765,0.99609375
17766,1.0
17767,1.0
17768,0.94921875
17769,0.953125
17770,0.9609375
17771,0.9921875
17772,0.9921875
17773,0.9921875
17774,1.0
17775,0.99609375
17776,0.99609375
17777,0.99609375
17778,1.0
17779,1.0
17780,1.0
17781,1.0
17782,1.0
17783,1.0
17784,0.9765625
17785,0.984375
17786,0.9921875
17787,0.99609375
17788,0.99609375
17789,1.0
17790,0.99609375
17791,1.0
17792,0.97265625
17793,0.9765625
17794,1.0
17795,1.0
17796,1.0
17797,1.0
17798,1.0
17799,1.0
17800,0.96484375
17801,0.99609375
17802,1.0
17803,1.0
17804,1.0
17805,0.99609375
17806,1.0
17807,1.0
17808,0.98046875
17809,1.0
17810,0.99609375
17811,0.99609375
17812,1.0
17813,0.99609375
17814,1.0
17815,1.0
17816,0.92578125
17817,0.94140625
17818,0.95703125
17819,0.9765625
17820,0.99609375
17821,1.0
17822,0.99609375
17823,1.0
17824,0.984375
17825,0.9921875
17826,1.0
17827,1.0
17828,1.0
17829,1.0
17830,1.0
17831,1.0
17832,0.97265625
17833,0.98046875
17834,0.98828125
17835,0.99609375
17836,1.0
17837,0.99609375
17838,0.99609375
17839,1.0
17840,0.97265625
17841,0.9765625
17842,0.9921875
17843,1.0
17844,0.99609375
17845,1.0
17846,1.0
17847,1.0
17848,0.96875
17849,0.98046875
17850,0.9921875
17851,0.9921875
17852,1.0
17853,0.99609375
17854,0.99609375
17855,0.99609375
17856,0.890625
17857,0.9375
17858,0.94921875
17859,0.98828125
17860,0.99609375
17861,0.99609375
17862,1.0
17863,0.99609375
17864,0.9921875
17865,0.9921875
17866,0.99609375
17867,1.0
17868,0.99609375
17869,0.99609375
17870,1.0
17871,1.0
17872,0.90234375
17873,0.90625
17874,0.9453125
17875,0.98828125
17876,0.98046875
17877,0.99609375
17878,0.99609375
17879,1.0
17880,0.94921875
17881,0.97265625
17882,0.98046875
17883,0.9921875
17884,0.99609375
17885,1.0
17886,1.0
17887,1.0
17888,0.96484375
17889,0.96484375
17890,0.984375
17891,0.99609375
17892,1.0
17893,0.99609375
17894,0.99609375
17895,1.0
17896,0.9140625
17897,0.9375
17898,0.96875
17899,0.98828125
17900,0.99609375
17901,0.99609375
17902,0.99609375
17903,0.99609375
17904,0.9375
17905,0.953125
17906,0.9609375
17907,0.98828125
17908,0.99609375
17909,0.99609375
17910,0.99609375
17911,0.99609375
17912,0.96875
17913,0.984375
17914,0.984375
17915,1.0
17916,1.0
17917,1.0
17918,1.0
17919,1.0
17920,0.94140625
17921,0.94921875
17922,0.9765625
17923,0.98828125
17924,1.0
17925,0.99609375
17926,1.0
17927,0.99609375
17928,0.9921875
17929,0.99609375
17930,0.99609375
17931,0.99609375
17932,1.0
17933,1.0
17934,1.0
17935,1.0
17936,0.90625
17937,0.92578125
17938,0.9609375
17939,0.9765625
17940,0.9921875
17941,0.99609375
17942,0.99609375
17943,1.0
17944,0.91796875
17945,0.95703125
17946,0.96875
17947,0.98046875
17948,1.0
17949,1.0
17950,0.99609375
17951,1.0
17952,0.97265625
17953,0.9765625
17954,1.0
17955,1.0
17956,1.0
17957,0.99609375
17958,1.0
17959,1.0
17960,0.9609375
17961,0.96484375
17962,0.98828125
17963,0.99609375
17964,1.0
17965,1.0
17966,1.0
17967,1.0
17968,0.96875
17969,0.9609375
17970,0.9765625
17971,0.99609375
17972,0.99609375
17973,1.0
17974,1.0
17975,1.0
17976,0.9609375
17977,0.97265625
17978,0.98828125
17979,0.99609375
17980,0.99609375
17981,1.0
17982,1.0
17983,1.0
17984,0.96875
17985,0.98046875
17986,0.9921875
17987,0.99609375
17988,1.0
17989,1.0
17990,1.0
17991,1.0
17992,0.9765625
17993,0.984375
17994,0.99609375
17995,1.0
17996,1.0
17997,1.0
17998,1.0
17999,1.0
18000,0.9921875
18001,1.0
18002,1.0
18003,0.99609375
18004,1.0
18005,0.99609375
18006,1.0
18007,1.0
18008,0.91796875
18009,0.953125
18010,0.9765625
18011,0.98828125
18012,1.0
18013,0.99609375
18014,0.99609375
18015,1.0
18016,0.95703125
18017,0.95703125
18018,0.97265625
18019,0.9921875
18020,0.9921875
18021,0.99609375
18022,1.0
18023,0.99609375
18024,0.97265625
18025,0.984375
18026,0.99609375
18027,0.9921875
18028,1.0
18029,1.0
18030,0.99609375
18031,1.0
18032,0.96875
18033,0.984375
18034,0.99609375
18035,0.9921875
18036,1.0
18037,0.99609375
18038,0.99609375
18039,1.0
18040,0.95703125
18041,0.97265625
18042,0.984375
18043,0.99609375
18044,0.99609375
18045,0.99609375
18046,0.99609375
18047,0.99609375
18048,0.9765625
18049,0.9921875
18050,1.0
18051,0.9921875
18052,1.0
18053,0.99609375
18054,1.0
18055,1.0
18056,0.96484375
18057,0.984375
18058,0.98828125
18059,0.9921875
18060,1.0
18061,1.0
18062,1.0
18063,1.0
18064,0.953125
18065,0.97265625
18066,0.98046875
18067,0.9921875
18068,1.0
18069,0.99609375
18070,1.0
18071,1.0
18072,0.98828125
18073,0.984375
18074,0.99609375
18075,0.99609375
18076,0.99609375
18077,1.0
18078,1.0
18079,1.0
18080,0.98046875
18081,0.9765625
18082,0.98828125
18083,1.0
18084,0.99609375
18085,0.99609375
18086,0.99609375
18087,1.0
18088,0.921875
18089,0.9453125
18090,0.96875
18091,0.98828125
18092,1.0
18093,0.9921875
18094,1.0
18095,1.0
18096,0.95703125
18097,0.97265625
18098,0.9765625
18099,0.984375
18100,1.0
18101,0.9921875
18102,0.99609375
18103,1.0
18104,0.97265625
18105,0.98046875
18106,1.0
18107,0.99609375
18108,1.0
18109,1.0
18110,1.0
18111,1.0
18112,0.90625
18113,0.94140625
18114,0.95703125
18115,0.96875
18116,0.98828125
18117,0.99609375
18118,0.99609375
18119,0.99609375
18120,0.95703125
18121,0.96875
18122,0.98046875
18123,0.99609375
18124,0.99609375
18125,1.0
18126,1.0
18127,1.0
18128,0.95703125
18129,0.9609375
18130,0.984375
18131,0.9921875
18132,0.9921875
18133,0.99609375
18134,1.0
18135,1.0
18136,0.96875
18137,0.9765625
18138,1.0
18139,1.0
18140,0.99609375
18141,1.0
18142,1.0
18143,1.0
18144,0.97265625
18145,0.984375
18146,0.984375
18147,0.9921875
18148,0.99609375
18149,1.0
18150,1.0
18151,1.0
18152,0.9765625
18153,0.98046875
18154,0.9921875
18155,0.99609375
18156,1.0
18157,0.99609375
18158,0.99609375
18159,1.0
18160,0.97265625
18161,0.98046875
18162,0.9921875
18163,0.9921875
18164,1.0
18165,0.99609375
18166,0.99609375
18167,1.0
18168,0.94140625
18169,0.9453125
18170,0.9765625
18171,0.98828125
18172,0.98828125
18173,0.9921875
18174,0.99609375
18175,0.99609375
18176,0.94921875
18177,0.9609375
18178,0.9765625
18179,0.99609375
18180,0.99609375
18181,0.99609375
18182,0.99609375
18183,0.99609375
18184,0.97265625
18185,0.9765625
18186,0.98828125
18187,0.99609375
18188,0.99609375
18189,0.99609375
18190,1.0
18191,1.0
18192,0.96484375
18193,0.97265625
18194,0.98828125
18195,0.9921875
18196,1.0
18197,1.0
18198,1.0
18199,1.0
18200,0.9453125
18201,0.96875
18202,0.96484375
18203,0.98828125
18204,0.9921875
18205,1.0
18206,1.0
18207,0.99609375
18208,0.95703125
18209,0.96875
18210,0.9765625
18211,0.99609375
18212,0.99609375
18213,1.0
18214,0.99609375
18215,1.0
18216,0.96484375
18217,0.97265625
18218,0.9921875
18219,0.99609375
18220,0.99609375
18221,1.0
18222,0.99609375
18223,1.0
18224,0.94140625
18225,0.953125
18226,0.96484375
18227,0.98828125
18228,0.99609375
18229,0.99609375
18230,0.99609375
18231,1.0
18232,0.9375
18233,0.95703125
18234,0.97265625
18235,0.98828125
18236,1.0
18237,1.0
18238,0.99609375
18239,1.0
18240,0.96875
18241,0.97265625
18242,0.9921875
18243,0.99609375
18244,0.99609375
18245,0.99609375
18246,1.0
18247,1.0
18248,0.94921875
18249,0.9609375
18250,0.96484375
18251,0.98828125
18252,0.9921875
18253,0.99609375
18254,0.99609375
18255,1.0
18256,0.9765625
18257,0.99609375
18258,0.99609375
18259,1.0
18260,1.0
18261,1.0
18262,0.99609375
18263,1.0
18264,0.95703125
18265,0.96875
18266,0.984375
18267,0.99609375
18268,0.99609375
18269,1.0
18270,1.0
18271,1.0
18272,0.94140625
18273,0.94140625
18274,0.98046875
18275,0.984375
18276,0.9921875
18277,1.0
18278,1.0
18279,1.0
18280,0.96484375
18281,0.9765625
18282,0.98046875
18283,0.99609375
18284,0.99609375
18285,1.0
18286,1.0
18287,0.99609375
18288,0.953125
18289,0.97265625
18290,0.98828125
18291,0.99609375
18292,0.99609375
18293,1.0
18294,1.0
18295,1.0
18296,0.9140625
18297,0.953125
18298,0.96484375
18299,0.9765625
18300,0.9921875
18301,0.99609375
18302,0.99609375
18303,1.0
18304,0.98828125
18305,0.984375
18306,1.0
18307,0.9921875
18308,1.0
18309,1.0
18310,1.0
18311,1.0
18312,0.921875
18313,0.953125
18314,0.9609375
18315,0.99609375
18316,0.98828125
18317,1.0
18318,1.0
18319,1.0
18320,0.9609375
18321,0.9609375
18322,0.9765625
18323,0.984375
18324,1.0
18325,0.99609375
18326,1.0
18327,1.0
18328,0.953125
18329,0.95703125
18330,0.99609375
18331,0.99609375
18332,0.99609375
18333,0.99609375
18334,1.0
18335,1.0
18336,0.94140625
18337,0.96484375
18338,0.98046875
18339,0.98828125
18340,1.0
18341,1.0
18342,1.0
18343,1.0
18344,0.92578125
18345,0.96484375
18346,0.9609375
18347,0.9765625
18348,0.99609375
18349,0.99609375
18350,0.99609375
18351,1.0
18352,0.96875
18353,0.984375
18354,0.984375
18355,0.99609375
18356,0.99609375
18357,0.99609375
18358,0.99609375
18359,0.99609375
18360,0.90625
18361,0.9453125
18362,0.94921875
18363,0.9765625
18364,0.9921875
18365,0.99609375
18366,1.0
18367,0.99609375
18368,0.94921875
18369,0.984375
18370,0.98046875
18371,0.99609375
18372,1.0
18373,1.0
18374,0.99609375
18375,1.0
18376,0.91796875
18377,0.96875
18378,0.984375
18379,0.9921875
18380,0.98828125
18381,0.9921875
18382,1.0
18383,1.0
18384,0.9296875
18385,0.9375
18386,0.97265625
18387,0.984375
18388,1.0
18389,0.99609375
18390,0.99609375
18391,0.99609375
18392,0.97265625
18393,0.9765625
18394,0.99609375
18395,1.0
18396,0.99609375
18397,1.0
18398,1.0
18399,1.0
18400,0.95703125
18401,0.96484375
18402,0.98828125
18403,0.99609375
18404,0.99609375
18405,0.99609375
18406,1.0
18407,1.0
18408,0.9375
18409,0.94921875
18410,0.98046875
18411,0.98828125
18412,1.0
18413,0.9921875
18414,0.99609375
18415,1.0
18416,0.99609375
18417,1.0
18418,0.99609375
18419,0.99609375
18420,1.0
18421,1.0
18422,1.0
18423,1.0
18424,0.9140625
18425,0.95703125
18426,0.9609375
18427,0.984375
18428,0.99609375
18429,0.99609375
18430,1.0
18431,0.99609375
18432,0.9375
18433,0.9609375
18434,0.984375
18435,0.9921875
18436,0.99609375
18437,0.99609375
18438,1.0
18439,1.0
18440,0.96484375
18441,0.98828125
18442,0.96875
18443,1.0
18444,0.99609375
18445,1.0
18446,0.99609375
18447,1.0
18448,0.95703125
18449,0.96484375
18450,0.9765625
18451,0.9921875
18452,1.0
18453,1.0
18454,1.0
18455,1.0
18456,0.97265625
18457,0.97265625
18458,0.9921875
18459,0.99609375
18460,0.99609375
18461,1.0
18462,1.0
18463,1.0
18464,0.953125
18465,0.9609375
18466,0.97265625
18467,0.984375
18468,1.0
18469,1.0
18470,1.0
18471,1.0
18472,0.99609375
18473,1.0
18474,1.0
18475,1.0
18476,1.0
18477,1.0
18478,1.0
18479,1.0
18480,0.953125
18481,0.97265625
18482,0.98046875
18483,0.99609375
18484,1.0
18485,1.0
18486,1.0
18487,1.0
18488,0.96484375
18489,0.9765625
18490,0.9921875
18491,0.99609375
18492,1.0
18493,0.99609375
18494,0.99609375
18495,1.0
18496,0.99609375
18497,0.99609375
18498,1.0
18499,1.0
18500,1.0
18501,1.0
18502,1.0
18503,1.0
18504,0.96484375
18505,0.96875
18506,0.98828125
18507,0.9921875
18508,0.99609375
18509,0.99609375
18510,0.99609375
18511,1.0
18512,0.9375
18513,0.953125
18514,0.9765625
18515,0.99609375
18516,0.9921875
18517,0.9921875
18518,1.0
18519,1.0
18520,0.9765625
18521,0.97265625
18522,0.98828125
18523,0.9921875
18524,0.9921875
18525,1.0
18526,0.99609375
18527,1.0
18528,0.98828125
18529,0.98828125
18530,0.99609375
18531,0.99609375
18532,1.0
18533,1.0
18534,1.0
18535,1.0
18536,0.99609375
18537,0.99609375
18538,0.9921875
18539,0.99609375
18540,1.0
18541,1.0
18542,1.0
18543,1.0
18544,0.96875
18545,0.984375
18546,1.0
18547,1.0
18548,0.9921875
18549,0.99609375
18550,1.0
18551,1.0
18552,0.98046875
18553,0.98046875
18554,0.98828125
18555,0.9921875
18556,1.0
18557,1.0
18558,1.0
18559,1.0
18560,0.94140625
18561,0.9609375
18562,0.98046875
18563,0.9921875
18564,0.99609375
18565,1.0
18566,1.0
18567,1.0
18568,0.97265625
18569,0.9921875
18570,0.98046875
18571,0.99609375
18572,1.0
18573,0.99609375
18574,0.99609375
18575,1.0
18576,0.96484375
18577,0.98046875
18578,0.9921875
18579,0.99609375
18580,1.0
18581,1.0
18582,1.0
18583,0.99609375
18584,0.94921875
18585,0.953125
18586,0.98046875
18587,0.9765625
18588,1.0
18589,0.9921875
18590,1.0
18591,0.99609375
18592,0.96875
18593,0.96875
18594,0.9921875
18595,0.9921875
18596,1.0
18597,0.99609375
18598,1.0
18599,1.0
18600,0.90234375
18601,0.9609375
18602,0.96875
18603,0.98828125
18604,0.9921875
18605,0.99609375
18606,1.0
18607,0.99609375
18608,0.97265625
18609,0.9765625
18610,0.99609375
18611,0.99609375
18612,0.99609375
18613,1.0
18614,1.0
18615,1.0
18616,1.0
18617,1.0
18618,1.0
18619,1.0
18620,1.0
18621,1.0
18622,1.0
18623,1.0
18624,0.98828125
18625,0.99609375
18626,0.98828125
18627,0.9921875
18628,0.9921875
18629,1.0
18630,0.99609375
18631,1.0
18632,0.99609375
18633,0.99609375
18634,0.99609375
18635,1.0
18636,1.0
18637,1.0
18638,1.0
18639,1.0
18640,0.97265625
18641,0.97265625
18642,0.984375
18643,0.99609375
18644,1.0
18645,1.0
18646,0.99609375
18647,1.0
18648,0.9453125
18649,0.9609375
18650,0.9765625
18651,0.9921875
18652,0.99609375
18653,1.0
18654,1.0
18655,1.0
18656,0.984375
18657,0.99609375
18658,1.0
18659,0.99609375
18660,1.0
18661,0.99609375
18662,1.0
18663,1.0
18664,0.96484375
18665,0.9765625
18666,0.98828125
18667,0.99609375
18668,0.99609375
18669,1.0
18670,1.0
18671,1.0
18672,0.98046875
18673,0.9765625
18674,0.9921875
18675,0.99609375
18676,0.99609375
18677,0.99609375
18678,0.99609375
18679,1.0
18680,0.953125
18681,0.96484375
18682,0.98046875
18683,0.9921875
18684,0.99609375
18685,1.0
18686,1.0
18687,1.0
18688,0.96875
18689,0.98046875
18690,0.98828125
18691,0.9921875
18692,0.99609375
18693,0.99609375
18694,0.99609375
18695,1.0
18696,0.9765625
18697,0.98046875
18698,0.9921875
18699,0.98828125
18700,1.0
18701,1.0
18702,1.0
18703,0.99609375
18704,0.9453125
18705,0.953125
18706,0.98046875
18707,0.98828125
18708,0.99609375
18709,0.99609375
18710,1.0
18711,1.0
18712,0.99609375
18713,0.99609375
18714,1.0
18715,0.99609375
18716,1.0
18717,1.0
18718,1.0
18719,1.0
18720,0.953125
18721,0.95703125
18722,0.9765625
18723,1.0
18724,1.0
18725,1.0
18726,1.0
18727,1.0
18728,0.9765625
18729,0.9765625
18730,0.984375
18731,1.0
18732,0.99609375
18733,1.0
18734,0.99609375
18735,1.0
18736,0.98046875
18737,0.98828125
18738,0.99609375
18739,0.99609375
18740,0.99609375
18741,0.99609375
18742,1.0
18743,1.0
18744,0.99609375
18745,1.0
18746,0.99609375
18747,0.99609375
18748,1.0
18749,1.0
18750,1.0
18751,1.0
18752,0.98046875
18753,0.98046875
18754,0.9921875
18755,1.0
18756,1.0
18757,1.0
18758,1.0
18759,1.0
18760,0.95703125
18761,0.95703125
18762,0.98046875
18763,0.984375
18764,1.0
18765,0.99609375
18766,1.0
18767,0.99609375
18768,0.9453125
18769,0.9609375
18770,0.984375
18771,0.98828125
18772,0.9921875
18773,0.99609375
18774,1.0
18775,1.0
18776,0.94921875
18777,0.9765625
18778,0.9765625
18779,0.984375
18780,0.99609375
18781,1.0
18782,0.99609375
18783,0.99609375
18784,0.98828125
18785,0.9921875
18786,1.0
18787,0.99609375
18788,1.0
18789,1.0
18790,1.0
18791,1.0
18792,0.98046875
18793,0.98046875
18794,0.98828125
18795,0.99609375
18796,0.99609375
18797,0.99609375
18798,1.0
18799,1.0
18800,0.9609375
18801,0.9609375
18802,0.984375
18803,1.0
18804,1.0
18805,1.0
18806,1.0
18807,1.0
18808,0.99609375
18809,0.99609375
18810,0.99609375
18811,1.0
18812,1.0
18813,1.0
18814,1.0
18815,1.0
18816,0.98046875
18817,0.9765625
18818,0.9921875
18819,0.99609375
18820,1.0
18821,1.0
18822,0.99609375
18823,1.0
18824,0.96484375
18825,0.97265625
18826,0.99609375
18827,1.0
18828,0.99609375
18829,1.0
18830,0.99609375
18831,1.0
18832,0.9765625
18833,1.0
18834,0.9921875
18835,0.99609375
18836,0.99609375
18837,0.99609375
18838,1.0
18839,1.0
18840,0.9765625
18841,0.984375
18842,0.9921875
18843,0.99609375
18844,1.0
18845,0.99609375
18846,1.0
18847,1.0
18848,0.9921875
18849,0.99609375
18850,0.99609375
18851,1.0
18852,1.0
18853,1.0
18854,1.0
18855,1.0
18856,1.0
18857,1.0
18858,1.0
18859,1.0
18860,1.0
18861,1.0
18862,1.0
18863,1.0
