,0
0,0.953125
1,0.97265625
2,0.95703125
3,0.94921875
4,0.9609375
5,0.94921875
6,0.96484375
7,0.9453125
8,0.953125
9,0.9609375
10,0.95703125
11,0.94921875
12,0.9609375
13,0.953125
14,0.9453125
15,0.9453125
16,0.95703125
17,0.96484375
18,0.9609375
19,0.96484375
20,0.9609375
21,0.9609375
22,0.9609375
23,0.9375
24,0.95703125
25,0.96484375
26,0.96484375
27,0.96875
28,0.97265625
29,0.94921875
30,0.96484375
31,0.93359375
32,0.95703125
33,0.94140625
34,0.96875
35,0.953125
36,0.94921875
37,0.95703125
38,0.953125
39,0.94140625
40,0.95703125
41,0.94921875
42,0.95703125
43,0.95703125
44,0.95703125
45,0.96875
46,0.94140625
47,0.93359375
48,0.9453125
49,0.97265625
50,0.9375
51,0.984375
52,0.95703125
53,0.96484375
54,0.92578125
55,0.95703125
56,0.96484375
57,0.953125
58,0.9296875
59,0.95703125
60,0.96875
61,0.953125
62,0.9609375
63,0.96875
64,0.9453125
65,0.953125
66,0.9375
67,0.94921875
68,0.9609375
69,0.953125
70,0.96484375
71,0.96875
72,0.97265625
73,0.95703125
74,0.96484375
75,0.94140625
76,0.97265625
77,0.96875
78,0.953125
79,0.953125
80,0.98046875
81,0.9453125
82,0.94921875
83,0.9609375
84,0.96484375
85,0.9609375
86,0.94921875
87,0.96875
88,0.953125
89,0.94140625
90,0.97265625
91,0.9609375
92,0.97265625
93,0.95703125
94,0.96875
95,0.953125
96,0.94140625
97,0.95703125
98,0.953125
99,0.953125
100,0.9609375
101,0.96875
102,0.93359375
103,0.96875
104,0.97265625
105,0.95703125
106,0.95703125
107,0.91796875
108,0.9609375
109,0.953125
110,0.94921875
111,0.98046875
112,0.95703125
113,0.94140625
114,0.96875
115,0.953125
116,0.9609375
117,0.953125
118,0.953125
119,0.96484375
120,0.94921875
121,0.96875
122,0.96484375
123,0.9609375
124,0.95703125
125,0.94921875
126,0.953125
127,0.95703125
128,0.96484375
129,0.95703125
130,0.93359375
131,0.96484375
132,0.94921875
133,0.9453125
134,0.9375
135,0.97265625
136,0.95703125
137,0.95703125
138,0.953125
139,0.9609375
140,0.96484375
141,0.95703125
142,0.94140625
143,0.96875
144,0.95703125
145,0.9609375
146,0.953125
147,0.9765625
148,0.9609375
149,0.9453125
150,0.9453125
151,0.96484375
152,0.9609375
153,0.953125
154,0.96875
155,0.9453125
156,0.95703125
157,0.9609375
158,0.94921875
159,0.9453125
160,0.96875
161,0.95703125
162,0.953125
163,0.96484375
164,0.9453125
165,0.9609375
166,0.95703125
167,0.97265625
168,0.96484375
169,0.953125
170,0.94921875
171,0.9609375
172,0.953125
173,0.953125
174,0.94921875
175,0.9609375
176,0.98046875
177,0.96484375
178,0.9765625
179,0.953125
180,0.953125
181,0.94921875
182,0.9609375
183,0.953125
184,0.94921875
185,0.953125
186,0.953125
187,0.96484375
188,0.96484375
189,0.94921875
190,0.953125
191,0.94140625
192,0.94921875
193,0.96484375
194,0.96484375
195,0.9609375
196,0.9609375
197,0.94140625
198,0.97265625
199,0.94921875
200,0.96875
201,0.9609375
202,0.9765625
203,0.96875
204,0.95703125
205,0.9609375
206,0.9375
207,0.9609375
208,0.953125
209,0.9609375
210,0.95703125
211,0.96875
212,0.9375
213,0.9609375
214,0.9453125
215,0.97265625
216,0.9609375
217,0.96875
218,0.94921875
219,0.94140625
220,0.94921875
221,0.95703125
222,0.95703125
223,0.94921875
224,0.9453125
225,0.9609375
226,0.9453125
227,0.94921875
228,0.953125
229,0.9609375
230,0.9609375
231,0.96484375
232,0.96875
233,0.97265625
234,0.96875
235,0.96875
236,0.9765625
237,0.9453125
238,0.9609375
239,0.9453125
240,0.94921875
241,0.9453125
242,0.96484375
243,0.96875
244,0.92578125
245,0.953125
246,0.953125
247,0.95703125
248,0.9375
249,0.96484375
250,0.96484375
251,0.94921875
252,0.97265625
253,0.9609375
254,0.9453125
255,0.9609375
256,0.96875
257,0.953125
258,0.95703125
259,0.96875
260,0.97265625
261,0.95703125
262,0.94921875
263,0.9453125
264,0.9609375
265,0.96484375
266,0.9609375
267,0.9609375
268,0.9609375
269,0.953125
270,0.9609375
271,0.94140625
272,0.98046875
273,0.96484375
274,0.953125
275,0.94921875
276,0.9453125
277,0.9453125
278,0.96484375
279,0.96875
280,0.9765625
281,0.96875
282,0.9609375
283,0.95703125
284,0.95703125
285,0.94921875
286,0.9609375
287,0.9609375
288,0.9609375
289,0.953125
290,0.98046875
291,0.953125
292,0.953125
293,0.953125
294,0.9609375
295,0.9765625
296,0.94921875
297,0.96484375
298,0.96875
299,0.9765625
300,0.96875
301,0.95703125
302,0.9375
303,0.96875
304,0.98046875
305,0.953125
306,0.96875
307,0.984375
308,0.95703125
309,0.96875
310,0.953125
311,0.96875
312,0.94140625
313,0.98046875
314,0.96875
315,0.95703125
316,0.96484375
317,0.95703125
318,0.9609375
319,0.96484375
320,0.9609375
321,0.9765625
322,0.96484375
323,0.96875
324,0.9609375
325,0.9609375
326,0.96875
327,0.95703125
328,0.96875
329,0.98046875
330,0.94921875
331,0.95703125
332,0.94140625
333,0.9609375
334,0.96484375
335,0.97265625
336,0.96875
337,0.96875
338,0.94921875
339,0.96875
340,0.984375
341,0.96484375
342,0.9609375
343,0.97265625
344,0.9609375
345,0.9609375
346,0.9609375
347,0.953125
348,0.96484375
349,0.94140625
350,0.9609375
351,0.96875
352,0.96875
353,0.9609375
354,0.9765625
355,0.94140625
356,0.98828125
357,0.97265625
358,0.9609375
359,0.96484375
360,0.96484375
361,0.9453125
362,0.95703125
363,0.984375
364,0.96875
365,0.9609375
366,0.95703125
367,0.96875
368,0.96484375
369,0.9609375
370,0.96484375
371,0.9609375
372,0.96484375
373,0.96875
374,0.94140625
375,0.96875
376,0.9765625
377,0.953125
378,0.9609375
379,0.96484375
380,0.96484375
381,0.94140625
382,0.96875
383,0.95703125
384,0.953125
385,0.94921875
386,0.9765625
387,0.96484375
388,0.97265625
389,0.96875
390,0.9609375
391,0.9609375
392,0.9609375
393,0.95703125
394,0.97265625
395,0.9453125
396,0.96484375
397,0.9765625
398,0.97265625
399,0.96484375
400,0.94921875
401,0.96875
402,0.953125
403,0.96875
404,0.96875
405,0.9375
406,0.9609375
407,0.96484375
408,0.95703125
409,0.9609375
410,0.97265625
411,0.96875
412,0.95703125
413,0.953125
414,0.9765625
415,0.96484375
416,0.96875
417,0.9765625
418,0.96484375
419,0.9609375
420,0.96875
421,0.9609375
422,0.95703125
423,0.94921875
424,0.96484375
425,0.95703125
426,0.96484375
427,0.97265625
428,0.94921875
429,0.96484375
430,0.97265625
431,0.9765625
432,0.96875
433,0.96484375
434,0.9609375
435,0.96484375
436,0.96484375
437,0.97265625
438,0.9453125
439,0.9765625
440,0.9453125
441,0.96484375
442,0.95703125
443,0.96875
444,0.9765625
445,0.97265625
446,0.94140625
447,0.96484375
448,0.95703125
449,0.96484375
450,0.9609375
451,0.97265625
452,0.953125
453,0.96484375
454,0.97265625
455,0.95703125
456,0.9609375
457,0.9765625
458,0.9609375
459,0.96484375
460,0.96875
461,0.96484375
462,0.94921875
463,0.96484375
464,0.96875
465,0.9453125
466,0.94140625
467,0.96875
468,0.96484375
469,0.9609375
470,0.96875
471,0.96875
472,0.97265625
473,0.9609375
474,0.953125
475,0.95703125
476,0.953125
477,0.9453125
478,0.984375
479,0.96875
480,0.97265625
481,0.95703125
482,0.96875
483,0.94921875
484,0.9765625
485,0.96875
486,0.96875
487,0.96484375
488,0.9453125
489,0.9609375
490,0.96875
491,0.97265625
492,0.984375
493,0.96484375
494,0.9609375
495,0.9453125
496,0.953125
497,0.96484375
498,0.95703125
499,0.96484375
500,0.94140625
501,0.9609375
502,0.95703125
503,0.94140625
504,0.97265625
505,0.94921875
506,0.94921875
507,0.94921875
508,0.95703125
509,0.9765625
510,0.9609375
511,0.97265625
512,0.96875
513,0.953125
514,0.95703125
515,0.9765625
516,0.96875
517,0.96875
518,0.9453125
519,0.9453125
520,0.953125
521,0.96484375
522,0.96484375
523,0.95703125
524,0.96484375
525,0.9609375
526,0.96484375
527,0.953125
528,0.95703125
529,0.94921875
530,0.9765625
531,0.953125
532,0.96875
533,0.96875
534,0.96875
535,0.96875
536,0.9609375
537,0.96484375
538,0.94921875
539,0.96875
540,0.9765625
541,0.9609375
542,0.97265625
543,0.96484375
544,0.96875
545,0.96484375
546,0.953125
547,0.953125
548,0.984375
549,0.94921875
550,0.96875
551,0.94921875
552,0.9609375
553,0.9765625
554,0.98046875
555,0.984375
556,0.94921875
557,0.95703125
558,0.96484375
559,0.96484375
560,0.97265625
561,0.96875
562,0.96484375
563,0.9375
564,0.94921875
565,0.9765625
566,0.97265625
567,0.97265625
568,0.96875
569,0.953125
570,0.98046875
571,0.96484375
572,0.95703125
573,0.953125
574,0.98046875
575,0.97265625
576,0.96484375
577,0.96484375
578,0.95703125
579,0.9765625
580,0.98046875
581,0.96484375
582,0.9453125
583,0.95703125
584,0.97265625
585,0.96484375
586,0.97265625
587,0.96875
588,0.97265625
589,0.953125
590,0.9609375
591,0.9765625
592,0.97265625
593,0.9609375
594,0.9609375
595,0.96484375
596,0.9765625
597,0.9765625
598,0.96875
599,0.96875
600,0.97265625
601,0.95703125
602,0.9609375
603,0.9765625
604,0.97265625
605,0.95703125
606,0.95703125
607,0.953125
608,0.95703125
609,0.97265625
610,0.97265625
611,0.96875
612,0.96875
613,0.94921875
614,0.9609375
615,0.9765625
616,0.9765625
617,0.95703125
618,0.9609375
619,0.97265625
620,0.9609375
621,0.97265625
622,0.9609375
623,0.9453125
624,0.97265625
625,0.96484375
626,0.97265625
627,0.96875
628,0.96875
629,0.96484375
630,0.953125
631,0.95703125
632,0.97265625
633,0.96484375
634,0.95703125
635,0.9609375
636,0.96484375
637,0.9609375
638,0.96875
639,0.9453125
640,0.96484375
641,0.953125
642,0.9453125
643,0.96875
644,0.95703125
645,0.96875
646,0.9765625
647,0.94921875
648,0.9609375
649,0.9453125
650,0.94921875
651,0.953125
652,0.96875
653,0.97265625
654,0.953125
655,0.96484375
656,0.96875
657,0.95703125
658,0.98046875
659,0.96484375
660,0.96875
661,0.96484375
662,0.97265625
663,0.96875
664,0.96484375
665,0.9765625
666,0.9609375
667,0.9609375
668,0.984375
669,0.96875
670,0.95703125
671,0.98828125
672,0.96875
673,0.97265625
674,0.96875
675,0.97265625
676,0.95703125
677,0.94921875
678,0.96484375
679,0.9609375
680,0.9609375
681,0.97265625
682,0.96484375
683,0.96875
684,0.96875
685,0.97265625
686,0.96875
687,0.94921875
688,0.97265625
689,0.96484375
690,0.97265625
691,0.95703125
692,0.96875
693,0.96875
694,0.9765625
695,0.96875
696,0.95703125
697,0.94921875
698,0.953125
699,0.96484375
700,0.9765625
701,0.98046875
702,0.9609375
703,0.96875
704,0.96484375
705,0.98046875
706,0.9609375
707,0.97265625
708,0.9609375
709,0.9609375
710,0.96875
711,0.94921875
712,0.95703125
713,0.9609375
714,0.9609375
715,0.94921875
716,0.953125
717,0.96875
718,0.97265625
719,0.953125
720,0.96484375
721,0.953125
722,0.9765625
723,0.96484375
724,0.96875
725,0.97265625
726,0.98046875
727,0.95703125
728,0.95703125
729,0.953125
730,0.9765625
731,0.96875
732,0.96875
733,0.94921875
734,0.96484375
735,0.9765625
736,0.9765625
737,0.96875
738,0.94921875
739,0.97265625
740,0.9609375
741,0.9609375
742,0.95703125
743,0.9609375
744,0.98046875
745,0.95703125
746,0.96875
747,0.97265625
748,0.96484375
749,0.96875
750,0.95703125
751,0.96875
752,0.96875
753,0.96875
754,0.97265625
755,0.96484375
756,0.96484375
757,0.9765625
758,0.9609375
759,0.97265625
760,0.98046875
761,0.9453125
762,0.96875
763,0.9765625
764,0.953125
765,0.96484375
766,0.96875
767,0.98046875
768,0.9609375
769,0.97265625
770,0.9765625
771,0.98046875
772,0.9765625
773,0.9921875
774,0.98046875
775,0.98046875
776,0.97265625
777,0.984375
778,0.984375
779,0.98046875
780,0.98046875
781,0.96875
782,0.9609375
783,0.984375
784,0.96875
785,0.9765625
786,0.9609375
787,0.96875
788,0.98046875
789,0.97265625
790,0.98046875
791,0.984375
792,0.984375
793,0.9609375
794,0.9609375
795,0.97265625
796,0.96484375
797,0.95703125
798,0.97265625
799,0.98046875
800,0.9921875
801,0.984375
802,0.96484375
803,0.9609375
804,0.984375
805,0.9609375
806,0.96875
807,0.97265625
808,0.9765625
809,0.9609375
810,0.9765625
811,0.96875
812,0.9765625
813,0.953125
814,0.9765625
815,0.97265625
816,0.96484375
817,0.96484375
818,0.96484375
819,0.98046875
820,0.98828125
821,0.97265625
822,0.97265625
823,0.97265625
824,0.9765625
825,0.98046875
826,0.984375
827,0.96484375
828,0.9765625
829,0.9765625
830,0.96875
831,0.984375
832,0.98046875
833,0.9765625
834,0.984375
835,0.97265625
836,0.984375
837,0.96875
838,0.9765625
839,0.9765625
840,0.96484375
841,0.98828125
842,0.9453125
843,0.9609375
844,0.9609375
845,0.96484375
846,0.9765625
847,0.98046875
848,0.96875
849,0.9609375
850,0.984375
851,0.98046875
852,0.98046875
853,0.95703125
854,0.96875
855,0.97265625
856,0.98046875
857,0.984375
858,0.9921875
859,0.97265625
860,0.9765625
861,0.96875
862,0.9765625
863,0.96875
864,0.96875
865,0.984375
866,0.97265625
867,0.96484375
868,0.9765625
869,0.98046875
870,0.98046875
871,0.9765625
872,0.9609375
873,0.96875
874,0.984375
875,0.9765625
876,0.97265625
877,0.97265625
878,0.98828125
879,0.97265625
880,0.96484375
881,0.96484375
882,0.9609375
883,0.96875
884,0.98046875
885,0.97265625
886,0.97265625
887,0.984375
888,0.98046875
889,0.97265625
890,0.98828125
891,0.9765625
892,0.984375
893,0.9765625
894,0.97265625
895,0.9765625
896,0.9921875
897,0.97265625
898,0.96875
899,0.98046875
900,0.9375
901,0.96484375
902,0.9765625
903,0.96484375
904,0.96484375
905,0.96875
906,0.984375
907,0.96484375
908,0.9765625
909,0.97265625
910,0.9765625
911,0.9765625
912,0.96484375
913,0.98046875
914,0.95703125
915,0.97265625
916,0.97265625
917,0.96875
918,0.9765625
919,0.9765625
920,0.97265625
921,0.97265625
922,0.96484375
923,0.984375
924,0.96875
925,0.97265625
926,0.9609375
927,0.9765625
928,0.98046875
929,0.9765625
930,0.96875
931,0.97265625
932,0.9609375
933,0.96484375
934,0.96484375
935,0.96484375
936,0.9765625
937,0.9765625
938,0.9765625
939,0.97265625
940,0.984375
941,0.984375
942,0.97265625
943,0.9765625
944,0.96875
945,0.97265625
946,0.9765625
947,0.984375
948,0.97265625
949,0.984375
950,0.97265625
951,0.9609375
952,0.98046875
953,0.9921875
954,0.9765625
955,0.953125
956,0.97265625
957,0.98046875
958,0.95703125
959,0.96875
960,0.95703125
961,0.9921875
962,0.9609375
963,0.984375
964,0.97265625
965,0.96484375
966,0.984375
967,0.96875
968,0.9765625
969,0.98046875
970,0.96875
971,0.98046875
972,0.96875
973,0.984375
974,0.97265625
975,0.96484375
976,0.9765625
977,0.96484375
978,0.98046875
979,0.96484375
980,0.98046875
981,0.96875
982,0.9765625
983,0.98828125
984,0.96875
985,0.98828125
986,0.9921875
987,0.96875
988,0.9765625
989,0.9765625
990,0.96875
991,0.99609375
992,0.9609375
993,0.96875
994,0.97265625
995,0.9609375
996,0.98828125
997,0.97265625
998,0.9765625
999,0.97265625
1000,0.98046875
1001,0.984375
1002,0.98046875
1003,0.98046875
1004,0.9765625
1005,0.96484375
1006,0.96484375
1007,0.98828125
1008,0.984375
1009,0.98046875
1010,0.98046875
1011,0.96484375
1012,0.98046875
1013,0.984375
1014,0.98046875
1015,0.98828125
1016,0.96484375
1017,0.97265625
1018,0.9765625
1019,0.97265625
1020,0.9765625
1021,0.96875
1022,0.984375
1023,0.97265625
1024,0.95703125
1025,0.953125
1026,0.9453125
1027,0.93359375
1028,0.9765625
1029,0.953125
1030,0.97265625
1031,0.9609375
1032,0.96484375
1033,0.96484375
1034,0.95703125
1035,0.96875
1036,0.97265625
1037,0.9453125
1038,0.95703125
1039,0.953125
1040,0.94140625
1041,0.94921875
1042,0.9453125
1043,0.97265625
1044,0.94921875
1045,0.953125
1046,0.96484375
1047,0.953125
1048,0.953125
1049,0.96875
1050,0.9609375
1051,0.953125
1052,0.9453125
1053,0.94921875
1054,0.953125
1055,0.9609375
1056,0.953125
1057,0.96484375
1058,0.98046875
1059,0.984375
1060,0.9765625
1061,0.9453125
1062,0.9609375
1063,0.93359375
1064,0.95703125
1065,0.96875
1066,0.9453125
1067,0.96875
1068,0.953125
1069,0.95703125
1070,0.96875
1071,0.9609375
1072,0.9609375
1073,0.96875
1074,0.95703125
1075,0.94140625
1076,0.96484375
1077,0.953125
1078,0.93359375
1079,0.94921875
1080,0.9453125
1081,0.96875
1082,0.95703125
1083,0.94921875
1084,0.96484375
1085,0.96484375
1086,0.9375
1087,0.9375
1088,0.9375
1089,0.9453125
1090,0.95703125
1091,0.9609375
1092,0.95703125
1093,0.93359375
1094,0.96875
1095,0.9453125
1096,0.9296875
1097,0.95703125
1098,0.9609375
1099,0.96875
1100,0.9609375
1101,0.95703125
1102,0.95703125
1103,0.96875
1104,0.9453125
1105,0.97265625
1106,0.9609375
1107,0.93359375
1108,0.953125
1109,0.953125
1110,0.95703125
1111,0.953125
1112,0.96484375
1113,0.9453125
1114,0.9453125
1115,0.953125
1116,0.953125
1117,0.94140625
1118,0.94921875
1119,0.96484375
1120,0.9453125
1121,0.9609375
1122,0.9453125
1123,0.96484375
1124,0.95703125
1125,0.94921875
1126,0.9609375
1127,0.9609375
1128,0.94140625
1129,0.9453125
1130,0.9453125
1131,0.95703125
1132,0.9609375
1133,0.96875
1134,0.96875
1135,0.94921875
1136,0.95703125
1137,0.953125
1138,0.95703125
1139,0.95703125
1140,0.94921875
1141,0.9609375
1142,0.9609375
1143,0.94140625
1144,0.953125
1145,0.9375
1146,0.95703125
1147,0.953125
1148,0.96875
1149,0.9609375
1150,0.9609375
1151,0.94921875
1152,0.95703125
1153,0.96484375
1154,0.9296875
1155,0.97265625
1156,0.93359375
1157,0.97265625
1158,0.93359375
1159,0.9453125
1160,0.96875
1161,0.9453125
1162,0.97265625
1163,0.95703125
1164,0.97265625
1165,0.94921875
1166,0.953125
1167,0.95703125
1168,0.9375
1169,0.9609375
1170,0.94140625
1171,0.9609375
1172,0.96875
1173,0.9453125
1174,0.9453125
1175,0.9609375
1176,0.96484375
1177,0.96875
1178,0.95703125
1179,0.97265625
1180,0.9609375
1181,0.9375
1182,0.9453125
1183,0.9609375
1184,0.95703125
1185,0.95703125
1186,0.953125
1187,0.92578125
1188,0.94921875
1189,0.96875
1190,0.95703125
1191,0.953125
1192,0.95703125
1193,0.9375
1194,0.95703125
1195,0.9609375
1196,0.9609375
1197,0.9453125
1198,0.95703125
1199,0.96484375
1200,0.9609375
1201,0.94140625
1202,0.953125
1203,0.9609375
1204,0.95703125
1205,0.9296875
1206,0.94140625
1207,0.9375
1208,0.96875
1209,0.9453125
1210,0.953125
1211,0.94921875
1212,0.94140625
1213,0.96484375
1214,0.94140625
1215,0.953125
1216,0.95703125
1217,0.9296875
1218,0.94140625
1219,0.9609375
1220,0.94921875
1221,0.9609375
1222,0.95703125
1223,0.94921875
1224,0.98046875
1225,0.94140625
1226,0.9609375
1227,0.953125
1228,0.96875
1229,0.98046875
1230,0.96484375
1231,0.953125
1232,0.9609375
1233,0.9453125
1234,0.9609375
1235,0.9609375
1236,0.9609375
1237,0.95703125
1238,0.9375
1239,0.96875
1240,0.9609375
1241,0.97265625
1242,0.95703125
1243,0.9765625
1244,0.96484375
1245,0.9609375
1246,0.96484375
1247,0.95703125
1248,0.98046875
1249,0.95703125
1250,0.97265625
1251,0.94921875
1252,0.94140625
1253,0.953125
1254,0.9453125
1255,0.9609375
1256,0.9765625
1257,0.9609375
1258,0.97265625
1259,0.95703125
1260,0.953125
1261,0.95703125
1262,0.984375
1263,0.953125
1264,0.96484375
1265,0.9609375
1266,0.953125
1267,0.96875
1268,0.98046875
1269,0.94140625
1270,0.96484375
1271,0.9609375
1272,0.94921875
1273,0.96875
1274,0.9453125
1275,0.96484375
1276,0.95703125
1277,0.953125
1278,0.9609375
1279,0.953125
1280,0.9453125
1281,0.9609375
1282,0.9453125
1283,0.953125
1284,0.94921875
1285,0.9296875
1286,0.9453125
1287,0.9453125
1288,0.94140625
1289,0.9453125
1290,0.9453125
1291,0.9453125
1292,0.9453125
1293,0.95703125
1294,0.9296875
1295,0.95703125
1296,0.95703125
1297,0.97265625
1298,0.953125
1299,0.94140625
1300,0.9375
1301,0.95703125
1302,0.95703125
1303,0.9453125
1304,0.94921875
1305,0.95703125
1306,0.94140625
1307,0.9453125
1308,0.94921875
1309,0.953125
1310,0.93359375
1311,0.9609375
1312,0.9453125
1313,0.94921875
1314,0.94921875
1315,0.95703125
1316,0.94921875
1317,0.96484375
1318,0.94921875
1319,0.9609375
1320,0.95703125
1321,0.9609375
1322,0.93359375
1323,0.96875
1324,0.94140625
1325,0.96875
1326,0.9609375
1327,0.96484375
1328,0.9296875
1329,0.9453125
1330,0.92578125
1331,0.96484375
1332,0.9453125
1333,0.9375
1334,0.96484375
1335,0.94140625
1336,0.94921875
1337,0.9609375
1338,0.9375
1339,0.9609375
1340,0.95703125
1341,0.9375
1342,0.96484375
1343,0.953125
1344,0.95703125
1345,0.9609375
1346,0.95703125
1347,0.9765625
1348,0.9453125
1349,0.94140625
1350,0.93359375
1351,0.953125
1352,0.953125
1353,0.9609375
1354,0.96484375
1355,0.94921875
1356,0.94140625
1357,0.94140625
1358,0.96484375
1359,0.96484375
1360,0.9296875
1361,0.953125
1362,0.96484375
1363,0.95703125
1364,0.9609375
1365,0.9375
1366,0.9609375
1367,0.9453125
1368,0.9375
1369,0.94921875
1370,0.9375
1371,0.94921875
1372,0.92578125
1373,0.94921875
1374,0.921875
1375,0.953125
1376,0.96484375
1377,0.96484375
1378,0.94921875
1379,0.94921875
1380,0.9453125
1381,0.9375
1382,0.94140625
1383,0.9453125
1384,0.94140625
1385,0.95703125
1386,0.94921875
1387,0.9765625
1388,0.94140625
1389,0.953125
1390,0.96484375
1391,0.94921875
1392,0.9375
1393,0.953125
1394,0.9375
1395,0.9609375
1396,0.94921875
1397,0.94140625
1398,0.92578125
1399,0.9453125
1400,0.96484375
1401,0.94140625
1402,0.953125
1403,0.94140625
1404,0.9609375
1405,0.953125
1406,0.94921875
1407,0.94921875
1408,0.9296875
1409,0.9453125
1410,0.95703125
1411,0.953125
1412,0.94921875
1413,0.96484375
1414,0.953125
1415,0.94140625
1416,0.95703125
1417,0.94140625
1418,0.94921875
1419,0.94921875
1420,0.94921875
1421,0.96484375
1422,0.94921875
1423,0.96484375
1424,0.92578125
1425,0.953125
1426,0.953125
1427,0.95703125
1428,0.95703125
1429,0.93359375
1430,0.94140625
1431,0.94921875
1432,0.9609375
1433,0.91796875
1434,0.94921875
1435,0.9453125
1436,0.94921875
1437,0.94921875
1438,0.94921875
1439,0.953125
1440,0.95703125
1441,0.91796875
1442,0.95703125
1443,0.94921875
1444,0.95703125
1445,0.9375
1446,0.95703125
1447,0.95703125
1448,0.96875
1449,0.97265625
1450,0.93359375
1451,0.93359375
1452,0.9453125
1453,0.93359375
1454,0.953125
1455,0.9453125
1456,0.94921875
1457,0.953125
1458,0.9453125
1459,0.94921875
1460,0.921875
1461,0.9453125
1462,0.94140625
1463,0.96484375
1464,0.94921875
1465,0.94140625
1466,0.95703125
1467,0.95703125
1468,0.96484375
1469,0.96484375
1470,0.9375
1471,0.953125
1472,0.93359375
1473,0.96484375
1474,0.9453125
1475,0.94140625
1476,0.953125
1477,0.9296875
1478,0.9609375
1479,0.953125
1480,0.953125
1481,0.94921875
1482,0.953125
1483,0.96484375
1484,0.953125
1485,0.9375
1486,0.953125
1487,0.9375
1488,0.95703125
1489,0.97265625
1490,0.9609375
1491,0.95703125
1492,0.94921875
1493,0.92578125
1494,0.93359375
1495,0.95703125
1496,0.9375
1497,0.9609375
1498,0.9453125
1499,0.953125
1500,0.9375
1501,0.94921875
1502,0.96875
1503,0.9453125
1504,0.95703125
1505,0.9609375
1506,0.9375
1507,0.94921875
1508,0.95703125
1509,0.94921875
1510,0.953125
1511,0.9609375
1512,0.94921875
1513,0.97265625
1514,0.96875
1515,0.94921875
1516,0.9609375
1517,0.9375
1518,0.9765625
1519,0.93359375
1520,0.94921875
1521,0.93359375
1522,0.9453125
1523,0.96875
1524,0.95703125
1525,0.94921875
1526,0.9609375
1527,0.9453125
1528,0.98046875
1529,0.94140625
1530,0.9453125
1531,0.94140625
1532,0.94921875
1533,0.9453125
1534,0.95703125
1535,0.9453125
1536,0.96484375
1537,0.96875
1538,0.9609375
1539,0.96875
1540,0.96875
1541,0.9609375
1542,0.9453125
1543,0.953125
1544,0.96484375
1545,0.96484375
1546,0.95703125
1547,0.95703125
1548,0.953125
1549,0.9609375
1550,0.953125
1551,0.96875
1552,0.96484375
1553,0.96875
1554,0.95703125
1555,0.96875
1556,0.9609375
1557,0.97265625
1558,0.9765625
1559,0.95703125
1560,0.953125
1561,0.95703125
1562,0.95703125
1563,0.95703125
1564,0.95703125
1565,0.95703125
1566,0.9765625
1567,0.95703125
1568,0.97265625
1569,0.96484375
1570,0.97265625
1571,0.94921875
1572,0.95703125
1573,0.96484375
1574,0.97265625
1575,0.98046875
1576,0.96875
1577,0.953125
1578,0.9765625
1579,0.96484375
1580,0.9375
1581,0.96484375
1582,0.96484375
1583,0.96484375
1584,0.95703125
1585,0.96484375
1586,0.96484375
1587,0.96484375
1588,0.97265625
1589,0.95703125
1590,0.95703125
1591,0.95703125
1592,0.96875
1593,0.95703125
1594,0.953125
1595,0.97265625
1596,0.98046875
1597,0.953125
1598,0.96875
1599,0.95703125
1600,0.9609375
1601,0.94921875
1602,0.953125
1603,0.98828125
1604,0.97265625
1605,0.95703125
1606,0.97265625
1607,0.96484375
1608,0.96875
1609,0.96484375
1610,0.97265625
1611,0.96484375
1612,0.96875
1613,0.95703125
1614,0.95703125
1615,0.94921875
1616,0.98046875
1617,0.9375
1618,0.953125
1619,0.953125
1620,0.96484375
1621,0.95703125
1622,0.96875
1623,0.97265625
1624,0.984375
1625,0.9609375
1626,0.9765625
1627,0.9453125
1628,0.96875
1629,0.96875
1630,0.9453125
1631,0.94921875
1632,0.96875
1633,0.9375
1634,0.9609375
1635,0.96484375
1636,0.9609375
1637,0.9453125
1638,0.94921875
1639,0.9453125
1640,0.9609375
1641,0.953125
1642,0.953125
1643,0.96484375
1644,0.96875
1645,0.9765625
1646,0.96484375
1647,0.94921875
1648,0.9609375
1649,0.9609375
1650,0.9765625
1651,0.95703125
1652,0.95703125
1653,0.96875
1654,0.9609375
1655,0.96484375
1656,0.96875
1657,0.98046875
1658,0.9609375
1659,0.96484375
1660,0.9765625
1661,0.9765625
1662,0.96875
1663,0.97265625
1664,0.9609375
1665,0.94921875
1666,0.96484375
1667,0.95703125
1668,0.96484375
1669,0.96484375
1670,0.96484375
1671,0.95703125
1672,0.953125
1673,0.97265625
1674,0.9375
1675,0.96484375
1676,0.953125
1677,0.9609375
1678,0.9375
1679,0.9609375
1680,0.9453125
1681,0.98046875
1682,0.96875
1683,0.96484375
1684,0.96484375
1685,0.9609375
1686,0.953125
1687,0.9609375
1688,0.96875
1689,0.94921875
1690,0.9453125
1691,0.95703125
1692,0.9453125
1693,0.96875
1694,0.97265625
1695,0.97265625
1696,0.96484375
1697,0.97265625
1698,0.95703125
1699,0.96484375
1700,0.94921875
1701,0.9609375
1702,0.95703125
1703,0.9609375
1704,0.984375
1705,0.9609375
1706,0.9453125
1707,0.96484375
1708,0.94921875
1709,0.94140625
1710,0.96875
1711,0.95703125
1712,0.9609375
1713,0.9609375
1714,0.9609375
1715,0.94921875
1716,0.98046875
1717,0.953125
1718,0.95703125
1719,0.98046875
1720,0.953125
1721,0.94921875
1722,0.9609375
1723,0.96484375
1724,0.96875
1725,0.9609375
1726,0.9609375
1727,0.96484375
1728,0.95703125
1729,0.98046875
1730,0.94921875
1731,0.953125
1732,0.95703125
1733,0.98046875
1734,0.96484375
1735,0.9765625
1736,0.96484375
1737,0.95703125
1738,0.9453125
1739,0.96484375
1740,0.95703125
1741,0.96484375
1742,0.9609375
1743,0.96484375
1744,0.94140625
1745,0.93359375
1746,0.94921875
1747,0.97265625
1748,0.9609375
1749,0.9765625
1750,0.97265625
1751,0.9453125
1752,0.95703125
1753,0.953125
1754,0.9609375
1755,0.98046875
1756,0.95703125
1757,0.9609375
1758,0.96875
1759,0.96875
1760,0.96484375
1761,0.97265625
1762,0.953125
1763,0.9609375
1764,0.94921875
1765,0.97265625
1766,0.94921875
1767,0.98046875
1768,0.9453125
1769,0.94921875
1770,0.97265625
1771,0.96484375
1772,0.96484375
1773,0.9609375
1774,0.9609375
1775,0.9609375
1776,0.953125
1777,0.9609375
1778,0.9765625
1779,0.96875
1780,0.96875
1781,0.96484375
1782,0.96875
1783,0.96484375
1784,0.94921875
1785,0.95703125
1786,0.9609375
1787,0.9609375
1788,0.96484375
1789,0.96875
1790,0.96484375
1791,0.98828125
1792,0.9453125
1793,0.96875
1794,0.9609375
1795,0.95703125
1796,0.94921875
1797,0.9609375
1798,0.953125
1799,0.97265625
1800,0.953125
1801,0.95703125
1802,0.96484375
1803,0.96875
1804,0.97265625
1805,0.96875
1806,0.953125
1807,0.984375
1808,0.9609375
1809,0.96484375
1810,0.953125
1811,0.96484375
1812,0.9609375
1813,0.9765625
1814,0.95703125
1815,0.97265625
1816,0.9765625
1817,0.9609375
1818,0.94921875
1819,0.9609375
1820,0.97265625
1821,0.95703125
1822,0.953125
1823,0.9609375
1824,0.96875
1825,0.9453125
1826,0.984375
1827,0.95703125
1828,0.97265625
1829,0.96484375
1830,0.94921875
1831,0.9609375
1832,0.9609375
1833,0.95703125
1834,0.953125
1835,0.953125
1836,0.953125
1837,0.97265625
1838,0.97265625
1839,0.96484375
1840,0.9609375
1841,0.9609375
1842,0.953125
1843,0.96484375
1844,0.953125
1845,0.9609375
1846,0.9609375
1847,0.9609375
1848,0.97265625
1849,0.953125
1850,0.96875
1851,0.953125
1852,0.95703125
1853,0.96484375
1854,0.94921875
1855,0.9609375
1856,0.96875
1857,0.9609375
1858,0.953125
1859,0.9609375
1860,0.953125
1861,0.9609375
1862,0.96484375
1863,0.9609375
1864,0.96484375
1865,0.97265625
1866,0.9765625
1867,0.96875
1868,0.95703125
1869,0.96484375
1870,0.97265625
1871,0.94921875
1872,0.96875
1873,0.96875
1874,0.9609375
1875,0.96484375
1876,0.96484375
1877,0.95703125
1878,0.9609375
1879,0.94921875
1880,0.96875
1881,0.9765625
1882,0.9765625
1883,0.96875
1884,0.96875
1885,0.97265625
1886,0.97265625
1887,0.9609375
1888,0.98046875
1889,0.95703125
1890,0.9765625
1891,0.97265625
1892,0.953125
1893,0.94921875
1894,0.9609375
1895,0.953125
1896,0.9609375
1897,0.96875
1898,0.9609375
1899,0.96875
1900,0.95703125
1901,0.953125
1902,0.93359375
1903,0.96484375
1904,0.96875
1905,0.953125
1906,0.9609375
1907,0.98046875
1908,0.9453125
1909,0.95703125
1910,0.953125
1911,0.95703125
1912,0.96484375
1913,0.953125
1914,0.97265625
1915,0.96875
1916,0.9609375
1917,0.9609375
1918,0.96875
1919,0.96875
1920,0.9609375
1921,0.96875
1922,0.9609375
1923,0.9765625
1924,0.97265625
1925,0.95703125
1926,0.96875
1927,0.98046875
1928,0.9609375
1929,0.96875
1930,0.94921875
1931,0.953125
1932,0.9609375
1933,0.96875
1934,0.98046875
1935,0.97265625
1936,0.9609375
1937,0.94140625
1938,0.98828125
1939,0.95703125
1940,0.9453125
1941,0.95703125
1942,0.95703125
1943,0.953125
1944,0.96875
1945,0.94140625
1946,0.98046875
1947,0.9609375
1948,0.96484375
1949,0.96875
1950,0.953125
1951,0.96484375
1952,0.953125
1953,0.97265625
1954,0.96875
1955,0.96484375
1956,0.96875
1957,0.97265625
1958,0.97265625
1959,0.97265625
1960,0.953125
1961,0.95703125
1962,0.9453125
1963,0.9765625
1964,0.94140625
1965,0.98046875
1966,0.9609375
1967,0.96484375
1968,0.96875
1969,0.95703125
1970,0.96875
1971,0.96484375
1972,0.953125
1973,0.96484375
1974,0.97265625
1975,0.94140625
1976,0.95703125
1977,0.97265625
1978,0.95703125
1979,0.95703125
1980,0.9609375
1981,0.9453125
1982,0.9765625
1983,0.96484375
1984,0.9375
1985,0.94921875
1986,0.984375
1987,0.98828125
1988,0.94921875
1989,0.95703125
1990,0.9609375
1991,0.96484375
1992,0.97265625
1993,0.9609375
1994,0.98046875
1995,0.96875
1996,0.97265625
1997,0.9609375
1998,0.96875
1999,0.9453125
2000,0.96484375
2001,0.95703125
2002,0.96484375
2003,0.9609375
2004,0.96484375
2005,0.96875
2006,0.96875
2007,0.94921875
2008,0.96484375
2009,0.98046875
2010,0.95703125
2011,0.9609375
2012,0.96875
2013,0.94921875
2014,0.96484375
2015,0.953125
2016,0.95703125
2017,0.953125
2018,0.9765625
2019,0.9609375
2020,0.94921875
2021,0.94140625
2022,0.97265625
2023,0.96484375
2024,0.953125
2025,0.9609375
2026,0.9765625
2027,0.953125
2028,0.95703125
2029,0.94921875
2030,0.96875
2031,0.96484375
2032,0.96875
2033,0.94921875
2034,0.9609375
2035,0.96484375
2036,0.98046875
2037,0.95703125
2038,0.9765625
2039,0.95703125
2040,0.96875
2041,0.95703125
2042,0.96484375
2043,0.96484375
2044,0.9609375
2045,0.98046875
2046,0.953125
2047,0.96875
2048,0.95703125
2049,0.9453125
2050,0.97265625
2051,0.953125
2052,0.96484375
2053,0.9609375
2054,0.96875
2055,0.953125
2056,0.96484375
2057,0.96484375
2058,0.953125
2059,0.98046875
2060,0.9609375
2061,0.96484375
2062,0.96484375
2063,0.9609375
2064,0.96484375
2065,0.9609375
2066,0.96484375
2067,0.953125
2068,0.94921875
2069,0.96875
2070,0.9609375
2071,0.94921875
2072,0.96875
2073,0.96484375
2074,0.9609375
2075,0.953125
2076,0.96484375
2077,0.9609375
2078,0.953125
2079,0.9765625
2080,0.98046875
2081,0.953125
2082,0.95703125
2083,0.96875
2084,0.96484375
2085,0.96875
2086,0.9453125
2087,0.9609375
2088,0.96484375
2089,0.96484375
2090,0.9765625
2091,0.9609375
2092,0.96875
2093,0.97265625
2094,0.953125
2095,0.96875
2096,0.95703125
2097,0.953125
2098,0.96484375
2099,0.98828125
2100,0.95703125
2101,0.93359375
2102,0.95703125
2103,0.96875
2104,0.953125
2105,0.94140625
2106,0.9765625
2107,0.9765625
2108,0.9453125
2109,0.95703125
2110,0.95703125
2111,0.96875
2112,0.953125
2113,0.96484375
2114,0.953125
2115,0.98046875
2116,0.98046875
2117,0.94921875
2118,0.95703125
2119,0.96875
2120,0.96875
2121,0.96484375
2122,0.9609375
2123,0.953125
2124,0.97265625
2125,0.9609375
2126,0.96484375
2127,0.9453125
2128,0.953125
2129,0.96875
2130,0.96875
2131,0.95703125
2132,0.96875
2133,0.9765625
2134,0.96875
2135,0.94921875
2136,0.9765625
2137,0.96875
2138,0.953125
2139,0.96484375
2140,0.9609375
2141,0.96484375
2142,0.96875
2143,0.96484375
2144,0.953125
2145,0.953125
2146,0.96875
2147,0.9765625
2148,0.96484375
2149,0.95703125
2150,0.9609375
2151,0.95703125
2152,0.97265625
2153,0.98046875
2154,0.953125
2155,0.9609375
2156,0.95703125
2157,0.95703125
2158,0.9765625
2159,0.9765625
2160,0.96875
2161,0.9453125
2162,0.96875
2163,0.9453125
2164,0.96875
2165,0.96484375
2166,0.95703125
2167,0.953125
2168,0.97265625
2169,0.96484375
2170,0.9609375
2171,0.94140625
2172,0.9765625
2173,0.953125
2174,0.96875
2175,0.9609375
2176,0.96875
2177,0.96484375
2178,0.96875
2179,0.97265625
2180,0.95703125
2181,0.9609375
2182,0.95703125
2183,0.95703125
2184,0.953125
2185,0.96484375
2186,0.9765625
2187,0.95703125
2188,0.9453125
2189,0.94921875
2190,0.9453125
2191,0.95703125
2192,0.9609375
2193,0.96875
2194,0.96875
2195,0.9609375
2196,0.96484375
2197,0.96875
2198,0.94921875
2199,0.98046875
2200,0.96484375
2201,0.93359375
2202,0.9453125
2203,0.98046875
2204,0.94921875
2205,0.96484375
2206,0.96875
2207,0.97265625
2208,0.96484375
2209,0.9765625
2210,0.96484375
2211,0.9609375
2212,0.9765625
2213,0.9765625
2214,0.96484375
2215,0.97265625
2216,0.95703125
2217,0.98046875
2218,0.984375
2219,0.953125
2220,0.94921875
2221,0.96875
2222,0.9609375
2223,0.94921875
2224,0.97265625
2225,0.9765625
2226,0.96484375
2227,0.97265625
2228,0.95703125
2229,0.9609375
2230,0.97265625
2231,0.9609375
2232,0.953125
2233,0.94921875
2234,0.9609375
2235,0.96875
2236,0.95703125
2237,0.97265625
2238,0.96875
2239,0.94921875
2240,0.953125
2241,0.9609375
2242,0.97265625
2243,0.9609375
2244,0.94921875
2245,0.9609375
2246,0.9609375
2247,0.96484375
2248,0.9609375
2249,0.96484375
2250,0.96484375
2251,0.9453125
2252,0.96875
2253,0.9453125
2254,0.96484375
2255,0.9765625
2256,0.97265625
2257,0.9609375
2258,0.953125
2259,0.96484375
2260,0.9609375
2261,0.94140625
2262,0.96484375
2263,0.95703125
2264,0.97265625
2265,0.98046875
2266,0.95703125
2267,0.97265625
2268,0.9609375
2269,0.953125
2270,0.94140625
2271,0.96875
2272,0.96875
2273,0.96875
2274,0.9609375
2275,0.95703125
2276,0.953125
2277,0.98046875
2278,0.9765625
2279,0.94921875
2280,0.94140625
2281,0.94921875
2282,0.96875
2283,0.96484375
2284,0.9609375
2285,0.9453125
2286,0.9609375
2287,0.984375
2288,0.953125
2289,0.96875
2290,0.95703125
2291,0.95703125
2292,0.9609375
2293,0.9453125
2294,0.95703125
2295,0.9609375
2296,0.94921875
2297,0.9765625
2298,0.9609375
2299,0.9609375
2300,0.96484375
2301,0.96484375
2302,0.96484375
2303,0.9453125
2304,0.97265625
2305,0.95703125
2306,0.96875
2307,0.9609375
2308,0.9609375
2309,0.953125
2310,0.953125
2311,0.95703125
2312,0.96484375
2313,0.953125
2314,0.9765625
2315,0.96484375
2316,0.94140625
2317,0.9453125
2318,0.95703125
2319,0.93359375
2320,0.96875
2321,0.9453125
2322,0.95703125
2323,0.9609375
2324,0.94921875
2325,0.96484375
2326,0.96875
2327,0.94921875
2328,0.96875
2329,0.94921875
2330,0.94921875
2331,0.93359375
2332,0.95703125
2333,0.94921875
2334,0.95703125
2335,0.96875
2336,0.9765625
2337,0.94140625
2338,0.9453125
2339,0.9453125
2340,0.9765625
2341,0.95703125
2342,0.95703125
2343,0.9609375
2344,0.95703125
2345,0.93359375
2346,0.9765625
2347,0.96875
2348,0.9609375
2349,0.95703125
2350,0.953125
2351,0.9609375
2352,0.9453125
2353,0.9453125
2354,0.953125
2355,0.9765625
2356,0.96875
2357,0.96875
2358,0.96484375
2359,0.9375
2360,0.94921875
2361,0.9765625
2362,0.9375
2363,0.953125
2364,0.96484375
2365,0.9609375
2366,0.96484375
2367,0.98828125
2368,0.953125
2369,0.9765625
2370,0.97265625
2371,0.94140625
2372,0.94921875
2373,0.9453125
2374,0.953125
2375,0.95703125
2376,0.96484375
2377,0.94140625
2378,0.9609375
2379,0.96484375
2380,0.9765625
2381,0.96875
2382,0.95703125
2383,0.96875
2384,0.953125
2385,0.953125
2386,0.96484375
2387,0.96875
2388,0.94140625
2389,0.953125
2390,0.93359375
2391,0.95703125
2392,0.94921875
2393,0.96484375
2394,0.9609375
2395,0.9453125
2396,0.97265625
2397,0.96484375
2398,0.94140625
2399,0.9609375
2400,0.97265625
2401,0.94921875
2402,0.9609375
2403,0.9609375
2404,0.94140625
2405,0.9609375
2406,0.9765625
2407,0.953125
2408,0.9609375
2409,0.95703125
2410,0.9609375
2411,0.96875
2412,0.94140625
2413,0.953125
2414,0.953125
2415,0.97265625
2416,0.96484375
2417,0.9609375
2418,0.96484375
2419,0.9609375
2420,0.953125
2421,0.97265625
2422,0.94921875
2423,0.953125
2424,0.953125
2425,0.96875
2426,0.9765625
2427,0.953125
2428,0.95703125
2429,0.97265625
2430,0.94140625
2431,0.953125
2432,0.97265625
2433,0.95703125
2434,0.953125
2435,0.9609375
2436,0.94140625
2437,0.9609375
2438,0.9765625
2439,0.953125
2440,0.95703125
2441,0.953125
2442,0.953125
2443,0.94921875
2444,0.97265625
2445,0.95703125
2446,0.953125
2447,0.9609375
2448,0.95703125
2449,0.95703125
2450,0.984375
2451,0.96484375
2452,0.95703125
2453,0.96484375
2454,0.953125
2455,0.9765625
2456,0.96484375
2457,0.94921875
2458,0.95703125
2459,0.953125
2460,0.95703125
2461,0.94921875
2462,0.9453125
2463,0.96875
2464,0.95703125
2465,0.96875
2466,0.94921875
2467,0.96484375
2468,0.94140625
2469,0.9375
2470,0.9375
2471,0.94921875
2472,0.96484375
2473,0.95703125
2474,0.96875
2475,0.96484375
2476,0.96484375
2477,0.96484375
2478,0.94921875
2479,0.96875
2480,0.9609375
2481,0.94140625
2482,0.9609375
2483,0.96484375
2484,0.95703125
2485,0.96875
2486,0.953125
2487,0.9765625
2488,0.94140625
2489,0.96484375
2490,0.953125
2491,0.95703125
2492,0.96484375
2493,0.9609375
2494,0.9453125
2495,0.95703125
2496,0.96875
2497,0.94921875
2498,0.97265625
2499,0.9453125
2500,0.95703125
2501,0.95703125
2502,0.953125
2503,0.96875
2504,0.953125
2505,0.953125
2506,0.95703125
2507,0.9609375
2508,0.94921875
2509,0.953125
2510,0.97265625
2511,0.95703125
2512,0.94921875
2513,0.94921875
2514,0.94140625
2515,0.94140625
2516,0.9453125
2517,0.9375
2518,0.9609375
2519,0.96875
2520,0.9453125
2521,0.98046875
2522,0.9609375
2523,0.9453125
2524,0.94921875
2525,0.95703125
2526,0.94921875
2527,0.97265625
2528,0.953125
2529,0.96875
2530,0.96875
2531,0.95703125
2532,0.95703125
2533,0.9765625
2534,0.96484375
2535,0.96484375
2536,0.97265625
2537,0.96875
2538,0.95703125
2539,0.953125
2540,0.96484375
2541,0.95703125
2542,0.94921875
2543,0.95703125
2544,0.9609375
2545,0.95703125
2546,0.95703125
2547,0.953125
2548,0.95703125
2549,0.96484375
2550,0.94921875
2551,0.953125
2552,0.96484375
2553,0.9453125
2554,0.9453125
2555,0.953125
2556,0.96875
2557,0.9609375
2558,0.9765625
2559,0.9609375
2560,0.9609375
2561,0.98046875
2562,0.95703125
2563,0.96875
2564,0.98046875
2565,0.9609375
2566,0.98828125
2567,0.96875
2568,0.96484375
2569,0.97265625
2570,0.96484375
2571,0.97265625
2572,0.95703125
2573,0.97265625
2574,0.984375
2575,0.9609375
2576,0.94921875
2577,0.96875
2578,0.96875
2579,0.96875
2580,0.95703125
2581,0.96875
2582,0.96484375
2583,0.96875
2584,0.95703125
2585,0.97265625
2586,0.96484375
2587,0.96484375
2588,0.96875
2589,0.96484375
2590,0.96875
2591,0.97265625
2592,0.98046875
2593,0.9765625
2594,0.97265625
2595,0.96484375
2596,0.9765625
2597,0.96484375
2598,0.9609375
2599,0.97265625
2600,0.95703125
2601,0.953125
2602,0.9609375
2603,0.96875
2604,0.96484375
2605,0.98046875
2606,0.96484375
2607,0.95703125
2608,0.96484375
2609,0.97265625
2610,0.9765625
2611,0.96875
2612,0.9609375
2613,0.96484375
2614,0.984375
2615,0.9765625
2616,0.96875
2617,0.96484375
2618,0.96484375
2619,0.96875
2620,0.9609375
2621,0.96484375
2622,0.9765625
2623,0.96875
2624,0.97265625
2625,0.96875
2626,0.94921875
2627,0.984375
2628,0.9765625
2629,0.9765625
2630,0.95703125
2631,0.96484375
2632,0.9765625
2633,0.9609375
2634,0.9609375
2635,0.9609375
2636,0.9375
2637,0.9609375
2638,0.96875
2639,0.9609375
2640,0.9609375
2641,0.96875
2642,0.95703125
2643,0.9765625
2644,0.9765625
2645,0.953125
2646,0.96875
2647,0.9765625
2648,0.9609375
2649,0.96484375
2650,0.97265625
2651,0.97265625
2652,0.96484375
2653,0.94140625
2654,0.9609375
2655,0.95703125
2656,0.9609375
2657,0.95703125
2658,0.96484375
2659,0.95703125
2660,0.96875
2661,0.97265625
2662,0.97265625
2663,0.9765625
2664,0.96875
2665,0.9453125
2666,0.9765625
2667,0.96875
2668,0.97265625
2669,0.96875
2670,0.96484375
2671,0.97265625
2672,0.98046875
2673,0.94921875
2674,0.94921875
2675,0.9609375
2676,0.96484375
2677,0.97265625
2678,0.96875
2679,0.96875
2680,0.98828125
2681,0.96484375
2682,0.953125
2683,0.96484375
2684,0.97265625
2685,0.9609375
2686,0.95703125
2687,0.96875
2688,0.96484375
2689,0.9609375
2690,0.94921875
2691,0.96875
2692,0.96875
2693,0.984375
2694,0.96875
2695,0.9921875
2696,0.97265625
2697,0.96875
2698,0.96875
2699,0.9609375
2700,0.98828125
2701,0.97265625
2702,0.96484375
2703,0.9765625
2704,0.96875
2705,0.97265625
2706,0.9609375
2707,0.9765625
2708,0.95703125
2709,0.9765625
2710,0.96875
2711,0.96484375
2712,0.9765625
2713,0.97265625
2714,0.97265625
2715,0.97265625
2716,0.9765625
2717,0.95703125
2718,0.953125
2719,0.97265625
2720,0.9609375
2721,0.97265625
2722,0.96875
2723,0.96484375
2724,0.95703125
2725,0.96875
2726,0.95703125
2727,0.94140625
2728,0.97265625
2729,0.96484375
2730,0.9765625
2731,0.94921875
2732,0.96484375
2733,0.96484375
2734,0.94921875
2735,0.95703125
2736,0.94921875
2737,0.95703125
2738,0.953125
2739,0.96484375
2740,0.98046875
2741,0.953125
2742,0.96484375
2743,0.95703125
2744,0.9609375
2745,0.96875
2746,0.9765625
2747,0.96875
2748,0.96875
2749,0.96875
2750,0.97265625
2751,0.95703125
2752,0.98828125
2753,0.953125
2754,0.9609375
2755,0.97265625
2756,0.9609375
2757,0.95703125
2758,0.96484375
2759,0.96875
2760,0.95703125
2761,0.9765625
2762,0.9609375
2763,0.94921875
2764,0.95703125
2765,0.96875
2766,0.9609375
2767,0.96484375
2768,0.96875
2769,0.9609375
2770,0.9765625
2771,0.9453125
2772,0.97265625
2773,0.97265625
2774,0.97265625
2775,0.98046875
2776,0.96484375
2777,0.9609375
2778,0.96484375
2779,0.9609375
2780,0.9765625
2781,0.9765625
2782,0.96484375
2783,0.9609375
2784,0.9453125
2785,0.9609375
2786,0.9609375
2787,0.96875
2788,0.97265625
2789,0.96484375
2790,0.9765625
2791,0.96875
2792,0.9609375
2793,0.96875
2794,0.953125
2795,0.9765625
2796,0.98046875
2797,0.96484375
2798,0.97265625
2799,0.953125
2800,0.95703125
2801,0.96484375
2802,0.94140625
2803,0.97265625
2804,0.96484375
2805,0.9609375
2806,0.984375
2807,0.94921875
2808,0.98046875
2809,0.984375
2810,0.9765625
2811,0.9765625
2812,0.95703125
2813,0.9609375
2814,0.97265625
2815,0.96484375
2816,0.9765625
2817,0.9609375
2818,0.97265625
2819,0.97265625
2820,0.95703125
2821,0.96875
2822,0.97265625
2823,0.9765625
2824,0.953125
2825,0.97265625
2826,0.97265625
2827,0.98828125
2828,0.953125
2829,0.94921875
2830,0.96484375
2831,0.94921875
2832,0.96484375
2833,0.96484375
2834,0.953125
2835,0.95703125
2836,0.96875
2837,0.9609375
2838,0.96484375
2839,0.96484375
2840,0.95703125
2841,0.96484375
2842,0.96484375
2843,0.9609375
2844,0.96484375
2845,0.96875
2846,0.9765625
2847,0.9765625
2848,0.98046875
2849,0.96484375
2850,0.96484375
2851,0.9765625
2852,0.97265625
2853,0.94921875
2854,0.9609375
2855,0.9609375
2856,0.97265625
2857,0.96484375
2858,0.953125
2859,0.96484375
2860,0.96484375
2861,0.96875
2862,0.97265625
2863,0.96484375
2864,0.95703125
2865,0.96875
2866,0.953125
2867,0.9765625
2868,0.96875
2869,0.9921875
2870,0.9375
2871,0.95703125
2872,0.96484375
2873,0.96875
2874,0.96875
2875,0.9453125
2876,0.97265625
2877,0.98046875
2878,0.97265625
2879,0.9765625
2880,0.96484375
2881,0.97265625
2882,0.96484375
2883,0.96484375
2884,0.96484375
2885,0.96875
2886,0.984375
2887,0.96875
2888,0.97265625
2889,0.9453125
2890,0.9609375
2891,0.953125
2892,0.953125
2893,0.95703125
2894,0.96875
2895,0.96875
2896,0.96484375
2897,0.9453125
2898,0.9765625
2899,0.94921875
2900,0.96484375
2901,0.9765625
2902,0.98046875
2903,0.96875
2904,0.953125
2905,0.97265625
2906,0.9609375
2907,0.96875
2908,0.984375
2909,0.9609375
2910,0.96484375
2911,0.95703125
2912,0.96484375
2913,0.96875
2914,0.97265625
2915,0.96484375
2916,0.96875
2917,0.98046875
2918,0.9609375
2919,0.96875
2920,0.96484375
2921,0.96875
2922,0.97265625
2923,0.9609375
2924,0.96484375
2925,0.95703125
2926,0.953125
2927,0.95703125
2928,0.9765625
2929,0.9609375
2930,0.96484375
2931,0.95703125
2932,0.98046875
2933,0.94140625
2934,0.9765625
2935,0.953125
2936,0.97265625
2937,0.96484375
2938,0.97265625
2939,0.97265625
2940,0.94921875
2941,0.9609375
2942,0.97265625
2943,0.984375
2944,0.97265625
2945,0.94921875
2946,0.97265625
2947,0.9609375
2948,0.96875
2949,0.96875
2950,0.96875
2951,0.96484375
2952,0.96875
2953,0.96484375
2954,0.9765625
2955,0.9609375
2956,0.953125
2957,0.96484375
2958,0.9765625
2959,0.96875
2960,0.9609375
2961,0.96875
2962,0.984375
2963,0.953125
2964,0.9765625
2965,0.97265625
2966,0.96875
2967,0.9765625
2968,0.97265625
2969,0.98828125
2970,0.94140625
2971,0.9765625
2972,0.96484375
2973,0.96484375
2974,0.953125
2975,0.97265625
2976,0.96875
2977,0.96484375
2978,0.95703125
2979,0.96484375
2980,0.953125
2981,0.96484375
2982,0.9765625
2983,0.97265625
2984,0.9453125
2985,0.96484375
2986,0.97265625
2987,0.94921875
2988,0.97265625
2989,0.96484375
2990,0.953125
2991,0.97265625
2992,0.95703125
2993,0.97265625
2994,0.984375
2995,0.96484375
2996,0.97265625
2997,0.97265625
2998,0.9609375
2999,0.9609375
3000,0.97265625
3001,0.96484375
3002,0.97265625
3003,0.97265625
3004,0.953125
3005,0.9609375
3006,0.9609375
3007,0.96484375
3008,0.96484375
3009,0.97265625
3010,0.95703125
3011,0.953125
3012,0.96875
3013,0.96875
3014,0.97265625
3015,0.96484375
3016,0.95703125
3017,0.9765625
3018,0.953125
3019,0.9609375
3020,0.95703125
3021,0.96875
3022,0.94921875
3023,0.95703125
3024,0.96484375
3025,0.96484375
3026,0.96875
3027,0.94921875
3028,0.9609375
3029,0.95703125
3030,0.96484375
3031,0.97265625
3032,0.984375
3033,0.953125
3034,0.9609375
3035,0.96875
3036,0.94921875
3037,0.98046875
3038,0.96484375
3039,0.97265625
3040,0.96875
3041,0.9609375
3042,0.96484375
3043,0.97265625
3044,0.97265625
3045,0.96484375
3046,0.96484375
3047,0.9765625
3048,0.984375
3049,0.97265625
3050,0.9375
3051,0.96875
3052,0.96875
3053,0.9765625
3054,0.94140625
3055,0.96484375
3056,0.96875
3057,0.96484375
3058,0.9609375
3059,0.96484375
3060,0.95703125
3061,0.95703125
3062,0.9609375
3063,0.98046875
3064,0.97265625
3065,0.96875
3066,0.95703125
3067,0.98046875
3068,0.9375
3069,0.96875
3070,0.97265625
3071,0.97265625
3072,0.953125
3073,0.9453125
3074,0.953125
3075,0.94140625
3076,0.9453125
3077,0.96484375
3078,0.93359375
3079,0.9765625
3080,0.953125
3081,0.9296875
3082,0.96875
3083,0.9453125
3084,0.9765625
3085,0.94140625
3086,0.9453125
3087,0.96484375
3088,0.95703125
3089,0.94921875
3090,0.94140625
3091,0.95703125
3092,0.9375
3093,0.95703125
3094,0.96484375
3095,0.9375
3096,0.95703125
3097,0.953125
3098,0.96484375
3099,0.94921875
3100,0.953125
3101,0.9375
3102,0.95703125
3103,0.9609375
3104,0.953125
3105,0.953125
3106,0.95703125
3107,0.9609375
3108,0.953125
3109,0.96484375
3110,0.9453125
3111,0.9375
3112,0.95703125
3113,0.96875
3114,0.95703125
3115,0.9453125
3116,0.94140625
3117,0.9375
3118,0.9453125
3119,0.95703125
3120,0.9609375
3121,0.96875
3122,0.9453125
3123,0.9609375
3124,0.97265625
3125,0.9609375
3126,0.953125
3127,0.93359375
3128,0.95703125
3129,0.94921875
3130,0.953125
3131,0.953125
3132,0.9453125
3133,0.9609375
3134,0.96875
3135,0.9609375
3136,0.9609375
3137,0.953125
3138,0.9375
3139,0.953125
3140,0.953125
3141,0.94921875
3142,0.9453125
3143,0.95703125
3144,0.94921875
3145,0.95703125
3146,0.953125
3147,0.9609375
3148,0.94140625
3149,0.953125
3150,0.94921875
3151,0.953125
3152,0.9453125
3153,0.96875
3154,0.96875
3155,0.96875
3156,0.9375
3157,0.9375
3158,0.9765625
3159,0.9609375
3160,0.9609375
3161,0.95703125
3162,0.9609375
3163,0.94140625
3164,0.96484375
3165,0.93359375
3166,0.96875
3167,0.9453125
3168,0.9609375
3169,0.93359375
3170,0.953125
3171,0.9609375
3172,0.96484375
3173,0.96484375
3174,0.98046875
3175,0.9609375
3176,0.953125
3177,0.9609375
3178,0.9453125
3179,0.94140625
3180,0.96484375
3181,0.953125
3182,0.96484375
3183,0.98046875
3184,0.95703125
3185,0.9609375
3186,0.953125
3187,0.9609375
3188,0.95703125
3189,0.95703125
3190,0.94921875
3191,0.9453125
3192,0.953125
3193,0.9765625
3194,0.953125
3195,0.9296875
3196,0.93359375
3197,0.96484375
3198,0.9453125
3199,0.95703125
3200,0.97265625
3201,0.9765625
3202,0.953125
3203,0.953125
3204,0.953125
3205,0.9375
3206,0.953125
3207,0.95703125
3208,0.9453125
3209,0.95703125
3210,0.9453125
3211,0.97265625
3212,0.94921875
3213,0.95703125
3214,0.94140625
3215,0.95703125
3216,0.97265625
3217,0.94921875
3218,0.9609375
3219,0.96875
3220,0.94921875
3221,0.953125
3222,0.94921875
3223,0.94921875
3224,0.94140625
3225,0.9453125
3226,0.9453125
3227,0.9609375
3228,0.96875
3229,0.953125
3230,0.9375
3231,0.97265625
3232,0.94140625
3233,0.9609375
3234,0.953125
3235,0.94921875
3236,0.96875
3237,0.9453125
3238,0.97265625
3239,0.93359375
3240,0.9453125
3241,0.95703125
3242,0.93359375
3243,0.96875
3244,0.94140625
3245,0.96875
3246,0.94140625
3247,0.96484375
3248,0.9453125
3249,0.96484375
3250,0.953125
3251,0.94921875
3252,0.95703125
3253,0.9453125
3254,0.953125
3255,0.95703125
3256,0.97265625
3257,0.9296875
3258,0.953125
3259,0.953125
3260,0.953125
3261,0.96484375
3262,0.95703125
3263,0.9375
3264,0.96484375
3265,0.96484375
3266,0.96875
3267,0.9765625
3268,0.953125
3269,0.91796875
3270,0.9453125
3271,0.953125
3272,0.9609375
3273,0.96875
3274,0.95703125
3275,0.96875
3276,0.9453125
3277,0.95703125
3278,0.95703125
3279,0.9453125
3280,0.9609375
3281,0.9453125
3282,0.953125
3283,0.95703125
3284,0.94140625
3285,0.9453125
3286,0.9453125
3287,0.94140625
3288,0.96484375
3289,0.95703125
3290,0.9609375
3291,0.9609375
3292,0.9453125
3293,0.97265625
3294,0.9609375
3295,0.95703125
3296,0.9453125
3297,0.94921875
3298,0.96875
3299,0.94140625
3300,0.96484375
3301,0.92578125
3302,0.97265625
3303,0.94921875
3304,0.9453125
3305,0.9453125
3306,0.95703125
3307,0.953125
3308,0.9453125
3309,0.94140625
3310,0.94921875
3311,0.94921875
3312,0.94921875
3313,0.9609375
3314,0.98046875
3315,0.94140625
3316,0.96484375
3317,0.9375
3318,0.94921875
3319,0.9765625
3320,0.94921875
3321,0.9765625
3322,0.92578125
3323,0.9453125
3324,0.9609375
3325,0.94921875
3326,0.953125
3327,0.921875
3328,0.9609375
3329,0.953125
3330,0.96875
3331,0.953125
3332,0.9453125
3333,0.96875
3334,0.96875
3335,0.95703125
3336,0.9453125
3337,0.9375
3338,0.96875
3339,0.96875
3340,0.95703125
3341,0.95703125
3342,0.97265625
3343,0.96484375
3344,0.96484375
3345,0.96875
3346,0.953125
3347,0.953125
3348,0.96484375
3349,0.9609375
3350,0.92578125
3351,0.96875
3352,0.95703125
3353,0.9609375
3354,0.94921875
3355,0.953125
3356,0.953125
3357,0.97265625
3358,0.9375
3359,0.95703125
3360,0.97265625
3361,0.95703125
3362,0.96875
3363,0.96875
3364,0.94921875
3365,0.953125
3366,0.9609375
3367,0.94140625
3368,0.9765625
3369,0.97265625
3370,0.953125
3371,0.9453125
3372,0.94921875
3373,0.94921875
3374,0.96875
3375,0.95703125
3376,0.94921875
3377,0.95703125
3378,0.9765625
3379,0.95703125
3380,0.94921875
3381,0.96484375
3382,0.96875
3383,0.96875
3384,0.9765625
3385,0.95703125
3386,0.94140625
3387,0.953125
3388,0.94921875
3389,0.94921875
3390,0.9609375
3391,0.96875
3392,0.9375
3393,0.9609375
3394,0.9609375
3395,0.97265625
3396,0.96875
3397,0.9375
3398,0.9453125
3399,0.9375
3400,0.95703125
3401,0.953125
3402,0.96875
3403,0.9609375
3404,0.9765625
3405,0.96875
3406,0.9453125
3407,0.96484375
3408,0.9609375
3409,0.96484375
3410,0.9609375
3411,0.9609375
3412,0.95703125
3413,0.94140625
3414,0.9453125
3415,0.96875
3416,0.9453125
3417,0.9375
3418,0.98046875
3419,0.9609375
3420,0.9453125
3421,0.94921875
3422,0.96875
3423,0.9609375
3424,0.9609375
3425,0.94921875
3426,0.96484375
3427,0.96875
3428,0.96875
3429,0.9609375
3430,0.96875
3431,0.96484375
3432,0.96875
3433,0.95703125
3434,0.953125
3435,0.9609375
3436,0.95703125
3437,0.95703125
3438,0.96484375
3439,0.953125
3440,0.9609375
3441,0.96875
3442,0.953125
3443,0.96875
3444,0.96484375
3445,0.953125
3446,0.96875
3447,0.95703125
3448,0.95703125
3449,0.94921875
3450,0.94921875
3451,0.97265625
3452,0.9609375
3453,0.9609375
3454,0.95703125
3455,0.97265625
3456,0.953125
3457,0.953125
3458,0.9453125
3459,0.9609375
3460,0.96484375
3461,0.94140625
3462,0.9609375
3463,0.95703125
3464,0.953125
3465,0.9609375
3466,0.9609375
3467,0.9453125
3468,0.953125
3469,0.98046875
3470,0.9609375
3471,0.97265625
3472,0.9609375
3473,0.94140625
3474,0.96875
3475,0.9609375
3476,0.96484375
3477,0.96484375
3478,0.97265625
3479,0.9453125
3480,0.9609375
3481,0.96484375
3482,0.96484375
3483,0.94921875
3484,0.9609375
3485,0.95703125
3486,0.96484375
3487,0.97265625
3488,0.96875
3489,0.94140625
3490,0.97265625
3491,0.96484375
3492,0.9609375
3493,0.96484375
3494,0.94140625
3495,0.95703125
3496,0.95703125
3497,0.95703125
3498,0.97265625
3499,0.94921875
3500,0.97265625
3501,0.9609375
3502,0.9609375
3503,0.9375
3504,0.9609375
3505,0.96484375
3506,0.953125
3507,0.953125
3508,0.97265625
3509,0.95703125
3510,0.9609375
3511,0.96875
3512,0.9453125
3513,0.95703125
3514,0.94921875
3515,0.95703125
3516,0.94140625
3517,0.95703125
3518,0.953125
3519,0.94140625
3520,0.96484375
3521,0.9609375
3522,0.94921875
3523,0.95703125
3524,0.94921875
3525,0.953125
3526,0.9609375
3527,0.9765625
3528,0.9609375
3529,0.95703125
3530,0.9453125
3531,0.953125
3532,0.9765625
3533,0.96484375
3534,0.96484375
3535,0.96484375
3536,0.95703125
3537,0.97265625
3538,0.95703125
3539,0.953125
3540,0.94140625
3541,0.95703125
3542,0.953125
3543,0.9609375
3544,0.96484375
3545,0.96875
3546,0.96484375
3547,0.9609375
3548,0.95703125
3549,0.96484375
3550,0.94921875
3551,0.953125
3552,0.96484375
3553,0.94140625
3554,0.95703125
3555,0.96484375
3556,0.95703125
3557,0.95703125
3558,0.9609375
3559,0.96875
3560,0.9609375
3561,0.94140625
3562,0.953125
3563,0.9609375
3564,0.953125
3565,0.94921875
3566,0.9453125
3567,0.9609375
3568,0.96875
3569,0.9375
3570,0.984375
3571,0.97265625
3572,0.97265625
3573,0.9609375
3574,0.96484375
3575,0.953125
3576,0.95703125
3577,0.96484375
3578,0.9609375
3579,0.95703125
3580,0.9765625
3581,0.94921875
3582,0.9609375
3583,0.9609375
3584,0.9609375
3585,0.9453125
3586,0.94921875
3587,0.9375
3588,0.9453125
3589,0.9375
3590,0.96484375
3591,0.96875
3592,0.96484375
3593,0.953125
3594,0.96484375
3595,0.95703125
3596,0.95703125
3597,0.9375
3598,0.96484375
3599,0.953125
3600,0.9609375
3601,0.96484375
3602,0.97265625
3603,0.94921875
3604,0.953125
3605,0.95703125
3606,0.96875
3607,0.9609375
3608,0.9453125
3609,0.96875
3610,0.953125
3611,0.94140625
3612,0.95703125
3613,0.95703125
3614,0.97265625
3615,0.94921875
3616,0.95703125
3617,0.96875
3618,0.97265625
3619,0.96484375
3620,0.94140625
3621,0.9609375
3622,0.97265625
3623,0.93359375
3624,0.94921875
3625,0.9375
3626,0.97265625
3627,0.9609375
3628,0.9296875
3629,0.9609375
3630,0.97265625
3631,0.94140625
3632,0.9453125
3633,0.95703125
3634,0.9609375
3635,0.9765625
3636,0.953125
3637,0.95703125
3638,0.9453125
3639,0.94140625
3640,0.96484375
3641,0.94921875
3642,0.953125
3643,0.9609375
3644,0.9609375
3645,0.9609375
3646,0.95703125
3647,0.96484375
3648,0.95703125
3649,0.9609375
3650,0.9453125
3651,0.96484375
3652,0.95703125
3653,0.94140625
3654,0.94140625
3655,0.9375
3656,0.95703125
3657,0.9609375
3658,0.9453125
3659,0.9609375
3660,0.96484375
3661,0.9765625
3662,0.97265625
3663,0.95703125
3664,0.96484375
3665,0.9609375
3666,0.953125
3667,0.9609375
3668,0.96875
3669,0.95703125
3670,0.97265625
3671,0.94921875
3672,0.95703125
3673,0.96875
3674,0.953125
3675,0.9765625
3676,0.97265625
3677,0.96484375
3678,0.94140625
3679,0.9375
3680,0.9765625
3681,0.953125
3682,0.953125
3683,0.953125
3684,0.96484375
3685,0.9453125
3686,0.95703125
3687,0.96875
3688,0.98046875
3689,0.9375
3690,0.9609375
3691,0.95703125
3692,0.9453125
3693,0.96875
3694,0.96875
3695,0.9609375
3696,0.96875
3697,0.953125
3698,0.9453125
3699,0.96484375
3700,0.96875
3701,0.94140625
3702,0.95703125
3703,0.9609375
3704,0.9453125
3705,0.96484375
3706,0.9609375
3707,0.9609375
3708,0.94921875
3709,0.9765625
3710,0.9453125
3711,0.96875
3712,0.97265625
3713,0.95703125
3714,0.953125
3715,0.9765625
3716,0.94921875
3717,0.9609375
3718,0.94140625
3719,0.9453125
3720,0.9609375
3721,0.9609375
3722,0.95703125
3723,0.9453125
3724,0.9609375
3725,0.94921875
3726,0.96875
3727,0.953125
3728,0.9609375
3729,0.953125
3730,0.9609375
3731,0.96875
3732,0.95703125
3733,0.953125
3734,0.94921875
3735,0.953125
3736,0.96484375
3737,0.97265625
3738,0.9609375
3739,0.953125
3740,0.96484375
3741,0.9609375
3742,0.96484375
3743,0.96484375
3744,0.95703125
3745,0.96484375
3746,0.96875
3747,0.9453125
3748,0.9453125
3749,0.9765625
3750,0.94140625
3751,0.93359375
3752,0.96875
3753,0.94140625
3754,0.96484375
3755,0.9453125
3756,0.953125
3757,0.96484375
3758,0.95703125
3759,0.94140625
3760,0.9453125
3761,0.95703125
3762,0.9375
3763,0.9453125
3764,0.9453125
3765,0.94140625
3766,0.9453125
3767,0.9375
3768,0.953125
3769,0.9609375
3770,0.94140625
3771,0.95703125
3772,0.95703125
3773,0.94140625
3774,0.94921875
3775,0.94921875
3776,0.95703125
3777,0.95703125
3778,0.94921875
3779,0.94921875
3780,0.94921875
3781,0.95703125
3782,0.96875
3783,0.96484375
3784,0.9453125
3785,0.94921875
3786,0.9609375
3787,0.9375
3788,0.953125
3789,0.9609375
3790,0.97265625
3791,0.953125
3792,0.97265625
3793,0.953125
3794,0.9609375
3795,0.97265625
3796,0.9609375
3797,0.9609375
3798,0.953125
3799,0.94140625
3800,0.9453125
3801,0.953125
3802,0.97265625
3803,0.9609375
3804,0.94921875
3805,0.94921875
3806,0.953125
3807,0.93359375
3808,0.95703125
3809,0.94140625
3810,0.9453125
3811,0.95703125
3812,0.953125
3813,0.95703125
3814,0.98046875
3815,0.96484375
3816,0.98046875
3817,0.9453125
3818,0.96875
3819,0.97265625
3820,0.94921875
3821,0.9609375
3822,0.95703125
3823,0.9609375
3824,0.96875
3825,0.9765625
3826,0.953125
3827,0.96484375
3828,0.9453125
3829,0.95703125
3830,0.9453125
3831,0.96875
3832,0.953125
3833,0.9375
3834,0.953125
3835,0.9375
3836,0.9609375
3837,0.953125
3838,0.96875
3839,0.98046875
3840,0.953125
3841,0.9609375
3842,0.96875
3843,0.96484375
3844,0.9765625
3845,0.97265625
3846,0.94921875
3847,0.96484375
3848,0.96484375
3849,0.9453125
3850,0.95703125
3851,0.984375
3852,0.9453125
3853,0.95703125
3854,0.97265625
3855,0.97265625
3856,0.95703125
3857,0.9609375
3858,0.97265625
3859,0.96484375
3860,0.95703125
3861,0.96484375
3862,0.93359375
3863,0.9765625
3864,0.96875
3865,0.953125
3866,0.95703125
3867,0.9453125
3868,0.97265625
3869,0.97265625
3870,0.96484375
3871,0.94140625
3872,0.953125
3873,0.97265625
3874,0.96484375
3875,0.98046875
3876,0.94921875
3877,0.9609375
3878,0.9609375
3879,0.94921875
3880,0.96484375
3881,0.953125
3882,0.95703125
3883,0.94140625
3884,0.95703125
3885,0.97265625
3886,0.96484375
3887,0.96484375
3888,0.95703125
3889,0.96484375
3890,0.9765625
3891,0.96875
3892,0.94140625
3893,0.96875
3894,0.9765625
3895,0.96484375
3896,0.96875
3897,0.95703125
3898,0.95703125
3899,0.95703125
3900,0.95703125
3901,0.96484375
3902,0.9453125
3903,0.9609375
3904,0.97265625
3905,0.94921875
3906,0.9609375
3907,0.9609375
3908,0.95703125
3909,0.9609375
3910,0.97265625
3911,0.96875
3912,0.96484375
3913,0.94921875
3914,0.96484375
3915,0.96875
3916,0.94921875
3917,0.9453125
3918,0.9609375
3919,0.9609375
3920,0.97265625
3921,0.98046875
3922,0.96875
3923,0.9609375
3924,0.9453125
3925,0.953125
3926,0.95703125
3927,0.9453125
3928,0.94921875
3929,0.953125
3930,0.96484375
3931,0.94921875
3932,0.9453125
3933,0.9609375
3934,0.96484375
3935,0.9609375
3936,0.97265625
3937,0.97265625
3938,0.9609375
3939,0.96875
3940,0.9609375
3941,0.96484375
3942,0.97265625
3943,0.96484375
3944,0.96875
3945,0.953125
3946,0.97265625
3947,0.94921875
3948,0.9765625
3949,0.96875
3950,0.9453125
3951,0.96484375
3952,0.96484375
3953,0.94921875
3954,0.953125
3955,0.96875
3956,0.96875
3957,0.9609375
3958,0.953125
3959,0.9453125
3960,0.95703125
3961,0.9609375
3962,0.96484375
3963,0.9609375
3964,0.96875
3965,0.97265625
3966,0.96484375
3967,0.95703125
3968,0.95703125
3969,0.95703125
3970,0.95703125
3971,0.96875
3972,0.9765625
3973,0.9609375
3974,0.9765625
3975,0.97265625
3976,0.96875
3977,0.9765625
3978,0.953125
3979,0.95703125
3980,0.953125
3981,0.95703125
3982,0.9375
3983,0.96484375
3984,0.97265625
3985,0.97265625
3986,0.9609375
3987,0.9453125
3988,0.9609375
3989,0.9375
3990,0.96875
3991,0.94921875
3992,0.96875
3993,0.9609375
3994,0.9453125
3995,0.97265625
3996,0.97265625
3997,0.96484375
3998,0.97265625
3999,0.97265625
4000,0.9609375
4001,0.95703125
4002,0.953125
4003,0.953125
4004,0.95703125
4005,0.96875
4006,0.96484375
4007,0.9765625
4008,0.96484375
4009,0.94140625
4010,0.96875
4011,0.9453125
4012,0.9609375
4013,0.9609375
4014,0.96875
4015,0.953125
4016,0.96484375
4017,0.953125
4018,0.953125
4019,0.94921875
4020,0.96484375
4021,0.96875
4022,0.9609375
4023,0.9375
4024,0.953125
4025,0.95703125
4026,0.94921875
4027,0.96875
4028,0.96875
4029,0.96484375
4030,0.96484375
4031,0.9609375
4032,0.94921875
4033,0.96875
4034,0.96484375
4035,0.95703125
4036,0.9765625
4037,0.97265625
4038,0.953125
4039,0.96875
4040,0.96484375
4041,0.96484375
4042,0.9609375
4043,0.95703125
4044,0.95703125
4045,0.96875
4046,0.94921875
4047,0.96484375
4048,0.95703125
4049,0.95703125
4050,0.97265625
4051,0.95703125
4052,0.96484375
4053,0.97265625
4054,0.953125
4055,0.98046875
4056,0.9453125
4057,0.95703125
4058,0.96484375
4059,0.96484375
4060,0.9765625
4061,0.98046875
4062,0.93359375
4063,0.96484375
4064,0.95703125
4065,0.95703125
4066,0.9609375
4067,0.95703125
4068,0.95703125
4069,0.94921875
4070,0.9453125
4071,0.95703125
4072,0.95703125
4073,0.95703125
4074,0.95703125
4075,0.953125
4076,0.953125
4077,0.95703125
4078,0.96484375
4079,0.95703125
4080,0.96875
4081,0.96875
4082,0.97265625
4083,0.94921875
4084,0.953125
4085,0.94921875
4086,0.96484375
4087,0.97265625
4088,0.9609375
4089,0.953125
4090,0.96875
4091,0.9453125
4092,0.9765625
4093,0.96484375
4094,0.9765625
4095,0.953125
4096,0.96875
4097,0.98046875
4098,0.96875
4099,0.97265625
4100,0.97265625
4101,0.94921875
4102,0.9609375
4103,0.9609375
4104,0.96875
4105,0.96484375
4106,0.94921875
4107,0.96484375
4108,0.98046875
4109,0.97265625
4110,0.9609375
4111,0.95703125
4112,0.96875
4113,0.9609375
4114,0.96875
4115,0.96875
4116,0.94921875
4117,0.96875
4118,0.953125
4119,0.96875
4120,0.9765625
4121,0.96875
4122,0.96875
4123,0.9609375
4124,0.9765625
4125,0.9453125
4126,0.96484375
4127,0.96484375
4128,0.953125
4129,0.94921875
4130,0.96484375
4131,0.96484375
4132,0.9609375
4133,0.9765625
4134,0.95703125
4135,0.97265625
4136,0.95703125
4137,0.9609375
4138,0.97265625
4139,0.97265625
4140,0.9609375
4141,0.97265625
4142,0.94140625
4143,0.96875
4144,0.96484375
4145,0.9453125
4146,0.96875
4147,0.96484375
4148,0.953125
4149,0.96484375
4150,0.96875
4151,0.96484375
4152,0.94921875
4153,0.97265625
4154,0.953125
4155,0.96484375
4156,0.96484375
4157,0.9765625
4158,0.96875
4159,0.98046875
4160,0.95703125
4161,0.9609375
4162,0.953125
4163,0.9609375
4164,0.98046875
4165,0.9609375
4166,0.9765625
4167,0.95703125
4168,0.97265625
4169,0.96484375
4170,0.96875
4171,0.9609375
4172,0.98046875
4173,0.96875
4174,0.97265625
4175,0.96875
4176,0.95703125
4177,0.96484375
4178,0.96484375
4179,0.953125
4180,0.9609375
4181,0.95703125
4182,0.97265625
4183,0.95703125
4184,0.9453125
4185,0.96484375
4186,0.96875
4187,0.953125
4188,0.9609375
4189,0.9609375
4190,0.96875
4191,0.96875
4192,0.97265625
4193,0.953125
4194,0.96875
4195,0.96875
4196,0.96875
4197,0.9453125
4198,0.9375
4199,0.95703125
4200,0.9609375
4201,0.96875
4202,0.96875
4203,0.94921875
4204,0.95703125
4205,0.953125
4206,0.95703125
4207,0.94921875
4208,0.95703125
4209,0.97265625
4210,0.9296875
4211,0.96484375
4212,0.95703125
4213,0.94921875
4214,0.96484375
4215,0.9609375
4216,0.95703125
4217,0.96875
4218,0.9296875
4219,0.97265625
4220,0.9609375
4221,0.9609375
4222,0.9609375
4223,0.96484375
4224,0.9609375
4225,0.953125
4226,0.96484375
4227,0.97265625
4228,0.95703125
4229,0.94921875
4230,0.96875
4231,0.95703125
4232,0.9609375
4233,0.9453125
4234,0.96484375
4235,0.96484375
4236,0.9765625
4237,0.96484375
4238,0.96875
4239,0.97265625
4240,0.95703125
4241,0.95703125
4242,0.96484375
4243,0.97265625
4244,0.96875
4245,0.9609375
4246,0.98046875
4247,0.9609375
4248,0.96484375
4249,0.96875
4250,0.953125
4251,0.94921875
4252,0.97265625
4253,0.97265625
4254,0.9609375
4255,0.97265625
4256,0.953125
4257,0.94921875
4258,0.9453125
4259,0.96484375
4260,0.953125
4261,0.953125
4262,0.97265625
4263,0.96484375
4264,0.96484375
4265,0.96484375
4266,0.96484375
4267,0.98046875
4268,0.96484375
4269,0.9609375
4270,0.953125
4271,0.9609375
4272,0.9765625
4273,0.9765625
4274,0.96484375
4275,0.9609375
4276,0.9609375
4277,0.9765625
4278,0.94921875
4279,0.96875
4280,0.95703125
4281,0.95703125
4282,0.9765625
4283,0.9609375
4284,0.96484375
4285,0.95703125
4286,0.95703125
4287,0.9609375
4288,0.96484375
4289,0.97265625
4290,0.9609375
4291,0.94921875
4292,0.96484375
4293,0.95703125
4294,0.98046875
4295,0.95703125
4296,0.9453125
4297,0.96875
4298,0.97265625
4299,0.95703125
4300,0.953125
4301,0.953125
4302,0.9609375
4303,0.96484375
4304,0.95703125
4305,0.94921875
4306,0.98828125
4307,0.9609375
4308,0.95703125
4309,0.9453125
4310,0.95703125
4311,0.9609375
4312,0.9453125
4313,0.94921875
4314,0.9765625
4315,0.95703125
4316,0.98046875
4317,0.9609375
4318,0.9609375
4319,0.98046875
4320,0.97265625
4321,0.96875
4322,0.96484375
4323,0.95703125
4324,0.9609375
4325,0.95703125
4326,0.95703125
4327,0.953125
4328,0.97265625
4329,0.9609375
4330,0.95703125
4331,0.96484375
4332,0.953125
4333,0.9609375
4334,0.95703125
4335,0.953125
4336,0.95703125
4337,0.96875
4338,0.96875
4339,0.9765625
4340,0.9609375
4341,0.94921875
4342,0.94921875
4343,0.9609375
4344,0.97265625
4345,0.94921875
4346,0.94921875
4347,0.95703125
4348,0.95703125
4349,0.9609375
4350,0.95703125
4351,0.9609375
4352,0.9765625
4353,0.95703125
4354,0.95703125
4355,0.9609375
4356,0.96875
4357,0.96484375
4358,0.97265625
4359,0.9765625
4360,0.96875
4361,0.9609375
4362,0.95703125
4363,0.953125
4364,0.9765625
4365,0.9609375
4366,0.9921875
4367,0.94921875
4368,0.98046875
4369,0.953125
4370,0.96875
4371,0.95703125
4372,0.95703125
4373,0.96875
4374,0.96484375
4375,0.96484375
4376,0.9765625
4377,0.96875
4378,0.94921875
4379,0.94921875
4380,0.97265625
4381,0.94921875
4382,0.95703125
4383,0.9375
4384,0.96484375
4385,0.9765625
4386,0.97265625
4387,0.97265625
4388,0.953125
4389,0.9453125
4390,0.96875
4391,0.96875
4392,0.96875
4393,0.96875
4394,0.96484375
4395,0.96875
4396,0.96875
4397,0.97265625
4398,0.96875
4399,0.984375
4400,0.97265625
4401,0.953125
4402,0.96875
4403,0.96875
4404,0.953125
4405,0.9765625
4406,0.95703125
4407,0.9765625
4408,0.9609375
4409,0.98046875
4410,0.9609375
4411,0.984375
4412,0.97265625
4413,0.96875
4414,0.953125
4415,0.9765625
4416,0.94921875
4417,0.95703125
4418,0.96875
4419,0.96484375
4420,0.96484375
4421,0.96875
4422,0.94921875
4423,0.9609375
4424,0.953125
4425,0.9609375
4426,0.98046875
4427,0.95703125
4428,0.95703125
4429,0.9609375
4430,0.9765625
4431,0.96875
4432,0.96875
4433,0.94921875
4434,0.94140625
4435,0.96875
4436,0.97265625
4437,0.94921875
4438,0.96484375
4439,0.96875
4440,0.95703125
4441,0.94921875
4442,0.9765625
4443,0.96484375
4444,0.953125
4445,0.9609375
4446,0.96484375
4447,0.96484375
4448,0.953125
4449,0.94921875
4450,0.984375
4451,0.94140625
4452,0.96484375
4453,0.96484375
4454,0.9609375
4455,0.953125
4456,0.97265625
4457,0.9609375
4458,0.97265625
4459,0.96484375
4460,0.9765625
4461,0.95703125
4462,0.96484375
4463,0.95703125
4464,0.9453125
4465,0.96875
4466,0.96484375
4467,0.96484375
4468,0.9609375
4469,0.953125
4470,0.96875
4471,0.97265625
4472,0.953125
4473,0.96875
4474,0.96484375
4475,0.96875
4476,0.953125
4477,0.97265625
4478,0.96875
4479,0.9765625
4480,0.96484375
4481,0.953125
4482,0.96484375
4483,0.9453125
4484,0.97265625
4485,0.953125
4486,0.9609375
4487,0.953125
4488,0.94921875
4489,0.9609375
4490,0.953125
4491,0.95703125
4492,0.9609375
4493,0.9609375
4494,0.9765625
4495,0.95703125
4496,0.9609375
4497,0.95703125
4498,0.96484375
4499,0.96875
4500,0.96484375
4501,0.9609375
4502,0.9609375
4503,0.9765625
4504,0.98046875
4505,0.9609375
4506,0.96484375
4507,0.953125
4508,0.9609375
4509,0.95703125
4510,0.9609375
4511,0.97265625
4512,0.96484375
4513,0.95703125
4514,0.95703125
4515,0.9453125
4516,0.96484375
4517,0.96484375
4518,0.96875
4519,0.94921875
4520,0.98046875
4521,0.95703125
4522,0.9609375
4523,0.96484375
4524,0.96484375
4525,0.9609375
4526,0.953125
4527,0.97265625
4528,0.9609375
4529,0.96875
4530,0.96875
4531,0.96484375
4532,0.97265625
4533,0.96484375
4534,0.921875
4535,0.95703125
4536,0.95703125
4537,0.9609375
4538,0.9765625
4539,0.96484375
4540,0.94921875
4541,0.953125
4542,0.953125
4543,0.96875
4544,0.94921875
4545,0.953125
4546,0.9609375
4547,0.96484375
4548,0.9609375
4549,0.9609375
4550,0.96875
4551,0.96484375
4552,0.953125
4553,0.95703125
4554,0.96484375
4555,0.9609375
4556,0.96875
4557,0.9453125
4558,0.95703125
4559,0.9765625
4560,0.96484375
4561,0.953125
4562,0.96875
4563,0.94140625
4564,0.94921875
4565,0.96875
4566,0.94921875
4567,0.95703125
4568,0.94921875
4569,0.953125
4570,0.96484375
4571,0.9765625
4572,0.9609375
4573,0.95703125
4574,0.96875
4575,0.96484375
4576,0.96484375
4577,0.94140625
4578,0.96875
4579,0.9609375
4580,0.94921875
4581,0.9765625
4582,0.97265625
4583,0.95703125
4584,0.95703125
4585,0.96875
4586,0.9609375
4587,0.97265625
4588,0.9765625
4589,0.96875
4590,0.95703125
4591,0.9765625
4592,0.9765625
4593,0.95703125
4594,0.96484375
4595,0.98046875
4596,0.96484375
4597,0.9765625
4598,0.96875
4599,0.97265625
4600,0.97265625
4601,0.9765625
4602,0.96875
4603,0.9609375
4604,0.94921875
4605,0.98828125
4606,0.96484375
4607,0.984375
4608,0.97265625
4609,0.96484375
4610,0.9609375
4611,0.96484375
4612,0.96484375
4613,0.9609375
4614,0.953125
4615,0.98046875
4616,0.97265625
4617,0.96875
4618,0.9453125
4619,0.98046875
4620,0.96875
4621,0.953125
4622,0.9765625
4623,0.9609375
4624,0.94140625
4625,0.94921875
4626,0.97265625
4627,0.96484375
4628,0.9453125
4629,0.953125
4630,0.96484375
4631,0.9609375
4632,0.9765625
4633,0.9765625
4634,0.96484375
4635,0.9921875
4636,0.97265625
4637,0.96875
4638,0.9609375
4639,0.97265625
4640,0.9609375
4641,0.97265625
4642,0.953125
4643,0.96875
4644,0.95703125
4645,0.95703125
4646,0.96484375
4647,0.95703125
4648,0.9765625
4649,0.96875
4650,0.94921875
4651,0.98046875
4652,0.9609375
4653,0.9453125
4654,0.95703125
4655,0.9453125
4656,0.9453125
4657,0.9609375
4658,0.9765625
4659,0.96875
4660,0.9765625
4661,0.953125
4662,0.953125
4663,0.9609375
4664,0.9609375
4665,0.9609375
4666,0.97265625
4667,0.984375
4668,0.96484375
4669,0.9765625
4670,0.96875
4671,0.9765625
4672,0.96875
4673,0.95703125
4674,0.95703125
4675,0.96484375
4676,0.97265625
4677,0.96484375
4678,0.96875
4679,0.953125
4680,0.9765625
4681,0.9609375
4682,0.94921875
4683,0.9609375
4684,0.984375
4685,0.98046875
4686,0.9609375
4687,0.97265625
4688,0.95703125
4689,0.9765625
4690,0.96484375
4691,0.95703125
4692,0.95703125
4693,0.96484375
4694,0.97265625
4695,0.9765625
4696,0.9609375
4697,0.96484375
4698,0.97265625
4699,0.953125
4700,0.9765625
4701,0.9609375
4702,0.97265625
4703,0.9765625
4704,0.9609375
4705,0.96875
4706,0.9453125
4707,0.95703125
4708,0.9609375
4709,0.96484375
4710,0.9765625
4711,0.96875
4712,0.96484375
4713,0.9765625
4714,0.9765625
4715,0.96875
4716,0.96484375
4717,0.96484375
4718,0.97265625
4719,0.96484375
4720,0.95703125
4721,0.98046875
4722,0.96484375
4723,0.96484375
4724,0.94140625
4725,0.9609375
4726,0.95703125
4727,0.9609375
4728,0.95703125
4729,0.9609375
4730,0.9453125
4731,0.97265625
4732,0.98046875
4733,0.9609375
4734,0.98046875
4735,0.9609375
4736,0.9453125
4737,0.9375
4738,0.9609375
4739,0.953125
4740,0.96875
4741,0.96875
4742,0.97265625
4743,0.96875
4744,0.953125
4745,0.96875
4746,0.9609375
4747,0.94140625
4748,0.96484375
4749,0.96484375
4750,0.9453125
4751,0.95703125
4752,0.96484375
4753,0.96875
4754,0.97265625
4755,0.9453125
4756,0.96875
4757,0.953125
4758,0.97265625
4759,0.96484375
4760,0.9609375
4761,0.96484375
4762,0.95703125
4763,0.9453125
4764,0.96875
4765,0.96484375
4766,0.96484375
4767,0.94921875
4768,0.97265625
4769,0.9453125
4770,0.9453125
4771,0.95703125
4772,0.96484375
4773,0.95703125
4774,0.95703125
4775,0.96875
4776,0.96484375
4777,0.9765625
4778,0.97265625
4779,0.97265625
4780,0.953125
4781,0.953125
4782,0.98828125
4783,0.96484375
4784,0.9609375
4785,0.9609375
4786,0.95703125
4787,0.95703125
4788,0.96484375
4789,0.96484375
4790,0.96875
4791,0.9609375
4792,0.9375
4793,0.96484375
4794,0.953125
4795,0.96875
4796,0.95703125
4797,0.95703125
4798,0.9765625
4799,0.96484375
4800,0.96484375
4801,0.95703125
4802,0.98046875
4803,0.95703125
4804,0.95703125
4805,0.95703125
4806,0.94921875
4807,0.96484375
4808,0.95703125
4809,0.96484375
4810,0.98828125
4811,0.97265625
4812,0.9453125
4813,0.9765625
4814,0.96484375
4815,0.98046875
4816,0.96875
4817,0.94140625
4818,0.94140625
4819,0.96484375
4820,0.96484375
4821,0.96484375
4822,0.95703125
4823,0.953125
4824,0.96484375
4825,0.96875
4826,0.98046875
4827,0.96484375
4828,0.96875
4829,0.9453125
4830,0.95703125
4831,0.97265625
4832,0.9609375
4833,0.95703125
4834,0.953125
4835,0.953125
4836,0.96484375
4837,0.96875
4838,0.9609375
4839,0.9609375
4840,0.9765625
4841,0.96484375
4842,0.9609375
4843,0.9609375
4844,0.98046875
4845,0.97265625
4846,0.9609375
4847,0.953125
4848,0.9609375
4849,0.95703125
4850,0.9765625
4851,0.94140625
4852,0.96484375
4853,0.9453125
4854,0.96484375
4855,0.96875
4856,0.9375
4857,0.94921875
4858,0.96875
4859,0.96484375
4860,0.95703125
4861,0.94921875
4862,0.953125
4863,0.96875
4864,0.96875
4865,0.94921875
4866,0.96875
4867,0.96875
4868,0.96875
4869,0.96875
4870,0.98828125
4871,0.9609375
4872,0.96875
4873,0.953125
4874,0.953125
4875,0.96875
4876,0.9765625
4877,0.953125
4878,0.96484375
4879,0.95703125
4880,0.98046875
4881,0.96484375
4882,0.953125
4883,0.9765625
4884,0.98046875
4885,0.96484375
4886,0.9609375
4887,0.97265625
4888,0.9609375
4889,0.98828125
4890,0.9765625
4891,0.96484375
4892,0.96875
4893,0.9609375
4894,0.96484375
4895,0.96484375
4896,0.953125
4897,0.9609375
4898,0.95703125
4899,0.9609375
4900,0.95703125
4901,0.953125
4902,0.96875
4903,0.9765625
4904,0.94921875
4905,0.97265625
4906,0.97265625
4907,0.953125
4908,0.96484375
4909,0.9609375
4910,0.95703125
4911,0.9765625
4912,0.9453125
4913,0.96875
4914,0.96875
4915,0.9765625
4916,0.98046875
4917,0.96875
4918,0.94140625
4919,0.9609375
4920,0.98046875
4921,0.97265625
4922,0.96484375
4923,0.96875
4924,0.953125
4925,0.95703125
4926,0.96484375
4927,0.95703125
4928,0.95703125
4929,0.94921875
4930,0.96875
4931,0.9453125
4932,0.98046875
4933,0.96875
4934,0.9609375
4935,0.96875
4936,0.9609375
4937,0.9453125
4938,0.96484375
4939,0.96484375
4940,0.96484375
4941,0.96484375
4942,0.9609375
4943,0.97265625
4944,0.95703125
4945,0.96484375
4946,0.95703125
4947,0.9609375
4948,0.96484375
4949,0.96484375
4950,0.98046875
4951,0.9609375
4952,0.96484375
4953,0.98828125
4954,0.97265625
4955,0.97265625
4956,0.96875
4957,0.96484375
4958,0.96875
4959,0.96875
4960,0.96484375
4961,0.9609375
4962,0.9609375
4963,0.953125
4964,0.96484375
4965,0.984375
4966,0.95703125
4967,0.95703125
4968,0.9453125
4969,0.9609375
4970,0.96484375
4971,0.95703125
4972,0.953125
4973,0.97265625
4974,0.9921875
4975,0.9765625
4976,0.953125
4977,0.9765625
4978,0.98046875
4979,0.9765625
4980,0.95703125
4981,0.97265625
4982,0.9609375
4983,0.97265625
4984,0.9765625
4985,0.96875
4986,0.96484375
4987,0.96484375
4988,0.984375
4989,0.95703125
4990,0.9609375
4991,0.9453125
4992,0.96484375
4993,0.97265625
4994,0.9609375
4995,0.9609375
4996,0.97265625
4997,0.97265625
4998,0.97265625
4999,0.9375
5000,0.96484375
5001,0.96484375
5002,0.9609375
5003,0.96484375
5004,0.9609375
5005,0.95703125
5006,0.98046875
5007,0.96875
5008,0.97265625
5009,0.96484375
5010,0.9609375
5011,0.96484375
5012,0.97265625
5013,0.97265625
5014,0.9765625
5015,0.9765625
5016,0.96875
5017,0.9765625
5018,0.9609375
5019,0.97265625
5020,0.953125
5021,0.94921875
5022,0.96484375
5023,0.96484375
5024,0.953125
5025,0.97265625
5026,0.95703125
5027,0.9453125
5028,0.98046875
5029,0.96484375
5030,0.96484375
5031,0.96484375
5032,0.9765625
5033,0.96484375
5034,0.984375
5035,0.95703125
5036,0.98046875
5037,0.9609375
5038,0.96875
5039,0.984375
5040,0.97265625
5041,0.9765625
5042,0.97265625
5043,0.9609375
5044,0.96875
5045,0.96875
5046,0.96875
5047,0.96875
5048,0.96484375
5049,0.9609375
5050,0.9609375
5051,0.9765625
5052,0.96484375
5053,0.9453125
5054,0.9609375
5055,0.95703125
5056,0.94921875
5057,0.96484375
5058,0.953125
5059,0.97265625
5060,0.98046875
5061,0.9609375
5062,0.9765625
5063,0.97265625
5064,0.9609375
5065,0.96875
5066,0.96484375
5067,0.94921875
5068,0.9609375
5069,0.96875
5070,0.97265625
5071,0.94921875
5072,0.95703125
5073,0.97265625
5074,0.9609375
5075,0.9609375
5076,0.97265625
5077,0.98046875
5078,0.96875
5079,0.96875
5080,0.95703125
5081,0.97265625
5082,0.96484375
5083,0.94921875
5084,0.96875
5085,0.96484375
5086,0.94921875
5087,0.96484375
5088,0.9765625
5089,0.96875
5090,0.98046875
5091,0.953125
5092,0.96875
5093,0.9765625
5094,0.953125
5095,0.953125
5096,0.96875
5097,0.95703125
5098,0.96484375
5099,0.96484375
5100,0.9609375
5101,0.96875
5102,0.96875
5103,0.97265625
5104,0.96875
5105,0.9765625
5106,0.984375
5107,0.9609375
5108,0.94921875
5109,0.94140625
5110,0.9765625
5111,0.98828125
5112,0.96484375
5113,0.984375
5114,0.95703125
5115,0.96875
5116,0.97265625
5117,0.95703125
5118,0.94921875
5119,0.9609375
5120,0.95703125
5121,0.94921875
5122,0.94921875
5123,0.9609375
5124,0.96875
5125,0.9453125
5126,0.96875
5127,0.9609375
5128,0.96484375
5129,0.95703125
5130,0.953125
5131,0.97265625
5132,0.94140625
5133,0.96875
5134,0.9765625
5135,0.9609375
5136,0.98046875
5137,0.9453125
5138,0.953125
5139,0.9609375
5140,0.96875
5141,0.9453125
5142,0.95703125
5143,0.96875
5144,0.97265625
5145,0.95703125
5146,0.94921875
5147,0.94140625
5148,0.9609375
5149,0.953125
5150,0.95703125
5151,0.96484375
5152,0.9453125
5153,0.9453125
5154,0.94921875
5155,0.953125
5156,0.95703125
5157,0.94921875
5158,0.96484375
5159,0.96875
5160,0.9453125
5161,0.94921875
5162,0.96484375
5163,0.95703125
5164,0.94140625
5165,0.953125
5166,0.9609375
5167,0.9609375
5168,0.9609375
5169,0.953125
5170,0.96484375
5171,0.9453125
5172,0.95703125
5173,0.9453125
5174,0.94140625
5175,0.9609375
5176,0.95703125
5177,0.953125
5178,0.953125
5179,0.96875
5180,0.9609375
5181,0.94140625
5182,0.9453125
5183,0.96484375
5184,0.94921875
5185,0.94921875
5186,0.9453125
5187,0.9609375
5188,0.96484375
5189,0.96484375
5190,0.94140625
5191,0.96484375
5192,0.97265625
5193,0.97265625
5194,0.94921875
5195,0.953125
5196,0.95703125
5197,0.953125
5198,0.93359375
5199,0.953125
5200,0.94921875
5201,0.9375
5202,0.9609375
5203,0.94140625
5204,0.94921875
5205,0.94140625
5206,0.96875
5207,0.96484375
5208,0.98046875
5209,0.953125
5210,0.95703125
5211,0.953125
5212,0.953125
5213,0.953125
5214,0.95703125
5215,0.97265625
5216,0.953125
5217,0.94921875
5218,0.953125
5219,0.94921875
5220,0.9609375
5221,0.96875
5222,0.95703125
5223,0.96875
5224,0.95703125
5225,0.95703125
5226,0.96484375
5227,0.953125
5228,0.9609375
5229,0.96484375
5230,0.9609375
5231,0.98046875
5232,0.94921875
5233,0.98046875
5234,0.96875
5235,0.94921875
5236,0.953125
5237,0.94140625
5238,0.953125
5239,0.9609375
5240,0.93359375
5241,0.95703125
5242,0.95703125
5243,0.95703125
5244,0.94921875
5245,0.95703125
5246,0.953125
5247,0.94921875
5248,0.9453125
5249,0.953125
5250,0.9609375
5251,0.94921875
5252,0.94921875
5253,0.94140625
5254,0.953125
5255,0.98046875
5256,0.95703125
5257,0.96875
5258,0.96484375
5259,0.9375
5260,0.94921875
5261,0.95703125
5262,0.95703125
5263,0.96484375
5264,0.953125
5265,0.94921875
5266,0.95703125
5267,0.96484375
5268,0.96484375
5269,0.953125
5270,0.953125
5271,0.9296875
5272,0.97265625
5273,0.95703125
5274,0.94921875
5275,0.94140625
5276,0.9453125
5277,0.9375
5278,0.96875
5279,0.96875
5280,0.96875
5281,0.95703125
5282,0.96484375
5283,0.9609375
5284,0.9375
5285,0.96875
5286,0.953125
5287,0.9453125
5288,0.96875
5289,0.96875
5290,0.95703125
5291,0.93359375
5292,0.96875
5293,0.94921875
5294,0.94921875
5295,0.96875
5296,0.96875
5297,0.94140625
5298,0.96484375
5299,0.96875
5300,0.9609375
5301,0.9296875
5302,0.9453125
5303,0.9453125
5304,0.96484375
5305,0.9453125
5306,0.96484375
5307,0.9609375
5308,0.95703125
5309,0.953125
5310,0.96875
5311,0.953125
5312,0.95703125
5313,0.95703125
5314,0.95703125
5315,0.9609375
5316,0.9609375
5317,0.98046875
5318,0.95703125
5319,0.9609375
5320,0.96875
5321,0.96875
5322,0.95703125
5323,0.95703125
5324,0.9609375
5325,0.97265625
5326,0.97265625
5327,0.9453125
5328,0.94921875
5329,0.93359375
5330,0.96484375
5331,0.95703125
5332,0.96875
5333,0.953125
5334,0.953125
5335,0.94921875
5336,0.94921875
5337,0.9375
5338,0.96875
5339,0.953125
5340,0.94921875
5341,0.953125
5342,0.94921875
5343,0.94921875
5344,0.9453125
5345,0.95703125
5346,0.94921875
5347,0.97265625
5348,0.9609375
5349,0.93359375
5350,0.94140625
5351,0.96484375
5352,0.97265625
5353,0.95703125
5354,0.9609375
5355,0.9375
5356,0.953125
5357,0.96484375
5358,0.97265625
5359,0.94140625
5360,0.96875
5361,0.953125
5362,0.9453125
5363,0.984375
5364,0.9453125
5365,0.96484375
5366,0.95703125
5367,0.9609375
5368,0.93359375
5369,0.9453125
5370,0.9609375
5371,0.96484375
5372,0.96484375
5373,0.97265625
5374,0.94140625
5375,0.953125
5376,0.95703125
5377,0.953125
5378,0.97265625
5379,0.9609375
5380,0.953125
5381,0.953125
5382,0.953125
5383,0.94921875
5384,0.9453125
5385,0.96875
5386,0.953125
5387,0.9375
5388,0.9609375
5389,0.9453125
5390,0.9453125
5391,0.94921875
5392,0.95703125
5393,0.95703125
5394,0.95703125
5395,0.9609375
5396,0.984375
5397,0.9609375
5398,0.94921875
5399,0.95703125
5400,0.96875
5401,0.9609375
5402,0.96484375
5403,0.953125
5404,0.9609375
5405,0.95703125
5406,0.9609375
5407,0.96484375
5408,0.96484375
5409,0.97265625
5410,0.96484375
5411,0.9609375
5412,0.95703125
5413,0.95703125
5414,0.95703125
5415,0.96875
5416,0.96484375
5417,0.9453125
5418,0.953125
5419,0.953125
5420,0.95703125
5421,0.96484375
5422,0.953125
5423,0.95703125
5424,0.97265625
5425,0.96484375
5426,0.93359375
5427,0.94921875
5428,0.9609375
5429,0.9453125
5430,0.9765625
5431,0.97265625
5432,0.94921875
5433,0.9609375
5434,0.9453125
5435,0.94921875
5436,0.96484375
5437,0.9609375
5438,0.96484375
5439,0.96484375
5440,0.9609375
5441,0.97265625
5442,0.96875
5443,0.97265625
5444,0.96484375
5445,0.9453125
5446,0.95703125
5447,0.9765625
5448,0.95703125
5449,0.95703125
5450,0.9609375
5451,0.95703125
5452,0.95703125
5453,0.94140625
5454,0.953125
5455,0.94921875
5456,0.96484375
5457,0.953125
5458,0.9765625
5459,0.9609375
5460,0.94140625
5461,0.95703125
5462,0.94921875
5463,0.9609375
5464,0.94921875
5465,0.953125
5466,0.9609375
5467,0.95703125
5468,0.94921875
5469,0.96484375
5470,0.95703125
5471,0.96875
5472,0.96875
5473,0.95703125
5474,0.9609375
5475,0.96875
5476,0.9609375
5477,0.96875
5478,0.97265625
5479,0.95703125
5480,0.96484375
5481,0.953125
5482,0.97265625
5483,0.97265625
5484,0.953125
5485,0.94921875
5486,0.953125
5487,0.96484375
5488,0.9609375
5489,0.96875
5490,0.9609375
5491,0.97265625
5492,0.95703125
5493,0.9609375
5494,0.96484375
5495,0.9609375
5496,0.96484375
5497,0.95703125
5498,0.98046875
5499,0.9453125
5500,0.953125
5501,0.9609375
5502,0.953125
5503,0.9609375
5504,0.96875
5505,0.94921875
5506,0.96875
5507,0.94921875
5508,0.9609375
5509,0.96484375
5510,0.9765625
5511,0.95703125
5512,0.95703125
5513,0.9609375
5514,0.95703125
5515,0.953125
5516,0.94921875
5517,0.94921875
5518,0.9609375
5519,0.9765625
5520,0.9453125
5521,0.953125
5522,0.94921875
5523,0.96875
5524,0.97265625
5525,0.953125
5526,0.97265625
5527,0.98046875
5528,0.94921875
5529,0.96875
5530,0.94921875
5531,0.95703125
5532,0.96875
5533,0.94921875
5534,0.96484375
5535,0.9609375
5536,0.96484375
5537,0.9609375
5538,0.9453125
5539,0.96875
5540,0.9609375
5541,0.953125
5542,0.95703125
5543,0.96875
5544,0.953125
5545,0.97265625
5546,0.95703125
5547,0.98046875
5548,0.96484375
5549,0.9453125
5550,0.95703125
5551,0.96484375
5552,0.9453125
5553,0.95703125
5554,0.97265625
5555,0.96875
5556,0.97265625
5557,0.96484375
5558,0.9609375
5559,0.96875
5560,0.97265625
5561,0.94921875
5562,0.94140625
5563,0.95703125
5564,0.94921875
5565,0.94921875
5566,0.9609375
5567,0.9609375
5568,0.96484375
5569,0.96484375
5570,0.94921875
5571,0.94921875
5572,0.94140625
5573,0.96484375
5574,0.95703125
5575,0.9375
5576,0.9609375
5577,0.96484375
5578,0.9375
5579,0.97265625
5580,0.9609375
5581,0.96875
5582,0.94921875
5583,0.953125
5584,0.953125
5585,0.9609375
5586,0.96875
5587,0.96875
5588,0.9765625
5589,0.94921875
5590,0.96484375
5591,0.94921875
5592,0.9609375
5593,0.96484375
5594,0.94921875
5595,0.9453125
5596,0.953125
5597,0.97265625
5598,0.96875
5599,0.9375
5600,0.9453125
5601,0.94921875
5602,0.95703125
5603,0.9609375
5604,0.96484375
5605,0.9609375
5606,0.95703125
5607,0.96484375
5608,0.97265625
5609,0.96875
5610,0.97265625
5611,0.95703125
5612,0.94921875
5613,0.96875
5614,0.953125
5615,0.9609375
5616,0.95703125
5617,0.96484375
5618,0.953125
5619,0.953125
5620,0.97265625
5621,0.95703125
5622,0.94140625
5623,0.953125
5624,0.94921875
5625,0.9453125
5626,0.9453125
5627,0.95703125
5628,0.96875
5629,0.9765625
5630,0.9609375
5631,0.94921875
5632,0.953125
5633,0.96484375
5634,0.96875
5635,0.95703125
5636,0.95703125
5637,0.97265625
5638,0.96484375
5639,0.96484375
5640,0.98046875
5641,0.953125
5642,0.96484375
5643,0.96875
5644,0.9609375
5645,0.95703125
5646,0.96875
5647,0.94921875
5648,0.95703125
5649,0.96875
5650,0.96484375
5651,0.96484375
5652,0.96875
5653,0.96484375
5654,0.96484375
5655,0.9609375
5656,0.96875
5657,0.94921875
5658,0.95703125
5659,0.95703125
5660,0.95703125
5661,0.97265625
5662,0.94921875
5663,0.9609375
5664,0.953125
5665,0.96875
5666,0.95703125
5667,0.95703125
5668,0.953125
5669,0.94921875
5670,0.96484375
5671,0.953125
5672,0.9765625
5673,0.9609375
5674,0.98046875
5675,0.96484375
5676,0.95703125
5677,0.94921875
5678,0.95703125
5679,0.94921875
5680,0.96484375
5681,0.953125
5682,0.96875
5683,0.9609375
5684,0.9609375
5685,0.94140625
5686,0.9453125
5687,0.953125
5688,0.9609375
5689,0.96484375
5690,0.9609375
5691,0.95703125
5692,0.94921875
5693,0.9453125
5694,0.94921875
5695,0.96484375
5696,0.9609375
5697,0.97265625
5698,0.96875
5699,0.96484375
5700,0.96875
5701,0.953125
5702,0.953125
5703,0.96875
5704,0.9375
5705,0.94921875
5706,0.95703125
5707,0.97265625
5708,0.95703125
5709,0.94140625
5710,0.96484375
5711,0.94921875
5712,0.94921875
5713,0.953125
5714,0.97265625
5715,0.97265625
5716,0.97265625
5717,0.94921875
5718,0.96875
5719,0.9609375
5720,0.97265625
5721,0.97265625
5722,0.94921875
5723,0.953125
5724,0.96875
5725,0.9609375
5726,0.953125
5727,0.94921875
5728,0.953125
5729,0.96875
5730,0.9453125
5731,0.9609375
5732,0.9609375
5733,0.96484375
5734,0.96875
5735,0.9609375
5736,0.96484375
5737,0.96875
5738,0.953125
5739,0.95703125
5740,0.9765625
5741,0.96484375
5742,0.96484375
5743,0.97265625
5744,0.96875
5745,0.96875
5746,0.9765625
5747,0.9453125
5748,0.97265625
5749,0.95703125
5750,0.9609375
5751,0.9765625
5752,0.9453125
5753,0.97265625
5754,0.9609375
5755,0.9609375
5756,0.9453125
5757,0.9609375
5758,0.95703125
5759,0.953125
5760,0.94921875
5761,0.97265625
5762,0.96875
5763,0.97265625
5764,0.96875
5765,0.94921875
5766,0.96484375
5767,0.953125
5768,0.96484375
5769,0.94921875
5770,0.94921875
5771,0.9609375
5772,0.9453125
5773,0.9609375
5774,0.9765625
5775,0.97265625
5776,0.96875
5777,0.953125
5778,0.9765625
5779,0.9453125
5780,0.9453125
5781,0.9765625
5782,0.95703125
5783,0.9609375
5784,0.9765625
5785,0.94140625
5786,0.95703125
5787,0.953125
5788,0.98046875
5789,0.97265625
5790,0.94921875
5791,0.96875
5792,0.9609375
5793,0.9765625
5794,0.9609375
5795,0.9453125
5796,0.953125
5797,0.94921875
5798,0.9609375
5799,0.94921875
5800,0.96484375
5801,0.96484375
5802,0.9453125
5803,0.94140625
5804,0.96875
5805,0.9765625
5806,0.94140625
5807,0.9609375
5808,0.953125
5809,0.953125
5810,0.97265625
5811,0.9765625
5812,0.94140625
5813,0.9609375
5814,0.9609375
5815,0.96484375
5816,0.95703125
5817,0.95703125
5818,0.96484375
5819,0.96875
5820,0.96484375
5821,0.97265625
5822,0.9765625
5823,0.96875
5824,0.96875
5825,0.9296875
5826,0.9609375
5827,0.96484375
5828,0.95703125
5829,0.9453125
5830,0.94921875
5831,0.9453125
5832,0.95703125
5833,0.96484375
5834,0.94921875
5835,0.98046875
5836,0.9453125
5837,0.95703125
5838,0.96875
5839,0.95703125
5840,0.9609375
5841,0.94921875
5842,0.96484375
5843,0.95703125
5844,0.9765625
5845,0.9453125
5846,0.9453125
5847,0.96484375
5848,0.9765625
5849,0.9609375
5850,0.95703125
5851,0.94921875
5852,0.96875
5853,0.9609375
5854,0.9765625
5855,0.94140625
5856,0.93359375
5857,0.953125
5858,0.96875
5859,0.9609375
5860,0.9609375
5861,0.96875
5862,0.9609375
5863,0.95703125
5864,0.95703125
5865,0.94140625
5866,0.95703125
5867,0.953125
5868,0.95703125
5869,0.953125
5870,0.9453125
5871,0.97265625
5872,0.953125
5873,0.97265625
5874,0.9609375
5875,0.96484375
5876,0.96484375
5877,0.96875
5878,0.97265625
5879,0.9609375
5880,0.94921875
5881,0.96484375
5882,0.95703125
5883,0.9609375
5884,0.9453125
5885,0.96875
5886,0.953125
5887,0.93359375
5888,0.97265625
5889,0.953125
5890,0.94921875
5891,0.9453125
5892,0.953125
5893,0.96484375
5894,0.94921875
5895,0.97265625
5896,0.96484375
5897,0.97265625
5898,0.953125
5899,0.96484375
5900,0.953125
5901,0.9609375
5902,0.96875
5903,0.95703125
5904,0.94921875
5905,0.953125
5906,0.96484375
5907,0.94921875
5908,0.95703125
5909,0.9609375
5910,0.94921875
5911,0.96484375
5912,0.94921875
5913,0.9453125
5914,0.92578125
5915,0.953125
5916,0.94140625
5917,0.9609375
5918,0.97265625
5919,0.9453125
5920,0.96484375
5921,0.95703125
5922,0.96875
5923,0.9765625
5924,0.953125
5925,0.96484375
5926,0.9609375
5927,0.9765625
5928,0.97265625
5929,0.9609375
5930,0.97265625
5931,0.96875
5932,0.96484375
5933,0.98046875
5934,0.953125
5935,0.9609375
5936,0.95703125
5937,0.94921875
5938,0.97265625
5939,0.953125
5940,0.9609375
5941,0.95703125
5942,0.96484375
5943,0.9609375
5944,0.95703125
5945,0.9609375
5946,0.9609375
5947,0.9765625
5948,0.94921875
5949,0.96484375
5950,0.96484375
5951,0.9453125
5952,0.9609375
5953,0.9609375
5954,0.953125
5955,0.96484375
5956,0.96875
5957,0.95703125
5958,0.98046875
5959,0.96484375
5960,0.95703125
5961,0.96484375
5962,0.96484375
5963,0.95703125
5964,0.94140625
5965,0.9609375
5966,0.94921875
5967,0.94140625
5968,0.94921875
5969,0.9609375
5970,0.96484375
5971,0.953125
5972,0.9609375
5973,0.94921875
5974,0.953125
5975,0.94921875
5976,0.97265625
5977,0.9609375
5978,0.94921875
5979,0.9765625
5980,0.9609375
5981,0.96875
5982,0.96875
5983,0.98046875
5984,0.9765625
5985,0.953125
5986,0.95703125
5987,0.96875
5988,0.9765625
5989,0.95703125
5990,0.97265625
5991,0.98046875
5992,0.9375
5993,0.9609375
5994,0.9453125
5995,0.94921875
5996,0.96875
5997,0.95703125
5998,0.97265625
5999,0.94140625
6000,0.95703125
6001,0.9609375
6002,0.96484375
6003,0.95703125
6004,0.97265625
6005,0.98046875
6006,0.953125
6007,0.94140625
6008,0.9609375
6009,0.9453125
6010,0.953125
6011,0.94921875
6012,0.95703125
6013,0.97265625
6014,0.98046875
6015,0.9609375
6016,0.96875
6017,0.9609375
6018,0.94140625
6019,0.95703125
6020,0.94140625
6021,0.96484375
6022,0.96875
6023,0.9765625
6024,0.9453125
6025,0.95703125
6026,0.953125
6027,0.96484375
6028,0.95703125
6029,0.96484375
6030,0.96484375
6031,0.9609375
6032,0.95703125
6033,0.96875
6034,0.94140625
6035,0.97265625
6036,0.96875
6037,0.9609375
6038,0.94921875
6039,0.94140625
6040,0.96484375
6041,0.96484375
6042,0.9609375
6043,0.9375
6044,0.953125
6045,0.95703125
6046,0.97265625
6047,0.95703125
6048,0.98046875
6049,0.96484375
6050,0.96484375
6051,0.9609375
6052,0.953125
6053,0.96875
6054,0.953125
6055,0.9609375
6056,0.95703125
6057,0.9765625
6058,0.96875
6059,0.97265625
6060,0.96484375
6061,0.96484375
6062,0.953125
6063,0.96484375
6064,0.95703125
6065,0.96875
6066,0.953125
6067,0.96484375
6068,0.97265625
6069,0.9765625
6070,0.97265625
6071,0.9453125
6072,0.96875
6073,0.98046875
6074,0.93359375
6075,0.9609375
6076,0.97265625
6077,0.96484375
6078,0.96875
6079,0.953125
6080,0.94921875
6081,0.9765625
6082,0.96484375
6083,0.94140625
6084,0.9609375
6085,0.96484375
6086,0.94921875
6087,0.9609375
6088,0.97265625
6089,0.95703125
6090,0.9609375
6091,0.94921875
6092,0.97265625
6093,0.97265625
6094,0.9609375
6095,0.9609375
6096,0.96875
6097,0.953125
6098,0.9609375
6099,0.9765625
6100,0.95703125
6101,0.9609375
6102,0.953125
6103,0.9609375
6104,0.96875
6105,0.9609375
6106,0.94921875
6107,0.97265625
6108,0.96875
6109,0.9609375
6110,0.9609375
6111,0.94921875
6112,0.98046875
6113,0.96484375
6114,0.953125
6115,0.96484375
6116,0.96484375
6117,0.95703125
6118,0.97265625
6119,0.96875
6120,0.9765625
6121,0.94140625
6122,0.96484375
6123,0.96875
6124,0.96875
6125,0.97265625
6126,0.94921875
6127,0.96484375
6128,0.953125
6129,0.9453125
6130,0.96484375
6131,0.96875
6132,0.953125
6133,0.95703125
6134,0.96484375
6135,0.96484375
6136,0.95703125
6137,0.95703125
6138,0.9609375
6139,0.9609375
6140,0.96484375
6141,0.9609375
6142,0.95703125
6143,0.97265625
6144,0.95703125
6145,0.96484375
6146,0.95703125
6147,0.9609375
6148,0.97265625
6149,0.9609375
6150,0.96484375
6151,0.94921875
6152,0.96875
6153,0.96875
6154,0.97265625
6155,0.95703125
6156,0.9609375
6157,0.96484375
6158,0.96875
6159,0.96875
6160,0.96875
6161,0.9609375
6162,0.95703125
6163,0.953125
6164,0.98828125
6165,0.96484375
6166,0.9609375
6167,0.96875
6168,0.9765625
6169,0.95703125
6170,0.97265625
6171,0.95703125
6172,0.94921875
6173,0.9609375
6174,0.97265625
6175,0.94921875
6176,0.96484375
6177,0.96875
6178,0.953125
6179,0.97265625
6180,0.96875
6181,0.94921875
6182,0.94921875
6183,0.9453125
6184,0.984375
6185,0.98046875
6186,0.94921875
6187,0.9609375
6188,0.97265625
6189,0.95703125
6190,0.94921875
6191,0.94140625
6192,0.96875
6193,0.9609375
6194,0.95703125
6195,0.9609375
6196,0.9609375
6197,0.94921875
6198,0.94140625
6199,0.96484375
6200,0.95703125
6201,0.953125
6202,0.94140625
6203,0.9375
6204,0.953125
6205,0.96484375
6206,0.98046875
6207,0.9609375
6208,0.9609375
6209,0.9609375
6210,0.96484375
6211,0.96875
6212,0.96484375
6213,0.96484375
6214,0.97265625
6215,0.9609375
6216,0.97265625
6217,0.97265625
6218,0.95703125
6219,0.95703125
6220,0.953125
6221,0.94140625
6222,0.98046875
6223,0.9609375
6224,0.96484375
6225,0.953125
6226,0.9609375
6227,0.9609375
6228,0.97265625
6229,0.953125
6230,0.94140625
6231,0.96484375
6232,0.97265625
6233,0.98046875
6234,0.9609375
6235,0.953125
6236,0.95703125
6237,0.96875
6238,0.96484375
6239,0.96875
6240,0.95703125
6241,0.97265625
6242,0.96875
6243,0.9609375
6244,0.97265625
6245,0.96484375
6246,0.98046875
6247,0.94921875
6248,0.95703125
6249,0.95703125
6250,0.96484375
6251,0.96484375
6252,0.94921875
6253,0.953125
6254,0.96875
6255,0.95703125
6256,0.95703125
6257,0.9609375
6258,0.96484375
6259,0.96875
6260,0.96484375
6261,0.9609375
6262,0.953125
6263,0.95703125
6264,0.94921875
6265,0.9453125
6266,0.97265625
6267,0.9765625
6268,0.94921875
6269,0.9609375
6270,0.953125
6271,0.9453125
6272,0.9609375
6273,0.9609375
6274,0.9765625
6275,0.9609375
6276,0.94921875
6277,0.95703125
6278,0.96484375
6279,0.97265625
6280,0.9609375
6281,0.95703125
6282,0.94921875
6283,0.9453125
6284,0.95703125
6285,0.98046875
6286,0.9609375
6287,0.94921875
6288,0.94140625
6289,0.9609375
6290,0.96484375
6291,0.96875
6292,0.96484375
6293,0.9453125
6294,0.97265625
6295,0.98046875
6296,0.9765625
6297,0.9765625
6298,0.9609375
6299,0.95703125
6300,0.9609375
6301,0.9375
6302,0.94140625
6303,0.95703125
6304,0.96484375
6305,0.95703125
6306,0.96875
6307,0.96484375
6308,0.95703125
6309,0.9765625
6310,0.9609375
6311,0.96875
6312,0.9609375
6313,0.94921875
6314,0.96875
6315,0.9453125
6316,0.96484375
6317,0.94921875
6318,0.953125
6319,0.9609375
6320,0.94921875
6321,0.95703125
6322,0.96875
6323,0.9453125
6324,0.95703125
6325,0.95703125
6326,0.96484375
6327,0.94921875
6328,0.9609375
6329,0.9453125
6330,0.96484375
6331,0.95703125
6332,0.96484375
6333,0.98046875
6334,0.95703125
6335,0.96875
6336,0.97265625
6337,0.9609375
6338,0.96484375
6339,0.9609375
6340,0.97265625
6341,0.95703125
6342,0.96484375
6343,0.9765625
6344,0.94921875
6345,0.9609375
6346,0.96875
6347,0.9609375
6348,0.95703125
6349,0.96875
6350,0.96484375
6351,0.98828125
6352,0.96484375
6353,0.96484375
6354,0.96484375
6355,0.953125
6356,0.953125
6357,0.97265625
6358,0.953125
6359,0.9609375
6360,0.96484375
6361,0.94140625
6362,0.95703125
6363,0.9609375
6364,0.96484375
6365,0.96875
6366,0.96484375
6367,0.9609375
6368,0.9609375
6369,0.953125
6370,0.953125
6371,0.95703125
6372,0.95703125
6373,0.953125
6374,0.94921875
6375,0.96875
6376,0.9609375
6377,0.96875
6378,0.95703125
6379,0.95703125
6380,0.94921875
6381,0.96484375
6382,0.953125
6383,0.96484375
6384,0.97265625
6385,0.9453125
6386,0.96484375
6387,0.9609375
6388,0.96484375
6389,0.96484375
6390,0.953125
6391,0.96484375
6392,0.95703125
6393,0.96484375
6394,0.97265625
6395,0.9609375
6396,0.98046875
6397,0.9609375
6398,0.9453125
6399,0.94921875
6400,0.98046875
6401,0.98828125
6402,0.96484375
6403,0.9609375
6404,0.94921875
6405,0.98046875
6406,0.96875
6407,0.97265625
6408,0.96484375
6409,0.95703125
6410,0.96484375
6411,0.95703125
6412,0.95703125
6413,0.97265625
6414,0.953125
6415,0.97265625
6416,0.96484375
6417,0.96484375
6418,0.98046875
6419,0.953125
6420,0.95703125
6421,0.96484375
6422,0.9609375
6423,0.984375
6424,0.96484375
6425,0.97265625
6426,0.94921875
6427,0.96484375
6428,0.984375
6429,0.9609375
6430,0.97265625
6431,0.9765625
6432,0.9609375
6433,0.9609375
6434,0.97265625
6435,0.96484375
6436,0.95703125
6437,0.9609375
6438,0.96875
6439,0.98046875
6440,0.96875
6441,0.98828125
6442,0.97265625
6443,0.9609375
6444,0.96484375
6445,0.953125
6446,0.96484375
6447,0.9765625
6448,0.98046875
6449,0.98046875
6450,0.95703125
6451,0.95703125
6452,0.97265625
6453,0.96875
6454,0.95703125
6455,0.97265625
6456,0.9765625
6457,0.984375
6458,0.97265625
6459,0.95703125
6460,0.9765625
6461,0.953125
6462,0.97265625
6463,0.97265625
6464,0.9765625
6465,0.9609375
6466,0.96484375
6467,0.9765625
6468,0.97265625
6469,0.96484375
6470,0.9609375
6471,0.96875
6472,0.9765625
6473,0.9765625
6474,0.98046875
6475,0.9609375
6476,0.96875
6477,0.96875
6478,0.96875
6479,0.96875
6480,0.96484375
6481,0.9609375
6482,0.97265625
6483,0.9765625
6484,0.96875
6485,0.9765625
6486,0.9609375
6487,0.94921875
6488,0.96484375
6489,0.98046875
6490,0.9453125
6491,0.96875
6492,0.984375
6493,0.98046875
6494,0.9765625
6495,0.9765625
6496,0.984375
6497,0.97265625
6498,0.96875
6499,0.98046875
6500,0.9765625
6501,0.96875
6502,0.953125
6503,0.96875
6504,0.96875
6505,0.9609375
6506,0.96875
6507,0.96875
6508,0.9609375
6509,0.9765625
6510,0.96875
6511,0.97265625
6512,0.98828125
6513,0.9765625
6514,0.9609375
6515,0.9609375
6516,0.96484375
6517,0.97265625
6518,0.96484375
6519,0.953125
6520,0.97265625
6521,0.96484375
6522,0.96875
6523,0.96484375
6524,0.98046875
6525,0.94921875
6526,0.97265625
6527,0.984375
6528,0.95703125
6529,0.9765625
6530,0.97265625
6531,0.96484375
6532,0.9453125
6533,0.96875
6534,0.98828125
6535,0.95703125
6536,0.96484375
6537,0.9609375
6538,0.96875
6539,0.96875
6540,0.96484375
6541,0.96875
6542,0.95703125
6543,0.97265625
6544,0.97265625
6545,0.9609375
6546,0.96484375
6547,0.95703125
6548,0.98046875
6549,0.96484375
6550,0.9609375
6551,0.9609375
6552,0.98046875
6553,0.97265625
6554,0.9453125
6555,0.97265625
6556,0.95703125
6557,0.97265625
6558,0.98046875
6559,0.9765625
6560,0.9765625
6561,0.96484375
6562,0.97265625
6563,0.9609375
6564,0.984375
6565,0.97265625
6566,0.96875
6567,0.97265625
6568,0.95703125
6569,0.95703125
6570,0.96875
6571,0.9765625
6572,0.9765625
6573,0.98046875
6574,0.97265625
6575,0.953125
6576,0.98046875
6577,0.95703125
6578,0.9609375
6579,0.97265625
6580,0.97265625
6581,0.984375
6582,0.96875
6583,0.94921875
6584,0.9609375
6585,0.96875
6586,0.96875
6587,0.97265625
6588,0.96484375
6589,0.96875
6590,0.9765625
6591,0.96875
6592,0.95703125
6593,0.96484375
6594,0.9609375
6595,0.96875
6596,0.97265625
6597,0.96484375
6598,0.96875
6599,0.9609375
6600,0.953125
6601,0.9609375
6602,0.96484375
6603,0.9765625
6604,0.9765625
6605,0.96484375
6606,0.97265625
6607,0.98046875
6608,0.96484375
6609,0.98046875
6610,0.98046875
6611,0.97265625
6612,0.96484375
6613,0.984375
6614,0.97265625
6615,0.97265625
6616,0.96484375
6617,0.96875
6618,0.9765625
6619,0.9609375
6620,0.97265625
6621,0.97265625
6622,0.953125
6623,0.97265625
6624,0.9609375
6625,0.97265625
6626,0.95703125
6627,0.97265625
6628,0.97265625
6629,0.97265625
6630,0.96875
6631,0.97265625
6632,0.98046875
6633,0.97265625
6634,0.96875
6635,0.9765625
6636,0.984375
6637,0.96484375
6638,0.9765625
6639,0.98046875
6640,0.97265625
6641,0.98046875
6642,0.9609375
6643,0.9609375
6644,0.96875
6645,0.95703125
6646,0.95703125
6647,0.96484375
6648,0.95703125
6649,0.9609375
6650,0.97265625
6651,0.9765625
6652,0.97265625
6653,0.95703125
6654,0.96875
6655,0.96484375
6656,0.9609375
6657,0.97265625
6658,0.96875
6659,0.96875
6660,0.96875
6661,0.95703125
6662,0.97265625
6663,0.953125
6664,0.9453125
6665,0.9375
6666,0.96484375
6667,0.94921875
6668,0.96875
6669,0.94921875
6670,0.95703125
6671,0.9765625
6672,0.96875
6673,0.9765625
6674,0.9453125
6675,0.95703125
6676,0.9765625
6677,0.96484375
6678,0.9453125
6679,0.9609375
6680,0.96484375
6681,0.97265625
6682,0.953125
6683,0.94140625
6684,0.94140625
6685,0.94921875
6686,0.9609375
6687,0.96484375
6688,0.95703125
6689,0.95703125
6690,0.95703125
6691,0.94921875
6692,0.9609375
6693,0.96484375
6694,0.96484375
6695,0.97265625
6696,0.96484375
6697,0.9765625
6698,0.9453125
6699,0.96875
6700,0.9609375
6701,0.96484375
6702,0.96875
6703,0.96484375
6704,0.96484375
6705,0.96875
6706,0.9765625
6707,0.96875
6708,0.97265625
6709,0.95703125
6710,0.95703125
6711,0.97265625
6712,0.96484375
6713,0.94921875
6714,0.95703125
6715,0.953125
6716,0.953125
6717,0.95703125
6718,0.9609375
6719,0.96484375
6720,0.984375
6721,0.9609375
6722,0.96484375
6723,0.953125
6724,0.9609375
6725,0.94921875
6726,0.96484375
6727,0.95703125
6728,0.953125
6729,0.96875
6730,0.9609375
6731,0.95703125
6732,0.96875
6733,0.97265625
6734,0.953125
6735,0.97265625
6736,0.96484375
6737,0.98828125
6738,0.94921875
6739,0.9609375
6740,0.96875
6741,0.96875
6742,0.96484375
6743,0.94140625
6744,0.96484375
6745,0.98046875
6746,0.953125
6747,0.94921875
6748,0.95703125
6749,0.97265625
6750,0.9609375
6751,0.96875
6752,0.95703125
6753,0.9609375
6754,0.9765625
6755,0.95703125
6756,0.95703125
6757,0.96875
6758,0.953125
6759,0.9609375
6760,0.95703125
6761,0.95703125
6762,0.94921875
6763,0.9609375
6764,0.97265625
6765,0.98046875
6766,0.95703125
6767,0.953125
6768,0.96484375
6769,0.96484375
6770,0.98046875
6771,0.96875
6772,0.96484375
6773,0.984375
6774,0.9609375
6775,0.94921875
6776,0.95703125
6777,0.96484375
6778,0.94140625
6779,0.953125
6780,0.96875
6781,0.96484375
6782,0.96875
6783,0.9609375
6784,0.953125
6785,0.94140625
6786,0.97265625
6787,0.9609375
6788,0.96875
6789,0.9453125
6790,0.94140625
6791,0.95703125
6792,0.9765625
6793,0.9609375
6794,0.97265625
6795,0.95703125
6796,0.98046875
6797,0.95703125
6798,0.953125
6799,0.94921875
6800,0.96484375
6801,0.96484375
6802,0.94140625
6803,0.9609375
6804,0.96484375
6805,0.9609375
6806,0.9453125
6807,0.9609375
6808,0.953125
6809,0.9609375
6810,0.96484375
6811,0.98046875
6812,0.96484375
6813,0.97265625
6814,0.96484375
6815,0.96484375
6816,0.98046875
6817,0.9609375
6818,0.96484375
6819,0.9765625
6820,0.96484375
6821,0.96875
6822,0.9609375
6823,0.96484375
6824,0.94921875
6825,0.96484375
6826,0.9609375
6827,0.94140625
6828,0.9453125
6829,0.953125
6830,0.97265625
6831,0.96875
6832,0.96484375
6833,0.96875
6834,0.95703125
6835,0.9765625
6836,0.9609375
6837,0.95703125
6838,0.9453125
6839,0.96875
6840,0.94921875
6841,0.96875
6842,0.9609375
6843,0.9609375
6844,0.95703125
6845,0.9609375
6846,0.9765625
6847,0.97265625
6848,0.95703125
6849,0.9609375
6850,0.953125
6851,0.9609375
6852,0.94921875
6853,0.94921875
6854,0.96484375
6855,0.96484375
6856,0.96875
6857,0.96875
6858,0.95703125
6859,0.95703125
6860,0.96484375
6861,0.94921875
6862,0.953125
6863,0.95703125
6864,0.98046875
6865,0.94140625
6866,0.9609375
6867,0.953125
6868,0.96484375
6869,0.98046875
6870,0.953125
6871,0.97265625
6872,0.9609375
6873,0.9765625
6874,0.9609375
6875,0.95703125
6876,0.9609375
6877,0.9609375
6878,0.94921875
6879,0.96875
6880,0.96875
6881,0.96875
6882,0.9609375
6883,0.96484375
6884,0.98046875
6885,0.9609375
6886,0.953125
6887,0.953125
6888,0.95703125
6889,0.97265625
6890,0.9609375
6891,0.9609375
6892,0.95703125
6893,0.9609375
6894,0.97265625
6895,0.97265625
6896,0.96484375
6897,0.98046875
6898,0.95703125
6899,0.9453125
6900,0.96484375
6901,0.98046875
6902,0.953125
6903,0.9765625
6904,0.97265625
6905,0.9609375
6906,0.9609375
6907,0.96484375
6908,0.97265625
6909,0.96484375
6910,0.96875
6911,0.97265625
6912,0.9375
6913,0.95703125
6914,0.94921875
6915,0.96484375
6916,0.96875
6917,0.9453125
6918,0.9609375
6919,0.96875
6920,0.96875
6921,0.9453125
6922,0.9453125
6923,0.96875
6924,0.95703125
6925,0.9609375
6926,0.94921875
6927,0.94921875
6928,0.95703125
6929,0.95703125
6930,0.95703125
6931,0.94921875
6932,0.95703125
6933,0.96484375
6934,0.9453125
6935,0.95703125
6936,0.9453125
6937,0.953125
6938,0.93359375
6939,0.94140625
6940,0.9453125
6941,0.9609375
6942,0.96875
6943,0.9453125
6944,0.96875
6945,0.9453125
6946,0.94921875
6947,0.953125
6948,0.95703125
6949,0.94921875
6950,0.96484375
6951,0.96875
6952,0.9765625
6953,0.953125
6954,0.9609375
6955,0.953125
6956,0.94921875
6957,0.9609375
6958,0.94921875
6959,0.94140625
6960,0.94921875
6961,0.9453125
6962,0.9453125
6963,0.97265625
6964,0.9609375
6965,0.9609375
6966,0.921875
6967,0.9453125
6968,0.953125
6969,0.94921875
6970,0.95703125
6971,0.96484375
6972,0.9609375
6973,0.9609375
6974,0.95703125
6975,0.953125
6976,0.94921875
6977,0.953125
6978,0.9609375
6979,0.9609375
6980,0.953125
6981,0.95703125
6982,0.9375
6983,0.96875
6984,0.94921875
6985,0.953125
6986,0.94921875
6987,0.953125
6988,0.94921875
6989,0.9375
6990,0.94921875
6991,0.96484375
6992,0.96484375
6993,0.95703125
6994,0.953125
6995,0.953125
6996,0.94921875
6997,0.96484375
6998,0.9296875
6999,0.94921875
7000,0.95703125
7001,0.953125
7002,0.953125
7003,0.95703125
7004,0.953125
7005,0.94921875
7006,0.9453125
7007,0.95703125
7008,0.9375
7009,0.9453125
7010,0.9609375
7011,0.9453125
7012,0.92578125
7013,0.953125
7014,0.96875
7015,0.94140625
7016,0.9375
7017,0.93359375
7018,0.9453125
7019,0.95703125
7020,0.96875
7021,0.94921875
7022,0.953125
7023,0.953125
7024,0.93359375
7025,0.94140625
7026,0.9375
7027,0.95703125
7028,0.94921875
7029,0.953125
7030,0.98046875
7031,0.94921875
7032,0.953125
7033,0.953125
7034,0.9453125
7035,0.9453125
7036,0.94921875
7037,0.93359375
7038,0.96875
7039,0.9375
7040,0.9609375
7041,0.94140625
7042,0.94921875
7043,0.95703125
7044,0.94140625
7045,0.97265625
7046,0.95703125
7047,0.95703125
7048,0.9375
7049,0.9453125
7050,0.95703125
7051,0.95703125
7052,0.94921875
7053,0.95703125
7054,0.97265625
7055,0.96875
7056,0.984375
7057,0.97265625
7058,0.94140625
7059,0.9609375
7060,0.9609375
7061,0.9453125
7062,0.95703125
7063,0.953125
7064,0.953125
7065,0.94921875
7066,0.9609375
7067,0.96484375
7068,0.9609375
7069,0.9453125
7070,0.94921875
7071,0.95703125
7072,0.953125
7073,0.95703125
7074,0.92578125
7075,0.97265625
7076,0.9609375
7077,0.94140625
7078,0.94921875
7079,0.9453125
7080,0.96484375
7081,0.9453125
7082,0.95703125
7083,0.94140625
7084,0.9296875
7085,0.9453125
7086,0.95703125
7087,0.9609375
7088,0.9453125
7089,0.95703125
7090,0.953125
7091,0.96484375
7092,0.953125
7093,0.94921875
7094,0.9609375
7095,0.97265625
7096,0.95703125
7097,0.953125
7098,0.9609375
7099,0.9375
7100,0.9375
7101,0.93359375
7102,0.9375
7103,0.953125
7104,0.9765625
7105,0.93359375
7106,0.9609375
7107,0.94921875
7108,0.96484375
7109,0.953125
7110,0.9765625
7111,0.96484375
7112,0.96484375
7113,0.96875
7114,0.97265625
7115,0.953125
7116,0.93359375
7117,0.9453125
7118,0.94140625
7119,0.96875
7120,0.953125
7121,0.953125
7122,0.96484375
7123,0.9453125
7124,0.9453125
7125,0.94921875
7126,0.95703125
7127,0.94921875
7128,0.94921875
7129,0.9609375
7130,0.9375
7131,0.94140625
7132,0.94140625
7133,0.95703125
7134,0.95703125
7135,0.93359375
7136,0.95703125
7137,0.97265625
7138,0.9609375
7139,0.9375
7140,0.93359375
7141,0.94921875
7142,0.95703125
7143,0.9609375
7144,0.95703125
7145,0.9609375
7146,0.9765625
7147,0.97265625
7148,0.92578125
7149,0.95703125
7150,0.953125
7151,0.9375
7152,0.95703125
7153,0.94140625
7154,0.97265625
7155,0.94921875
7156,0.95703125
7157,0.93359375
7158,0.94921875
7159,0.96484375
7160,0.96484375
7161,0.953125
7162,0.9375
7163,0.95703125
7164,0.953125
7165,0.94921875
7166,0.95703125
7167,0.94921875
7168,0.9765625
7169,0.953125
7170,0.96875
7171,0.9609375
7172,0.96484375
7173,0.9765625
7174,0.984375
7175,0.97265625
7176,0.9765625
7177,0.9609375
7178,0.9765625
7179,0.98828125
7180,0.9765625
7181,0.96484375
7182,0.96484375
7183,0.96484375
7184,0.96875
7185,0.96875
7186,0.95703125
7187,0.96875
7188,0.9609375
7189,0.9765625
7190,0.95703125
7191,0.97265625
7192,0.96484375
7193,0.96484375
7194,0.984375
7195,0.96484375
7196,0.94921875
7197,0.96875
7198,0.9609375
7199,0.95703125
7200,0.96484375
7201,0.98046875
7202,0.9765625
7203,0.97265625
7204,0.96875
7205,0.9609375
7206,0.9765625
7207,0.9765625
7208,0.96875
7209,0.98046875
7210,0.953125
7211,0.96484375
7212,0.9609375
7213,0.953125
7214,0.96875
7215,0.96875
7216,0.98046875
7217,0.96484375
7218,0.97265625
7219,0.9609375
7220,0.9609375
7221,0.97265625
7222,0.9765625
7223,0.97265625
7224,0.97265625
7225,0.96875
7226,0.953125
7227,0.9609375
7228,0.953125
7229,0.96875
7230,0.98046875
7231,0.96484375
7232,0.984375
7233,0.9765625
7234,0.97265625
7235,0.96484375
7236,0.9765625
7237,0.9609375
7238,0.96875
7239,0.96484375
7240,0.9609375
7241,0.94921875
7242,0.96484375
7243,0.96875
7244,0.95703125
7245,0.9921875
7246,0.95703125
7247,0.96484375
7248,0.9609375
7249,0.9609375
7250,0.96875
7251,0.9609375
7252,0.96484375
7253,0.95703125
7254,0.97265625
7255,0.97265625
7256,0.9609375
7257,0.953125
7258,0.953125
7259,0.9609375
7260,0.96484375
7261,0.96484375
7262,0.96484375
7263,0.98828125
7264,0.96484375
7265,0.96484375
7266,0.9609375
7267,0.9765625
7268,0.96484375
7269,0.9609375
7270,0.9609375
7271,0.95703125
7272,0.9609375
7273,0.98046875
7274,0.96875
7275,0.97265625
7276,0.9609375
7277,0.96875
7278,0.95703125
7279,0.96875
7280,0.96484375
7281,0.96484375
7282,0.97265625
7283,0.98046875
7284,0.95703125
7285,0.98046875
7286,0.921875
7287,0.97265625
7288,0.96875
7289,0.95703125
7290,0.96484375
7291,0.96875
7292,0.96484375
7293,0.95703125
7294,0.9609375
7295,0.96484375
7296,0.97265625
7297,0.9765625
7298,0.9765625
7299,0.9765625
7300,0.98046875
7301,0.96875
7302,0.9609375
7303,0.97265625
7304,0.96875
7305,0.9609375
7306,0.98046875
7307,0.96875
7308,0.953125
7309,0.94921875
7310,0.96484375
7311,0.95703125
7312,0.96875
7313,0.9609375
7314,0.9609375
7315,0.9609375
7316,0.96484375
7317,0.9609375
7318,0.984375
7319,0.97265625
7320,0.95703125
7321,0.9765625
7322,0.9765625
7323,0.96875
7324,0.9609375
7325,0.953125
7326,0.9609375
7327,0.9453125
7328,0.96484375
7329,0.97265625
7330,0.98828125
7331,0.95703125
7332,0.96484375
7333,0.94140625
7334,0.97265625
7335,0.94921875
7336,0.96484375
7337,0.9609375
7338,0.984375
7339,0.9609375
7340,0.96875
7341,0.97265625
7342,0.96875
7343,0.96875
7344,0.96875
7345,0.96484375
7346,0.96875
7347,0.9765625
7348,0.96484375
7349,0.95703125
7350,0.97265625
7351,0.97265625
7352,0.96875
7353,0.9453125
7354,0.97265625
7355,0.97265625
7356,0.95703125
7357,0.9609375
7358,0.97265625
7359,0.96875
7360,0.98046875
7361,0.98046875
7362,0.9609375
7363,0.984375
7364,0.96484375
7365,0.95703125
7366,0.953125
7367,0.96875
7368,0.96875
7369,0.96484375
7370,0.96484375
7371,0.953125
7372,0.9609375
7373,0.96484375
7374,0.9765625
7375,0.98046875
7376,0.97265625
7377,0.96875
7378,0.96484375
7379,0.9765625
7380,0.95703125
7381,0.95703125
7382,0.96484375
7383,0.9609375
7384,0.984375
7385,0.9765625
7386,0.96875
7387,0.97265625
7388,0.9609375
7389,0.953125
7390,0.96484375
7391,0.9609375
7392,0.97265625
7393,0.96875
7394,0.9765625
7395,0.97265625
7396,0.97265625
7397,0.96484375
7398,0.953125
7399,0.96875
7400,0.9765625
7401,0.97265625
7402,0.95703125
7403,0.98828125
7404,0.96484375
7405,0.96875
7406,0.96484375
7407,0.953125
7408,0.97265625
7409,0.984375
7410,0.96484375
7411,0.95703125
7412,0.97265625
7413,0.96484375
7414,0.9765625
7415,0.98046875
7416,0.953125
7417,0.96875
7418,0.98828125
7419,0.9765625
7420,0.9765625
7421,0.953125
7422,0.95703125
7423,0.95703125
7424,0.96875
7425,0.95703125
7426,0.96875
7427,0.94921875
7428,0.96875
7429,0.95703125
7430,0.94921875
7431,0.9765625
7432,0.94921875
7433,0.953125
7434,0.96484375
7435,0.953125
7436,0.96875
7437,0.9609375
7438,0.96875
7439,0.96875
7440,0.96484375
7441,0.9765625
7442,0.9453125
7443,0.9609375
7444,0.95703125
7445,0.96484375
7446,0.95703125
7447,0.9765625
7448,0.9609375
7449,0.9609375
7450,0.96875
7451,0.9609375
7452,0.96875
7453,0.97265625
7454,0.95703125
7455,0.95703125
7456,0.95703125
7457,0.9609375
7458,0.9375
7459,0.96484375
7460,0.96484375
7461,0.96484375
7462,0.95703125
7463,0.97265625
7464,0.95703125
7465,0.96484375
7466,0.9609375
7467,0.9609375
7468,0.9609375
7469,0.95703125
7470,0.953125
7471,0.9609375
7472,0.96484375
7473,0.953125
7474,0.96875
7475,0.9453125
7476,0.96875
7477,0.9609375
7478,0.97265625
7479,0.96875
7480,0.9609375
7481,0.9609375
7482,0.9609375
7483,0.953125
7484,0.96484375
7485,0.9765625
7486,0.96875
7487,0.95703125
7488,0.96875
7489,0.96875
7490,0.96875
7491,0.97265625
7492,0.98046875
7493,0.96875
7494,0.97265625
7495,0.96484375
7496,0.95703125
7497,0.953125
7498,0.9609375
7499,0.95703125
7500,0.9609375
7501,0.9609375
7502,0.96484375
7503,0.9765625
7504,0.94921875
7505,0.96875
7506,0.9609375
7507,0.98046875
7508,0.96484375
7509,0.96875
7510,0.96875
7511,0.97265625
7512,0.9765625
7513,0.953125
7514,0.98046875
7515,0.96484375
7516,0.96484375
7517,0.96875
7518,0.96875
7519,0.95703125
7520,0.95703125
7521,0.96484375
7522,0.96484375
7523,0.9453125
7524,0.9609375
7525,0.94921875
7526,0.95703125
7527,0.94921875
7528,0.96484375
7529,0.96484375
7530,0.96484375
7531,0.96484375
7532,0.9609375
7533,0.95703125
7534,0.96484375
7535,0.9609375
7536,0.96484375
7537,0.96875
7538,0.953125
7539,0.9609375
7540,0.9765625
7541,0.9609375
7542,0.984375
7543,0.96484375
7544,0.95703125
7545,0.97265625
7546,0.9765625
7547,0.95703125
7548,0.9609375
7549,0.984375
7550,0.97265625
7551,0.97265625
7552,0.96484375
7553,0.9765625
7554,0.96484375
7555,0.9765625
7556,0.97265625
7557,0.95703125
7558,0.94921875
7559,0.95703125
7560,0.9609375
7561,0.953125
7562,0.9609375
7563,0.98046875
7564,0.97265625
7565,0.9609375
7566,0.96875
7567,0.97265625
7568,0.9609375
7569,0.96875
7570,0.94921875
7571,0.96875
7572,0.95703125
7573,0.94140625
7574,0.95703125
7575,0.95703125
7576,0.953125
7577,0.953125
7578,0.9609375
7579,0.9453125
7580,0.9609375
7581,0.95703125
7582,0.9375
7583,0.96484375
7584,0.94921875
7585,0.9609375
7586,0.9453125
7587,0.953125
7588,0.94921875
7589,0.95703125
7590,0.984375
7591,0.9609375
7592,0.96484375
7593,0.96484375
7594,0.96484375
7595,0.95703125
7596,0.9765625
7597,0.9765625
7598,0.96484375
7599,0.98046875
7600,0.9609375
7601,0.9609375
7602,0.9453125
7603,0.9609375
7604,0.94140625
7605,0.96484375
7606,0.9609375
7607,0.9765625
7608,0.97265625
7609,0.9609375
7610,0.95703125
7611,0.9609375
7612,0.953125
7613,0.95703125
7614,0.96484375
7615,0.97265625
7616,0.9609375
7617,0.97265625
7618,0.95703125
7619,0.98046875
7620,0.95703125
7621,0.9609375
7622,0.96484375
7623,0.9609375
7624,0.9453125
7625,0.97265625
7626,0.96484375
7627,0.96875
7628,0.97265625
7629,0.953125
7630,0.9609375
7631,0.97265625
7632,0.953125
7633,0.97265625
7634,0.984375
7635,0.97265625
7636,0.953125
7637,0.96875
7638,0.96875
7639,0.95703125
7640,0.9609375
7641,0.96875
7642,0.9609375
7643,0.96484375
7644,0.96875
7645,0.97265625
7646,0.95703125
7647,0.9609375
7648,0.953125
7649,0.9765625
7650,0.95703125
7651,0.96484375
7652,0.96875
7653,0.9609375
7654,0.953125
7655,0.96484375
7656,0.96484375
7657,0.9765625
7658,0.9609375
7659,0.96875
7660,0.98828125
7661,0.96484375
7662,0.96875
7663,0.9609375
7664,0.96875
7665,0.96875
7666,0.9453125
7667,0.94921875
7668,0.9765625
7669,0.93359375
7670,0.95703125
7671,0.9765625
7672,0.96484375
7673,0.96484375
7674,0.9375
7675,0.96875
7676,0.96484375
7677,0.96484375
7678,0.96484375
7679,0.9609375
7680,0.96875
7681,0.97265625
7682,0.9609375
7683,0.95703125
7684,0.96875
7685,0.97265625
7686,0.95703125
7687,0.953125
7688,0.95703125
7689,0.9609375
7690,0.98046875
7691,0.96484375
7692,0.97265625
7693,0.96875
7694,0.96875
7695,0.9609375
7696,0.94921875
7697,0.95703125
7698,0.95703125
7699,0.953125
7700,0.9609375
7701,0.96875
7702,0.97265625
7703,0.9609375
7704,0.96484375
7705,0.95703125
7706,0.96484375
7707,0.9765625
7708,0.96875
7709,0.96875
7710,0.97265625
7711,0.9609375
7712,0.94921875
7713,0.96484375
7714,0.9609375
7715,0.96484375
7716,0.95703125
7717,0.95703125
7718,0.98046875
7719,0.96484375
7720,0.953125
7721,0.96484375
7722,0.96484375
7723,0.94921875
7724,0.953125
7725,0.9921875
7726,0.96484375
7727,0.9765625
7728,0.96484375
7729,0.97265625
7730,0.98046875
7731,0.98046875
7732,0.953125
7733,0.94140625
7734,0.96875
7735,0.95703125
7736,0.96875
7737,0.96484375
7738,0.94921875
7739,0.9453125
7740,0.9453125
7741,0.9453125
7742,0.9609375
7743,0.98046875
7744,0.96484375
7745,0.97265625
7746,0.9609375
7747,0.96484375
7748,0.9609375
7749,0.96484375
7750,0.97265625
7751,0.96875
7752,0.953125
7753,0.953125
7754,0.9609375
7755,0.9609375
7756,0.9609375
7757,0.97265625
7758,0.9609375
7759,0.94921875
7760,0.94921875
7761,0.9453125
7762,0.9609375
7763,0.96484375
7764,0.96875
7765,0.9609375
7766,0.96875
7767,0.9609375
7768,0.96875
7769,0.97265625
7770,0.96484375
7771,0.96875
7772,0.9609375
7773,0.953125
7774,0.9609375
7775,0.953125
7776,0.9609375
7777,0.95703125
7778,0.96484375
7779,0.96875
7780,0.96875
7781,0.9765625
7782,0.96875
7783,0.95703125
7784,0.9609375
7785,0.96484375
7786,0.97265625
7787,0.96875
7788,0.953125
7789,0.97265625
7790,0.953125
7791,0.96875
7792,0.953125
7793,0.9765625
7794,0.97265625
7795,0.9609375
7796,0.96484375
7797,0.94140625
7798,0.96484375
7799,0.96875
7800,0.9765625
7801,0.9609375
7802,0.953125
7803,0.953125
7804,0.96484375
7805,0.96484375
7806,0.96484375
7807,0.96875
7808,0.953125
7809,0.98046875
7810,0.953125
7811,0.98046875
7812,0.9765625
7813,0.97265625
7814,0.97265625
7815,0.9765625
7816,0.96484375
7817,0.953125
7818,0.96484375
7819,0.953125
7820,0.9609375
7821,0.97265625
7822,0.94921875
7823,0.96484375
7824,0.96484375
7825,0.97265625
7826,0.9609375
7827,0.95703125
7828,0.96484375
7829,0.9609375
7830,0.9765625
7831,0.96484375
7832,0.96484375
7833,0.96484375
7834,0.97265625
7835,0.95703125
7836,0.953125
7837,0.9453125
7838,0.96484375
7839,0.96875
7840,0.9609375
7841,0.98046875
7842,0.96875
7843,0.98046875
7844,0.97265625
7845,0.96484375
7846,0.94921875
7847,0.96875
7848,0.94921875
7849,0.98046875
7850,0.93359375
7851,0.96484375
7852,0.95703125
7853,0.9609375
7854,0.97265625
7855,0.9765625
7856,0.94921875
7857,0.953125
7858,0.96875
7859,0.95703125
7860,0.9453125
7861,0.95703125
7862,0.97265625
7863,0.953125
7864,0.9609375
7865,0.953125
7866,0.9375
7867,0.95703125
7868,0.9609375
7869,0.96484375
7870,0.96875
7871,0.9609375
7872,0.9609375
7873,0.9609375
7874,0.9609375
7875,0.96484375
7876,0.953125
7877,0.9609375
7878,0.95703125
7879,0.96875
7880,0.9609375
7881,0.97265625
7882,0.9609375
7883,0.94921875
7884,0.94921875
7885,0.94921875
7886,0.953125
7887,0.9609375
7888,0.96484375
7889,0.9375
7890,0.9609375
7891,0.95703125
7892,0.9609375
7893,0.96484375
7894,0.96875
7895,0.9453125
7896,0.9609375
7897,0.9609375
7898,0.953125
7899,0.96875
7900,0.9609375
7901,0.97265625
7902,0.95703125
7903,0.96875
7904,0.94140625
7905,0.95703125
7906,0.98046875
7907,0.9609375
7908,0.9453125
7909,0.96484375
7910,0.9609375
7911,0.96484375
7912,0.9453125
7913,0.95703125
7914,0.96875
7915,0.96484375
7916,0.95703125
7917,0.96875
7918,0.94921875
7919,0.96484375
7920,0.96484375
7921,0.9609375
7922,0.96484375
7923,0.94140625
7924,0.953125
7925,0.96484375
7926,0.9609375
7927,0.96484375
7928,0.95703125
7929,0.953125
7930,0.95703125
7931,0.953125
7932,0.96875
7933,0.953125
7934,0.96875
7935,0.96875
7936,0.94921875
7937,0.94921875
7938,0.95703125
7939,0.96484375
7940,0.9609375
7941,0.9765625
7942,0.96875
7943,0.96875
7944,0.96484375
7945,0.95703125
7946,0.9765625
7947,0.96875
7948,0.95703125
7949,0.9609375
7950,0.96875
7951,0.94921875
7952,0.9609375
7953,0.97265625
7954,0.94921875
7955,0.98046875
7956,0.96484375
7957,0.96484375
7958,0.98046875
7959,0.9609375
7960,0.96484375
7961,0.96484375
7962,0.96484375
7963,0.96875
7964,0.9765625
7965,0.96484375
7966,0.94921875
7967,0.96484375
7968,0.9609375
7969,0.9765625
7970,0.94921875
7971,0.96484375
7972,0.97265625
7973,0.9453125
7974,0.96484375
7975,0.96875
7976,0.953125
7977,0.953125
7978,0.96875
7979,0.96484375
7980,0.95703125
7981,0.9609375
7982,0.984375
7983,0.97265625
7984,0.96875
7985,0.9921875
7986,0.94921875
7987,0.984375
7988,0.96484375
7989,0.953125
7990,0.9609375
7991,0.97265625
7992,0.95703125
7993,0.9921875
7994,0.98828125
7995,0.94921875
7996,0.984375
7997,0.97265625
7998,0.94921875
7999,0.96875
8000,0.9765625
8001,0.95703125
8002,0.96875
8003,0.9765625
8004,0.96484375
8005,0.95703125
8006,0.92578125
8007,0.95703125
8008,0.94921875
8009,0.96875
8010,0.94921875
8011,0.96875
8012,0.97265625
8013,0.9609375
8014,0.94921875
8015,0.984375
8016,0.96484375
8017,0.9765625
8018,0.94921875
8019,0.97265625
8020,0.95703125
8021,0.9609375
8022,0.97265625
8023,0.9609375
8024,0.9765625
8025,0.984375
8026,0.97265625
8027,0.95703125
8028,0.96875
8029,0.9609375
8030,0.9765625
8031,0.96484375
8032,0.96484375
8033,0.9609375
8034,0.96875
8035,0.96875
8036,0.9609375
8037,0.9609375
8038,0.94921875
8039,0.96484375
8040,0.9765625
8041,0.98046875
8042,0.97265625
8043,0.9765625
8044,0.9609375
8045,0.94921875
8046,0.97265625
8047,0.98046875
8048,0.96875
8049,0.9609375
8050,0.953125
8051,0.96875
8052,0.96875
8053,0.96875
8054,0.96875
8055,0.9453125
8056,0.96484375
8057,0.96484375
8058,0.9765625
8059,0.97265625
8060,0.94921875
8061,0.9765625
8062,0.984375
8063,0.96875
8064,0.9765625
8065,0.96484375
8066,0.9609375
8067,0.97265625
8068,0.9609375
8069,0.95703125
8070,0.96875
8071,0.96875
8072,0.96875
8073,0.98046875
8074,0.984375
8075,0.9375
8076,0.97265625
8077,0.9765625
8078,0.97265625
8079,0.984375
8080,0.96484375
8081,0.97265625
8082,0.9609375
8083,0.95703125
8084,0.98046875
8085,0.96875
8086,0.9609375
8087,0.9609375
8088,0.96484375
8089,0.97265625
8090,0.9609375
8091,0.9765625
8092,0.9765625
8093,0.96875
8094,0.96875
8095,0.9609375
8096,0.97265625
8097,0.9453125
8098,0.9765625
8099,0.96484375
8100,0.9765625
8101,0.9609375
8102,0.953125
8103,0.96484375
8104,0.9765625
8105,0.98046875
8106,0.9609375
8107,0.98046875
8108,0.95703125
8109,0.98828125
8110,0.9765625
8111,0.96484375
8112,0.94921875
8113,0.98046875
8114,0.9609375
8115,0.95703125
8116,0.96875
8117,0.95703125
8118,0.984375
8119,0.96484375
8120,0.96484375
8121,0.96484375
8122,0.9765625
8123,0.94921875
8124,0.9609375
8125,0.9453125
8126,0.9609375
8127,0.96875
8128,0.96484375
8129,0.96484375
8130,0.97265625
8131,0.9765625
8132,0.9609375
8133,0.96875
8134,0.9765625
8135,0.9765625
8136,0.97265625
8137,0.98046875
8138,0.95703125
8139,0.9609375
8140,0.97265625
8141,0.97265625
8142,0.96484375
8143,0.94921875
8144,0.984375
8145,0.97265625
8146,0.95703125
8147,0.96484375
8148,0.953125
8149,0.98046875
8150,0.95703125
8151,0.96875
8152,0.98046875
8153,0.96875
8154,0.9765625
8155,0.96484375
8156,0.95703125
8157,0.97265625
8158,0.94140625
8159,0.96484375
8160,0.9609375
8161,0.97265625
8162,0.96875
8163,0.97265625
8164,0.9609375
8165,0.9609375
8166,0.953125
8167,0.96875
8168,0.97265625
8169,0.9765625
8170,0.96875
8171,0.9609375
8172,0.96484375
8173,0.98046875
8174,0.96875
8175,0.96484375
8176,0.96875
8177,0.96875
8178,0.96875
8179,0.95703125
8180,0.9609375
8181,0.98046875
8182,0.96484375
8183,0.96484375
8184,0.96484375
8185,0.97265625
8186,0.9375
8187,0.97265625
8188,0.96484375
8189,0.9765625
8190,0.9765625
8191,0.94921875
8192,0.96484375
8193,0.97265625
8194,0.96875
8195,0.95703125
8196,0.9453125
8197,0.9609375
8198,0.95703125
8199,0.9765625
8200,0.9609375
8201,0.96484375
8202,0.9609375
8203,0.96875
8204,0.97265625
8205,0.97265625
8206,0.95703125
8207,0.9609375
8208,0.9765625
8209,0.9765625
8210,0.97265625
8211,0.96484375
8212,0.97265625
8213,0.98828125
8214,0.953125
8215,0.9609375
8216,0.96484375
8217,0.9765625
8218,0.94921875
8219,0.98046875
8220,0.96875
8221,0.94921875
8222,0.953125
8223,0.9453125
8224,0.9609375
8225,0.96484375
8226,0.96875
8227,0.96484375
8228,0.95703125
8229,0.9765625
8230,0.9609375
8231,0.96484375
8232,0.9609375
8233,0.96875
8234,0.953125
8235,0.96875
8236,0.96875
8237,0.953125
8238,0.96484375
8239,0.9609375
8240,0.9609375
8241,0.9609375
8242,0.9765625
8243,0.94921875
8244,0.953125
8245,0.953125
8246,0.96875
8247,0.953125
8248,0.98046875
8249,0.953125
8250,0.9609375
8251,0.96875
8252,0.9609375
8253,0.97265625
8254,0.96875
8255,0.9765625
8256,0.96875
8257,0.9765625
8258,0.96875
8259,0.95703125
8260,0.98046875
8261,0.9609375
8262,0.96875
8263,0.96875
8264,0.96484375
8265,0.953125
8266,0.953125
8267,0.96484375
8268,0.97265625
8269,0.97265625
8270,0.96484375
8271,0.97265625
8272,0.94921875
8273,0.9609375
8274,0.98046875
8275,0.97265625
8276,0.95703125
8277,0.9609375
8278,0.94921875
8279,0.96484375
8280,0.9765625
8281,0.96484375
8282,0.96484375
8283,0.9609375
8284,0.9609375
8285,0.97265625
8286,0.9609375
8287,0.94140625
8288,0.95703125
8289,0.98046875
8290,0.9609375
8291,0.953125
8292,0.94921875
8293,0.9609375
8294,0.95703125
8295,0.94140625
8296,0.96484375
8297,0.96875
8298,0.953125
8299,0.96875
8300,0.9765625
8301,0.96875
8302,0.96875
8303,0.96484375
8304,0.953125
8305,0.9609375
8306,0.96484375
8307,0.96875
8308,0.953125
8309,0.96875
8310,0.98828125
8311,0.9609375
8312,0.953125
8313,0.97265625
8314,0.96875
8315,0.97265625
8316,0.96875
8317,0.94921875
8318,0.953125
8319,0.96484375
8320,0.9609375
8321,0.96875
8322,0.96484375
8323,0.98046875
8324,0.953125
8325,0.96875
8326,0.9609375
8327,0.96875
8328,0.9609375
8329,0.94140625
8330,0.953125
8331,0.98046875
8332,0.953125
8333,0.9765625
8334,0.9609375
8335,0.94921875
8336,0.98046875
8337,0.953125
8338,0.95703125
8339,0.96484375
8340,0.97265625
8341,0.97265625
8342,0.96484375
8343,0.96875
8344,0.98046875
8345,0.97265625
8346,0.96875
8347,0.9765625
8348,0.9609375
8349,0.97265625
8350,0.97265625
8351,0.96484375
8352,0.953125
8353,0.95703125
8354,0.95703125
8355,0.9453125
8356,0.96875
8357,0.96484375
8358,0.96875
8359,0.96875
8360,0.95703125
8361,0.9609375
8362,0.96484375
8363,0.96484375
8364,0.95703125
8365,0.97265625
8366,0.96875
8367,0.984375
8368,0.9765625
8369,0.95703125
8370,0.9609375
8371,0.96875
8372,0.9609375
8373,0.98046875
8374,0.95703125
8375,0.9609375
8376,0.96875
8377,0.96875
8378,0.953125
8379,0.96875
8380,0.96484375
8381,0.9765625
8382,0.95703125
8383,0.953125
8384,0.96875
8385,0.96875
8386,0.9765625
8387,0.96484375
8388,0.97265625
8389,0.9609375
8390,0.9609375
8391,0.9609375
8392,0.9765625
8393,0.97265625
8394,0.96875
8395,0.97265625
8396,0.95703125
8397,0.95703125
8398,0.953125
8399,0.9609375
8400,0.9609375
8401,0.97265625
8402,0.94921875
8403,0.96484375
8404,0.9453125
8405,0.97265625
8406,0.95703125
8407,0.96875
8408,0.9609375
8409,0.9609375
8410,0.9609375
8411,0.9609375
8412,0.9765625
8413,0.97265625
8414,0.95703125
8415,0.97265625
8416,0.96875
8417,0.96875
8418,0.984375
8419,0.98046875
8420,0.96484375
8421,0.9765625
8422,0.96875
8423,0.94921875
8424,0.96484375
8425,0.94921875
8426,0.9609375
8427,0.9765625
8428,0.96484375
8429,0.95703125
8430,0.94921875
8431,0.9609375
8432,0.97265625
8433,0.97265625
8434,0.96875
8435,0.96484375
8436,0.96875
8437,0.96875
8438,0.96484375
8439,0.9609375
8440,0.96875
8441,0.9765625
8442,0.96484375
8443,0.96875
8444,0.95703125
8445,0.96875
8446,0.96875
8447,0.96484375
8448,0.97265625
8449,0.95703125
8450,0.94921875
8451,0.953125
8452,0.9609375
8453,0.93359375
8454,0.9453125
8455,0.9609375
8456,0.96875
8457,0.9296875
8458,0.97265625
8459,0.93359375
8460,0.9609375
8461,0.9453125
8462,0.953125
8463,0.94921875
8464,0.953125
8465,0.9453125
8466,0.95703125
8467,0.94921875
8468,0.96875
8469,0.9453125
8470,0.95703125
8471,0.94921875
8472,0.9609375
8473,0.94921875
8474,0.9453125
8475,0.953125
8476,0.953125
8477,0.96875
8478,0.94140625
8479,0.96484375
8480,0.96484375
8481,0.95703125
8482,0.97265625
8483,0.9609375
8484,0.9765625
8485,0.94921875
8486,0.95703125
8487,0.9296875
8488,0.95703125
8489,0.9453125
8490,0.94921875
8491,0.93359375
8492,0.94140625
8493,0.94921875
8494,0.94140625
8495,0.95703125
8496,0.9375
8497,0.96484375
8498,0.953125
8499,0.9609375
8500,0.94921875
8501,0.96484375
8502,0.953125
8503,0.97265625
8504,0.94921875
8505,0.94921875
8506,0.96484375
8507,0.9375
8508,0.9453125
8509,0.94921875
8510,0.95703125
8511,0.95703125
8512,0.95703125
8513,0.95703125
8514,0.93359375
8515,0.9453125
8516,0.94921875
8517,0.94921875
8518,0.95703125
8519,0.9375
8520,0.95703125
8521,0.9609375
8522,0.9609375
8523,0.94921875
8524,0.95703125
8525,0.984375
8526,0.96875
8527,0.9453125
8528,0.97265625
8529,0.93359375
8530,0.94140625
8531,0.95703125
8532,0.96484375
8533,0.95703125
8534,0.9375
8535,0.94921875
8536,0.953125
8537,0.953125
8538,0.94921875
8539,0.953125
8540,0.9609375
8541,0.96875
8542,0.9609375
8543,0.96484375
8544,0.96484375
8545,0.94140625
8546,0.953125
8547,0.96875
8548,0.95703125
8549,0.95703125
8550,0.9375
8551,0.9453125
8552,0.94921875
8553,0.96484375
8554,0.96484375
8555,0.953125
8556,0.96875
8557,0.9375
8558,0.9296875
8559,0.92578125
8560,0.9375
8561,0.9375
8562,0.95703125
8563,0.9609375
8564,0.93359375
8565,0.95703125
8566,0.9453125
8567,0.95703125
8568,0.96875
8569,0.94140625
8570,0.9609375
8571,0.9453125
8572,0.9453125
8573,0.94921875
8574,0.9453125
8575,0.953125
8576,0.94140625
8577,0.96484375
8578,0.96875
8579,0.953125
8580,0.953125
8581,0.9375
8582,0.9609375
8583,0.94140625
8584,0.95703125
8585,0.9609375
8586,0.97265625
8587,0.9609375
8588,0.953125
8589,0.953125
8590,0.94140625
8591,0.95703125
8592,0.94921875
8593,0.9609375
8594,0.9453125
8595,0.94921875
8596,0.96484375
8597,0.95703125
8598,0.94921875
8599,0.9375
8600,0.94921875
8601,0.9609375
8602,0.94140625
8603,0.96484375
8604,0.95703125
8605,0.953125
8606,0.9609375
8607,0.95703125
8608,0.9765625
8609,0.94921875
8610,0.96484375
8611,0.96484375
8612,0.9765625
8613,0.94921875
8614,0.94140625
8615,0.94921875
8616,0.95703125
8617,0.9609375
8618,0.93359375
8619,0.94140625
8620,0.953125
8621,0.9296875
8622,0.94140625
8623,0.95703125
8624,0.95703125
8625,0.96484375
8626,0.953125
8627,0.95703125
8628,0.953125
8629,0.96875
8630,0.953125
8631,0.9453125
8632,0.9296875
8633,0.94921875
8634,0.95703125
8635,0.96875
8636,0.94921875
8637,0.9453125
8638,0.9375
8639,0.953125
8640,0.953125
8641,0.96484375
8642,0.96484375
8643,0.95703125
8644,0.953125
8645,0.9453125
8646,0.96484375
8647,0.9609375
8648,0.94921875
8649,0.95703125
8650,0.9296875
8651,0.9765625
8652,0.953125
8653,0.9609375
8654,0.94921875
8655,0.94921875
8656,0.9453125
8657,0.93359375
8658,0.94921875
8659,0.95703125
8660,0.9453125
8661,0.94140625
8662,0.9453125
8663,0.953125
8664,0.9609375
8665,0.94921875
8666,0.95703125
8667,0.9453125
8668,0.96484375
8669,0.95703125
8670,0.94140625
8671,0.9609375
8672,0.953125
8673,0.9453125
8674,0.9375
8675,0.95703125
8676,0.9609375
8677,0.96484375
8678,0.96484375
8679,0.9453125
8680,0.9453125
8681,0.94921875
8682,0.96875
8683,0.93359375
8684,0.9609375
8685,0.96484375
8686,0.9609375
8687,0.94140625
8688,0.95703125
8689,0.9453125
8690,0.93359375
8691,0.95703125
8692,0.94921875
8693,0.94921875
8694,0.953125
8695,0.96484375
8696,0.953125
8697,0.953125
8698,0.96484375
8699,0.94921875
8700,0.96484375
8701,0.953125
8702,0.94140625
8703,0.91796875
8704,0.9765625
8705,0.9609375
8706,0.96484375
8707,0.9609375
8708,0.9765625
8709,0.96484375
8710,0.96875
8711,0.96484375
8712,0.96484375
8713,0.98046875
8714,0.9765625
8715,0.96875
8716,0.96875
8717,0.9609375
8718,0.98828125
8719,0.98046875
8720,0.97265625
8721,0.94921875
8722,0.953125
8723,0.98046875
8724,0.9765625
8725,0.96484375
8726,0.96484375
8727,0.96875
8728,0.96484375
8729,0.96875
8730,0.97265625
8731,0.96484375
8732,0.96875
8733,0.98046875
8734,0.97265625
8735,0.95703125
8736,0.97265625
8737,0.98046875
8738,0.9609375
8739,0.97265625
8740,0.96875
8741,0.94921875
8742,0.9765625
8743,0.96875
8744,0.96484375
8745,0.96484375
8746,0.96484375
8747,0.9609375
8748,0.95703125
8749,0.953125
8750,0.9609375
8751,0.95703125
8752,0.96484375
8753,0.9765625
8754,0.98046875
8755,0.9609375
8756,0.97265625
8757,0.96875
8758,0.96484375
8759,0.95703125
8760,0.953125
8761,0.984375
8762,0.9609375
8763,0.95703125
8764,0.9765625
8765,0.97265625
8766,0.98046875
8767,0.9765625
8768,0.97265625
8769,0.96484375
8770,0.94921875
8771,0.94921875
8772,0.95703125
8773,0.9609375
8774,0.96875
8775,0.98046875
8776,0.96484375
8777,0.95703125
8778,0.96484375
8779,0.98046875
8780,0.9765625
8781,0.9765625
8782,0.96484375
8783,0.95703125
8784,0.95703125
8785,0.953125
8786,0.9765625
8787,0.9609375
8788,0.96484375
8789,0.9609375
8790,0.96875
8791,0.97265625
8792,0.9765625
8793,0.97265625
8794,0.96875
8795,0.953125
8796,0.94921875
8797,0.953125
8798,0.98046875
8799,0.97265625
8800,0.95703125
8801,0.98046875
8802,0.98046875
8803,0.96484375
8804,0.9765625
8805,0.96484375
8806,0.96875
8807,0.98046875
8808,0.9453125
8809,0.97265625
8810,0.96484375
8811,0.96875
8812,0.9765625
8813,0.96875
8814,0.96875
8815,0.953125
8816,0.9765625
8817,0.96875
8818,0.96875
8819,0.96875
8820,0.98046875
8821,0.9765625
8822,0.96875
8823,0.97265625
8824,0.9765625
8825,0.9765625
8826,0.97265625
8827,0.9765625
8828,0.97265625
8829,0.96484375
8830,0.96875
8831,0.98046875
8832,0.97265625
8833,0.98046875
8834,0.98046875
8835,0.95703125
8836,0.984375
8837,0.9609375
8838,0.96484375
8839,0.97265625
8840,0.9765625
8841,0.98046875
8842,0.96875
8843,0.9765625
8844,0.97265625
8845,0.9609375
8846,0.9765625
8847,0.95703125
8848,0.984375
8849,0.96875
8850,0.9765625
8851,0.9765625
8852,0.97265625
8853,0.96875
8854,0.984375
8855,0.96484375
8856,0.96484375
8857,0.9609375
8858,0.95703125
8859,0.9609375
8860,0.9921875
8861,0.9765625
8862,0.96875
8863,0.96484375
8864,0.9609375
8865,0.96484375
8866,0.9609375
8867,0.97265625
8868,0.98828125
8869,0.96875
8870,0.97265625
8871,0.9609375
8872,0.96484375
8873,0.96484375
8874,0.97265625
8875,0.9609375
8876,0.9609375
8877,0.96875
8878,0.96875
8879,0.98046875
8880,0.97265625
8881,0.94140625
8882,0.9765625
8883,0.953125
8884,0.9609375
8885,0.94921875
8886,0.9765625
8887,0.97265625
8888,0.97265625
8889,0.96484375
8890,0.96875
8891,0.953125
8892,0.96484375
8893,0.953125
8894,0.97265625
8895,0.94140625
8896,0.97265625
8897,0.96875
8898,0.9609375
8899,0.96484375
8900,0.99609375
8901,0.96484375
8902,0.9609375
8903,0.9609375
8904,0.96875
8905,0.984375
8906,0.9765625
8907,0.97265625
8908,0.9609375
8909,0.9609375
8910,0.9609375
8911,0.97265625
8912,0.96875
8913,0.96484375
8914,0.9765625
8915,0.9765625
8916,0.9609375
8917,0.96484375
8918,0.953125
8919,0.95703125
8920,0.96484375
8921,0.96484375
8922,0.9609375
8923,0.95703125
8924,0.9609375
8925,0.96875
8926,0.96875
8927,0.97265625
8928,0.9609375
8929,0.97265625
8930,0.984375
8931,0.95703125
8932,0.94140625
8933,0.98046875
8934,0.96875
8935,0.95703125
8936,0.9609375
8937,0.96875
8938,0.97265625
8939,0.97265625
8940,0.96484375
8941,0.9609375
8942,0.98046875
8943,0.96875
8944,0.96875
8945,0.96484375
8946,0.96875
8947,0.96875
8948,0.96875
8949,0.9765625
8950,0.98046875
8951,0.9765625
8952,0.98828125
8953,0.984375
8954,0.97265625
8955,0.96484375
8956,0.96875
8957,0.98046875
8958,0.9765625
8959,0.96875
8960,0.9453125
8961,0.96484375
8962,0.96875
8963,0.96484375
8964,0.9375
8965,0.96875
8966,0.95703125
8967,0.9765625
8968,0.97265625
8969,0.95703125
8970,0.9375
8971,0.9609375
8972,0.97265625
8973,0.953125
8974,0.98828125
8975,0.9453125
8976,0.9453125
8977,0.96484375
8978,0.94921875
8979,0.95703125
8980,0.96484375
8981,0.9609375
8982,0.97265625
8983,0.95703125
8984,0.95703125
8985,0.96484375
8986,0.96875
8987,0.95703125
8988,0.96484375
8989,0.9609375
8990,0.96484375
8991,0.95703125
8992,0.96484375
8993,0.9609375
8994,0.93359375
8995,0.9609375
8996,0.95703125
8997,0.95703125
8998,0.96875
8999,0.94140625
9000,0.98046875
9001,0.9609375
9002,0.95703125
9003,0.9609375
9004,0.94921875
9005,0.9609375
9006,0.9453125
9007,0.9765625
9008,0.9453125
9009,0.953125
9010,0.9453125
9011,0.96875
9012,0.96484375
9013,0.97265625
9014,0.95703125
9015,0.95703125
9016,0.96875
9017,0.953125
9018,0.953125
9019,0.95703125
9020,0.95703125
9021,0.953125
9022,0.98046875
9023,0.96875
9024,0.9453125
9025,0.97265625
9026,0.9609375
9027,0.96484375
9028,0.94921875
9029,0.98046875
9030,0.94921875
9031,0.97265625
9032,0.9609375
9033,0.96875
9034,0.953125
9035,0.97265625
9036,0.9609375
9037,0.9609375
9038,0.97265625
9039,0.953125
9040,0.9609375
9041,0.9765625
9042,0.95703125
9043,0.96484375
9044,0.95703125
9045,0.96484375
9046,0.96484375
9047,0.96484375
9048,0.96484375
9049,0.9609375
9050,0.953125
9051,0.94140625
9052,0.96875
9053,0.97265625
9054,0.94921875
9055,0.96875
9056,0.96484375
9057,0.953125
9058,0.97265625
9059,0.94921875
9060,0.984375
9061,0.97265625
9062,0.94140625
9063,0.97265625
9064,0.96875
9065,0.96484375
9066,0.95703125
9067,0.96484375
9068,0.97265625
9069,0.96875
9070,0.9453125
9071,0.96484375
9072,0.95703125
9073,0.95703125
9074,0.953125
9075,0.9609375
9076,0.9609375
9077,0.95703125
9078,0.95703125
9079,0.9765625
9080,0.953125
9081,0.9609375
9082,0.96875
9083,0.984375
9084,0.96875
9085,0.94921875
9086,0.97265625
9087,0.9609375
9088,0.96484375
9089,0.9765625
9090,0.9375
9091,0.9609375
9092,0.96875
9093,0.953125
9094,0.93359375
9095,0.96484375
9096,0.9453125
9097,0.96484375
9098,0.97265625
9099,0.95703125
9100,0.9609375
9101,0.96875
9102,0.98046875
9103,0.953125
9104,0.9609375
9105,0.96875
9106,0.96484375
9107,0.953125
9108,0.97265625
9109,0.9609375
9110,0.984375
9111,0.9609375
9112,0.953125
9113,0.98046875
9114,0.9609375
9115,0.97265625
9116,0.95703125
9117,0.984375
9118,0.94921875
9119,0.94921875
9120,0.96875
9121,0.9765625
9122,0.96875
9123,0.953125
9124,0.9609375
9125,0.97265625
9126,0.95703125
9127,0.953125
9128,0.96484375
9129,0.96875
9130,0.9609375
9131,0.95703125
9132,0.95703125
9133,0.96484375
9134,0.9609375
9135,0.94921875
9136,0.94921875
9137,0.953125
9138,0.97265625
9139,0.953125
9140,0.9609375
9141,0.984375
9142,0.953125
9143,0.9453125
9144,0.95703125
9145,0.9609375
9146,0.9609375
9147,0.9609375
9148,0.96484375
9149,0.9453125
9150,0.96484375
9151,0.9453125
9152,0.96484375
9153,0.96484375
9154,0.97265625
9155,0.98046875
9156,0.95703125
9157,0.98046875
9158,0.93359375
9159,0.97265625
9160,0.96875
9161,0.95703125
9162,0.9765625
9163,0.9609375
9164,0.9609375
9165,0.95703125
9166,0.984375
9167,0.9609375
9168,0.94921875
9169,0.96484375
9170,0.96484375
9171,0.9765625
9172,0.9609375
9173,0.96484375
9174,0.94921875
9175,0.984375
9176,0.953125
9177,0.94140625
9178,0.9609375
9179,0.9609375
9180,0.9609375
9181,0.98046875
9182,0.9453125
9183,0.97265625
9184,0.96484375
9185,0.9609375
9186,0.984375
9187,0.96875
9188,0.953125
9189,0.96484375
9190,0.96875
9191,0.96875
9192,0.984375
9193,0.953125
9194,0.96875
9195,0.9765625
9196,0.9609375
9197,0.96484375
9198,0.97265625
9199,0.96875
9200,0.96875
9201,0.96484375
9202,0.95703125
9203,0.95703125
9204,0.95703125
9205,0.9453125
9206,0.94921875
9207,0.94140625
9208,0.96875
9209,0.9453125
9210,0.95703125
9211,0.96484375
9212,0.9453125
9213,0.96484375
9214,0.98046875
9215,0.96875
9216,0.953125
9217,0.9765625
9218,0.95703125
9219,0.94921875
9220,0.96484375
9221,0.9453125
9222,0.94140625
9223,0.96875
9224,0.953125
9225,0.9609375
9226,0.97265625
9227,0.953125
9228,0.9609375
9229,0.94921875
9230,0.95703125
9231,0.953125
9232,0.96484375
9233,0.93359375
9234,0.94921875
9235,0.9609375
9236,0.96875
9237,0.96484375
9238,0.94140625
9239,0.96484375
9240,0.96875
9241,0.94921875
9242,0.94921875
9243,0.91796875
9244,0.95703125
9245,0.97265625
9246,0.9609375
9247,0.95703125
9248,0.96875
9249,0.95703125
9250,0.9609375
9251,0.953125
9252,0.96484375
9253,0.9453125
9254,0.953125
9255,0.9375
9256,0.9296875
9257,0.96484375
9258,0.95703125
9259,0.96484375
9260,0.953125
9261,0.96875
9262,0.95703125
9263,0.96875
9264,0.953125
9265,0.96875
9266,0.953125
9267,0.9609375
9268,0.96875
9269,0.94140625
9270,0.9453125
9271,0.96875
9272,0.9453125
9273,0.95703125
9274,0.953125
9275,0.94921875
9276,0.95703125
9277,0.97265625
9278,0.9453125
9279,0.953125
9280,0.9453125
9281,0.9453125
9282,0.94140625
9283,0.95703125
9284,0.9609375
9285,0.9453125
9286,0.953125
9287,0.95703125
9288,0.95703125
9289,0.96875
9290,0.95703125
9291,0.94921875
9292,0.96875
9293,0.95703125
9294,0.9609375
9295,0.95703125
9296,0.9375
9297,0.96484375
9298,0.9609375
9299,0.9375
9300,0.9609375
9301,0.95703125
9302,0.9453125
9303,0.94140625
9304,0.9375
9305,0.9453125
9306,0.96875
9307,0.96484375
9308,0.96875
9309,0.95703125
9310,0.94921875
9311,0.94921875
9312,0.953125
9313,0.96875
9314,0.97265625
9315,0.93359375
9316,0.9375
9317,0.953125
9318,0.95703125
9319,0.9609375
9320,0.94140625
9321,0.9609375
9322,0.95703125
9323,0.95703125
9324,0.953125
9325,0.94140625
9326,0.94140625
9327,0.95703125
9328,0.96484375
9329,0.9609375
9330,0.96484375
9331,0.97265625
9332,0.94921875
9333,0.953125
9334,0.9609375
9335,0.94921875
9336,0.96484375
9337,0.953125
9338,0.953125
9339,0.95703125
9340,0.94921875
9341,0.9609375
9342,0.9453125
9343,0.9609375
9344,0.9453125
9345,0.94921875
9346,0.96484375
9347,0.953125
9348,0.96875
9349,0.96484375
9350,0.9609375
9351,0.95703125
9352,0.94140625
9353,0.9453125
9354,0.94140625
9355,0.95703125
9356,0.97265625
9357,0.9375
9358,0.953125
9359,0.96875
9360,0.9453125
9361,0.95703125
9362,0.94140625
9363,0.96484375
9364,0.953125
9365,0.95703125
9366,0.9765625
9367,0.9609375
9368,0.96484375
9369,0.95703125
9370,0.94921875
9371,0.9609375
9372,0.953125
9373,0.9453125
9374,0.9609375
9375,0.96484375
9376,0.953125
9377,0.953125
9378,0.96875
9379,0.9609375
9380,0.95703125
9381,0.96484375
9382,0.94140625
9383,0.9609375
9384,0.94921875
9385,0.953125
9386,0.9375
9387,0.94140625
9388,0.9375
9389,0.9375
9390,0.9609375
9391,0.94921875
9392,0.95703125
9393,0.93359375
9394,0.9453125
9395,0.953125
9396,0.96484375
9397,0.9453125
9398,0.94921875
9399,0.953125
9400,0.97265625
9401,0.95703125
9402,0.9609375
9403,0.9609375
9404,0.9453125
9405,0.9765625
9406,0.93359375
9407,0.94140625
9408,0.96484375
9409,0.9609375
9410,0.953125
9411,0.95703125
9412,0.953125
9413,0.953125
9414,0.97265625
9415,0.9609375
9416,0.96484375
9417,0.94921875
9418,0.95703125
9419,0.94140625
9420,0.94140625
9421,0.9609375
9422,0.9453125
9423,0.94140625
9424,0.95703125
9425,0.96484375
9426,0.96484375
9427,0.9453125
9428,0.96484375
9429,0.95703125
9430,0.95703125
9431,0.953125
9432,0.92578125
9433,0.953125
9434,0.9609375
9435,0.98046875
9436,0.9453125
9437,0.953125
9438,0.96484375
9439,0.97265625
9440,0.97265625
9441,0.97265625
9442,0.94921875
9443,0.9609375
9444,0.9609375
9445,0.9453125
9446,0.9609375
9447,0.953125
9448,0.96484375
9449,0.953125
9450,0.9765625
9451,0.96484375
9452,0.96484375
9453,0.95703125
9454,0.95703125
9455,0.9453125
9456,0.953125
9457,0.95703125
9458,0.96484375
9459,0.9609375
9460,0.94140625
9461,0.94921875
9462,0.9609375
9463,0.9609375
9464,0.94140625
9465,0.98828125
9466,0.94140625
9467,0.953125
9468,0.94140625
9469,0.94921875
9470,0.94921875
9471,0.94140625
9472,0.96875
9473,0.9765625
9474,0.984375
9475,0.9609375
9476,0.96875
9477,0.95703125
9478,0.9765625
9479,0.98046875
9480,0.96875
9481,0.96484375
9482,0.953125
9483,0.984375
9484,0.98046875
9485,0.9765625
9486,0.96484375
9487,0.9765625
9488,0.984375
9489,0.9765625
9490,0.95703125
9491,0.9765625
9492,0.984375
9493,0.95703125
9494,0.96484375
9495,0.95703125
9496,0.96484375
9497,0.9609375
9498,0.96875
9499,0.96484375
9500,0.9609375
9501,0.96484375
9502,0.98046875
9503,0.953125
9504,0.9375
9505,0.9609375
9506,0.96875
9507,0.9609375
9508,0.96875
9509,0.96484375
9510,0.96484375
9511,0.984375
9512,0.97265625
9513,0.96875
9514,0.9609375
9515,0.97265625
9516,0.96875
9517,0.97265625
9518,0.97265625
9519,0.9609375
9520,0.96875
9521,0.953125
9522,0.953125
9523,0.9609375
9524,0.97265625
9525,0.953125
9526,0.96484375
9527,0.97265625
9528,0.96875
9529,0.9453125
9530,0.953125
9531,0.97265625
9532,0.96875
9533,0.95703125
9534,0.95703125
9535,0.96484375
9536,0.953125
9537,0.96875
9538,0.97265625
9539,0.96484375
9540,0.9609375
9541,0.96875
9542,0.953125
9543,0.97265625
9544,0.96875
9545,0.98046875
9546,0.96484375
9547,0.94921875
9548,0.96875
9549,0.9609375
9550,0.96875
9551,0.9765625
9552,0.9609375
9553,0.9765625
9554,0.96875
9555,0.96484375
9556,0.96484375
9557,0.96875
9558,0.94140625
9559,0.953125
9560,0.96875
9561,0.96875
9562,0.97265625
9563,0.96484375
9564,0.9453125
9565,0.96875
9566,0.96484375
9567,0.97265625
9568,0.9609375
9569,0.96484375
9570,0.96484375
9571,0.953125
9572,0.96484375
9573,0.9609375
9574,0.9609375
9575,0.9609375
9576,0.95703125
9577,0.9609375
9578,0.9765625
9579,0.953125
9580,0.96484375
9581,0.96875
9582,0.9609375
9583,0.97265625
9584,0.96484375
9585,0.96484375
9586,0.984375
9587,0.984375
9588,0.98046875
9589,0.96484375
9590,0.9609375
9591,0.97265625
9592,0.9609375
9593,0.9609375
9594,0.96484375
9595,0.96484375
9596,0.96484375
9597,0.94921875
9598,0.984375
9599,0.95703125
9600,0.953125
9601,0.97265625
9602,0.96875
9603,0.984375
9604,0.9609375
9605,0.96875
9606,0.96875
9607,0.9765625
9608,0.9453125
9609,0.953125
9610,0.96875
9611,0.96875
9612,0.96875
9613,0.95703125
9614,0.953125
9615,0.953125
9616,0.97265625
9617,0.953125
9618,0.953125
9619,0.95703125
9620,0.98828125
9621,0.9609375
9622,0.98828125
9623,0.96875
9624,0.97265625
9625,0.95703125
9626,0.96875
9627,0.98046875
9628,0.9453125
9629,0.96875
9630,0.96484375
9631,0.97265625
9632,0.97265625
9633,0.96484375
9634,0.953125
9635,0.953125
9636,0.96484375
9637,0.953125
9638,0.953125
9639,0.984375
9640,0.98046875
9641,0.96875
9642,0.95703125
9643,0.9765625
9644,0.96484375
9645,0.96875
9646,0.953125
9647,0.9765625
9648,0.95703125
9649,0.953125
9650,0.953125
9651,0.96875
9652,0.96875
9653,0.98046875
9654,0.96484375
9655,0.96484375
9656,0.97265625
9657,0.97265625
9658,0.9765625
9659,0.96875
9660,0.98046875
9661,0.953125
9662,0.96484375
9663,0.97265625
9664,0.96484375
9665,0.96484375
9666,0.96484375
9667,0.9453125
9668,0.96875
9669,0.96875
9670,0.97265625
9671,0.9765625
9672,0.9765625
9673,0.9765625
9674,0.96875
9675,0.98828125
9676,0.9765625
9677,0.94921875
9678,0.96484375
9679,0.98046875
9680,0.97265625
9681,0.98046875
9682,0.95703125
9683,0.9765625
9684,0.96484375
9685,0.97265625
9686,0.9609375
9687,0.96484375
9688,0.9609375
9689,0.96875
9690,0.9765625
9691,0.96484375
9692,0.9765625
9693,0.96875
9694,0.984375
9695,0.953125
9696,0.97265625
9697,0.95703125
9698,0.97265625
9699,0.98046875
9700,0.96875
9701,0.9609375
9702,0.984375
9703,0.96875
9704,0.96875
9705,0.96875
9706,0.96484375
9707,0.94921875
9708,0.96484375
9709,0.96484375
9710,0.97265625
9711,0.96875
9712,0.97265625
9713,0.98046875
9714,0.94921875
9715,0.94921875
9716,0.96875
9717,0.95703125
9718,0.96484375
9719,0.953125
9720,0.95703125
9721,0.97265625
9722,0.9765625
9723,0.97265625
9724,0.96484375
9725,0.96875
9726,0.96875
9727,0.97265625
9728,0.95703125
9729,0.96875
9730,0.94921875
9731,0.9609375
9732,0.96484375
9733,0.9765625
9734,0.9765625
9735,0.96875
9736,0.97265625
9737,0.95703125
9738,0.96484375
9739,0.97265625
9740,0.95703125
9741,0.96484375
9742,0.98046875
9743,0.9765625
9744,0.96875
9745,0.9609375
9746,0.9609375
9747,0.953125
9748,0.96484375
9749,0.953125
9750,0.96875
9751,0.953125
9752,0.9765625
9753,0.98046875
9754,0.97265625
9755,0.9609375
9756,0.96875
9757,0.9765625
9758,0.97265625
9759,0.9765625
9760,0.97265625
9761,0.97265625
9762,0.9609375
9763,0.9609375
9764,0.95703125
9765,0.98046875
9766,0.98046875
9767,0.97265625
9768,0.9609375
9769,0.9609375
9770,0.953125
9771,0.96875
9772,0.95703125
9773,0.9765625
9774,0.9765625
9775,0.98046875
9776,0.95703125
9777,0.9765625
9778,0.9609375
9779,0.9609375
9780,0.984375
9781,0.96875
9782,0.96875
9783,0.94921875
9784,0.95703125
9785,0.97265625
9786,0.98046875
9787,0.9609375
9788,0.96484375
9789,0.96484375
9790,0.9765625
9791,0.95703125
9792,0.984375
9793,0.97265625
9794,0.9609375
9795,0.95703125
9796,0.94921875
9797,0.96484375
9798,0.96484375
9799,0.97265625
9800,0.97265625
9801,0.97265625
9802,0.96484375
9803,0.9765625
9804,0.95703125
9805,0.96875
9806,0.96875
9807,0.96484375
9808,0.97265625
9809,0.953125
9810,0.984375
9811,0.9453125
9812,0.95703125
9813,0.953125
9814,0.96484375
9815,0.93359375
9816,0.9765625
9817,0.9609375
9818,0.9765625
9819,0.98046875
9820,0.96875
9821,0.953125
9822,0.95703125
9823,0.9609375
9824,0.984375
9825,0.9765625
9826,0.953125
9827,0.96875
9828,0.94921875
9829,0.953125
9830,0.9765625
9831,0.95703125
9832,0.94921875
9833,0.96484375
9834,0.96484375
9835,0.9453125
9836,0.96875
9837,0.94140625
9838,0.9609375
9839,0.96875
9840,0.9609375
9841,0.97265625
9842,0.9609375
9843,0.953125
9844,0.96484375
9845,0.97265625
9846,0.953125
9847,0.9765625
9848,0.95703125
9849,0.96484375
9850,0.96484375
9851,0.95703125
9852,0.9765625
9853,0.953125
9854,0.95703125
9855,0.96875
9856,0.9609375
9857,0.95703125
9858,0.95703125
9859,0.95703125
9860,0.97265625
9861,0.96875
9862,0.96484375
9863,0.96484375
9864,0.95703125
9865,0.96875
9866,0.9609375
9867,0.96484375
9868,0.96484375
9869,0.97265625
9870,0.97265625
9871,0.953125
9872,0.96875
9873,0.96875
9874,0.98046875
9875,0.96484375
9876,0.9609375
9877,0.97265625
9878,0.95703125
9879,0.984375
9880,0.97265625
9881,0.96484375
9882,0.9765625
9883,0.96875
9884,0.953125
9885,0.96875
9886,0.953125
9887,0.9609375
9888,0.96875
9889,0.96484375
9890,0.9609375
9891,0.95703125
9892,0.96484375
9893,0.9609375
9894,0.96875
9895,0.98046875
9896,0.98046875
9897,0.984375
9898,0.96875
9899,0.95703125
9900,0.96875
9901,0.953125
9902,0.96875
9903,0.953125
9904,0.9609375
9905,0.96484375
9906,0.96875
9907,0.9609375
9908,0.953125
9909,0.96875
9910,0.97265625
9911,0.96484375
9912,0.9453125
9913,0.98046875
9914,0.95703125
9915,0.9609375
9916,0.96484375
9917,0.9765625
9918,0.96875
9919,0.97265625
9920,0.96875
9921,0.96875
9922,0.96875
9923,0.96875
9924,0.984375
9925,0.96875
9926,0.9609375
9927,0.9609375
9928,0.96875
9929,0.9765625
9930,0.96875
9931,0.9609375
9932,0.96484375
9933,0.97265625
9934,0.96875
9935,0.9765625
9936,0.96875
9937,0.9609375
9938,0.96484375
9939,0.9453125
9940,0.96875
9941,0.953125
9942,0.95703125
9943,0.95703125
9944,0.9765625
9945,0.95703125
9946,0.9765625
9947,0.9609375
9948,0.96875
9949,0.97265625
9950,0.97265625
9951,0.96484375
9952,0.96484375
9953,0.96875
9954,0.94921875
9955,0.94921875
9956,0.96484375
9957,0.97265625
9958,0.96875
9959,0.98046875
9960,0.953125
9961,0.96484375
9962,0.9765625
9963,0.97265625
9964,0.9375
9965,0.97265625
9966,0.9609375
9967,0.953125
9968,0.96484375
9969,0.9609375
9970,0.9765625
9971,0.98046875
9972,0.96484375
9973,0.96484375
9974,0.953125
9975,0.9609375
9976,0.95703125
9977,0.96875
9978,0.96875
9979,0.9453125
9980,0.95703125
9981,0.96875
9982,0.96875
9983,0.96484375
9984,0.95703125
9985,0.9609375
9986,0.97265625
9987,0.94140625
9988,0.96484375
9989,0.96484375
9990,0.96484375
9991,0.96875
9992,0.96875
9993,0.97265625
9994,0.96875
9995,0.96484375
9996,0.95703125
9997,0.97265625
9998,0.96875
9999,0.97265625
10000,0.9765625
10001,0.953125
10002,0.953125
10003,0.94921875
10004,0.96484375
10005,0.9765625
10006,0.9453125
10007,0.96484375
10008,0.9765625
10009,0.9765625
10010,0.984375
10011,0.97265625
10012,0.98046875
10013,0.9609375
10014,0.95703125
10015,0.9765625
10016,0.95703125
10017,0.96875
10018,0.95703125
10019,0.9609375
10020,0.95703125
10021,0.94921875
10022,0.96484375
10023,0.984375
10024,0.97265625
10025,0.94921875
10026,0.98046875
10027,0.9765625
10028,0.9609375
10029,0.9765625
10030,0.96484375
10031,0.953125
10032,0.97265625
10033,0.9609375
10034,0.97265625
10035,0.96875
10036,0.9609375
10037,0.9609375
10038,0.953125
10039,0.98046875
10040,0.95703125
10041,0.9609375
10042,0.9609375
10043,0.97265625
10044,0.9765625
10045,0.9609375
10046,0.95703125
10047,0.95703125
10048,0.96875
10049,0.94921875
10050,0.95703125
10051,0.9609375
10052,0.9765625
10053,0.96875
10054,0.98828125
10055,0.9375
10056,0.96484375
10057,0.953125
10058,0.9609375
10059,0.96484375
10060,0.98828125
10061,0.9609375
10062,0.9609375
10063,0.96484375
10064,0.95703125
10065,0.96875
10066,0.9609375
10067,0.96484375
10068,0.96484375
10069,0.984375
10070,0.95703125
10071,0.953125
10072,0.96484375
10073,0.953125
10074,0.9609375
10075,0.96484375
10076,0.9609375
10077,0.96484375
10078,0.95703125
10079,0.96484375
10080,0.96484375
10081,0.97265625
10082,0.96484375
10083,0.94921875
10084,0.9453125
10085,0.953125
10086,0.953125
10087,0.9609375
10088,0.97265625
10089,0.96875
10090,0.953125
10091,0.97265625
10092,0.97265625
10093,0.9453125
10094,0.9765625
10095,0.95703125
10096,0.9609375
10097,0.96875
10098,0.953125
10099,0.95703125
10100,0.9609375
10101,0.9765625
10102,0.97265625
10103,0.94140625
10104,0.953125
10105,0.9765625
10106,0.9609375
10107,0.95703125
10108,0.95703125
10109,0.9609375
10110,0.9765625
10111,0.953125
10112,0.9453125
10113,0.97265625
10114,0.95703125
10115,0.95703125
10116,0.94140625
10117,0.9609375
10118,0.9765625
10119,0.96875
10120,0.98828125
10121,0.9609375
10122,0.9453125
10123,0.97265625
10124,0.97265625
10125,0.97265625
10126,0.97265625
10127,0.9609375
10128,0.984375
10129,0.9765625
10130,0.95703125
10131,0.953125
10132,0.96875
10133,0.98046875
10134,0.96484375
10135,0.98046875
10136,0.9609375
10137,0.94921875
10138,0.97265625
10139,0.96484375
10140,0.97265625
10141,0.9609375
10142,0.97265625
10143,0.9609375
10144,0.96875
10145,0.96875
10146,0.97265625
10147,0.9609375
10148,0.96875
10149,0.95703125
10150,0.96875
10151,0.98046875
10152,0.96484375
10153,0.96875
10154,0.97265625
10155,0.98046875
10156,0.9765625
10157,0.9609375
10158,0.9765625
10159,0.94140625
10160,0.97265625
10161,0.96875
10162,0.953125
10163,0.9609375
10164,0.9765625
10165,0.96875
10166,0.95703125
10167,0.953125
10168,0.97265625
10169,0.9609375
10170,0.96484375
10171,0.94921875
10172,0.97265625
10173,0.95703125
10174,0.96484375
10175,0.96875
10176,0.9609375
10177,0.95703125
10178,0.9765625
10179,0.96484375
10180,0.94140625
10181,0.96484375
10182,0.96484375
10183,0.9765625
10184,0.95703125
10185,0.94140625
10186,0.95703125
10187,0.95703125
10188,0.96875
10189,0.95703125
10190,0.95703125
10191,0.96875
10192,0.94140625
10193,0.9609375
10194,0.96484375
10195,0.984375
10196,0.9765625
10197,0.9609375
10198,0.9765625
10199,0.97265625
10200,0.96484375
10201,0.9609375
10202,0.97265625
10203,0.9765625
10204,0.96875
10205,0.96875
10206,0.98046875
10207,0.9609375
10208,0.97265625
10209,0.96484375
10210,0.96875
10211,0.97265625
10212,0.96875
10213,0.94921875
10214,0.96875
10215,0.9609375
10216,0.96484375
10217,0.97265625
10218,0.9609375
10219,0.96484375
10220,0.97265625
10221,0.9453125
10222,0.97265625
10223,0.96484375
10224,0.95703125
10225,0.96875
10226,0.98046875
10227,0.97265625
10228,0.98046875
10229,0.9765625
10230,0.96484375
10231,0.97265625
10232,0.98046875
10233,0.97265625
10234,0.96875
10235,0.97265625
10236,0.94140625
10237,0.95703125
10238,0.9765625
10239,0.97265625
10240,0.97265625
10241,0.98046875
10242,0.9609375
10243,0.9765625
10244,0.96875
10245,0.94921875
10246,0.94921875
10247,0.95703125
10248,0.96875
10249,0.98046875
10250,0.96875
10251,0.9609375
10252,0.96484375
10253,0.9453125
10254,0.97265625
10255,0.96875
10256,0.95703125
10257,0.9609375
10258,0.95703125
10259,0.96875
10260,0.97265625
10261,0.96484375
10262,0.96875
10263,0.9609375
10264,0.9765625
10265,0.98046875
10266,0.96875
10267,0.97265625
10268,0.97265625
10269,0.96875
10270,0.95703125
10271,0.96875
10272,0.9765625
10273,0.95703125
10274,0.96875
10275,0.9765625
10276,0.9375
10277,0.953125
10278,0.96484375
10279,0.96875
10280,0.9609375
10281,0.9453125
10282,0.9453125
10283,0.96875
10284,0.95703125
10285,0.984375
10286,0.96484375
10287,0.96875
10288,0.9609375
10289,0.984375
10290,0.953125
10291,0.9609375
10292,0.953125
10293,0.953125
10294,0.96875
10295,0.984375
10296,0.96484375
10297,0.96875
10298,0.97265625
10299,0.97265625
10300,0.953125
10301,0.97265625
10302,0.95703125
10303,0.96875
10304,0.98046875
10305,0.9765625
10306,0.9609375
10307,0.9609375
10308,0.9609375
10309,0.96875
10310,0.9765625
10311,0.953125
10312,0.9453125
10313,0.9453125
10314,0.96875
10315,0.96875
10316,0.96484375
10317,0.95703125
10318,0.96484375
10319,0.96875
10320,0.953125
10321,0.9765625
10322,0.96875
10323,0.95703125
10324,0.9609375
10325,0.95703125
10326,0.96484375
10327,0.953125
10328,0.97265625
10329,0.96484375
10330,0.97265625
10331,0.96875
10332,0.9765625
10333,0.984375
10334,0.9609375
10335,0.9609375
10336,0.9765625
10337,0.96875
10338,0.9375
10339,0.96484375
10340,0.95703125
10341,0.97265625
10342,0.96484375
10343,0.97265625
10344,0.9765625
10345,0.96484375
10346,0.97265625
10347,0.97265625
10348,0.96484375
10349,0.97265625
10350,0.9453125
10351,0.96875
10352,0.95703125
10353,0.9765625
10354,0.96875
10355,0.97265625
10356,0.94921875
10357,0.95703125
10358,0.96875
10359,0.9765625
10360,0.98046875
10361,0.94140625
10362,0.96484375
10363,0.97265625
10364,0.96484375
10365,0.9609375
10366,0.96484375
10367,0.97265625
10368,0.98046875
10369,0.9765625
10370,0.96484375
10371,0.96484375
10372,0.96875
10373,0.97265625
10374,0.94921875
10375,0.97265625
10376,0.95703125
10377,0.96484375
10378,0.96484375
10379,0.96484375
10380,0.96484375
10381,0.984375
10382,0.96875
10383,0.9765625
10384,0.96484375
10385,0.9765625
10386,0.953125
10387,0.95703125
10388,0.97265625
10389,0.96875
10390,0.95703125
10391,0.95703125
10392,0.96484375
10393,0.96484375
10394,0.96484375
10395,0.9609375
10396,0.96875
10397,0.9765625
10398,0.95703125
10399,0.96484375
10400,0.97265625
10401,0.94921875
10402,0.96875
10403,0.95703125
10404,0.9765625
10405,0.9765625
10406,0.97265625
10407,0.93359375
10408,0.9765625
10409,0.94921875
10410,0.96484375
10411,0.953125
10412,0.94921875
10413,0.96484375
10414,0.9609375
10415,0.9453125
10416,0.9453125
10417,0.96484375
10418,0.96484375
10419,0.98046875
10420,0.98046875
10421,0.94921875
10422,0.95703125
10423,0.95703125
10424,0.96875
10425,0.953125
10426,0.9609375
10427,0.96875
10428,0.94921875
10429,0.953125
10430,0.95703125
10431,0.96484375
10432,0.953125
10433,0.9765625
10434,0.9453125
10435,0.9609375
10436,0.953125
10437,0.97265625
10438,0.9765625
10439,0.98046875
10440,0.95703125
10441,0.98046875
10442,0.97265625
10443,0.9765625
10444,0.953125
10445,0.9609375
10446,0.96875
10447,0.9453125
10448,0.9609375
10449,0.96875
10450,0.953125
10451,0.96484375
10452,0.97265625
10453,0.97265625
10454,0.95703125
10455,0.96875
10456,0.96484375
10457,0.96875
10458,0.94921875
10459,0.96875
10460,0.984375
10461,0.97265625
10462,0.97265625
10463,0.9609375
10464,0.95703125
10465,0.9609375
10466,0.96875
10467,0.953125
10468,0.96875
10469,0.953125
10470,0.96875
10471,0.96484375
10472,0.95703125
10473,0.97265625
10474,0.96875
10475,0.96875
10476,0.97265625
10477,0.98046875
10478,0.97265625
10479,0.9609375
10480,0.97265625
10481,0.953125
10482,0.953125
10483,0.9609375
10484,0.95703125
10485,0.94921875
10486,0.97265625
10487,0.9609375
10488,0.96484375
10489,0.96484375
10490,0.9375
10491,0.94921875
10492,0.96875
10493,0.9765625
10494,0.96484375
10495,0.9609375
10496,0.953125
10497,0.96484375
10498,0.9453125
10499,0.94921875
10500,0.953125
10501,0.95703125
10502,0.953125
10503,0.953125
10504,0.94921875
10505,0.97265625
10506,0.95703125
10507,0.9609375
10508,0.953125
10509,0.96484375
10510,0.96875
10511,0.953125
10512,0.97265625
10513,0.96484375
10514,0.94921875
10515,0.98046875
10516,0.94921875
10517,0.96484375
10518,0.9609375
10519,0.953125
10520,0.96484375
10521,0.95703125
10522,0.95703125
10523,0.96875
10524,0.9609375
10525,0.96875
10526,0.96484375
10527,0.96875
10528,0.97265625
10529,0.9609375
10530,0.94140625
10531,0.96875
10532,0.9609375
10533,0.953125
10534,0.95703125
10535,0.96875
10536,0.94921875
10537,0.96484375
10538,0.96875
10539,0.97265625
10540,0.94140625
10541,0.9609375
10542,0.97265625
10543,0.95703125
10544,0.96484375
10545,0.9609375
10546,0.9453125
10547,0.96875
10548,0.98046875
10549,0.96484375
10550,0.94921875
10551,0.96875
10552,0.9453125
10553,0.9609375
10554,0.98828125
10555,0.9609375
10556,0.94140625
10557,0.9609375
10558,0.97265625
10559,0.9609375
10560,0.96484375
10561,0.9609375
10562,0.93359375
10563,0.95703125
10564,0.97265625
10565,0.9609375
10566,0.96484375
10567,0.96875
10568,0.96484375
10569,0.9453125
10570,0.95703125
10571,0.97265625
10572,0.96484375
10573,0.96875
10574,0.9765625
10575,0.96484375
10576,0.96484375
10577,0.97265625
10578,0.97265625
10579,0.95703125
10580,0.96484375
10581,0.9609375
10582,0.96484375
10583,0.94140625
10584,0.953125
10585,0.96875
10586,0.95703125
10587,0.96875
10588,0.96484375
10589,0.96875
10590,0.9609375
10591,0.9609375
10592,0.96484375
10593,0.96875
10594,0.95703125
10595,0.96875
10596,0.96484375
10597,0.97265625
10598,0.95703125
10599,0.953125
10600,0.97265625
10601,0.96484375
10602,0.953125
10603,0.96875
10604,0.97265625
10605,0.96484375
10606,0.9609375
10607,0.94140625
10608,0.94921875
10609,0.9609375
10610,0.95703125
10611,0.9765625
10612,0.97265625
10613,0.95703125
10614,0.9609375
10615,0.95703125
10616,0.94140625
10617,0.96875
10618,0.94921875
10619,0.96484375
10620,0.96484375
10621,0.953125
10622,0.98046875
10623,0.97265625
10624,0.9609375
10625,0.96484375
10626,0.96484375
10627,0.97265625
10628,0.9609375
10629,0.9609375
10630,0.9609375
10631,0.96875
10632,0.96875
10633,0.9375
10634,0.96875
10635,0.96875
10636,0.95703125
10637,0.9765625
10638,0.96484375
10639,0.9375
10640,0.953125
10641,0.9453125
10642,0.96875
10643,0.9765625
10644,0.9609375
10645,0.953125
10646,0.9765625
10647,0.9609375
10648,0.9609375
10649,0.9609375
10650,0.96484375
10651,0.953125
10652,0.953125
10653,0.94921875
10654,0.95703125
10655,0.96875
10656,0.96875
10657,0.96875
10658,0.9609375
10659,0.96484375
10660,0.96484375
10661,0.95703125
10662,0.9765625
10663,0.953125
10664,0.95703125
10665,0.953125
10666,0.96484375
10667,0.95703125
10668,0.96875
10669,0.94140625
10670,0.94921875
10671,0.9609375
10672,0.9609375
10673,0.9765625
10674,0.96484375
10675,0.9765625
10676,0.97265625
10677,0.9609375
10678,0.95703125
10679,0.9453125
10680,0.953125
10681,0.96875
10682,0.9296875
10683,0.9609375
10684,0.95703125
10685,0.96484375
10686,0.96484375
10687,0.94140625
10688,0.96484375
10689,0.96484375
10690,0.97265625
10691,0.9609375
10692,0.953125
10693,0.96484375
10694,0.95703125
10695,0.96875
10696,0.95703125
10697,0.9609375
10698,0.9609375
10699,0.9765625
10700,0.95703125
10701,0.93359375
10702,0.953125
10703,0.953125
10704,0.953125
10705,0.96484375
10706,0.953125
10707,0.95703125
10708,0.96875
10709,0.96875
10710,0.953125
10711,0.9765625
10712,0.96484375
10713,0.96875
10714,0.96875
10715,0.98046875
10716,0.95703125
10717,0.96875
10718,0.9765625
10719,0.953125
10720,0.94140625
10721,0.95703125
10722,0.94140625
10723,0.96875
10724,0.95703125
10725,0.96484375
10726,0.953125
10727,0.9609375
10728,0.9765625
10729,0.96875
10730,0.953125
10731,0.97265625
10732,0.95703125
10733,0.953125
10734,0.94921875
10735,0.97265625
10736,0.9453125
10737,0.9609375
10738,0.94921875
10739,0.95703125
10740,0.96875
10741,0.94140625
10742,0.953125
10743,0.9609375
10744,0.9453125
10745,0.94140625
10746,0.953125
10747,0.94921875
10748,0.96484375
10749,0.97265625
10750,0.9609375
10751,0.9453125
10752,0.97265625
10753,0.95703125
10754,0.96875
10755,0.96484375
10756,0.9609375
10757,0.95703125
10758,0.96484375
10759,0.96484375
10760,0.94140625
10761,0.96875
10762,0.96875
10763,0.9609375
10764,0.96484375
10765,0.95703125
10766,0.9609375
10767,0.96875
10768,0.96875
10769,0.953125
10770,0.9609375
10771,0.9375
10772,0.9609375
10773,0.96484375
10774,0.9609375
10775,0.953125
10776,0.96484375
10777,0.953125
10778,0.953125
10779,0.97265625
10780,0.96875
10781,0.9765625
10782,0.96875
10783,0.95703125
10784,0.96875
10785,0.9609375
10786,0.95703125
10787,0.96484375
10788,0.9765625
10789,0.9609375
10790,0.97265625
10791,0.98046875
10792,0.9609375
10793,0.9609375
10794,0.98046875
10795,0.96875
10796,0.9609375
10797,0.96484375
10798,0.953125
10799,0.96484375
10800,0.97265625
10801,0.953125
10802,0.953125
10803,0.96484375
10804,0.9609375
10805,0.9453125
10806,0.96875
10807,0.95703125
10808,0.97265625
10809,0.9609375
10810,0.9609375
10811,0.96875
10812,0.9453125
10813,0.94921875
10814,0.984375
10815,0.96484375
10816,0.95703125
10817,0.97265625
10818,0.953125
10819,0.94921875
10820,0.9453125
10821,0.96875
10822,0.96484375
10823,0.953125
10824,0.95703125
10825,0.96875
10826,0.98046875
10827,0.9609375
10828,0.97265625
10829,0.96484375
10830,0.97265625
10831,0.97265625
10832,0.9609375
10833,0.9609375
10834,0.9765625
10835,0.95703125
10836,0.96484375
10837,0.96875
10838,0.95703125
10839,0.94921875
10840,0.97265625
10841,0.953125
10842,0.9375
10843,0.97265625
10844,0.95703125
10845,0.94921875
10846,0.95703125
10847,0.94921875
10848,0.9765625
10849,0.953125
10850,0.9609375
10851,0.96484375
10852,0.953125
10853,0.9609375
10854,0.96484375
10855,0.94921875
10856,0.96484375
10857,0.9453125
10858,0.9609375
10859,0.97265625
10860,0.96484375
10861,0.953125
10862,0.9453125
10863,0.96484375
10864,0.9765625
10865,0.984375
10866,0.94921875
10867,0.97265625
10868,0.9765625
10869,0.9609375
10870,0.953125
10871,0.96875
10872,0.94921875
10873,0.94921875
10874,0.95703125
10875,0.96875
10876,0.9609375
10877,0.96875
10878,0.97265625
10879,0.953125
10880,0.95703125
10881,0.953125
10882,0.953125
10883,0.96484375
10884,0.9453125
10885,0.95703125
10886,0.97265625
10887,0.96484375
10888,0.9609375
10889,0.94140625
10890,0.95703125
10891,0.96875
10892,0.9609375
10893,0.96484375
10894,0.96875
10895,0.9609375
10896,0.98046875
10897,0.97265625
10898,0.96484375
10899,0.95703125
10900,0.94921875
10901,0.9609375
10902,0.953125
10903,0.9609375
10904,0.96484375
10905,0.95703125
10906,0.96484375
10907,0.984375
10908,0.94921875
10909,0.9765625
10910,0.95703125
10911,0.9375
10912,0.95703125
10913,0.96875
10914,0.94140625
10915,0.98046875
10916,0.953125
10917,0.97265625
10918,0.98046875
10919,0.9765625
10920,0.96875
10921,0.95703125
10922,0.9765625
10923,0.95703125
10924,0.95703125
10925,0.96484375
10926,0.98046875
10927,0.9609375
10928,0.97265625
10929,0.9453125
10930,0.98046875
10931,0.953125
10932,0.94921875
10933,0.953125
10934,0.9609375
10935,0.9765625
10936,0.95703125
10937,0.95703125
10938,0.9609375
10939,0.96484375
10940,0.94140625
10941,0.95703125
10942,0.95703125
10943,0.96484375
10944,0.97265625
10945,0.9609375
10946,0.98046875
10947,0.96875
10948,0.96484375
10949,0.96484375
10950,0.9609375
10951,0.95703125
10952,0.97265625
10953,0.95703125
10954,0.9765625
10955,0.98046875
10956,0.95703125
10957,0.97265625
10958,0.9765625
10959,0.96875
10960,0.97265625
10961,0.96484375
10962,0.95703125
10963,0.9609375
10964,0.9609375
10965,0.96875
10966,0.9609375
10967,0.96875
10968,0.95703125
10969,0.94921875
10970,0.96875
10971,0.96875
10972,0.94921875
10973,0.96484375
10974,0.9765625
10975,0.96484375
10976,0.96875
10977,0.953125
10978,0.94921875
10979,0.94921875
10980,0.9375
10981,0.96875
10982,0.95703125
10983,0.96875
10984,0.953125
10985,0.96484375
10986,0.97265625
10987,0.98046875
10988,0.97265625
10989,0.95703125
10990,0.96875
10991,0.953125
10992,0.9765625
10993,0.953125
10994,0.95703125
10995,0.9453125
10996,0.9609375
10997,0.94140625
10998,0.9609375
10999,0.96484375
11000,0.95703125
11001,0.97265625
11002,0.9765625
11003,0.95703125
11004,0.96484375
11005,0.9453125
11006,0.96484375
11007,0.953125
11008,0.953125
11009,0.94921875
11010,0.9453125
11011,0.96875
11012,0.93359375
11013,0.953125
11014,0.96875
11015,0.9765625
11016,0.96875
11017,0.953125
11018,0.94140625
11019,0.95703125
11020,0.9609375
11021,0.94921875
11022,0.95703125
11023,0.95703125
11024,0.94921875
11025,0.94140625
11026,0.953125
11027,0.94921875
11028,0.9140625
11029,0.94921875
11030,0.96484375
11031,0.9609375
11032,0.953125
11033,0.94140625
11034,0.96875
11035,0.9609375
11036,0.94921875
11037,0.94921875
11038,0.9453125
11039,0.94140625
11040,0.9140625
11041,0.953125
11042,0.953125
11043,0.9375
11044,0.9453125
11045,0.96875
11046,0.953125
11047,0.95703125
11048,0.953125
11049,0.9609375
11050,0.95703125
11051,0.94921875
11052,0.94921875
11053,0.9453125
11054,0.94921875
11055,0.9609375
11056,0.94921875
11057,0.93359375
11058,0.95703125
11059,0.96484375
11060,0.9609375
11061,0.93359375
11062,0.95703125
11063,0.9609375
11064,0.94921875
11065,0.9609375
11066,0.97265625
11067,0.953125
11068,0.9453125
11069,0.95703125
11070,0.94921875
11071,0.95703125
11072,0.9453125
11073,0.9375
11074,0.9609375
11075,0.94921875
11076,0.9375
11077,0.953125
11078,0.953125
11079,0.94140625
11080,0.953125
11081,0.96875
11082,0.94140625
11083,0.9609375
11084,0.96484375
11085,0.9453125
11086,0.9375
11087,0.953125
11088,0.95703125
11089,0.94140625
11090,0.953125
11091,0.96875
11092,0.95703125
11093,0.94921875
11094,0.9453125
11095,0.96484375
11096,0.921875
11097,0.9453125
11098,0.94140625
11099,0.9296875
11100,0.93359375
11101,0.9453125
11102,0.96484375
11103,0.9609375
11104,0.94140625
11105,0.95703125
11106,0.95703125
11107,0.94921875
11108,0.94921875
11109,0.98046875
11110,0.96484375
11111,0.93359375
11112,0.95703125
11113,0.953125
11114,0.95703125
11115,0.9296875
11116,0.94921875
11117,0.96484375
11118,0.93359375
11119,0.95703125
11120,0.95703125
11121,0.94921875
11122,0.94140625
11123,0.9609375
11124,0.9609375
11125,0.953125
11126,0.94140625
11127,0.953125
11128,0.95703125
11129,0.96484375
11130,0.95703125
11131,0.94921875
11132,0.9609375
11133,0.9453125
11134,0.9453125
11135,0.95703125
11136,0.9375
11137,0.94921875
11138,0.953125
11139,0.9453125
11140,0.96484375
11141,0.96875
11142,0.953125
11143,0.953125
11144,0.95703125
11145,0.9375
11146,0.96875
11147,0.95703125
11148,0.9453125
11149,0.94921875
11150,0.953125
11151,0.94140625
11152,0.953125
11153,0.9609375
11154,0.94140625
11155,0.96875
11156,0.9609375
11157,0.95703125
11158,0.9609375
11159,0.98046875
11160,0.953125
11161,0.95703125
11162,0.95703125
11163,0.97265625
11164,0.96484375
11165,0.94921875
11166,0.95703125
11167,0.95703125
11168,0.94921875
11169,0.94140625
11170,0.94921875
11171,0.96484375
11172,0.9765625
11173,0.9453125
11174,0.953125
11175,0.93359375
11176,0.953125
11177,0.953125
11178,0.94140625
11179,0.95703125
11180,0.953125
11181,0.95703125
11182,0.953125
11183,0.94921875
11184,0.96484375
11185,0.95703125
11186,0.94140625
11187,0.96875
11188,0.9609375
11189,0.96484375
11190,0.953125
11191,0.9609375
11192,0.9375
11193,0.93359375
11194,0.94140625
11195,0.953125
11196,0.94921875
11197,0.9609375
11198,0.95703125
11199,0.95703125
11200,0.9609375
11201,0.953125
11202,0.953125
11203,0.96875
11204,0.953125
11205,0.94140625
11206,0.9609375
11207,0.9375
11208,0.9296875
11209,0.96484375
11210,0.953125
11211,0.953125
11212,0.93359375
11213,0.96875
11214,0.9609375
11215,0.95703125
11216,0.9296875
11217,0.953125
11218,0.953125
11219,0.9609375
11220,0.9609375
11221,0.94140625
11222,0.96484375
11223,0.9453125
11224,0.92578125
11225,0.94140625
11226,0.921875
11227,0.93359375
11228,0.96484375
11229,0.94921875
11230,0.9609375
11231,0.94921875
11232,0.92578125
11233,0.94921875
11234,0.95703125
11235,0.9453125
11236,0.94921875
11237,0.94140625
11238,0.94140625
11239,0.95703125
11240,0.9453125
11241,0.95703125
11242,0.953125
11243,0.953125
11244,0.9453125
11245,0.9453125
11246,0.94140625
11247,0.94921875
11248,0.94921875
11249,0.95703125
11250,0.9453125
11251,0.9453125
11252,0.95703125
11253,0.9375
11254,0.95703125
11255,0.9375
11256,0.9453125
11257,0.94140625
11258,0.94921875
11259,0.9609375
11260,0.953125
11261,0.94921875
11262,0.97265625
11263,0.921875
11264,0.9765625
11265,0.9609375
11266,0.9609375
11267,0.96875
11268,0.97265625
11269,0.984375
11270,0.94921875
11271,0.9609375
11272,0.94140625
11273,0.9765625
11274,0.9609375
11275,0.9609375
11276,0.96484375
11277,0.96875
11278,0.96484375
11279,0.97265625
11280,0.95703125
11281,0.97265625
11282,0.9453125
11283,0.97265625
11284,0.95703125
11285,0.97265625
11286,0.9765625
11287,0.9609375
11288,0.9609375
11289,0.953125
11290,0.9609375
11291,0.96484375
11292,0.9609375
11293,0.97265625
11294,0.953125
11295,0.953125
11296,0.95703125
11297,0.95703125
11298,0.97265625
11299,0.95703125
11300,0.97265625
11301,0.96875
11302,0.97265625
11303,0.96484375
11304,0.9765625
11305,0.95703125
11306,0.9765625
11307,0.96875
11308,0.93359375
11309,0.9609375
11310,0.9609375
11311,0.953125
11312,0.98046875
11313,0.9765625
11314,0.96484375
11315,0.96484375
11316,0.9609375
11317,0.96484375
11318,0.9765625
11319,0.97265625
11320,0.953125
11321,0.97265625
11322,0.95703125
11323,0.97265625
11324,0.96484375
11325,0.98046875
11326,0.9609375
11327,0.9765625
11328,0.98046875
11329,0.96875
11330,0.96484375
11331,0.98046875
11332,0.96875
11333,0.96484375
11334,0.96484375
11335,0.953125
11336,0.9609375
11337,0.97265625
11338,0.96484375
11339,0.98046875
11340,0.97265625
11341,0.96484375
11342,0.9765625
11343,0.96875
11344,0.96484375
11345,0.96875
11346,0.96875
11347,0.97265625
11348,0.96484375
11349,0.96484375
11350,0.984375
11351,0.96875
11352,0.97265625
11353,0.98046875
11354,0.96484375
11355,0.9765625
11356,0.9765625
11357,0.9765625
11358,0.97265625
11359,0.98046875
11360,0.97265625
11361,0.9609375
11362,0.97265625
11363,0.97265625
11364,0.96875
11365,0.9609375
11366,0.9765625
11367,0.9609375
11368,0.95703125
11369,0.97265625
11370,0.96875
11371,0.97265625
11372,0.97265625
11373,0.9765625
11374,0.96484375
11375,0.96875
11376,0.96484375
11377,0.9609375
11378,0.984375
11379,0.98828125
11380,0.95703125
11381,0.96484375
11382,0.96484375
11383,0.96875
11384,0.984375
11385,0.97265625
11386,0.96875
11387,0.9609375
11388,0.953125
11389,0.984375
11390,0.9609375
11391,0.96875
11392,0.96875
11393,0.96875
11394,0.98828125
11395,0.9609375
11396,0.96875
11397,0.96484375
11398,0.97265625
11399,0.95703125
11400,0.97265625
11401,0.98828125
11402,0.9609375
11403,0.9609375
11404,0.96875
11405,0.96875
11406,0.9921875
11407,0.96875
11408,0.95703125
11409,0.97265625
11410,0.96875
11411,0.9765625
11412,0.98828125
11413,0.96875
11414,0.96484375
11415,0.96875
11416,0.96875
11417,0.94921875
11418,0.97265625
11419,0.95703125
11420,0.96484375
11421,0.98046875
11422,0.96875
11423,0.96875
11424,0.9765625
11425,0.96875
11426,0.95703125
11427,0.9765625
11428,0.96484375
11429,0.98046875
11430,0.97265625
11431,0.98046875
11432,0.96875
11433,0.953125
11434,0.9609375
11435,0.96484375
11436,0.94921875
11437,0.95703125
11438,0.9609375
11439,0.953125
11440,0.9609375
11441,0.94921875
11442,0.96875
11443,0.95703125
11444,0.9453125
11445,0.98046875
11446,0.95703125
11447,0.9765625
11448,0.9609375
11449,0.97265625
11450,0.953125
11451,0.9453125
11452,0.95703125
11453,0.96875
11454,0.98046875
11455,0.9609375
11456,0.96875
11457,0.96484375
11458,0.95703125
11459,0.9453125
11460,0.9609375
11461,0.96484375
11462,0.9609375
11463,0.9609375
11464,0.96875
11465,0.96875
11466,0.9609375
11467,0.953125
11468,0.97265625
11469,0.97265625
11470,0.96875
11471,0.96484375
11472,0.9609375
11473,0.96484375
11474,0.97265625
11475,0.96484375
11476,0.98046875
11477,0.95703125
11478,0.98046875
11479,0.9609375
11480,0.953125
11481,0.96875
11482,0.94921875
11483,0.96484375
11484,0.95703125
11485,0.96875
11486,0.97265625
11487,0.9765625
11488,0.9609375
11489,0.9609375
11490,0.953125
11491,0.98046875
11492,0.98046875
11493,0.97265625
11494,0.9609375
11495,0.984375
11496,0.9609375
11497,0.97265625
11498,0.984375
11499,0.96875
11500,0.9765625
11501,0.95703125
11502,0.96875
11503,0.95703125
11504,0.953125
11505,0.97265625
11506,0.96875
11507,0.9765625
11508,0.96875
11509,0.95703125
11510,0.96484375
11511,0.95703125
11512,0.98046875
11513,0.96484375
11514,0.96484375
11515,0.96875
11516,0.9609375
11517,0.94921875
11518,0.95703125
11519,0.96484375
11520,0.94140625
11521,0.9765625
11522,0.97265625
11523,0.96875
11524,0.95703125
11525,0.96484375
11526,0.97265625
11527,0.96484375
11528,0.9765625
11529,0.97265625
11530,0.97265625
11531,0.953125
11532,0.97265625
11533,0.96484375
11534,0.953125
11535,0.9609375
11536,0.96875
11537,0.9765625
11538,0.96875
11539,0.97265625
11540,0.97265625
11541,0.9609375
11542,0.953125
11543,0.96484375
11544,0.98046875
11545,0.96484375
11546,0.96484375
11547,0.96484375
11548,0.9609375
11549,0.953125
11550,0.9765625
11551,0.94140625
11552,0.984375
11553,0.9375
11554,0.95703125
11555,0.95703125
11556,0.953125
11557,0.95703125
11558,0.95703125
11559,0.97265625
11560,0.953125
11561,0.953125
11562,0.96875
11563,0.94921875
11564,0.96875
11565,0.953125
11566,0.97265625
11567,0.97265625
11568,0.97265625
11569,0.96875
11570,0.953125
11571,0.9765625
11572,0.97265625
11573,0.96484375
11574,0.96484375
11575,0.96484375
11576,0.96484375
11577,0.9609375
11578,0.9609375
11579,0.97265625
11580,0.96875
11581,0.953125
11582,0.96875
11583,0.953125
11584,0.9765625
11585,0.96875
11586,0.97265625
11587,0.96875
11588,0.9609375
11589,0.95703125
11590,0.95703125
11591,0.96484375
11592,0.9765625
11593,0.96484375
11594,0.9453125
11595,0.97265625
11596,0.9453125
11597,0.96484375
11598,0.97265625
11599,0.96484375
11600,0.95703125
11601,0.97265625
11602,0.97265625
11603,0.95703125
11604,0.96484375
11605,0.96484375
11606,0.98828125
11607,0.94921875
11608,0.9609375
11609,0.984375
11610,0.9609375
11611,0.97265625
11612,0.953125
11613,0.97265625
11614,0.96875
11615,0.9453125
11616,0.984375
11617,0.9765625
11618,0.9609375
11619,0.9609375
11620,0.9609375
11621,0.9609375
11622,0.96484375
11623,0.96484375
11624,0.953125
11625,0.97265625
11626,0.96484375
11627,0.96484375
11628,0.96484375
11629,0.96484375
11630,0.95703125
11631,0.96484375
11632,0.96875
11633,0.9765625
11634,0.953125
11635,0.9765625
11636,0.96484375
11637,0.96484375
11638,0.98046875
11639,0.96484375
11640,0.97265625
11641,0.95703125
11642,0.95703125
11643,0.95703125
11644,0.9609375
11645,0.97265625
11646,0.97265625
11647,0.94921875
11648,0.95703125
11649,0.96484375
11650,0.953125
11651,0.953125
11652,0.96875
11653,0.953125
11654,0.96875
11655,0.95703125
11656,0.9453125
11657,0.94921875
11658,0.953125
11659,0.96875
11660,0.94140625
11661,0.9765625
11662,0.96484375
11663,0.96484375
11664,0.9609375
11665,0.96875
11666,0.98046875
11667,0.98046875
11668,0.96484375
11669,0.98046875
11670,0.97265625
11671,0.96484375
11672,0.9765625
11673,0.95703125
11674,0.95703125
11675,0.95703125
11676,0.94921875
11677,0.96875
11678,0.96484375
11679,0.94921875
11680,0.96484375
11681,0.953125
11682,0.96875
11683,0.97265625
11684,0.97265625
11685,0.96875
11686,0.96484375
11687,0.9609375
11688,0.9453125
11689,0.98828125
11690,0.98046875
11691,0.96484375
11692,0.9609375
11693,0.97265625
11694,0.96875
11695,0.97265625
11696,0.96484375
11697,0.953125
11698,0.95703125
11699,0.96875
11700,0.9765625
11701,0.96875
11702,0.953125
11703,0.9609375
11704,0.96875
11705,0.9453125
11706,0.96875
11707,0.96875
11708,0.97265625
11709,0.96875
11710,0.96484375
11711,0.9765625
11712,0.9609375
11713,0.953125
11714,0.98828125
11715,0.96875
11716,0.95703125
11717,0.96875
11718,0.9609375
11719,0.97265625
11720,0.96484375
11721,0.97265625
11722,0.96875
11723,0.96875
11724,0.96484375
11725,0.953125
11726,0.9609375
11727,0.984375
11728,0.9765625
11729,0.97265625
11730,0.98046875
11731,0.97265625
11732,0.96484375
11733,0.96875
11734,0.97265625
11735,0.98046875
11736,0.9765625
11737,0.9765625
11738,0.9609375
11739,0.9609375
11740,0.96875
11741,0.97265625
11742,0.9609375
11743,0.9453125
11744,0.9609375
11745,0.9609375
11746,0.96875
11747,0.94921875
11748,0.97265625
11749,0.94921875
11750,0.96484375
11751,0.97265625
11752,0.97265625
11753,0.953125
11754,0.96875
11755,0.94921875
11756,0.953125
11757,0.9609375
11758,0.95703125
11759,0.953125
11760,0.96484375
11761,0.9765625
11762,0.953125
11763,0.9765625
11764,0.9765625
11765,0.953125
11766,0.97265625
11767,0.96875
11768,0.97265625
11769,0.9765625
11770,0.94921875
11771,0.95703125
11772,0.97265625
11773,0.96875
11774,0.95703125
11775,0.96875
11776,0.97265625
11777,0.98046875
11778,0.97265625
11779,0.96484375
11780,0.96484375
11781,0.96484375
11782,0.96875
11783,0.9375
11784,0.97265625
11785,0.98828125
11786,0.9453125
11787,0.96875
11788,0.9609375
11789,0.96875
11790,0.9765625
11791,0.96875
11792,0.96484375
11793,0.984375
11794,0.96875
11795,0.96875
11796,0.96484375
11797,0.94921875
11798,0.9765625
11799,0.96875
11800,0.96484375
11801,0.953125
11802,0.9609375
11803,0.953125
11804,0.96484375
11805,0.9609375
11806,0.97265625
11807,0.9609375
11808,0.95703125
11809,0.953125
11810,0.9609375
11811,0.95703125
11812,0.96484375
11813,0.98046875
11814,0.96875
11815,0.98046875
11816,0.953125
11817,0.953125
11818,0.96875
11819,0.96875
11820,0.96875
11821,0.98046875
11822,0.9765625
11823,0.97265625
11824,0.9609375
11825,0.95703125
11826,0.96484375
11827,0.94921875
11828,0.98046875
11829,0.98046875
11830,0.98046875
11831,0.984375
11832,0.96875
11833,0.96484375
11834,0.97265625
11835,0.97265625
11836,0.984375
11837,0.96875
11838,0.95703125
11839,0.9765625
11840,0.9609375
11841,0.96484375
11842,0.97265625
11843,0.94921875
11844,0.95703125
11845,0.95703125
11846,0.9765625
11847,0.9765625
11848,0.96484375
11849,0.96875
11850,0.95703125
11851,0.9765625
11852,0.97265625
11853,0.97265625
11854,0.96484375
11855,0.97265625
11856,0.953125
11857,0.98046875
11858,0.984375
11859,0.96484375
11860,0.96875
11861,0.96484375
11862,0.95703125
11863,0.96484375
11864,0.9609375
11865,0.95703125
11866,0.96875
11867,0.953125
11868,0.984375
11869,0.953125
11870,0.96875
11871,0.9765625
11872,0.96875
11873,0.96484375
11874,0.95703125
11875,0.9609375
11876,0.96875
11877,0.96484375
11878,0.95703125
11879,0.96875
11880,0.96875
11881,0.9765625
11882,0.96484375
11883,0.95703125
11884,0.95703125
11885,0.96484375
11886,0.95703125
11887,0.9609375
11888,0.96875
11889,0.98046875
11890,0.96875
11891,0.9765625
11892,0.95703125
11893,0.96484375
11894,0.9609375
11895,0.984375
11896,0.94921875
11897,0.9765625
11898,0.9609375
11899,0.97265625
11900,0.94921875
11901,0.96875
11902,0.95703125
11903,0.96875
11904,0.98046875
11905,0.96875
11906,0.9609375
11907,0.984375
11908,0.98046875
11909,0.9765625
11910,0.98046875
11911,0.96875
11912,0.96875
11913,0.97265625
11914,0.96484375
11915,0.953125
11916,0.9609375
11917,0.97265625
11918,0.96875
11919,0.9765625
11920,0.96875
11921,0.97265625
11922,0.96875
11923,0.96875
11924,0.96484375
11925,0.98046875
11926,0.9765625
11927,0.95703125
11928,0.953125
11929,0.984375
11930,0.984375
11931,0.98046875
11932,0.97265625
11933,0.96484375
11934,0.96875
11935,0.97265625
11936,0.96875
11937,0.9609375
11938,0.9609375
11939,0.96484375
11940,0.953125
11941,0.96484375
11942,0.97265625
11943,0.9609375
11944,0.96484375
11945,0.9609375
11946,0.96484375
11947,0.96875
11948,0.96875
11949,0.9609375
11950,0.96484375
11951,0.9609375
11952,0.95703125
11953,0.97265625
11954,0.97265625
11955,0.95703125
11956,0.96875
11957,0.97265625
11958,0.96875
11959,0.97265625
11960,0.94921875
11961,0.97265625
11962,0.9609375
11963,0.953125
11964,0.95703125
11965,0.9765625
11966,0.96875
11967,0.9765625
11968,0.96875
11969,0.96875
11970,0.9609375
11971,0.96484375
11972,0.96875
11973,0.96875
11974,0.953125
11975,0.96875
11976,0.953125
11977,0.984375
11978,0.98046875
11979,0.94140625
11980,0.96875
11981,0.95703125
11982,0.97265625
11983,0.96484375
11984,0.95703125
11985,0.97265625
11986,0.96875
11987,0.95703125
11988,0.9609375
11989,0.96484375
11990,0.953125
11991,0.95703125
11992,0.98046875
11993,0.96875
11994,0.97265625
11995,0.98046875
11996,0.96484375
11997,0.9765625
11998,0.95703125
11999,0.96875
12000,0.95703125
12001,0.97265625
12002,0.9609375
12003,0.97265625
12004,0.98046875
12005,0.9609375
12006,0.9609375
12007,0.96484375
12008,0.9609375
12009,0.984375
12010,0.97265625
12011,0.97265625
12012,0.96484375
12013,0.97265625
12014,0.9609375
12015,0.98046875
12016,0.97265625
12017,0.9765625
12018,0.9609375
12019,0.96484375
12020,0.96484375
12021,0.96484375
12022,0.984375
12023,0.9765625
12024,0.96875
12025,0.9765625
12026,0.96875
12027,0.9765625
12028,0.9765625
12029,0.9453125
12030,0.96875
12031,0.9765625
12032,0.97265625
12033,0.9609375
12034,0.97265625
12035,0.96875
12036,0.96875
12037,0.9765625
12038,0.96875
12039,0.95703125
12040,0.96484375
12041,0.984375
12042,0.953125
12043,0.95703125
12044,0.9609375
12045,0.96875
12046,0.97265625
12047,0.9765625
12048,0.96484375
12049,0.95703125
12050,0.953125
12051,0.953125
12052,0.953125
12053,0.9765625
12054,0.97265625
12055,0.9765625
12056,0.96484375
12057,0.953125
12058,0.9609375
12059,0.953125
12060,0.9453125
12061,0.9609375
12062,0.98046875
12063,0.97265625
12064,0.95703125
12065,0.953125
12066,0.96875
12067,0.96875
12068,0.9609375
12069,0.95703125
12070,0.98046875
12071,0.9609375
12072,0.94921875
12073,0.953125
12074,0.98046875
12075,0.96875
12076,0.96484375
12077,0.953125
12078,0.97265625
12079,0.9453125
12080,0.953125
12081,0.96875
12082,0.95703125
12083,0.97265625
12084,0.9609375
12085,0.97265625
12086,0.9453125
12087,0.953125
12088,0.96484375
12089,0.97265625
12090,0.97265625
12091,0.9765625
12092,0.95703125
12093,0.94921875
12094,0.9609375
12095,0.953125
12096,0.96484375
12097,0.95703125
12098,0.95703125
12099,0.95703125
12100,0.953125
12101,0.94921875
12102,0.96484375
12103,0.97265625
12104,0.96875
12105,0.96484375
12106,0.96875
12107,0.95703125
12108,0.96875
12109,0.95703125
12110,0.95703125
12111,0.96484375
12112,0.9609375
12113,0.9609375
12114,0.94921875
12115,0.9375
12116,0.96484375
12117,0.97265625
12118,0.97265625
12119,0.97265625
12120,0.9609375
12121,0.953125
12122,0.95703125
12123,0.95703125
12124,0.9609375
12125,0.95703125
12126,0.984375
12127,0.95703125
12128,0.97265625
12129,0.97265625
12130,0.9453125
12131,0.95703125
12132,0.9765625
12133,0.9765625
12134,0.96484375
12135,0.9609375
12136,0.96875
12137,0.98046875
12138,0.98828125
12139,0.953125
12140,0.95703125
12141,0.96484375
12142,0.9609375
12143,0.96484375
12144,0.94140625
12145,0.96484375
12146,0.94921875
12147,0.94921875
12148,0.984375
12149,0.9609375
12150,0.96875
12151,0.953125
12152,0.9765625
12153,0.9609375
12154,0.97265625
12155,0.96875
12156,0.94921875
12157,0.95703125
12158,0.97265625
12159,0.94921875
12160,0.9765625
12161,0.97265625
12162,0.9609375
12163,0.96484375
12164,0.9609375
12165,0.94140625
12166,0.9765625
12167,0.96875
12168,0.96875
12169,0.97265625
12170,0.9609375
12171,0.96875
12172,0.984375
12173,0.9609375
12174,0.9609375
12175,0.96875
12176,0.9765625
12177,0.9609375
12178,0.953125
12179,0.95703125
12180,0.95703125
12181,0.9765625
12182,0.9765625
12183,0.9765625
12184,0.95703125
12185,0.96875
12186,0.953125
12187,0.96484375
12188,0.94921875
12189,0.96484375
12190,0.96484375
12191,0.96484375
12192,0.95703125
12193,0.9609375
12194,0.95703125
12195,0.95703125
12196,0.953125
12197,0.96875
12198,0.95703125
12199,0.96484375
12200,0.96875
12201,0.97265625
12202,0.96875
12203,0.9765625
12204,0.95703125
12205,0.9453125
12206,0.9609375
12207,0.96484375
12208,0.9609375
12209,0.96484375
12210,0.97265625
12211,0.96875
12212,0.9609375
12213,0.96875
12214,0.9765625
12215,0.9375
12216,0.96875
12217,0.9609375
12218,0.95703125
12219,0.96875
12220,0.95703125
12221,0.98046875
12222,0.95703125
12223,0.94921875
12224,0.953125
12225,0.953125
12226,0.96484375
12227,0.96875
12228,0.9453125
12229,0.96484375
12230,0.953125
12231,0.984375
12232,0.9453125
12233,0.96484375
12234,0.95703125
12235,0.97265625
12236,0.96484375
12237,0.96484375
12238,0.9765625
12239,0.97265625
12240,0.95703125
12241,0.95703125
12242,0.97265625
12243,0.95703125
12244,0.97265625
12245,0.9609375
12246,0.93359375
12247,0.96875
12248,0.953125
12249,0.94140625
12250,0.9609375
12251,0.96875
12252,0.96875
12253,0.97265625
12254,0.95703125
12255,0.953125
12256,0.9765625
12257,0.9609375
12258,0.94921875
12259,0.953125
12260,0.9453125
12261,0.94921875
12262,0.9609375
12263,0.95703125
12264,0.96484375
12265,0.96484375
12266,0.96875
12267,0.953125
12268,0.953125
12269,0.9609375
12270,0.96875
12271,0.96484375
12272,0.9609375
12273,0.96875
12274,0.94921875
12275,0.94921875
12276,0.97265625
12277,0.97265625
12278,0.96875
12279,0.97265625
12280,0.9609375
12281,0.9609375
12282,0.9453125
12283,0.9609375
12284,0.96875
12285,0.96875
12286,0.953125
12287,0.9609375
12288,0.96875
12289,0.9375
12290,0.953125
12291,0.9453125
12292,0.94921875
12293,0.9453125
12294,0.96875
12295,0.94921875
12296,0.97265625
12297,0.95703125
12298,0.953125
12299,0.96875
12300,0.953125
12301,0.94921875
12302,0.96875
12303,0.96875
12304,0.953125
12305,0.92578125
12306,0.9609375
12307,0.95703125
12308,0.93359375
12309,0.9453125
12310,0.9609375
12311,0.96875
12312,0.97265625
12313,0.95703125
12314,0.97265625
12315,0.953125
12316,0.94140625
12317,0.953125
12318,0.9609375
12319,0.96875
12320,0.98828125
12321,0.94921875
12322,0.953125
12323,0.95703125
12324,0.97265625
12325,0.9609375
12326,0.96484375
12327,0.9609375
12328,0.9609375
12329,0.9609375
12330,0.96875
12331,0.96484375
12332,0.94140625
12333,0.96484375
12334,0.9609375
12335,0.9765625
12336,0.9609375
12337,0.9453125
12338,0.95703125
12339,0.95703125
12340,0.9453125
12341,0.94921875
12342,0.9375
12343,0.94140625
12344,0.94921875
12345,0.94921875
12346,0.97265625
12347,0.96484375
12348,0.96484375
12349,0.9453125
12350,0.96484375
12351,0.953125
12352,0.96484375
12353,0.96875
12354,0.95703125
12355,0.94140625
12356,0.9765625
12357,0.9609375
12358,0.94921875
12359,0.96484375
12360,0.9765625
12361,0.96875
12362,0.96484375
12363,0.953125
12364,0.96484375
12365,0.95703125
12366,0.9609375
12367,0.96875
12368,0.953125
12369,0.9609375
12370,0.953125
12371,0.96484375
12372,0.94921875
12373,0.9296875
12374,0.96484375
12375,0.94921875
12376,0.94921875
12377,0.96484375
12378,0.9609375
12379,0.96484375
12380,0.96875
12381,0.9609375
12382,0.96484375
12383,0.9453125
12384,0.94921875
12385,0.9609375
12386,0.96484375
12387,0.96484375
12388,0.9609375
12389,0.9609375
12390,0.9453125
12391,0.9609375
12392,0.96875
12393,0.953125
12394,0.94921875
12395,0.96484375
12396,0.94921875
12397,0.9609375
12398,0.9609375
12399,0.953125
12400,0.94921875
12401,0.94921875
12402,0.9609375
12403,0.9453125
12404,0.9453125
12405,0.953125
12406,0.9609375
12407,0.94921875
12408,0.98046875
12409,0.9609375
12410,0.94921875
12411,0.953125
12412,0.97265625
12413,0.96875
12414,0.953125
12415,0.9375
12416,0.97265625
12417,0.953125
12418,0.9453125
12419,0.95703125
12420,0.953125
12421,0.94921875
12422,0.97265625
12423,0.94921875
12424,0.9609375
12425,0.94921875
12426,0.95703125
12427,0.96875
12428,0.9296875
12429,0.953125
12430,0.9609375
12431,0.96484375
12432,0.953125
12433,0.9765625
12434,0.96484375
12435,0.96484375
12436,0.9609375
12437,0.98828125
12438,0.9609375
12439,0.9609375
12440,0.96875
12441,0.96484375
12442,0.96484375
12443,0.97265625
12444,0.94140625
12445,0.9609375
12446,0.95703125
12447,0.953125
12448,0.94921875
12449,0.9609375
12450,0.9609375
12451,0.953125
12452,0.93359375
12453,0.96484375
12454,0.94921875
12455,0.953125
12456,0.953125
12457,0.96484375
12458,0.94921875
12459,0.96875
12460,0.95703125
12461,0.95703125
12462,0.94921875
12463,0.96484375
12464,0.9453125
12465,0.96875
12466,0.95703125
12467,0.95703125
12468,0.953125
12469,0.953125
12470,0.94921875
12471,0.94921875
12472,0.9609375
12473,0.96484375
12474,0.9453125
12475,0.95703125
12476,0.9609375
12477,0.96484375
12478,0.9609375
12479,0.953125
12480,0.96484375
12481,0.96484375
12482,0.953125
12483,0.953125
12484,0.97265625
12485,0.9296875
12486,0.9375
12487,0.95703125
12488,0.9453125
12489,0.97265625
12490,0.96484375
12491,0.953125
12492,0.97265625
12493,0.921875
12494,0.953125
12495,0.96484375
12496,0.96875
12497,0.97265625
12498,0.984375
12499,0.9765625
12500,0.94921875
12501,0.9296875
12502,0.95703125
12503,0.9609375
12504,0.9609375
12505,0.94921875
12506,0.97265625
12507,0.97265625
12508,0.94140625
12509,0.953125
12510,0.9453125
12511,0.953125
12512,0.9765625
12513,0.9609375
12514,0.95703125
12515,0.9609375
12516,0.96484375
12517,0.95703125
12518,0.9375
12519,0.93359375
12520,0.97265625
12521,0.9609375
12522,0.953125
12523,0.95703125
12524,0.984375
12525,0.95703125
12526,0.94921875
12527,0.95703125
12528,0.94921875
12529,0.953125
12530,0.9609375
12531,0.96484375
12532,0.96875
12533,0.96484375
12534,0.953125
12535,0.96484375
12536,0.93359375
12537,0.9609375
12538,0.9765625
12539,0.94140625
12540,0.95703125
12541,0.9453125
12542,0.953125
12543,0.9375
12544,0.984375
12545,0.95703125
12546,0.96484375
12547,0.9609375
12548,0.95703125
12549,0.98046875
12550,0.95703125
12551,0.953125
12552,0.97265625
12553,0.9765625
12554,0.96875
12555,0.96875
12556,0.96484375
12557,0.9609375
12558,0.9609375
12559,0.9765625
12560,0.98046875
12561,0.95703125
12562,0.96484375
12563,0.9765625
12564,0.95703125
12565,0.97265625
12566,0.9375
12567,0.9765625
12568,0.97265625
12569,0.9453125
12570,0.9765625
12571,0.97265625
12572,0.953125
12573,0.9609375
12574,0.9609375
12575,0.984375
12576,0.96875
12577,0.96484375
12578,0.9765625
12579,0.984375
12580,0.9609375
12581,0.96484375
12582,0.94921875
12583,0.96875
12584,0.984375
12585,0.96875
12586,0.96875
12587,0.953125
12588,0.96484375
12589,0.9609375
12590,0.9453125
12591,0.95703125
12592,0.96484375
12593,0.9609375
12594,0.96875
12595,0.96875
12596,0.96484375
12597,0.9609375
12598,0.96484375
12599,0.95703125
12600,0.96875
12601,0.96875
12602,0.9609375
12603,0.96484375
12604,0.96484375
12605,0.96875
12606,0.96484375
12607,0.98046875
12608,0.9609375
12609,0.9453125
12610,0.9609375
12611,0.9453125
12612,0.96484375
12613,0.9609375
12614,0.96484375
12615,0.97265625
12616,0.9609375
12617,0.96484375
12618,0.9765625
12619,0.96875
12620,0.98046875
12621,0.95703125
12622,0.96875
12623,0.96875
12624,0.97265625
12625,0.96875
12626,0.96875
12627,0.96484375
12628,0.953125
12629,0.9765625
12630,0.9765625
12631,0.97265625
12632,0.96484375
12633,0.9609375
12634,0.9765625
12635,0.96875
12636,0.9765625
12637,0.96875
12638,0.97265625
12639,0.9609375
12640,0.96875
12641,0.953125
12642,0.96484375
12643,0.96484375
12644,0.953125
12645,0.97265625
12646,0.9609375
12647,0.96875
12648,0.97265625
12649,0.95703125
12650,0.9609375
12651,0.96875
12652,0.96484375
12653,0.9609375
12654,0.98046875
12655,0.97265625
12656,0.95703125
12657,0.9609375
12658,0.9375
12659,0.94921875
12660,0.96875
12661,0.97265625
12662,0.97265625
12663,0.9609375
12664,0.97265625
12665,0.96875
12666,0.96875
12667,0.96484375
12668,0.9609375
12669,0.9609375
12670,0.96484375
12671,0.9609375
12672,0.94921875
12673,0.96875
12674,0.9453125
12675,0.96484375
12676,0.9765625
12677,0.98046875
12678,0.96484375
12679,0.984375
12680,0.96875
12681,0.96484375
12682,0.94921875
12683,0.96484375
12684,0.953125
12685,0.96484375
12686,0.96875
12687,0.96484375
12688,0.96875
12689,0.96875
12690,0.97265625
12691,0.9765625
12692,0.98046875
12693,0.9609375
12694,0.96484375
12695,0.96484375
12696,0.96484375
12697,0.97265625
12698,0.96875
12699,0.96875
12700,0.96875
12701,0.96484375
12702,0.95703125
12703,0.95703125
12704,0.96484375
12705,0.98046875
12706,0.9375
12707,0.96484375
12708,0.97265625
12709,0.96484375
12710,0.9453125
12711,0.96484375
12712,0.94140625
12713,0.96484375
12714,0.9609375
12715,0.97265625
12716,0.9765625
12717,0.97265625
12718,0.97265625
12719,0.95703125
12720,0.98046875
12721,0.96484375
12722,0.9765625
12723,0.9765625
12724,0.94921875
12725,0.97265625
12726,0.953125
12727,0.96875
12728,0.98828125
12729,0.95703125
12730,0.96875
12731,0.9609375
12732,0.95703125
12733,0.9765625
12734,0.9609375
12735,0.96875
12736,0.95703125
12737,0.9765625
12738,0.95703125
12739,0.9765625
12740,0.96875
12741,0.97265625
12742,0.98046875
12743,0.9765625
12744,0.97265625
12745,0.96875
12746,0.96875
12747,0.97265625
12748,0.953125
12749,0.984375
12750,0.96875
12751,0.984375
12752,0.97265625
12753,0.96875
12754,0.97265625
12755,0.97265625
12756,0.95703125
12757,0.97265625
12758,0.9609375
12759,0.984375
12760,0.96484375
12761,0.96875
12762,0.97265625
12763,0.984375
12764,0.9765625
12765,0.97265625
12766,0.98046875
12767,0.97265625
12768,0.9765625
12769,0.96875
12770,0.9765625
12771,0.96484375
12772,0.97265625
12773,0.9609375
12774,0.9609375
12775,0.97265625
12776,0.96875
12777,0.96484375
12778,0.94921875
12779,0.98046875
12780,0.95703125
12781,0.98046875
12782,0.9609375
12783,0.9765625
12784,0.97265625
12785,0.98046875
12786,0.96484375
12787,0.96875
12788,0.97265625
12789,0.9765625
12790,0.953125
12791,0.9765625
12792,0.96484375
12793,0.96875
12794,0.953125
12795,0.96484375
12796,0.96484375
12797,0.96484375
12798,0.96484375
12799,0.9609375
12800,0.96875
12801,0.9765625
12802,0.96484375
12803,0.96875
12804,0.97265625
12805,0.96484375
12806,0.9609375
12807,0.9453125
12808,0.9609375
12809,0.96484375
12810,0.97265625
12811,0.96484375
12812,0.9453125
12813,0.98046875
12814,0.9609375
12815,0.95703125
12816,0.96875
12817,0.96484375
12818,0.97265625
12819,0.95703125
12820,0.97265625
12821,0.96484375
12822,0.9453125
12823,0.97265625
12824,0.9765625
12825,0.9375
12826,0.95703125
12827,0.9453125
12828,0.96875
12829,0.97265625
12830,0.95703125
12831,0.9609375
12832,0.96484375
12833,0.96484375
12834,0.9375
12835,0.9609375
12836,0.94921875
12837,0.9609375
12838,0.94921875
12839,0.96484375
12840,0.97265625
12841,0.95703125
12842,0.9765625
12843,0.94921875
12844,0.96875
12845,0.96484375
12846,0.95703125
12847,0.94921875
12848,0.96484375
12849,0.984375
12850,0.96875
12851,0.96484375
12852,0.96875
12853,0.97265625
12854,0.96484375
12855,0.9765625
12856,0.953125
12857,0.96875
12858,0.953125
12859,0.9765625
12860,0.94921875
12861,0.95703125
12862,0.94921875
12863,0.96875
12864,0.9765625
12865,0.9609375
12866,0.95703125
12867,0.96875
12868,0.9765625
12869,0.9609375
12870,0.97265625
12871,0.96484375
12872,0.9609375
12873,0.96484375
12874,0.9609375
12875,0.9609375
12876,0.95703125
12877,0.96875
12878,0.97265625
12879,0.96875
12880,0.96484375
12881,0.95703125
12882,0.953125
12883,0.9609375
12884,0.96875
12885,0.96875
12886,0.98046875
12887,0.95703125
12888,0.953125
12889,0.97265625
12890,0.95703125
12891,0.96875
12892,0.96875
12893,0.96484375
12894,0.96484375
12895,0.94921875
12896,0.94921875
12897,0.9609375
12898,0.94140625
12899,0.953125
12900,0.96875
12901,0.97265625
12902,0.9609375
12903,0.96484375
12904,0.94921875
12905,0.96875
12906,0.9609375
12907,0.953125
12908,0.95703125
12909,0.94921875
12910,0.9453125
12911,0.95703125
12912,0.953125
12913,0.97265625
12914,0.96875
12915,0.9375
12916,0.97265625
12917,0.97265625
12918,0.9765625
12919,0.96484375
12920,0.9609375
12921,0.96875
12922,0.96484375
12923,0.9765625
12924,0.96484375
12925,0.95703125
12926,0.96484375
12927,0.9609375
12928,0.953125
12929,0.98046875
12930,0.96875
12931,0.96484375
12932,0.95703125
12933,0.953125
12934,0.96875
12935,0.95703125
12936,0.94921875
12937,0.95703125
12938,0.9765625
12939,0.96484375
12940,0.96484375
12941,0.94140625
12942,0.95703125
12943,0.9765625
12944,0.95703125
12945,0.9609375
12946,0.97265625
12947,0.9609375
12948,0.95703125
12949,0.97265625
12950,0.953125
12951,0.953125
12952,0.94921875
12953,0.95703125
12954,0.96875
12955,0.96484375
12956,0.9609375
12957,0.9609375
12958,0.96484375
12959,0.9765625
12960,0.96484375
12961,0.95703125
12962,0.96875
12963,0.9609375
12964,0.95703125
12965,0.98046875
12966,0.94921875
12967,0.95703125
12968,0.95703125
12969,0.94921875
12970,0.96484375
12971,0.984375
12972,0.9609375
12973,0.96484375
12974,0.9765625
12975,0.95703125
12976,0.953125
12977,0.95703125
12978,0.94921875
12979,0.9453125
12980,0.96484375
12981,0.96875
12982,0.9765625
12983,0.95703125
12984,0.96875
12985,0.9765625
12986,0.96875
12987,0.96875
12988,0.98046875
12989,0.9609375
12990,0.9609375
12991,0.95703125
12992,0.953125
12993,0.96875
12994,0.9609375
12995,0.97265625
12996,0.953125
12997,0.9765625
12998,0.9765625
12999,0.98046875
13000,0.98046875
13001,0.92578125
13002,0.9609375
13003,0.94921875
13004,0.95703125
13005,0.9453125
13006,0.9609375
13007,0.95703125
13008,0.95703125
13009,0.953125
13010,0.96875
13011,0.96875
13012,0.9609375
13013,0.9609375
13014,0.94140625
13015,0.9609375
13016,0.96875
13017,0.93359375
13018,0.96484375
13019,0.97265625
13020,0.96875
13021,0.97265625
13022,0.9609375
13023,0.95703125
13024,0.96875
13025,0.97265625
13026,0.96875
13027,0.9609375
13028,0.9609375
13029,0.98046875
13030,0.95703125
13031,0.96484375
13032,0.96875
13033,0.96875
13034,0.9609375
13035,0.953125
13036,0.96484375
13037,0.97265625
13038,0.9765625
13039,0.9765625
13040,0.96484375
13041,0.94921875
13042,0.96484375
13043,0.98046875
13044,0.96875
13045,0.96875
13046,0.9453125
13047,0.96484375
13048,0.953125
13049,0.96484375
13050,0.953125
13051,0.9765625
13052,0.9375
13053,0.9453125
13054,0.9765625
13055,0.9609375
13056,0.94921875
13057,0.9609375
13058,0.984375
13059,0.9609375
13060,0.95703125
13061,0.95703125
13062,0.9765625
13063,0.9609375
13064,0.94921875
13065,0.96484375
13066,0.96875
13067,0.9609375
13068,0.984375
13069,0.95703125
13070,0.97265625
13071,0.96875
13072,0.9765625
13073,0.96484375
13074,0.9609375
13075,0.96484375
13076,0.9609375
13077,0.96875
13078,0.96484375
13079,0.94140625
13080,0.9609375
13081,0.96875
13082,0.9609375
13083,0.98046875
13084,0.94921875
13085,0.9765625
13086,0.9609375
13087,0.9765625
13088,0.98828125
13089,0.984375
13090,0.98046875
13091,0.96875
13092,0.94921875
13093,0.97265625
13094,0.97265625
13095,0.9609375
13096,0.97265625
13097,0.96484375
13098,0.96484375
13099,0.9609375
13100,0.96484375
13101,0.96484375
13102,0.96875
13103,0.953125
13104,0.96484375
13105,0.98046875
13106,0.96875
13107,0.96875
13108,0.96875
13109,0.953125
13110,0.96875
13111,0.96484375
13112,0.96484375
13113,0.97265625
13114,0.96875
13115,0.96875
13116,0.98046875
13117,0.96875
13118,0.96875
13119,0.9609375
13120,0.953125
13121,0.9765625
13122,0.96484375
13123,0.94140625
13124,0.953125
13125,0.97265625
13126,0.94921875
13127,0.96484375
13128,0.953125
13129,0.9609375
13130,0.97265625
13131,0.94921875
13132,0.9609375
13133,0.9765625
13134,0.98046875
13135,0.96484375
13136,0.96484375
13137,0.97265625
13138,0.9609375
13139,0.96484375
13140,0.97265625
13141,0.94140625
13142,0.98046875
13143,0.96484375
13144,0.9609375
13145,0.9609375
13146,0.97265625
13147,0.95703125
13148,0.96875
13149,0.97265625
13150,0.984375
13151,0.95703125
13152,0.9609375
13153,0.97265625
13154,0.9765625
13155,0.94921875
13156,0.9765625
13157,0.97265625
13158,0.9609375
13159,0.9609375
13160,0.94921875
13161,0.953125
13162,0.96875
13163,0.9765625
13164,0.9609375
13165,0.97265625
13166,0.9765625
13167,0.95703125
13168,0.96875
13169,0.96875
13170,0.95703125
13171,0.9609375
13172,0.9765625
13173,0.94921875
13174,0.984375
13175,0.97265625
13176,0.9609375
13177,0.96484375
13178,0.96484375
13179,0.97265625
13180,0.953125
13181,0.9453125
13182,0.9609375
13183,0.9609375
13184,0.96875
13185,0.95703125
13186,0.953125
13187,0.95703125
13188,0.9765625
13189,0.97265625
13190,0.97265625
13191,0.95703125
13192,0.97265625
13193,0.953125
13194,0.96875
13195,0.9609375
13196,0.96484375
13197,0.94921875
13198,0.9609375
13199,0.9609375
13200,0.96484375
13201,0.9609375
13202,0.95703125
13203,0.9609375
13204,0.9609375
13205,0.97265625
13206,0.9609375
13207,0.96484375
13208,0.97265625
13209,0.9609375
13210,0.96484375
13211,0.953125
13212,0.97265625
13213,0.95703125
13214,0.97265625
13215,0.96875
13216,0.94921875
13217,0.95703125
13218,0.9765625
13219,0.953125
13220,0.97265625
13221,0.96875
13222,0.9609375
13223,0.9609375
13224,0.95703125
13225,0.94921875
13226,0.94921875
13227,0.96875
13228,0.96875
13229,0.9609375
13230,0.953125
13231,0.96484375
13232,0.94140625
13233,0.96484375
13234,0.953125
13235,0.97265625
13236,0.9609375
13237,0.95703125
13238,0.96484375
13239,0.96484375
13240,0.96484375
13241,0.96484375
13242,0.9765625
13243,0.9453125
13244,0.96875
13245,0.98046875
13246,0.97265625
13247,0.94140625
13248,0.95703125
13249,0.9609375
13250,0.9609375
13251,0.97265625
13252,0.97265625
13253,0.94921875
13254,0.94140625
13255,0.9453125
13256,0.9765625
13257,0.984375
13258,0.96484375
13259,0.97265625
13260,0.96484375
13261,0.953125
13262,0.9453125
13263,0.97265625
13264,0.96875
13265,0.953125
13266,0.96875
13267,0.97265625
13268,0.96484375
13269,0.96484375
13270,0.95703125
13271,0.95703125
13272,0.96875
13273,0.96484375
13274,0.96875
13275,0.9453125
13276,0.96484375
13277,0.953125
13278,0.984375
13279,0.96875
13280,0.9609375
13281,0.96875
13282,0.953125
13283,0.97265625
13284,0.96875
13285,0.96875
13286,0.9609375
13287,0.94140625
13288,0.97265625
13289,0.97265625
13290,0.95703125
13291,0.96484375
13292,0.9765625
13293,0.97265625
13294,0.95703125
13295,0.95703125
13296,0.95703125
13297,0.9609375
13298,0.984375
13299,0.95703125
13300,0.95703125
13301,0.9609375
13302,0.95703125
13303,0.96484375
13304,0.96484375
13305,0.96484375
13306,0.953125
13307,0.9609375
13308,0.98046875
13309,0.98046875
13310,0.95703125
13311,0.953125
13312,0.953125
13313,0.95703125
13314,0.9296875
13315,0.97265625
13316,0.953125
13317,0.953125
13318,0.9609375
13319,0.97265625
13320,0.953125
13321,0.94921875
13322,0.94921875
13323,0.94921875
13324,0.953125
13325,0.953125
13326,0.9609375
13327,0.95703125
13328,0.9453125
13329,0.95703125
13330,0.9375
13331,0.953125
13332,0.96484375
13333,0.9296875
13334,0.92578125
13335,0.97265625
13336,0.9609375
13337,0.96484375
13338,0.97265625
13339,0.96484375
13340,0.953125
13341,0.9609375
13342,0.9375
13343,0.953125
13344,0.953125
13345,0.95703125
13346,0.9609375
13347,0.95703125
13348,0.94140625
13349,0.97265625
13350,0.96484375
13351,0.93359375
13352,0.94140625
13353,0.953125
13354,0.953125
13355,0.94140625
13356,0.94921875
13357,0.95703125
13358,0.9453125
13359,0.95703125
13360,0.9453125
13361,0.953125
13362,0.96875
13363,0.95703125
13364,0.94921875
13365,0.9375
13366,0.94921875
13367,0.984375
13368,0.94921875
13369,0.95703125
13370,0.953125
13371,0.953125
13372,0.9453125
13373,0.953125
13374,0.953125
13375,0.9609375
13376,0.95703125
13377,0.953125
13378,0.96875
13379,0.9609375
13380,0.96484375
13381,0.953125
13382,0.94140625
13383,0.95703125
13384,0.9609375
13385,0.9375
13386,0.96484375
13387,0.98046875
13388,0.95703125
13389,0.9609375
13390,0.9609375
13391,0.96484375
13392,0.95703125
13393,0.96875
13394,0.9453125
13395,0.92578125
13396,0.94921875
13397,0.94921875
13398,0.96875
13399,0.9609375
13400,0.97265625
13401,0.9609375
13402,0.95703125
13403,0.94140625
13404,0.9453125
13405,0.9453125
13406,0.95703125
13407,0.96484375
13408,0.953125
13409,0.96484375
13410,0.9609375
13411,0.94921875
13412,0.96875
13413,0.95703125
13414,0.97265625
13415,0.953125
13416,0.953125
13417,0.96484375
13418,0.9609375
13419,0.96875
13420,0.9375
13421,0.953125
13422,0.953125
13423,0.9375
13424,0.9453125
13425,0.9765625
13426,0.953125
13427,0.953125
13428,0.95703125
13429,0.953125
13430,0.94140625
13431,0.95703125
13432,0.9609375
13433,0.9453125
13434,0.95703125
13435,0.94921875
13436,0.95703125
13437,0.953125
13438,0.9609375
13439,0.9453125
13440,0.9609375
13441,0.97265625
13442,0.953125
13443,0.9609375
13444,0.953125
13445,0.96875
13446,0.94921875
13447,0.96875
13448,0.9765625
13449,0.9375
13450,0.953125
13451,0.9453125
13452,0.9609375
13453,0.96484375
13454,0.9609375
13455,0.953125
13456,0.94921875
13457,0.95703125
13458,0.94921875
13459,0.96875
13460,0.96484375
13461,0.94140625
13462,0.953125
13463,0.9609375
13464,0.9453125
13465,0.96875
13466,0.96875
13467,0.96484375
13468,0.96484375
13469,0.953125
13470,0.953125
13471,0.9453125
13472,0.94921875
13473,0.9453125
13474,0.94921875
13475,0.9375
13476,0.96875
13477,0.9609375
13478,0.9609375
13479,0.96484375
13480,0.953125
13481,0.93359375
13482,0.95703125
13483,0.9609375
13484,0.96484375
13485,0.95703125
13486,0.95703125
13487,0.953125
13488,0.96484375
13489,0.9453125
13490,0.98046875
13491,0.9375
13492,0.9453125
13493,0.96484375
13494,0.97265625
13495,0.94921875
13496,0.9453125
13497,0.95703125
13498,0.95703125
13499,0.93359375
13500,0.953125
13501,0.9609375
13502,0.953125
13503,0.94140625
13504,0.94921875
13505,0.9609375
13506,0.921875
13507,0.95703125
13508,0.93359375
13509,0.96875
13510,0.95703125
13511,0.96484375
13512,0.94140625
13513,0.9375
13514,0.9609375
13515,0.96484375
13516,0.98046875
13517,0.9453125
13518,0.953125
13519,0.96484375
13520,0.9609375
13521,0.95703125
13522,0.9453125
13523,0.94921875
13524,0.95703125
13525,0.95703125
13526,0.95703125
13527,0.953125
13528,0.96484375
13529,0.96484375
13530,0.96875
13531,0.96875
13532,0.984375
13533,0.96875
13534,0.95703125
13535,0.97265625
13536,0.953125
13537,0.953125
13538,0.94921875
13539,0.96875
13540,0.9609375
13541,0.9609375
13542,0.96484375
13543,0.96484375
13544,0.953125
13545,0.95703125
13546,0.96875
13547,0.953125
13548,0.9609375
13549,0.9453125
13550,0.9296875
13551,0.95703125
13552,0.953125
13553,0.94921875
13554,0.96484375
13555,0.953125
13556,0.97265625
13557,0.95703125
13558,0.9453125
13559,0.93359375
13560,0.96875
13561,0.97265625
13562,0.9609375
13563,0.94921875
13564,0.95703125
13565,0.95703125
13566,0.96484375
13567,0.94921875
13568,0.97265625
13569,0.97265625
13570,0.96875
13571,0.98046875
13572,0.96875
13573,0.9765625
13574,0.984375
13575,0.984375
13576,0.98046875
13577,0.9453125
13578,0.98046875
13579,0.9765625
13580,0.96875
13581,0.96875
13582,0.96875
13583,0.96875
13584,0.94921875
13585,0.9609375
13586,0.9765625
13587,0.96875
13588,0.97265625
13589,0.94921875
13590,0.9609375
13591,0.96484375
13592,0.953125
13593,0.95703125
13594,0.96875
13595,0.97265625
13596,0.9609375
13597,0.96484375
13598,0.96875
13599,0.94921875
13600,0.97265625
13601,0.9609375
13602,0.97265625
13603,0.9765625
13604,0.953125
13605,0.98046875
13606,0.97265625
13607,0.96484375
13608,0.98046875
13609,0.96875
13610,0.953125
13611,0.96875
13612,0.953125
13613,0.9765625
13614,0.9453125
13615,0.97265625
13616,0.96875
13617,0.98046875
13618,0.96875
13619,0.96875
13620,0.984375
13621,0.9609375
13622,0.9765625
13623,0.96875
13624,0.95703125
13625,0.9609375
13626,0.96484375
13627,0.9609375
13628,0.9765625
13629,0.9765625
13630,0.9609375
13631,0.98046875
13632,0.9921875
13633,0.96875
13634,0.96875
13635,0.96484375
13636,0.9765625
13637,0.96875
13638,0.9609375
13639,0.9765625
13640,0.96875
13641,0.96484375
13642,0.97265625
13643,0.96875
13644,0.96875
13645,0.98046875
13646,0.96484375
13647,0.96875
13648,0.9609375
13649,0.97265625
13650,0.96875
13651,0.98046875
13652,0.96484375
13653,0.97265625
13654,0.95703125
13655,0.9765625
13656,0.9765625
13657,0.984375
13658,0.984375
13659,0.95703125
13660,0.9765625
13661,0.96875
13662,0.98046875
13663,0.96484375
13664,0.953125
13665,0.96484375
13666,0.96875
13667,0.98046875
13668,0.97265625
13669,0.98046875
13670,0.9609375
13671,0.98046875
13672,0.9765625
13673,0.96875
13674,0.96875
13675,0.9765625
13676,0.96484375
13677,0.96875
13678,0.98046875
13679,0.96875
13680,0.953125
13681,0.984375
13682,0.96875
13683,0.953125
13684,0.97265625
13685,0.96875
13686,0.96875
13687,0.9453125
13688,0.96484375
13689,0.98046875
13690,0.97265625
13691,0.96875
13692,0.96484375
13693,0.9453125
13694,0.9765625
13695,0.98046875
13696,0.94140625
13697,0.96484375
13698,0.96484375
13699,0.984375
13700,0.95703125
13701,0.97265625
13702,0.97265625
13703,0.95703125
13704,0.96484375
13705,0.953125
13706,0.9765625
13707,0.97265625
13708,0.96484375
13709,0.984375
13710,0.97265625
13711,0.9765625
13712,0.98828125
13713,0.95703125
13714,0.98828125
13715,0.97265625
13716,0.97265625
13717,0.96875
13718,0.984375
13719,0.9765625
13720,0.95703125
13721,0.98046875
13722,0.9609375
13723,0.96484375
13724,0.9609375
13725,0.96875
13726,0.98046875
13727,0.9609375
13728,0.9765625
13729,0.9765625
13730,0.9609375
13731,0.97265625
13732,0.95703125
13733,0.9609375
13734,0.9609375
13735,0.9609375
13736,0.96484375
13737,0.9765625
13738,0.95703125
13739,0.97265625
13740,0.953125
13741,0.96484375
13742,0.9609375
13743,0.96484375
13744,0.96484375
13745,0.953125
13746,0.96875
13747,0.953125
13748,0.95703125
13749,0.96484375
13750,0.9765625
13751,0.96484375
13752,0.97265625
13753,0.98046875
13754,0.9609375
13755,0.94140625
13756,0.9765625
13757,0.96875
13758,0.98046875
13759,0.97265625
13760,0.953125
13761,0.94921875
13762,0.9609375
13763,0.9765625
13764,0.98046875
13765,0.96484375
13766,0.96484375
13767,0.98828125
13768,0.9765625
13769,0.97265625
13770,0.96875
13771,0.98046875
13772,0.953125
13773,0.9453125
13774,0.9765625
13775,0.98046875
13776,0.97265625
13777,0.98046875
13778,0.9765625
13779,0.97265625
13780,0.984375
13781,0.9765625
13782,0.9609375
13783,0.98828125
13784,0.9609375
13785,0.98046875
13786,0.9765625
13787,0.98046875
13788,0.98046875
13789,0.96875
13790,0.9609375
13791,0.96875
13792,0.96875
13793,0.94921875
13794,0.9609375
13795,0.96484375
13796,0.96875
13797,0.98046875
13798,0.96484375
13799,0.95703125
13800,0.95703125
13801,0.9765625
13802,0.953125
13803,0.96484375
13804,0.94921875
13805,0.9765625
13806,0.96875
13807,0.96484375
13808,0.95703125
13809,0.95703125
13810,0.97265625
13811,0.98046875
13812,0.9765625
13813,0.96484375
13814,0.94921875
13815,0.9921875
13816,0.96484375
13817,0.96484375
13818,0.9765625
13819,0.95703125
13820,0.96875
13821,0.96875
13822,0.97265625
13823,0.94921875
13824,0.953125
13825,0.96875
13826,0.96484375
13827,0.97265625
13828,0.95703125
13829,0.94921875
13830,0.97265625
13831,0.96875
13832,0.98828125
13833,0.98046875
13834,0.98046875
13835,0.9609375
13836,0.953125
13837,0.9453125
13838,0.9609375
13839,0.953125
13840,0.96484375
13841,0.98046875
13842,0.97265625
13843,0.96875
13844,0.96875
13845,0.953125
13846,0.96484375
13847,0.97265625
13848,0.96484375
13849,0.96484375
13850,0.95703125
13851,0.9765625
13852,0.9765625
13853,0.95703125
13854,0.9609375
13855,0.96484375
13856,0.9765625
13857,0.953125
13858,0.96484375
13859,0.97265625
13860,0.953125
13861,0.95703125
13862,0.94921875
13863,0.96484375
13864,0.95703125
13865,0.96484375
13866,0.97265625
13867,0.9609375
13868,0.98046875
13869,0.96484375
13870,0.9609375
13871,0.98828125
13872,0.96875
13873,0.96484375
13874,0.97265625
13875,0.9765625
13876,0.96875
13877,0.95703125
13878,0.96484375
13879,0.9765625
13880,0.9609375
13881,0.96484375
13882,0.953125
13883,0.95703125
13884,0.9609375
13885,0.9765625
13886,0.96484375
13887,0.9609375
13888,0.96484375
13889,0.9609375
13890,0.97265625
13891,0.96875
13892,0.96484375
13893,0.94921875
13894,0.96875
13895,0.9609375
13896,0.95703125
13897,0.9609375
13898,0.9375
13899,0.98046875
13900,0.96484375
13901,0.9609375
13902,0.953125
13903,0.984375
13904,0.96484375
13905,0.95703125
13906,0.9453125
13907,0.96484375
13908,0.9765625
13909,0.9609375
13910,0.96484375
13911,0.96484375
13912,0.95703125
13913,0.96875
13914,0.95703125
13915,0.96484375
13916,0.9609375
13917,0.98046875
13918,0.95703125
13919,0.9453125
13920,0.96875
13921,0.95703125
13922,0.96875
13923,0.97265625
13924,0.97265625
13925,0.9609375
13926,0.9765625
13927,0.95703125
13928,0.95703125
13929,0.9765625
13930,0.95703125
13931,0.96875
13932,0.96875
13933,0.9765625
13934,0.9609375
13935,0.96875
13936,0.9609375
13937,0.94140625
13938,0.9609375
13939,0.96484375
13940,0.98046875
13941,0.98046875
13942,0.96484375
13943,0.96484375
13944,0.953125
13945,0.96875
13946,0.96875
13947,0.96875
13948,0.953125
13949,0.9765625
13950,0.9609375
13951,0.96875
13952,0.9609375
13953,0.953125
13954,0.96875
13955,0.95703125
13956,0.96875
13957,0.97265625
13958,0.96875
13959,0.97265625
13960,0.97265625
13961,0.97265625
13962,0.9765625
13963,0.9765625
13964,0.96484375
13965,0.9609375
13966,0.96484375
13967,0.94921875
13968,0.96484375
13969,0.953125
13970,0.96484375
13971,0.96484375
13972,0.95703125
13973,0.94921875
13974,0.96875
13975,0.9765625
13976,0.98046875
13977,0.95703125
13978,0.96484375
13979,0.9765625
13980,0.96484375
13981,0.96875
13982,0.9765625
13983,0.97265625
13984,0.96484375
13985,0.984375
13986,0.97265625
13987,0.9609375
13988,0.98046875
13989,0.94921875
13990,0.9453125
13991,0.95703125
13992,0.953125
13993,0.96875
13994,0.953125
13995,0.94921875
13996,0.96875
13997,0.96484375
13998,0.95703125
13999,0.97265625
14000,0.9765625
14001,0.98046875
14002,0.96875
14003,0.96875
14004,0.97265625
14005,0.9609375
14006,0.96875
14007,0.953125
14008,0.97265625
14009,0.96875
14010,0.95703125
14011,0.96484375
14012,0.9609375
14013,0.953125
14014,0.98046875
14015,0.95703125
14016,0.96484375
14017,0.97265625
14018,0.96484375
14019,0.9609375
14020,0.95703125
14021,0.984375
14022,0.95703125
14023,0.96875
14024,0.95703125
14025,0.96484375
14026,0.9765625
14027,0.9609375
14028,0.96484375
14029,0.96875
14030,0.9453125
14031,0.97265625
14032,0.96484375
14033,0.97265625
14034,0.96875
14035,0.984375
14036,0.97265625
14037,0.96875
14038,0.96875
14039,0.953125
14040,0.9765625
14041,0.95703125
14042,0.9609375
14043,0.98046875
14044,0.95703125
14045,0.94921875
14046,0.95703125
14047,0.96484375
14048,0.96875
14049,0.96484375
14050,0.984375
14051,0.97265625
14052,0.953125
14053,0.96484375
14054,0.96484375
14055,0.95703125
14056,0.96484375
14057,0.96875
14058,0.96484375
14059,0.9609375
14060,0.97265625
14061,0.93359375
14062,0.95703125
14063,0.95703125
14064,0.9609375
14065,0.9609375
14066,0.96484375
14067,0.9765625
14068,0.96484375
14069,0.98828125
14070,0.96875
14071,0.95703125
14072,0.96875
14073,0.9609375
14074,0.94921875
14075,0.953125
14076,0.953125
14077,0.9609375
14078,0.953125
14079,0.95703125
14080,0.9609375
14081,0.97265625
14082,0.96875
14083,0.9609375
14084,0.97265625
14085,0.95703125
14086,0.9609375
14087,0.97265625
14088,0.9609375
14089,0.96484375
14090,0.97265625
14091,0.9765625
14092,0.9609375
14093,0.9609375
14094,0.93359375
14095,0.953125
14096,0.953125
14097,0.96484375
14098,0.96484375
14099,0.953125
14100,0.96875
14101,0.9609375
14102,0.94140625
14103,0.9765625
14104,0.9609375
14105,0.9609375
14106,0.94921875
14107,0.96484375
14108,0.96484375
14109,0.96484375
14110,0.97265625
14111,0.94921875
14112,0.96484375
14113,0.95703125
14114,0.97265625
14115,0.97265625
14116,0.9609375
14117,0.96484375
14118,0.9609375
14119,0.96875
14120,0.953125
14121,0.9609375
14122,0.96875
14123,0.9609375
14124,0.95703125
14125,0.96875
14126,0.953125
14127,0.96484375
14128,0.9765625
14129,0.9609375
14130,0.9609375
14131,0.94140625
14132,0.95703125
14133,0.96875
14134,0.95703125
14135,0.94921875
14136,0.94921875
14137,0.9609375
14138,0.97265625
14139,0.9609375
14140,0.94921875
14141,0.97265625
14142,0.9375
14143,0.97265625
14144,0.95703125
14145,0.9453125
14146,0.96484375
14147,0.96875
14148,0.96484375
14149,0.98046875
14150,0.96484375
14151,0.9453125
14152,0.96484375
14153,0.95703125
14154,0.9453125
14155,0.9609375
14156,0.96484375
14157,0.95703125
14158,0.9375
14159,0.96875
14160,0.95703125
14161,0.94140625
14162,0.95703125
14163,0.9453125
14164,0.96875
14165,0.9609375
14166,0.96875
14167,0.96484375
14168,0.9609375
14169,0.96875
14170,0.97265625
14171,0.95703125
14172,0.9375
14173,0.953125
14174,0.96484375
14175,0.95703125
14176,0.96875
14177,0.95703125
14178,0.95703125
14179,0.9609375
14180,0.953125
14181,0.9765625
14182,0.953125
14183,0.97265625
14184,0.95703125
14185,0.94921875
14186,0.9375
14187,0.9765625
14188,0.9609375
14189,0.9609375
14190,0.97265625
14191,0.94921875
14192,0.94140625
14193,0.953125
14194,0.97265625
14195,0.9375
14196,0.9609375
14197,0.96484375
14198,0.9765625
14199,0.96875
14200,0.96484375
14201,0.96875
14202,0.96875
14203,0.953125
14204,0.96484375
14205,0.9609375
14206,0.97265625
14207,0.96484375
14208,0.97265625
14209,0.94140625
14210,0.96484375
14211,0.94921875
14212,0.9609375
14213,0.95703125
14214,0.96484375
14215,0.9609375
14216,0.95703125
14217,0.96484375
14218,0.97265625
14219,0.96875
14220,0.94921875
14221,0.95703125
14222,0.97265625
14223,0.96875
14224,0.9609375
14225,0.96484375
14226,0.96484375
14227,0.95703125
14228,0.94140625
14229,0.9609375
14230,0.95703125
14231,0.9453125
14232,0.953125
14233,0.98046875
14234,0.96484375
14235,0.96875
14236,0.95703125
14237,0.95703125
14238,0.953125
14239,0.9609375
14240,0.9453125
14241,0.96875
14242,0.94921875
14243,0.96484375
14244,0.96875
14245,0.98046875
14246,0.9609375
14247,0.97265625
14248,0.953125
14249,0.95703125
14250,0.97265625
14251,0.953125
14252,0.96484375
14253,0.96484375
14254,0.9609375
14255,0.9453125
14256,0.97265625
14257,0.984375
14258,0.93359375
14259,0.9453125
14260,0.9375
14261,0.9375
14262,0.95703125
14263,0.953125
14264,0.95703125
14265,0.93359375
14266,0.96875
14267,0.97265625
14268,0.953125
14269,0.97265625
14270,0.9453125
14271,0.9609375
14272,0.95703125
14273,0.9453125
14274,0.984375
14275,0.9609375
14276,0.9453125
14277,0.953125
14278,0.94921875
14279,0.97265625
14280,0.96875
14281,0.94140625
14282,0.94921875
14283,0.953125
14284,0.94921875
14285,0.95703125
14286,0.96875
14287,0.96875
14288,0.94921875
14289,0.98828125
14290,0.9609375
14291,0.953125
14292,0.94921875
14293,0.94921875
14294,0.96484375
14295,0.9453125
14296,0.9609375
14297,0.9765625
14298,0.9609375
14299,0.96484375
14300,0.9765625
14301,0.97265625
14302,0.9609375
14303,0.96484375
14304,0.94921875
14305,0.95703125
14306,0.953125
14307,0.9609375
14308,0.98046875
14309,0.96875
14310,0.9765625
14311,0.96875
14312,0.9609375
14313,0.96875
14314,0.9609375
14315,0.9765625
14316,0.95703125
14317,0.9453125
14318,0.953125
14319,0.9765625
14320,0.9609375
14321,0.9609375
14322,0.96484375
14323,0.96875
14324,0.94921875
14325,0.96875
14326,0.9609375
14327,0.9609375
14328,0.94140625
14329,0.95703125
14330,0.97265625
14331,0.97265625
14332,0.95703125
14333,0.95703125
14334,0.94921875
14335,0.9453125
14336,0.95703125
14337,0.97265625
14338,0.953125
14339,0.953125
14340,0.94921875
14341,0.9609375
14342,0.95703125
14343,0.9609375
14344,0.953125
14345,0.9609375
14346,0.97265625
14347,0.953125
14348,0.96875
14349,0.96484375
14350,0.96875
14351,0.98046875
14352,0.9609375
14353,0.96484375
14354,0.97265625
14355,0.94921875
14356,0.9453125
14357,0.94921875
14358,0.95703125
14359,0.96484375
14360,0.96875
14361,0.95703125
14362,0.94921875
14363,0.94921875
14364,0.98046875
14365,0.95703125
14366,0.9609375
14367,0.953125
14368,0.96484375
14369,0.953125
14370,0.96875
14371,0.95703125
14372,0.953125
14373,0.9453125
14374,0.953125
14375,0.95703125
14376,0.9453125
14377,0.96484375
14378,0.96875
14379,0.9609375
14380,0.94921875
14381,0.92578125
14382,0.96484375
14383,0.9375
14384,0.94921875
14385,0.9765625
14386,0.9609375
14387,0.96484375
14388,0.98046875
14389,0.94140625
14390,0.9765625
14391,0.96484375
14392,0.98046875
14393,0.97265625
14394,0.95703125
14395,0.9609375
14396,0.97265625
14397,0.96484375
14398,0.97265625
14399,0.96484375
14400,0.95703125
14401,0.97265625
14402,0.96484375
14403,0.9609375
14404,0.9375
14405,0.953125
14406,0.95703125
14407,0.9609375
14408,0.96484375
14409,0.9609375
14410,0.97265625
14411,0.96484375
14412,0.97265625
14413,0.953125
14414,0.953125
14415,0.94921875
14416,0.9765625
14417,0.9609375
14418,0.953125
14419,0.97265625
14420,0.9453125
14421,0.953125
14422,0.98046875
14423,0.95703125
14424,0.96875
14425,0.95703125
14426,0.95703125
14427,0.95703125
14428,0.98046875
14429,0.96875
14430,0.9765625
14431,0.94921875
14432,0.96484375
14433,0.94140625
14434,0.9765625
14435,0.96484375
14436,0.9765625
14437,0.95703125
14438,0.95703125
14439,0.953125
14440,0.9765625
14441,0.96484375
14442,0.9609375
14443,0.96875
14444,0.96875
14445,0.94921875
14446,0.9609375
14447,0.95703125
14448,0.95703125
14449,0.953125
14450,0.98828125
14451,0.95703125
14452,0.95703125
14453,0.9609375
14454,0.94921875
14455,0.9609375
14456,0.9765625
14457,0.94921875
14458,0.953125
14459,0.94921875
14460,0.9609375
14461,0.96875
14462,0.9765625
14463,0.98046875
14464,0.9765625
14465,0.9609375
14466,0.97265625
14467,0.953125
14468,0.9375
14469,0.9609375
14470,0.95703125
14471,0.95703125
14472,0.96484375
14473,0.96484375
14474,0.9609375
14475,0.96484375
14476,0.96875
14477,0.94921875
14478,0.9609375
14479,0.9609375
14480,0.96875
14481,0.95703125
14482,0.953125
14483,0.9609375
14484,0.98046875
14485,0.95703125
14486,0.95703125
14487,0.95703125
14488,0.96875
14489,0.953125
14490,0.97265625
14491,0.97265625
14492,0.96484375
14493,0.95703125
14494,0.97265625
14495,0.9609375
14496,0.94921875
14497,0.96484375
14498,0.96875
14499,0.95703125
14500,0.96875
14501,0.96875
14502,0.953125
14503,0.97265625
14504,0.97265625
14505,0.97265625
14506,0.9609375
14507,0.98046875
14508,0.96484375
14509,0.96484375
14510,0.95703125
14511,0.95703125
14512,0.93359375
14513,0.9609375
14514,0.96875
14515,0.94140625
14516,0.94921875
14517,0.97265625
14518,0.94921875
14519,0.96875
14520,0.96484375
14521,0.9609375
14522,0.96484375
14523,0.94921875
14524,0.96484375
14525,0.96875
14526,0.9453125
14527,0.96875
14528,0.98046875
14529,0.96875
14530,0.953125
14531,0.94921875
14532,0.96875
14533,0.953125
14534,0.9765625
14535,0.97265625
14536,0.95703125
14537,0.94140625
14538,0.9609375
14539,0.953125
14540,0.95703125
14541,0.94140625
14542,0.953125
14543,0.94921875
14544,0.95703125
14545,0.96875
14546,0.96484375
14547,0.9453125
14548,0.953125
14549,0.9609375
14550,0.96484375
14551,0.96484375
14552,0.96875
14553,0.97265625
14554,0.953125
14555,0.953125
14556,0.97265625
14557,0.9296875
14558,0.95703125
14559,0.95703125
14560,0.95703125
14561,0.94921875
14562,0.96484375
14563,0.95703125
14564,0.9765625
14565,0.96875
14566,0.96484375
14567,0.97265625
14568,0.9453125
14569,0.96875
14570,0.953125
14571,0.9609375
14572,0.98046875
14573,0.96875
14574,0.95703125
14575,0.97265625
14576,0.96875
14577,0.97265625
14578,0.94140625
14579,0.9453125
14580,0.953125
14581,0.953125
14582,0.96484375
14583,0.96875
14584,0.96875
14585,0.96875
14586,0.96484375
14587,0.95703125
14588,0.95703125
14589,0.95703125
14590,0.953125
14591,0.96875
14592,0.94921875
14593,0.9453125
14594,0.95703125
14595,0.9609375
14596,0.96875
14597,0.9609375
14598,0.953125
14599,0.94140625
14600,0.94921875
14601,0.96484375
14602,0.9765625
14603,0.94921875
14604,0.94921875
14605,0.96484375
14606,0.9375
14607,0.95703125
14608,0.95703125
14609,0.95703125
14610,0.9609375
14611,0.9609375
14612,0.953125
14613,0.953125
14614,0.96484375
14615,0.95703125
14616,0.96875
14617,0.9609375
14618,0.96875
14619,0.96875
14620,0.9609375
14621,0.95703125
14622,0.97265625
14623,0.94921875
14624,0.9453125
14625,0.95703125
14626,0.96484375
14627,0.953125
14628,0.96484375
14629,0.9609375
14630,0.9453125
14631,0.9609375
14632,0.94921875
14633,0.96875
14634,0.94921875
14635,0.953125
14636,0.9453125
14637,0.9296875
14638,0.9453125
14639,0.9453125
14640,0.96875
14641,0.96484375
14642,0.96484375
14643,0.97265625
14644,0.9609375
14645,0.95703125
14646,0.94140625
14647,0.9453125
14648,0.95703125
14649,0.96484375
14650,0.93359375
14651,0.96875
14652,0.94140625
14653,0.96484375
14654,0.94140625
14655,0.96484375
14656,0.97265625
14657,0.9453125
14658,0.95703125
14659,0.96875
14660,0.9609375
14661,0.96484375
14662,0.94921875
14663,0.96484375
14664,0.9453125
14665,0.953125
14666,0.96875
14667,0.9453125
14668,0.9609375
14669,0.953125
14670,0.94921875
14671,0.953125
14672,0.96875
14673,0.9609375
14674,0.94921875
14675,0.953125
14676,0.96875
14677,0.94140625
14678,0.9609375
14679,0.96875
14680,0.953125
14681,0.9609375
14682,0.96875
14683,0.93359375
14684,0.95703125
14685,0.96875
14686,0.95703125
14687,0.97265625
14688,0.95703125
14689,0.95703125
14690,0.9609375
14691,0.953125
14692,0.95703125
14693,0.9453125
14694,0.96875
14695,0.97265625
14696,0.984375
14697,0.96875
14698,0.96875
14699,0.94140625
14700,0.9609375
14701,0.94140625
14702,0.9453125
14703,0.9609375
14704,0.9609375
14705,0.9609375
14706,0.953125
14707,0.94921875
14708,0.95703125
14709,0.953125
14710,0.9453125
14711,0.9765625
14712,0.94140625
14713,0.94140625
14714,0.953125
14715,0.953125
14716,0.96484375
14717,0.94140625
14718,0.96484375
14719,0.94140625
14720,0.96875
14721,0.9375
14722,0.9609375
14723,0.9453125
14724,0.95703125
14725,0.96875
14726,0.96484375
14727,0.97265625
14728,0.94921875
14729,0.984375
14730,0.97265625
14731,0.92578125
14732,0.9609375
14733,0.953125
14734,0.95703125
14735,0.94921875
14736,0.94921875
14737,0.953125
14738,0.95703125
14739,0.95703125
14740,0.96484375
14741,0.9453125
14742,0.94921875
14743,0.953125
14744,0.953125
14745,0.9375
14746,0.9453125
14747,0.9453125
14748,0.96875
14749,0.96875
14750,0.96875
14751,0.9453125
14752,0.9375
14753,0.96484375
14754,0.9453125
14755,0.9609375
14756,0.9453125
14757,0.94921875
14758,0.9375
14759,0.94921875
14760,0.96484375
14761,0.96875
14762,0.93359375
14763,0.95703125
14764,0.96484375
14765,0.94921875
14766,0.953125
14767,0.95703125
14768,0.93359375
14769,0.97265625
14770,0.9453125
14771,0.9765625
14772,0.9453125
14773,0.9453125
14774,0.95703125
14775,0.94140625
14776,0.953125
14777,0.96875
14778,0.94921875
14779,0.96484375
14780,0.953125
14781,0.94921875
14782,0.93359375
14783,0.9453125
14784,0.953125
14785,0.9375
14786,0.94140625
14787,0.953125
14788,0.95703125
14789,0.94140625
14790,0.95703125
14791,0.96484375
14792,0.96875
14793,0.93359375
14794,0.95703125
14795,0.96875
14796,0.94921875
14797,0.9453125
14798,0.9609375
14799,0.9609375
14800,0.9453125
14801,0.94921875
14802,0.95703125
14803,0.98046875
14804,0.94140625
14805,0.9609375
14806,0.953125
14807,0.953125
14808,0.953125
14809,0.96484375
14810,0.953125
14811,0.98046875
14812,0.9453125
14813,0.953125
14814,0.96484375
14815,0.953125
14816,0.953125
14817,0.97265625
14818,0.95703125
14819,0.9453125
14820,0.96484375
14821,0.96875
14822,0.953125
14823,0.94921875
14824,0.9609375
14825,0.953125
14826,0.96875
14827,0.94921875
14828,0.94921875
14829,0.953125
14830,0.96484375
14831,0.95703125
14832,0.96484375
14833,0.96875
14834,0.95703125
14835,0.9609375
14836,0.953125
14837,0.94921875
14838,0.953125
14839,0.94921875
14840,0.9609375
14841,0.94140625
14842,0.94921875
14843,0.96875
14844,0.98046875
14845,0.97265625
14846,0.9296875
14847,0.9609375
14848,0.95703125
14849,0.96484375
14850,0.97265625
14851,0.9609375
14852,0.953125
14853,0.96484375
14854,0.9609375
14855,0.97265625
14856,0.95703125
14857,0.93359375
14858,0.95703125
14859,0.97265625
14860,0.9609375
14861,0.9765625
14862,0.97265625
14863,0.96484375
14864,0.9375
14865,0.953125
14866,0.97265625
14867,0.9609375
14868,0.97265625
14869,0.9609375
14870,0.96484375
14871,0.96484375
14872,0.96875
14873,0.96484375
14874,0.9375
14875,0.9609375
14876,0.95703125
14877,0.9453125
14878,0.94921875
14879,0.9609375
14880,0.96484375
14881,0.96875
14882,0.96484375
14883,0.95703125
14884,0.96484375
14885,0.94921875
14886,0.95703125
14887,0.94921875
14888,0.96484375
14889,0.96484375
14890,0.96484375
14891,0.9609375
14892,0.94921875
14893,0.9453125
14894,0.9609375
14895,0.96484375
14896,0.9609375
14897,0.97265625
14898,0.98046875
14899,0.9453125
14900,0.96484375
14901,0.96875
14902,0.9609375
14903,0.953125
14904,0.95703125
14905,0.96484375
14906,0.94921875
14907,0.96875
14908,0.9375
14909,0.96875
14910,0.96875
14911,0.97265625
14912,0.96484375
14913,0.95703125
14914,0.9609375
14915,0.96875
14916,0.953125
14917,0.98046875
14918,0.953125
14919,0.96875
14920,0.95703125
14921,0.98046875
14922,0.94921875
14923,0.96484375
14924,0.96875
14925,0.95703125
14926,0.96484375
14927,0.97265625
14928,0.96875
14929,0.96484375
14930,0.953125
14931,0.97265625
14932,0.9609375
14933,0.96875
14934,0.9609375
14935,0.96875
14936,0.9609375
14937,0.9453125
14938,0.9765625
14939,0.96875
14940,0.953125
14941,0.97265625
14942,0.984375
14943,0.96875
14944,0.9609375
14945,0.94921875
14946,0.95703125
14947,0.95703125
14948,0.97265625
14949,0.96484375
14950,0.96484375
14951,0.96484375
14952,0.953125
14953,0.95703125
14954,0.97265625
14955,0.95703125
14956,0.96875
14957,0.95703125
14958,0.9609375
14959,0.953125
14960,0.97265625
14961,0.97265625
14962,0.953125
14963,0.9765625
14964,0.9609375
14965,0.95703125
14966,0.96484375
14967,0.94921875
14968,0.95703125
14969,0.9453125
14970,0.96875
14971,0.96484375
14972,0.93359375
14973,0.97265625
14974,0.98046875
14975,0.9609375
14976,0.97265625
14977,0.94921875
14978,0.9453125
14979,0.95703125
14980,0.95703125
14981,0.953125
14982,0.9609375
14983,0.96875
14984,0.97265625
14985,0.9375
14986,0.96875
14987,0.97265625
14988,0.96875
14989,0.95703125
14990,0.96484375
14991,0.97265625
14992,0.9609375
14993,0.96484375
14994,0.98046875
14995,0.97265625
14996,0.95703125
14997,0.9609375
14998,0.96484375
14999,0.96875
15000,0.95703125
15001,0.96875
15002,0.97265625
15003,0.9609375
15004,0.96875
15005,0.96875
15006,0.953125
15007,0.95703125
15008,0.95703125
15009,0.94921875
15010,0.96484375
15011,0.94921875
15012,0.96484375
15013,0.9609375
15014,0.94921875
15015,0.94921875
15016,0.953125
15017,0.97265625
15018,0.96875
15019,0.96875
15020,0.9609375
15021,0.95703125
15022,0.96875
15023,0.96875
15024,0.9453125
15025,0.95703125
15026,0.9453125
15027,0.9609375
15028,0.94140625
15029,0.96484375
15030,0.953125
15031,0.94921875
15032,0.97265625
15033,0.9609375
15034,0.96484375
15035,0.953125
15036,0.95703125
15037,0.96875
15038,0.9765625
15039,0.9453125
15040,0.97265625
15041,0.9453125
15042,0.95703125
15043,0.95703125
15044,0.96875
15045,0.98046875
15046,0.96875
15047,0.97265625
15048,0.95703125
15049,0.95703125
15050,0.9765625
15051,0.9609375
15052,0.9609375
15053,0.95703125
15054,0.96875
15055,0.96875
15056,0.97265625
15057,0.95703125
15058,0.9609375
15059,0.98046875
15060,0.953125
15061,0.94921875
15062,0.96875
15063,0.95703125
15064,0.9609375
15065,0.9765625
15066,0.94921875
15067,0.9609375
15068,0.9765625
15069,0.953125
15070,0.953125
15071,0.9609375
15072,0.96875
15073,0.953125
15074,0.96875
15075,0.96484375
15076,0.97265625
15077,0.96484375
15078,0.93359375
15079,0.96875
15080,0.953125
15081,0.93359375
15082,0.953125
15083,0.96875
15084,0.96875
15085,0.97265625
15086,0.953125
15087,0.9609375
15088,0.96875
15089,0.953125
15090,0.96875
15091,0.96484375
15092,0.96875
15093,0.94140625
15094,0.953125
15095,0.95703125
15096,0.953125
15097,0.96875
15098,0.97265625
15099,0.94921875
15100,0.9609375
15101,0.97265625
15102,0.95703125
15103,0.94921875
15104,0.953125
15105,0.9453125
15106,0.9375
15107,0.9375
15108,0.9453125
15109,0.9609375
15110,0.953125
15111,0.953125
15112,0.953125
15113,0.95703125
15114,0.97265625
15115,0.9609375
15116,0.9609375
15117,0.96484375
15118,0.953125
15119,0.9609375
15120,0.97265625
15121,0.96875
15122,0.9453125
15123,0.94140625
15124,0.9453125
15125,0.953125
15126,0.95703125
15127,0.9375
15128,0.9609375
15129,0.96484375
15130,0.9375
15131,0.96875
15132,0.98046875
15133,0.93359375
15134,0.94921875
15135,0.95703125
15136,0.94140625
15137,0.94921875
15138,0.96484375
15139,0.9609375
15140,0.96875
15141,0.9453125
15142,0.9453125
15143,0.953125
15144,0.9609375
15145,0.95703125
15146,0.9453125
15147,0.95703125
15148,0.94921875
15149,0.9609375
15150,0.9296875
15151,0.95703125
15152,0.95703125
15153,0.9453125
15154,0.96484375
15155,0.953125
15156,0.93359375
15157,0.9296875
15158,0.9453125
15159,0.9765625
15160,0.95703125
15161,0.96875
15162,0.92578125
15163,0.953125
15164,0.96875
15165,0.96875
15166,0.9375
15167,0.96484375
15168,0.96484375
15169,0.97265625
15170,0.953125
15171,0.95703125
15172,0.96875
15173,0.9609375
15174,0.93359375
15175,0.95703125
15176,0.9453125
15177,0.9609375
15178,0.95703125
15179,0.95703125
15180,0.953125
15181,0.9765625
15182,0.9609375
15183,0.9375
15184,0.984375
15185,0.95703125
15186,0.953125
15187,0.9609375
15188,0.9609375
15189,0.953125
15190,0.953125
15191,0.953125
15192,0.9609375
15193,0.9453125
15194,0.953125
15195,0.9765625
15196,0.94140625
15197,0.94921875
15198,0.96484375
15199,0.97265625
15200,0.93359375
15201,0.953125
15202,0.95703125
15203,0.94921875
15204,0.953125
15205,0.95703125
15206,0.9453125
15207,0.95703125
15208,0.9609375
15209,0.9609375
15210,0.93359375
15211,0.9375
15212,0.9609375
15213,0.953125
15214,0.96484375
15215,0.97265625
15216,0.95703125
15217,0.96484375
15218,0.96484375
15219,0.953125
15220,0.95703125
15221,0.9609375
15222,0.9609375
15223,0.96484375
15224,0.94921875
15225,0.98046875
15226,0.9609375
15227,0.953125
15228,0.9453125
15229,0.9609375
15230,0.97265625
15231,0.95703125
15232,0.96484375
15233,0.95703125
15234,0.95703125
15235,0.953125
15236,0.9453125
15237,0.94921875
15238,0.953125
15239,0.94140625
15240,0.95703125
15241,0.96484375
15242,0.9609375
15243,0.94140625
15244,0.953125
15245,0.9609375
15246,0.96875
15247,0.95703125
15248,0.9609375
15249,0.96484375
15250,0.94140625
15251,0.9453125
15252,0.96484375
15253,0.9765625
15254,0.95703125
15255,0.953125
15256,0.9609375
15257,0.97265625
15258,0.95703125
15259,0.953125
15260,0.94921875
15261,0.94140625
15262,0.96484375
15263,0.95703125
15264,0.94921875
15265,0.93359375
15266,0.9375
15267,0.9375
15268,0.96875
15269,0.9453125
15270,0.96484375
15271,0.9609375
15272,0.94140625
15273,0.94921875
15274,0.96484375
15275,0.97265625
15276,0.94921875
15277,0.9453125
15278,0.9609375
15279,0.9453125
15280,0.95703125
15281,0.94921875
15282,0.953125
15283,0.953125
15284,0.94921875
15285,0.95703125
15286,0.98046875
15287,0.94921875
15288,0.97265625
15289,0.93359375
15290,0.9453125
15291,0.9609375
15292,0.953125
15293,0.953125
15294,0.95703125
15295,0.9609375
15296,0.953125
15297,0.9453125
15298,0.953125
15299,0.96484375
15300,0.97265625
15301,0.94921875
15302,0.94921875
15303,0.94921875
15304,0.9375
15305,0.96484375
15306,0.9609375
15307,0.9609375
15308,0.9609375
15309,0.96484375
15310,0.97265625
15311,0.9453125
15312,0.9453125
15313,0.96484375
15314,0.95703125
15315,0.953125
15316,0.95703125
15317,0.96484375
15318,0.96484375
15319,0.96484375
15320,0.94921875
15321,0.94921875
15322,0.9609375
15323,0.95703125
15324,0.94140625
15325,0.921875
15326,0.9453125
15327,0.9609375
15328,0.95703125
15329,0.9296875
15330,0.953125
15331,0.94140625
15332,0.953125
15333,0.94140625
15334,0.9609375
15335,0.9453125
15336,0.9453125
15337,0.94140625
15338,0.953125
15339,0.96484375
15340,0.96484375
15341,0.94140625
15342,0.96875
15343,0.9453125
15344,0.96875
15345,0.97265625
15346,0.95703125
15347,0.96875
15348,0.95703125
15349,0.95703125
15350,0.953125
15351,0.953125
15352,0.9453125
15353,0.953125
15354,0.95703125
15355,0.96484375
15356,0.96484375
15357,0.94921875
15358,0.95703125
15359,0.96484375
15360,0.94921875
15361,0.96484375
15362,0.9453125
15363,0.94921875
15364,0.94921875
15365,0.9609375
15366,0.97265625
15367,0.97265625
15368,0.94140625
15369,0.96875
15370,0.94921875
15371,0.96875
15372,0.94140625
15373,0.96875
15374,0.984375
15375,0.9453125
15376,0.94921875
15377,0.95703125
15378,0.9609375
15379,0.9765625
15380,0.96875
15381,0.97265625
15382,0.94140625
15383,0.94921875
15384,0.953125
15385,0.95703125
15386,0.96484375
15387,0.95703125
15388,0.9453125
15389,0.9453125
15390,0.97265625
15391,0.9609375
15392,0.9609375
15393,0.96484375
15394,0.96484375
15395,0.9375
15396,0.9609375
15397,0.96484375
15398,0.98046875
15399,0.9609375
15400,0.95703125
15401,0.9609375
15402,0.9453125
15403,0.96484375
15404,0.95703125
15405,0.9609375
15406,0.953125
15407,0.95703125
15408,0.96484375
15409,0.96875
15410,0.953125
15411,0.95703125
15412,0.97265625
15413,0.953125
15414,0.96484375
15415,0.9609375
15416,0.96875
15417,0.96875
15418,0.94140625
15419,0.9609375
15420,0.953125
15421,0.953125
15422,0.96484375
15423,0.953125
15424,0.96875
15425,0.94921875
15426,0.96484375
15427,0.9609375
15428,0.95703125
15429,0.95703125
15430,0.9453125
15431,0.96484375
15432,0.94140625
15433,0.94921875
15434,0.95703125
15435,0.95703125
15436,0.94921875
15437,0.9609375
15438,0.96484375
15439,0.9765625
15440,0.96484375
15441,0.9765625
15442,0.96875
15443,0.9296875
15444,0.96484375
15445,0.9453125
15446,0.95703125
15447,0.96875
15448,0.94921875
15449,0.9375
15450,0.9453125
15451,0.94921875
15452,0.96484375
15453,0.96875
15454,0.953125
15455,0.9609375
15456,0.96484375
15457,0.97265625
15458,0.96875
15459,0.953125
15460,0.95703125
15461,0.9453125
15462,0.94140625
15463,0.953125
15464,0.96484375
15465,0.95703125
15466,0.9609375
15467,0.96875
15468,0.9609375
15469,0.9609375
15470,0.95703125
15471,0.93359375
15472,0.953125
15473,0.953125
15474,0.96484375
15475,0.96875
15476,0.96484375
15477,0.96484375
15478,0.9765625
15479,0.953125
15480,0.95703125
15481,0.96875
15482,0.953125
15483,0.953125
15484,0.96484375
15485,0.953125
15486,0.97265625
15487,0.9765625
15488,0.98046875
15489,0.9609375
15490,0.94921875
15491,0.9609375
15492,0.96484375
15493,0.9609375
15494,0.9453125
15495,0.95703125
15496,0.94921875
15497,0.96875
15498,0.9609375
15499,0.96484375
15500,0.97265625
15501,0.98828125
15502,0.96484375
15503,0.96484375
15504,0.9609375
15505,0.9765625
15506,0.96875
15507,0.95703125
15508,0.95703125
15509,0.9453125
15510,0.93359375
15511,0.953125
15512,0.97265625
15513,0.95703125
15514,0.9453125
15515,0.95703125
15516,0.9765625
15517,0.9453125
15518,0.9609375
15519,0.96875
15520,0.96484375
15521,0.92578125
15522,0.95703125
15523,0.9609375
15524,0.95703125
15525,0.9453125
15526,0.9609375
15527,0.9609375
15528,0.95703125
15529,0.953125
15530,0.97265625
15531,0.953125
15532,0.96484375
15533,0.953125
15534,0.97265625
15535,0.94921875
15536,0.94921875
15537,0.9609375
15538,0.96484375
15539,0.96875
15540,0.9765625
15541,0.9765625
15542,0.94921875
15543,0.9609375
15544,0.9765625
15545,0.9609375
15546,0.9375
15547,0.96484375
15548,0.97265625
15549,0.97265625
15550,0.94921875
15551,0.96484375
15552,0.953125
15553,0.98046875
15554,0.953125
15555,0.953125
15556,0.97265625
15557,0.97265625
15558,0.97265625
15559,0.9609375
15560,0.953125
15561,0.95703125
15562,0.97265625
15563,0.94921875
15564,0.95703125
15565,0.9609375
15566,0.953125
15567,0.95703125
15568,0.9609375
15569,0.953125
15570,0.94921875
15571,0.9296875
15572,0.9609375
15573,0.95703125
15574,0.96484375
15575,0.96875
15576,0.96484375
15577,0.96484375
15578,0.96875
15579,0.97265625
15580,0.94921875
15581,0.94140625
15582,0.96875
15583,0.98828125
15584,0.98046875
15585,0.953125
15586,0.9609375
15587,0.96875
15588,0.953125
15589,0.953125
15590,0.9765625
15591,0.95703125
15592,0.96875
15593,0.9609375
15594,0.9609375
15595,0.9765625
15596,0.96875
15597,0.9609375
15598,0.9375
15599,0.94140625
15600,0.9609375
15601,0.96484375
15602,0.9375
15603,0.94921875
15604,0.953125
15605,0.96875
15606,0.96484375
15607,0.95703125
15608,0.94921875
15609,0.953125
15610,0.95703125
15611,0.9375
15612,0.95703125
15613,0.95703125
15614,0.953125
15615,0.9609375
15616,0.953125
15617,0.96484375
15618,0.95703125
15619,0.9609375
15620,0.953125
15621,0.9609375
15622,0.953125
15623,0.97265625
15624,0.98046875
15625,0.9609375
15626,0.9765625
15627,0.9609375
15628,0.9453125
15629,0.9609375
15630,0.9609375
15631,0.9609375
15632,0.984375
15633,0.94921875
15634,0.95703125
15635,0.96484375
15636,0.96875
15637,0.9765625
15638,0.95703125
15639,0.953125
15640,0.9453125
15641,0.97265625
15642,0.9609375
15643,0.96875
15644,0.9765625
15645,0.97265625
15646,0.96875
15647,0.94921875
15648,0.984375
15649,0.96484375
15650,0.96875
15651,0.98828125
15652,0.96484375
15653,0.96875
15654,0.953125
15655,0.9609375
15656,0.96875
15657,0.96875
15658,0.94140625
15659,0.9609375
15660,0.9765625
15661,0.95703125
15662,0.94921875
15663,0.953125
15664,0.95703125
15665,0.9765625
15666,0.9765625
15667,0.96875
15668,0.94140625
15669,0.94921875
15670,0.96484375
15671,0.98046875
15672,0.96484375
15673,0.96875
15674,0.94921875
15675,0.953125
15676,0.96484375
15677,0.96875
15678,0.94921875
15679,0.96875
15680,0.96484375
15681,0.953125
15682,0.9609375
15683,0.9765625
15684,0.96875
15685,0.96484375
15686,0.9609375
15687,0.953125
15688,0.98046875
15689,0.96875
15690,0.95703125
15691,0.95703125
15692,0.9609375
15693,0.9453125
15694,0.97265625
15695,0.95703125
15696,0.97265625
15697,0.953125
15698,0.953125
15699,0.97265625
15700,0.95703125
15701,0.9765625
15702,0.96875
15703,0.97265625
15704,0.96875
15705,0.98046875
15706,0.953125
15707,0.984375
15708,0.96484375
15709,0.97265625
15710,0.94921875
15711,0.9453125
15712,0.96875
15713,0.96875
15714,0.9765625
15715,0.97265625
15716,0.96484375
15717,0.98046875
15718,0.9609375
15719,0.9609375
15720,0.95703125
15721,0.96484375
15722,0.96484375
15723,0.9609375
15724,0.95703125
15725,0.953125
15726,0.96875
15727,0.96484375
15728,0.9609375
15729,0.96875
15730,0.9609375
15731,0.95703125
15732,0.97265625
15733,0.95703125
15734,0.95703125
15735,0.96875
15736,0.97265625
15737,0.95703125
15738,0.95703125
15739,0.95703125
15740,0.953125
15741,0.97265625
15742,0.96484375
15743,0.97265625
15744,0.9765625
15745,0.94921875
15746,0.97265625
15747,0.96484375
15748,0.96875
15749,0.9609375
15750,0.96484375
15751,0.97265625
15752,0.96484375
15753,0.96875
15754,0.9609375
15755,0.9609375
15756,0.96875
15757,0.94921875
15758,0.96875
15759,0.94921875
15760,0.94921875
15761,0.97265625
15762,0.96484375
15763,0.9609375
15764,0.9609375
15765,0.97265625
15766,0.9609375
15767,0.95703125
15768,0.9609375
15769,0.94921875
15770,0.96875
15771,0.97265625
15772,0.98046875
15773,0.95703125
15774,0.953125
15775,0.94921875
15776,0.96484375
15777,0.95703125
15778,0.953125
15779,0.94921875
15780,0.9765625
15781,0.96484375
15782,0.9765625
15783,0.9609375
15784,0.96875
15785,0.95703125
15786,0.96875
15787,0.953125
15788,0.9609375
15789,0.96484375
15790,0.97265625
15791,0.96875
15792,0.98046875
15793,0.9609375
15794,0.98046875
15795,0.98046875
15796,0.953125
15797,0.9609375
15798,0.97265625
15799,0.96875
15800,0.9765625
15801,0.96484375
15802,0.984375
15803,0.9609375
15804,0.96484375
15805,0.953125
15806,0.9609375
15807,0.96875
15808,0.96484375
15809,0.96875
15810,0.95703125
15811,0.96484375
15812,0.96875
15813,0.953125
15814,0.9375
15815,0.96875
15816,0.98046875
15817,0.96484375
15818,0.9609375
15819,0.96484375
15820,0.9609375
15821,0.96875
15822,0.97265625
15823,0.96484375
15824,0.97265625
15825,0.9609375
15826,0.953125
15827,0.95703125
15828,0.96875
15829,0.95703125
15830,0.98046875
15831,0.94140625
15832,0.94921875
15833,0.95703125
15834,0.953125
15835,0.95703125
15836,0.97265625
15837,0.921875
15838,0.98046875
15839,0.9609375
15840,0.95703125
15841,0.9609375
15842,0.95703125
15843,0.95703125
15844,0.96484375
15845,0.9609375
15846,0.96484375
15847,0.98828125
15848,0.9765625
15849,0.96484375
15850,0.9609375
15851,0.9609375
15852,0.98046875
15853,0.953125
15854,0.96875
15855,0.9453125
15856,0.984375
15857,0.96484375
15858,0.9453125
15859,0.97265625
15860,0.9609375
15861,0.953125
15862,0.96484375
15863,0.9609375
15864,0.98046875
15865,0.96875
15866,0.95703125
15867,0.96875
15868,0.97265625
15869,0.94921875
15870,0.953125
15871,0.95703125
15872,0.97265625
15873,0.9765625
15874,0.95703125
15875,0.984375
15876,0.96484375
15877,0.96484375
15878,0.9765625
15879,0.98046875
15880,0.95703125
15881,0.953125
15882,0.94921875
15883,0.94921875
15884,0.97265625
15885,0.95703125
15886,0.953125
15887,0.9765625
15888,0.9609375
15889,0.96484375
15890,0.96875
15891,0.98046875
15892,0.96875
15893,0.96484375
15894,0.97265625
15895,0.97265625
15896,0.9921875
15897,0.9765625
15898,0.96484375
15899,0.98046875
15900,0.96484375
15901,0.96484375
15902,0.9609375
15903,0.96484375
15904,0.953125
15905,0.95703125
15906,0.95703125
15907,0.96484375
15908,0.953125
15909,0.9609375
15910,0.96484375
15911,0.97265625
15912,0.94921875
15913,0.98046875
15914,0.97265625
15915,0.96875
15916,0.9609375
15917,0.95703125
15918,0.98046875
15919,0.96875
15920,0.96484375
15921,0.96875
15922,0.97265625
15923,0.9609375
15924,0.97265625
15925,0.96875
15926,0.97265625
15927,0.9609375
15928,0.984375
15929,0.98828125
15930,0.97265625
15931,0.9765625
15932,0.96875
15933,0.95703125
15934,0.98046875
15935,0.96484375
15936,0.9765625
15937,0.98046875
15938,0.94921875
15939,0.9765625
15940,0.9609375
15941,0.9609375
15942,0.97265625
15943,0.97265625
15944,0.953125
15945,0.9765625
15946,0.95703125
15947,0.96875
15948,0.9609375
15949,0.953125
15950,0.95703125
15951,0.96484375
15952,0.94921875
15953,0.9765625
15954,0.96875
15955,0.9296875
15956,0.97265625
15957,0.953125
15958,0.96484375
15959,0.9609375
15960,0.95703125
15961,0.94921875
15962,0.96484375
15963,0.96484375
15964,0.96484375
15965,0.9765625
15966,0.953125
15967,0.96875
15968,0.96484375
15969,0.9765625
15970,0.9765625
15971,0.9765625
15972,0.98046875
15973,0.953125
15974,0.97265625
15975,0.97265625
15976,0.9921875
15977,0.97265625
15978,0.96484375
15979,0.96875
15980,0.953125
15981,0.95703125
15982,0.96875
15983,0.95703125
15984,0.96484375
15985,0.97265625
15986,0.97265625
15987,0.97265625
15988,0.9765625
15989,0.9765625
15990,0.9609375
15991,0.96484375
15992,0.9609375
15993,0.9609375
15994,0.95703125
15995,0.96875
15996,0.97265625
15997,0.984375
15998,0.96875
15999,0.97265625
16000,0.9609375
16001,0.97265625
16002,0.98046875
16003,0.96875
16004,0.953125
16005,0.984375
16006,0.98046875
16007,0.9765625
16008,0.95703125
16009,0.98828125
16010,0.96484375
16011,0.96875
16012,0.95703125
16013,0.96484375
16014,0.96875
16015,0.9609375
16016,0.96875
16017,0.96875
16018,0.97265625
16019,0.95703125
16020,0.96875
16021,0.96484375
16022,0.9765625
16023,0.9609375
16024,0.9609375
16025,0.94140625
16026,0.98046875
16027,0.95703125
16028,0.9765625
16029,0.98046875
16030,0.9765625
16031,0.96875
16032,0.9765625
16033,0.9765625
16034,0.9765625
16035,0.96875
16036,0.96484375
16037,0.953125
16038,0.96875
16039,0.96875
16040,0.9609375
16041,0.95703125
16042,0.96875
16043,0.98046875
16044,0.96875
16045,0.96875
16046,0.9765625
16047,0.98046875
16048,0.95703125
16049,0.953125
16050,0.95703125
16051,0.984375
16052,0.9609375
16053,0.98046875
16054,0.984375
16055,0.97265625
16056,0.97265625
16057,0.96484375
16058,0.953125
16059,0.96875
16060,0.97265625
16061,0.9453125
16062,0.9609375
16063,0.96484375
16064,0.96484375
16065,0.97265625
16066,0.97265625
16067,0.9609375
16068,0.96875
16069,0.9609375
16070,0.97265625
16071,0.96875
16072,0.9609375
16073,0.984375
16074,0.9609375
16075,0.96875
16076,0.96484375
16077,0.9609375
16078,0.96484375
16079,0.953125
16080,0.9765625
16081,0.9765625
16082,0.97265625
16083,0.97265625
16084,0.96875
16085,0.9765625
16086,0.9609375
16087,0.94921875
16088,0.953125
16089,0.96484375
16090,0.9765625
16091,0.94921875
16092,0.96484375
16093,0.96484375
16094,0.9609375
16095,0.95703125
16096,0.97265625
16097,0.94921875
16098,0.96875
16099,0.9765625
16100,0.96875
16101,0.9609375
16102,0.96484375
16103,0.96875
16104,0.9609375
16105,0.953125
16106,0.9765625
16107,0.95703125
16108,0.9609375
16109,0.96875
16110,0.94921875
16111,0.95703125
16112,0.98046875
16113,0.9609375
16114,0.97265625
16115,0.96484375
16116,0.96875
16117,0.98046875
16118,0.94921875
16119,0.9765625
16120,0.96875
16121,0.95703125
16122,0.98046875
16123,0.96484375
16124,0.98046875
16125,0.96875
16126,0.9375
16127,0.96875
16128,0.9609375
16129,0.96484375
16130,0.95703125
16131,0.97265625
16132,0.96875
16133,0.96875
16134,0.96875
16135,0.96484375
16136,0.96484375
16137,0.953125
16138,0.984375
16139,0.953125
16140,0.96484375
16141,0.97265625
16142,0.96484375
16143,0.9609375
16144,0.97265625
16145,0.97265625
16146,0.97265625
16147,0.96484375
16148,0.953125
16149,0.953125
16150,0.98046875
16151,0.96484375
16152,0.9609375
16153,0.953125
16154,0.9609375
16155,0.96875
16156,0.95703125
16157,0.9609375
16158,0.97265625
16159,0.96875
16160,0.96875
16161,0.98046875
16162,0.97265625
16163,0.96484375
16164,0.953125
16165,0.9765625
16166,0.96875
16167,0.9609375
16168,0.953125
16169,0.9765625
16170,0.97265625
16171,0.953125
16172,0.94921875
16173,0.9765625
16174,0.9609375
16175,0.96875
16176,0.953125
16177,0.96484375
16178,0.96875
16179,0.984375
16180,0.96484375
16181,0.9609375
16182,0.953125
16183,0.9609375
16184,0.96875
16185,0.9765625
16186,0.95703125
16187,0.9453125
16188,0.9765625
16189,0.9609375
16190,0.96875
16191,0.9609375
16192,0.96875
16193,0.97265625
16194,0.97265625
16195,0.96875
16196,0.96484375
16197,0.9609375
16198,0.984375
16199,0.96484375
16200,0.96875
16201,0.9609375
16202,0.96484375
16203,0.97265625
16204,0.97265625
16205,0.9609375
16206,0.9765625
16207,0.97265625
16208,0.96484375
16209,0.9765625
16210,0.96484375
16211,0.9609375
16212,0.95703125
16213,0.94921875
16214,0.97265625
16215,0.98046875
16216,0.97265625
16217,0.9609375
16218,0.9609375
16219,0.98046875
16220,0.96484375
16221,0.94921875
16222,0.9765625
16223,0.95703125
16224,0.97265625
16225,0.9765625
16226,0.984375
16227,0.9609375
16228,0.96875
16229,0.9609375
16230,0.96875
16231,0.953125
16232,0.97265625
16233,0.96484375
16234,0.984375
16235,0.96484375
16236,0.93359375
16237,0.96484375
16238,0.96484375
16239,0.97265625
16240,0.9765625
16241,0.97265625
16242,0.9765625
16243,0.953125
16244,0.953125
16245,0.95703125
16246,0.9453125
16247,0.96875
16248,0.98046875
16249,0.9609375
16250,0.96875
16251,0.98046875
16252,0.97265625
16253,0.96484375
16254,0.96875
16255,0.9609375
16256,0.96875
16257,0.9609375
16258,0.9609375
16259,0.9609375
16260,0.96875
16261,0.96484375
16262,0.96484375
16263,0.96875
16264,0.97265625
16265,0.96484375
16266,0.97265625
16267,0.96875
16268,0.96875
16269,0.96875
16270,0.9609375
16271,0.97265625
16272,0.97265625
16273,0.94921875
16274,0.9609375
16275,0.97265625
16276,0.97265625
16277,0.953125
16278,0.96484375
16279,0.9609375
16280,0.95703125
16281,0.9609375
16282,0.95703125
16283,0.95703125
16284,0.953125
16285,0.96484375
16286,0.9609375
16287,0.9765625
16288,0.97265625
16289,0.96484375
16290,0.9609375
16291,0.9765625
16292,0.953125
16293,0.9453125
16294,0.953125
16295,0.97265625
16296,0.96875
16297,0.9609375
16298,0.94921875
16299,0.9609375
16300,0.97265625
16301,0.96484375
16302,0.96875
16303,0.953125
16304,0.984375
16305,0.96875
16306,0.97265625
16307,0.96484375
16308,0.95703125
16309,0.9765625
16310,0.94921875
16311,0.97265625
16312,0.96875
16313,0.9765625
16314,0.97265625
16315,0.95703125
16316,0.96875
16317,0.96875
16318,0.96484375
16319,0.94921875
16320,0.97265625
16321,0.97265625
16322,0.9765625
16323,0.97265625
16324,0.96875
16325,0.97265625
16326,0.96875
16327,0.95703125
16328,0.9609375
16329,0.97265625
16330,0.95703125
16331,0.95703125
16332,0.9609375
16333,0.94921875
16334,0.9609375
16335,0.96875
16336,0.96875
16337,0.96875
16338,0.96875
16339,0.953125
16340,0.9765625
16341,0.97265625
16342,0.96875
16343,0.96484375
16344,0.9765625
16345,0.98046875
16346,0.96484375
16347,0.96875
16348,0.96875
16349,0.953125
16350,0.96484375
16351,0.9765625
16352,0.97265625
16353,0.9609375
16354,0.9609375
16355,0.96875
16356,0.97265625
16357,0.96875
16358,0.9765625
16359,0.9609375
16360,0.953125
16361,0.96875
16362,0.9765625
16363,0.9765625
16364,0.9765625
16365,0.9609375
16366,0.96484375
16367,0.97265625
16368,0.9609375
16369,0.96875
16370,0.953125
16371,0.953125
16372,0.9765625
16373,0.98046875
16374,0.96484375
16375,0.96484375
16376,0.9609375
16377,0.95703125
16378,0.96875
16379,0.95703125
16380,0.96875
16381,0.98046875
16382,0.96875
16383,0.96484375
16384,0.953125
16385,0.96484375
16386,0.97265625
16387,0.9453125
16388,0.94140625
16389,0.95703125
16390,0.953125
16391,0.9609375
16392,0.97265625
16393,0.96484375
16394,0.96875
16395,0.96484375
16396,0.9765625
16397,0.98046875
16398,0.96875
16399,0.95703125
16400,0.953125
16401,0.9609375
16402,0.96484375
16403,0.9765625
16404,0.97265625
16405,0.96875
16406,0.96484375
16407,0.9609375
16408,0.95703125
16409,0.97265625
16410,0.96484375
16411,0.97265625
16412,0.96875
16413,0.95703125
16414,0.94921875
16415,0.96875
16416,0.9609375
16417,0.96875
16418,0.94921875
16419,0.96484375
16420,0.97265625
16421,0.984375
16422,0.95703125
16423,0.96875
16424,0.97265625
16425,0.96875
16426,0.96484375
16427,0.9765625
16428,0.96875
16429,0.9765625
16430,0.9765625
16431,0.97265625
16432,0.96484375
16433,0.96484375
16434,0.9609375
16435,0.97265625
16436,0.94140625
16437,0.97265625
16438,0.98046875
16439,0.984375
16440,0.984375
16441,0.97265625
16442,0.96875
16443,0.984375
16444,0.97265625
16445,0.9609375
16446,0.95703125
16447,0.9765625
16448,0.96484375
16449,0.9765625
16450,0.96484375
16451,0.95703125
16452,0.95703125
16453,0.9765625
16454,0.9609375
16455,0.9765625
16456,0.94921875
16457,0.96875
16458,0.97265625
16459,0.97265625
16460,0.96484375
16461,0.94921875
16462,0.9609375
16463,0.96484375
16464,0.9609375
16465,0.97265625
16466,0.96484375
16467,0.9765625
16468,0.96484375
16469,0.96484375
16470,0.95703125
16471,0.9609375
16472,0.9765625
16473,0.95703125
16474,0.96484375
16475,0.96484375
16476,0.9609375
16477,0.98046875
16478,0.96484375
16479,0.96484375
16480,0.98046875
16481,0.9609375
16482,0.96875
16483,0.953125
16484,0.953125
16485,0.95703125
16486,0.94921875
16487,0.9765625
16488,0.96875
16489,0.9453125
16490,0.96875
16491,0.96875
16492,0.97265625
16493,0.96875
16494,0.9765625
16495,0.95703125
16496,0.9375
16497,0.96875
16498,0.96484375
16499,0.9453125
16500,0.9765625
16501,0.953125
16502,0.98046875
16503,0.9609375
16504,0.96484375
16505,0.95703125
16506,0.953125
16507,0.96484375
16508,0.953125
16509,0.9609375
16510,0.97265625
16511,0.98046875
16512,0.96875
16513,0.97265625
16514,0.97265625
16515,0.96875
16516,0.94921875
16517,0.9765625
16518,0.953125
16519,0.95703125
16520,0.9609375
16521,0.95703125
16522,0.97265625
16523,0.9609375
16524,0.94921875
16525,0.96484375
16526,0.95703125
16527,0.953125
16528,0.97265625
16529,0.96875
16530,0.9609375
16531,0.98046875
16532,0.9765625
16533,0.95703125
16534,0.96484375
16535,0.95703125
16536,0.96875
16537,0.98828125
16538,0.98046875
16539,0.9453125
16540,0.9609375
16541,0.96484375
16542,0.953125
16543,0.9609375
16544,0.9765625
16545,0.96875
16546,0.9453125
16547,0.9609375
16548,0.97265625
16549,0.9453125
16550,0.984375
16551,0.96875
16552,0.96875
16553,0.96875
16554,0.96484375
16555,0.94921875
16556,0.9609375
16557,0.95703125
16558,0.9609375
16559,0.96875
16560,0.96484375
16561,0.96875
16562,0.95703125
16563,0.96875
16564,0.96875
16565,0.97265625
16566,0.94921875
16567,0.94140625
16568,0.96875
16569,0.9609375
16570,0.9609375
16571,0.9765625
16572,0.97265625
16573,0.96484375
16574,0.9609375
16575,0.98046875
16576,0.9375
16577,0.96875
16578,0.984375
16579,0.98046875
16580,0.97265625
16581,0.94921875
16582,0.9921875
16583,0.96484375
16584,0.96484375
16585,0.96875
16586,0.96484375
16587,0.9609375
16588,0.96484375
16589,0.953125
16590,0.96484375
16591,0.96484375
16592,0.96484375
16593,0.96875
16594,0.96875
16595,0.95703125
16596,0.96875
16597,0.9609375
16598,0.93359375
16599,0.96484375
16600,0.96875
16601,0.96875
16602,0.9765625
16603,0.9609375
16604,0.953125
16605,0.9765625
16606,0.96875
16607,0.9765625
16608,0.96875
16609,0.96484375
16610,0.97265625
16611,0.9765625
16612,0.98046875
16613,0.95703125
16614,0.9375
16615,0.96484375
16616,0.97265625
16617,0.97265625
16618,0.97265625
16619,0.95703125
16620,0.94921875
16621,0.9609375
16622,0.95703125
16623,0.953125
16624,0.96875
16625,0.96875
16626,0.96484375
16627,0.95703125
16628,0.96875
16629,0.96484375
16630,0.96875
16631,0.9765625
16632,0.95703125
16633,0.95703125
16634,0.9609375
16635,0.9765625
16636,0.96484375
16637,0.9609375
16638,0.9609375
16639,0.94921875
16640,0.9609375
16641,0.95703125
16642,0.96484375
16643,0.96875
16644,0.9453125
16645,0.96875
16646,0.9765625
16647,0.9609375
16648,0.96484375
16649,0.96875
16650,0.96875
16651,0.93359375
16652,0.95703125
16653,0.96875
16654,0.9609375
16655,0.9609375
16656,0.96875
16657,0.96484375
16658,0.97265625
16659,0.95703125
16660,0.9765625
16661,0.9609375
16662,0.96875
16663,0.96484375
16664,0.9609375
16665,0.97265625
16666,0.9765625
16667,0.96484375
16668,0.9609375
16669,0.98828125
16670,0.96875
16671,0.96875
16672,0.98046875
16673,0.953125
16674,0.95703125
16675,0.95703125
16676,0.953125
16677,0.96875
16678,0.9609375
16679,0.9609375
16680,0.96484375
16681,0.9765625
16682,0.96875
16683,0.97265625
16684,0.95703125
16685,0.9765625
16686,0.97265625
16687,0.94921875
16688,0.9453125
16689,0.953125
16690,0.96875
16691,0.95703125
16692,0.9609375
16693,0.97265625
16694,0.9609375
16695,0.96484375
16696,0.96484375
16697,0.95703125
16698,0.96875
16699,0.953125
16700,0.96484375
16701,0.94921875
16702,0.96875
16703,0.96875
16704,0.98046875
16705,0.98046875
16706,0.96484375
16707,0.9453125
16708,0.94921875
16709,0.953125
16710,0.9609375
16711,0.98046875
16712,0.9453125
16713,0.96875
16714,0.96484375
16715,0.94921875
16716,0.953125
16717,0.95703125
16718,0.97265625
16719,0.96875
16720,0.9609375
16721,0.96484375
16722,0.96875
16723,0.96875
16724,0.96875
16725,0.96484375
16726,0.96484375
16727,0.9765625
16728,0.96875
16729,0.96875
16730,0.98046875
16731,0.95703125
16732,0.953125
16733,0.97265625
16734,0.95703125
16735,0.9609375
16736,0.984375
16737,0.96484375
16738,0.97265625
16739,0.95703125
16740,0.96484375
16741,0.94921875
16742,0.95703125
16743,0.984375
16744,0.94140625
16745,0.95703125
16746,0.98046875
16747,0.9609375
16748,0.953125
16749,0.9609375
16750,0.9609375
16751,0.9609375
16752,0.97265625
16753,0.96875
16754,0.9765625
16755,0.96875
16756,0.9609375
16757,0.953125
16758,0.9609375
16759,0.9765625
16760,0.96875
16761,0.97265625
16762,0.97265625
16763,0.9609375
16764,0.96484375
16765,0.98046875
16766,0.94921875
16767,0.95703125
16768,0.98046875
16769,0.9765625
16770,0.9609375
16771,0.9609375
16772,0.953125
16773,0.96875
16774,0.96875
16775,0.9453125
16776,0.9765625
16777,0.9609375
16778,0.953125
16779,0.9609375
16780,0.9609375
16781,0.95703125
16782,0.96484375
16783,0.9765625
16784,0.9765625
16785,0.96484375
16786,0.94140625
16787,0.94921875
16788,0.9453125
16789,0.95703125
16790,0.95703125
16791,0.97265625
16792,0.9609375
16793,0.9765625
16794,0.94921875
16795,0.95703125
16796,0.96875
16797,0.95703125
16798,0.96875
16799,0.96484375
16800,0.95703125
16801,0.96484375
16802,0.9609375
16803,0.95703125
16804,0.96875
16805,0.98046875
16806,0.9609375
16807,0.9453125
16808,0.9609375
16809,0.9609375
16810,0.97265625
16811,0.96875
16812,0.9609375
16813,0.9609375
16814,0.98046875
16815,0.97265625
16816,0.97265625
16817,0.9609375
16818,0.9609375
16819,0.9609375
16820,0.96875
16821,0.96875
16822,0.9609375
16823,0.953125
16824,0.96484375
16825,0.97265625
16826,0.94921875
16827,0.9609375
16828,0.9765625
16829,0.9609375
16830,0.98828125
16831,0.9609375
16832,0.9609375
16833,0.96875
16834,0.96875
16835,0.95703125
16836,0.96484375
16837,0.95703125
16838,0.95703125
16839,0.9765625
16840,0.96875
16841,0.95703125
16842,0.94921875
16843,0.95703125
16844,0.96875
16845,0.96484375
16846,0.97265625
16847,0.9609375
16848,0.9609375
16849,0.97265625
16850,0.953125
16851,0.96484375
16852,0.9765625
16853,0.97265625
16854,0.96484375
16855,0.9609375
16856,0.9453125
16857,0.95703125
16858,0.953125
16859,0.97265625
16860,0.96484375
16861,0.953125
16862,0.95703125
16863,0.97265625
16864,0.9609375
16865,0.96875
16866,0.95703125
16867,0.9609375
16868,0.9765625
16869,0.95703125
16870,0.96484375
16871,0.96484375
16872,0.96875
16873,0.9609375
16874,0.9609375
16875,0.96875
16876,0.9609375
16877,0.95703125
16878,0.953125
16879,0.96875
16880,0.95703125
16881,0.98046875
16882,0.96875
16883,0.96484375
16884,0.9453125
16885,0.96484375
16886,0.9765625
16887,0.97265625
16888,0.9609375
16889,0.9609375
16890,0.9609375
16891,0.9609375
16892,0.96875
16893,0.95703125
16894,0.96875
16895,0.9765625
16896,0.95703125
16897,0.94921875
16898,0.9765625
16899,0.96875
16900,0.97265625
16901,0.984375
16902,0.98046875
16903,0.9609375
16904,0.98046875
16905,0.96484375
16906,0.9609375
16907,0.9609375
16908,0.9609375
16909,0.9609375
16910,0.96484375
16911,0.96484375
16912,0.9609375
16913,0.96875
16914,0.97265625
16915,0.9375
16916,0.9609375
16917,0.98046875
16918,0.96875
16919,0.9609375
16920,0.96875
16921,0.96484375
16922,0.96484375
16923,0.96484375
16924,0.96875
16925,0.97265625
16926,0.97265625
16927,0.96875
16928,0.9609375
16929,0.96484375
16930,0.97265625
16931,0.96484375
16932,0.96484375
16933,0.97265625
16934,0.953125
16935,0.9765625
16936,0.96484375
16937,0.97265625
16938,0.96875
16939,0.953125
16940,0.9609375
16941,0.96875
16942,0.97265625
16943,0.96484375
16944,0.98828125
16945,0.97265625
16946,0.97265625
16947,0.953125
16948,0.96875
16949,0.98046875
16950,0.95703125
16951,0.9765625
16952,0.97265625
16953,0.94921875
16954,0.9765625
16955,0.96875
16956,0.97265625
16957,0.97265625
16958,0.96875
16959,0.9609375
16960,0.97265625
16961,0.9609375
16962,0.9765625
16963,0.96875
16964,0.97265625
16965,0.96484375
16966,0.96875
16967,0.96484375
16968,0.97265625
16969,0.953125
16970,0.9609375
16971,0.96875
16972,0.96875
16973,0.96484375
16974,0.94921875
16975,0.9609375
16976,0.97265625
16977,0.95703125
16978,0.94921875
16979,0.96875
16980,0.96875
16981,0.96875
16982,0.96484375
16983,0.9609375
16984,0.96875
16985,0.96484375
16986,0.98046875
16987,0.96875
16988,0.95703125
16989,0.9765625
16990,0.953125
16991,0.95703125
16992,0.97265625
16993,0.984375
16994,0.96875
16995,0.96875
16996,0.98828125
16997,0.9765625
16998,0.9609375
16999,0.953125
17000,0.96875
17001,0.95703125
17002,0.96484375
17003,0.97265625
17004,0.97265625
17005,0.97265625
17006,0.9765625
17007,0.98046875
17008,0.97265625
17009,0.953125
17010,0.98828125
17011,0.96875
17012,0.984375
17013,0.96484375
17014,0.96875
17015,0.98046875
17016,0.97265625
17017,0.96875
17018,0.96875
17019,0.9453125
17020,0.94921875
17021,0.96484375
17022,0.96484375
17023,0.9609375
17024,0.96875
17025,0.9765625
17026,0.96875
17027,0.95703125
17028,0.9765625
17029,0.97265625
17030,0.9765625
17031,0.96875
17032,0.9765625
17033,0.98046875
17034,0.96484375
17035,0.9765625
17036,0.96484375
17037,0.96484375
17038,0.953125
17039,0.96875
17040,0.97265625
17041,0.96484375
17042,0.9765625
17043,0.95703125
17044,0.95703125
17045,0.95703125
17046,0.953125
17047,0.9765625
17048,0.984375
17049,0.9453125
17050,0.98046875
17051,0.96484375
17052,0.96484375
17053,0.97265625
17054,0.9765625
17055,0.984375
17056,0.96875
17057,0.97265625
17058,0.96875
17059,0.9765625
17060,0.9765625
17061,0.9609375
17062,0.96484375
17063,0.97265625
17064,0.98046875
17065,0.984375
17066,0.96875
17067,0.95703125
17068,0.98046875
17069,0.96484375
17070,0.96875
17071,0.98046875
17072,0.97265625
17073,0.96484375
17074,0.9765625
17075,0.9609375
17076,0.97265625
17077,0.95703125
17078,0.984375
17079,0.96875
17080,0.98046875
17081,0.96484375
17082,0.96484375
17083,0.94921875
17084,0.9609375
17085,0.96875
17086,0.95703125
17087,0.96484375
17088,0.984375
17089,0.9765625
17090,0.97265625
17091,0.96484375
17092,0.95703125
17093,0.9609375
17094,0.97265625
17095,0.9609375
17096,0.97265625
17097,0.98046875
17098,0.97265625
17099,0.9765625
17100,0.98046875
17101,0.96484375
17102,0.97265625
17103,0.96875
17104,0.96484375
17105,0.96484375
17106,0.96484375
17107,0.97265625
17108,0.95703125
17109,0.96484375
17110,0.9765625
17111,0.9609375
17112,0.9765625
17113,0.95703125
17114,0.9609375
17115,0.96484375
17116,0.96484375
17117,0.97265625
17118,0.96875
17119,0.97265625
17120,0.9765625
17121,0.97265625
17122,0.94921875
17123,0.9765625
17124,0.96875
17125,0.94921875
17126,0.96875
17127,0.96875
17128,0.98046875
17129,0.98046875
17130,0.953125
17131,0.96875
17132,0.94921875
17133,0.953125
17134,0.96875
17135,0.96875
17136,0.95703125
17137,0.96875
17138,0.984375
17139,0.9765625
17140,0.95703125
17141,0.96484375
17142,0.953125
17143,0.98046875
17144,0.96484375
17145,0.9609375
17146,0.9609375
17147,0.96875
17148,0.9609375
17149,0.97265625
17150,0.94921875
17151,0.9609375
17152,0.984375
17153,0.97265625
17154,0.953125
17155,0.984375
17156,0.98046875
17157,0.953125
17158,0.97265625
17159,0.9765625
17160,0.95703125
17161,0.9609375
17162,0.96484375
17163,0.9765625
17164,0.95703125
17165,0.96875
17166,0.95703125
17167,0.9609375
17168,0.94921875
17169,0.95703125
17170,0.9609375
17171,0.9609375
17172,0.9609375
17173,0.95703125
17174,0.97265625
17175,0.9765625
17176,0.984375
17177,0.97265625
17178,0.96875
17179,0.96484375
17180,0.95703125
17181,0.97265625
17182,0.9765625
17183,0.96875
17184,0.9609375
17185,0.96875
17186,0.96875
17187,0.96875
17188,0.97265625
17189,0.9609375
17190,0.95703125
17191,0.96484375
17192,0.96875
17193,0.9765625
17194,0.96484375
17195,0.9765625
17196,0.97265625
17197,0.9609375
17198,0.96484375
17199,0.96484375
17200,0.984375
17201,0.98046875
17202,0.98046875
17203,0.9765625
17204,0.9765625
17205,0.9609375
17206,0.96875
17207,0.9609375
17208,0.9765625
17209,0.953125
17210,0.96484375
17211,0.9765625
17212,0.9765625
17213,0.953125
17214,0.9609375
17215,0.96484375
17216,0.96484375
17217,0.984375
17218,0.9609375
17219,0.96484375
17220,0.96875
17221,0.96484375
17222,0.9609375
17223,0.9609375
17224,0.94921875
17225,0.96875
17226,0.95703125
17227,0.96484375
17228,0.9765625
17229,0.9609375
17230,0.96875
17231,0.97265625
17232,0.96875
17233,0.96484375
17234,0.97265625
17235,0.96484375
17236,0.96484375
17237,0.96875
17238,0.9609375
17239,0.98046875
17240,0.98046875
17241,0.97265625
17242,0.96484375
17243,0.96875
17244,0.9765625
17245,0.96484375
17246,0.95703125
17247,0.98046875
17248,0.95703125
17249,0.96875
17250,0.9765625
17251,0.96484375
17252,0.97265625
17253,0.95703125
17254,0.96875
17255,0.9609375
17256,0.94921875
17257,0.9765625
17258,0.96875
17259,0.96875
17260,0.984375
17261,0.96875
17262,0.96875
17263,0.96875
17264,0.9765625
17265,0.9765625
17266,0.9765625
17267,0.953125
17268,0.96484375
17269,0.9765625
17270,0.96875
17271,0.9609375
17272,0.98046875
17273,0.97265625
17274,0.96484375
17275,0.96484375
17276,0.98828125
17277,0.97265625
17278,0.95703125
17279,0.9609375
17280,0.97265625
17281,0.984375
17282,0.97265625
17283,0.9609375
17284,0.9609375
17285,0.97265625
17286,0.97265625
17287,0.9765625
17288,0.97265625
17289,0.94921875
17290,0.95703125
17291,0.953125
17292,0.97265625
17293,0.96875
17294,0.96484375
17295,0.95703125
17296,0.9609375
17297,0.97265625
17298,0.9609375
17299,0.96484375
17300,0.97265625
17301,0.98046875
17302,0.96875
17303,0.9609375
17304,0.96875
17305,0.96875
17306,0.9453125
17307,0.9453125
17308,0.96484375
17309,0.9765625
17310,0.9609375
17311,0.97265625
17312,0.97265625
17313,0.96875
17314,0.9765625
17315,0.94921875
17316,0.97265625
17317,0.96484375
17318,0.9609375
17319,0.97265625
17320,0.98046875
17321,0.97265625
17322,0.97265625
17323,0.97265625
17324,0.95703125
17325,0.9609375
17326,0.96875
17327,0.953125
17328,0.9609375
17329,0.96484375
17330,0.95703125
17331,0.9609375
17332,0.9609375
17333,0.95703125
17334,0.95703125
17335,0.9765625
17336,0.94921875
17337,0.94140625
17338,0.984375
17339,0.97265625
17340,0.96875
17341,0.9765625
17342,0.96875
17343,0.9609375
17344,0.98046875
17345,0.953125
17346,0.96484375
17347,0.9765625
17348,0.96484375
17349,0.95703125
17350,0.96875
17351,0.96484375
17352,0.96484375
17353,0.97265625
17354,0.9765625
17355,0.9609375
17356,0.97265625
17357,0.9453125
17358,0.95703125
17359,0.9765625
17360,0.9765625
17361,0.9609375
17362,0.96484375
17363,0.9609375
17364,0.96484375
17365,0.9765625
17366,0.96875
17367,0.96484375
17368,0.96484375
17369,0.96484375
17370,0.96875
17371,0.953125
17372,0.96484375
17373,0.9765625
17374,0.94921875
17375,0.9609375
17376,0.9609375
17377,0.96484375
17378,0.953125
17379,0.953125
17380,0.96875
17381,0.96875
17382,0.9765625
17383,0.9609375
17384,0.98828125
17385,0.94921875
17386,0.9765625
17387,0.96484375
17388,0.984375
17389,0.96484375
17390,0.96875
17391,0.95703125
17392,0.96484375
17393,0.9609375
17394,0.96875
17395,0.95703125
17396,0.95703125
17397,0.9765625
17398,0.9765625
17399,0.9609375
17400,0.96484375
17401,0.9609375
17402,0.97265625
17403,0.953125
17404,0.98046875
17405,0.9609375
17406,0.96484375
17407,0.96484375
17408,0.984375
17409,0.9609375
17410,0.9609375
17411,0.96875
17412,0.98828125
17413,0.98046875
17414,0.953125
17415,0.96484375
17416,0.94921875
17417,0.9609375
17418,0.95703125
17419,0.95703125
17420,0.96875
17421,0.9921875
17422,0.9765625
17423,0.96484375
17424,0.9453125
17425,0.984375
17426,0.9765625
17427,0.96484375
17428,0.96484375
17429,0.9609375
17430,0.96484375
17431,0.96484375
17432,0.96875
17433,0.9609375
17434,0.9609375
17435,0.95703125
17436,0.9609375
17437,0.96875
17438,0.97265625
17439,0.96875
17440,0.96484375
17441,0.96484375
17442,0.9375
17443,0.953125
17444,0.9609375
17445,0.96875
17446,0.9765625
17447,0.98046875
17448,0.96875
17449,0.9609375
17450,0.96875
17451,0.96484375
17452,0.98046875
17453,0.98828125
17454,0.95703125
17455,0.984375
17456,0.95703125
17457,0.94921875
17458,0.95703125
17459,0.96875
17460,0.9765625
17461,0.94921875
17462,0.9765625
17463,0.96875
17464,0.9765625
17465,0.9609375
17466,0.96875
17467,0.9765625
17468,0.96875
17469,0.98046875
17470,0.94921875
17471,0.9609375
17472,0.96484375
17473,0.96484375
17474,0.97265625
17475,0.9609375
17476,0.95703125
17477,0.9765625
17478,0.9609375
17479,0.96484375
17480,0.98046875
17481,0.9765625
17482,0.98828125
17483,0.9453125
17484,0.953125
17485,0.96875
17486,0.97265625
17487,0.953125
17488,0.96875
17489,0.96484375
17490,0.95703125
17491,0.9609375
17492,0.953125
17493,0.96875
17494,0.97265625
17495,0.97265625
17496,0.95703125
17497,0.96484375
17498,0.9765625
17499,0.98046875
17500,0.9765625
17501,0.97265625
17502,0.9609375
17503,0.96484375
17504,0.95703125
17505,0.9609375
17506,0.98828125
17507,0.98046875
17508,0.97265625
17509,0.97265625
17510,0.96875
17511,0.96875
17512,0.95703125
17513,0.96875
17514,0.97265625
17515,0.9609375
17516,0.98046875
17517,0.96875
17518,0.97265625
17519,0.9765625
17520,0.96484375
17521,0.96484375
17522,0.984375
17523,0.984375
17524,0.9453125
17525,0.95703125
17526,0.95703125
17527,0.9609375
17528,0.9765625
17529,0.96875
17530,0.96484375
17531,0.96875
17532,0.9609375
17533,0.953125
17534,0.96875
17535,0.98046875
17536,0.96484375
17537,0.95703125
17538,0.97265625
17539,0.96875
17540,0.96875
17541,0.97265625
17542,0.953125
17543,0.96484375
17544,0.984375
17545,0.96484375
17546,0.94140625
17547,0.9609375
17548,0.9609375
17549,0.97265625
17550,0.9765625
17551,0.95703125
17552,0.98046875
17553,0.96484375
17554,0.96875
17555,0.98046875
17556,0.95703125
17557,0.97265625
17558,0.9609375
17559,0.98046875
17560,0.97265625
17561,0.9609375
17562,0.9609375
17563,0.953125
17564,0.96484375
17565,0.9609375
17566,0.94921875
17567,0.96484375
17568,0.98046875
17569,0.9765625
17570,0.98046875
17571,0.9609375
17572,0.96484375
17573,0.96875
17574,0.95703125
17575,0.96484375
17576,0.96875
17577,0.97265625
17578,0.98046875
17579,0.97265625
17580,0.953125
17581,0.95703125
17582,0.95703125
17583,0.96875
17584,0.98046875
17585,0.98046875
17586,0.96484375
17587,0.96875
17588,0.97265625
17589,0.953125
17590,0.96875
17591,0.953125
17592,0.96875
17593,0.95703125
17594,0.984375
17595,0.96875
17596,0.97265625
17597,0.96484375
17598,0.9609375
17599,0.96875
17600,0.96484375
17601,0.96875
17602,0.96875
17603,0.9609375
17604,0.953125
17605,0.96484375
17606,0.9609375
17607,0.96875
17608,0.97265625
17609,0.97265625
17610,0.9375
17611,0.984375
17612,0.9765625
17613,0.96484375
17614,0.953125
17615,0.9765625
17616,0.98046875
17617,0.97265625
17618,0.96484375
17619,0.96484375
17620,0.95703125
17621,0.96875
17622,0.9609375
17623,0.9765625
17624,0.96484375
17625,0.96875
17626,0.9765625
17627,0.96484375
17628,0.95703125
17629,0.97265625
17630,0.9609375
17631,0.96484375
17632,0.9765625
17633,0.96875
17634,0.96484375
17635,0.96875
17636,0.9609375
17637,0.97265625
17638,0.97265625
17639,0.9609375
17640,0.97265625
17641,0.98046875
17642,0.9765625
17643,0.984375
17644,0.97265625
17645,0.96875
17646,0.98046875
17647,0.9609375
17648,0.95703125
17649,0.97265625
17650,0.96484375
17651,0.96484375
17652,0.98046875
17653,0.96875
17654,0.97265625
17655,0.9453125
17656,0.97265625
17657,0.97265625
17658,0.96875
17659,0.9609375
17660,0.97265625
17661,0.97265625
17662,0.97265625
17663,0.97265625
17664,0.94921875
17665,0.95703125
17666,0.95703125
17667,0.95703125
17668,0.97265625
17669,0.94921875
17670,0.94921875
17671,0.9765625
17672,0.96484375
17673,0.96875
17674,0.94921875
17675,0.953125
17676,0.96484375
17677,0.96484375
17678,0.953125
17679,0.953125
17680,0.95703125
17681,0.97265625
17682,0.953125
17683,0.9609375
17684,0.96875
17685,0.95703125
17686,0.9609375
17687,0.96484375
17688,0.9453125
17689,0.96484375
17690,0.94921875
17691,0.9765625
17692,0.95703125
17693,0.95703125
17694,0.953125
17695,0.94921875
17696,0.95703125
17697,0.94921875
17698,0.95703125
17699,0.9453125
17700,0.95703125
17701,0.95703125
17702,0.9453125
17703,0.97265625
17704,0.95703125
17705,0.9609375
17706,0.9609375
17707,0.95703125
17708,0.9609375
17709,0.953125
17710,0.96875
17711,0.96484375
17712,0.95703125
17713,0.97265625
17714,0.9765625
17715,0.94140625
17716,0.96484375
17717,0.96484375
17718,0.95703125
17719,0.94140625
17720,0.96875
17721,0.97265625
17722,0.95703125
17723,0.93359375
17724,0.96875
17725,0.94921875
17726,0.95703125
17727,0.96875
17728,0.94921875
17729,0.953125
17730,0.953125
17731,0.97265625
17732,0.9609375
17733,0.96484375
17734,0.9609375
17735,0.9609375
17736,0.953125
17737,0.96875
17738,0.9609375
17739,0.97265625
17740,0.96875
17741,0.94921875
17742,0.96875
17743,0.96484375
17744,0.94140625
17745,0.9609375
17746,0.9609375
17747,0.96875
17748,0.9609375
17749,0.96875
17750,0.953125
17751,0.9609375
17752,0.96875
17753,0.9375
17754,0.96875
17755,0.95703125
17756,0.953125
17757,0.9609375
17758,0.95703125
17759,0.9609375
17760,0.953125
17761,0.95703125
17762,0.94921875
17763,0.95703125
17764,0.96484375
17765,0.953125
17766,0.94140625
17767,0.94921875
17768,0.9375
17769,0.9765625
17770,0.96484375
17771,0.94921875
17772,0.9453125
17773,0.97265625
17774,0.9609375
17775,0.95703125
17776,0.94921875
17777,0.94921875
17778,0.94921875
17779,0.93359375
17780,0.953125
17781,0.9453125
17782,0.95703125
17783,0.96484375
17784,0.95703125
17785,0.94140625
17786,0.953125
17787,0.96484375
17788,0.94921875
17789,0.97265625
17790,0.9453125
17791,0.96484375
17792,0.96484375
17793,0.94140625
17794,0.96875
17795,0.97265625
17796,0.9609375
17797,0.97265625
17798,0.9453125
17799,0.95703125
17800,0.96875
17801,0.95703125
17802,0.953125
17803,0.96484375
17804,0.953125
17805,0.96484375
17806,0.94921875
17807,0.953125
17808,0.96875
17809,0.97265625
17810,0.9609375
17811,0.96484375
17812,0.96875
17813,0.9765625
17814,0.9453125
17815,0.953125
17816,0.94921875
17817,0.9765625
17818,0.94921875
17819,0.94921875
17820,0.96484375
17821,0.953125
17822,0.96484375
17823,0.98046875
17824,0.953125
17825,0.9609375
17826,0.93359375
17827,0.96875
17828,0.94921875
17829,0.953125
17830,0.9765625
17831,0.94921875
17832,0.97265625
17833,0.953125
17834,0.9609375
17835,0.9609375
17836,0.9609375
17837,0.9609375
17838,0.94140625
17839,0.96484375
17840,0.9765625
17841,0.9453125
17842,0.96875
17843,0.96875
17844,0.9609375
17845,0.96484375
17846,0.95703125
17847,0.96484375
17848,0.9453125
17849,0.97265625
17850,0.95703125
17851,0.95703125
17852,0.96484375
17853,0.96875
17854,0.9375
17855,0.9765625
17856,0.96875
17857,0.9609375
17858,0.9609375
17859,0.96484375
17860,0.95703125
17861,0.9765625
17862,0.97265625
17863,0.9609375
17864,0.9453125
17865,0.95703125
17866,0.96484375
17867,0.95703125
17868,0.9609375
17869,0.9609375
17870,0.96484375
17871,0.96875
17872,0.94140625
17873,0.953125
17874,0.94921875
17875,0.9609375
17876,0.96875
17877,0.9609375
17878,0.9375
17879,0.95703125
17880,0.9375
17881,0.96484375
17882,0.94921875
17883,0.9453125
17884,0.953125
17885,0.96484375
17886,0.96875
17887,0.9609375
17888,0.953125
17889,0.94921875
17890,0.96875
17891,0.96875
17892,0.96875
17893,0.953125
17894,0.953125
17895,0.96875
17896,0.9609375
17897,0.9375
17898,0.95703125
17899,0.9609375
17900,0.94921875
17901,0.9609375
17902,0.96484375
17903,0.96484375
17904,0.96484375
17905,0.94140625
17906,0.96484375
17907,0.93359375
17908,0.953125
17909,0.94921875
17910,0.9453125
17911,0.9375
17912,0.9609375
17913,0.95703125
17914,0.98046875
17915,0.94921875
17916,0.94921875
17917,0.96484375
17918,0.9609375
17919,0.953125
17920,0.953125
17921,0.94140625
17922,0.95703125
17923,0.97265625
17924,0.93359375
17925,0.94921875
17926,0.95703125
17927,0.953125
17928,0.94921875
17929,0.9453125
17930,0.9296875
17931,0.9609375
17932,0.94921875
17933,0.95703125
17934,0.93359375
17935,0.96484375
17936,0.9609375
17937,0.93359375
17938,0.96484375
17939,0.97265625
17940,0.953125
17941,0.9609375
17942,0.94140625
17943,0.9453125
17944,0.95703125
17945,0.96875
17946,0.9375
17947,0.96875
17948,0.96875
17949,0.96484375
17950,0.94921875
17951,0.95703125
17952,0.98046875
17953,0.9296875
17954,0.94921875
17955,0.9296875
17956,0.9375
17957,0.97265625
17958,0.9609375
17959,0.953125
17960,0.94140625
17961,0.953125
17962,0.9296875
17963,0.9453125
17964,0.94140625
17965,0.94140625
17966,0.94140625
17967,0.9609375
17968,0.94921875
17969,0.9453125
17970,0.953125
17971,0.9609375
17972,0.953125
17973,0.953125
17974,0.94140625
17975,0.94921875
17976,0.9453125
17977,0.953125
17978,0.94921875
17979,0.9609375
17980,0.94921875
17981,0.953125
17982,0.953125
17983,0.94140625
17984,0.953125
17985,0.94140625
17986,0.93359375
17987,0.9609375
17988,0.95703125
17989,0.94921875
17990,0.9609375
17991,0.95703125
17992,0.953125
17993,0.94140625
17994,0.9375
17995,0.95703125
17996,0.9453125
17997,0.94140625
17998,0.95703125
17999,0.95703125
18000,0.96484375
18001,0.93359375
18002,0.96875
18003,0.9453125
18004,0.94921875
18005,0.94140625
18006,0.9453125
18007,0.95703125
18008,0.94921875
18009,0.953125
18010,0.93359375
18011,0.95703125
18012,0.9609375
18013,0.96875
18014,0.95703125
18015,0.9453125
18016,0.953125
18017,0.94921875
18018,0.94921875
18019,0.94140625
18020,0.93359375
18021,0.9375
18022,0.94140625
18023,0.9609375
18024,0.9609375
18025,0.92578125
18026,0.94921875
18027,0.97265625
18028,0.94921875
18029,0.953125
18030,0.96484375
18031,0.95703125
18032,0.95703125
18033,0.9375
18034,0.953125
18035,0.96875
18036,0.93359375
18037,0.96484375
18038,0.953125
18039,0.92578125
18040,0.9609375
18041,0.9453125
18042,0.94921875
18043,0.94140625
18044,0.96484375
18045,0.96484375
18046,0.953125
18047,0.9375
18048,0.94921875
18049,0.94921875
18050,0.953125
18051,0.94140625
18052,0.94921875
18053,0.9453125
18054,0.97265625
18055,0.94921875
18056,0.92578125
18057,0.96484375
18058,0.9453125
18059,0.94921875
18060,0.95703125
18061,0.953125
18062,0.953125
18063,0.94921875
18064,0.9375
18065,0.93359375
18066,0.94921875
18067,0.9453125
18068,0.9609375
18069,0.95703125
18070,0.953125
18071,0.953125
18072,0.95703125
18073,0.94921875
18074,0.95703125
18075,0.9453125
18076,0.92578125
18077,0.9453125
18078,0.9453125
18079,0.9609375
18080,0.953125
18081,0.94921875
18082,0.953125
18083,0.953125
18084,0.9375
18085,0.94921875
18086,0.94140625
18087,0.97265625
18088,0.9375
18089,0.9453125
18090,0.94921875
18091,0.953125
18092,0.9609375
18093,0.94921875
18094,0.94140625
18095,0.9453125
18096,0.94140625
18097,0.95703125
18098,0.94140625
18099,0.9375
18100,0.96875
18101,0.94921875
18102,0.9609375
18103,0.9609375
18104,0.94921875
18105,0.95703125
18106,0.9296875
18107,0.93359375
18108,0.94921875
18109,0.9453125
18110,0.95703125
18111,0.953125
18112,0.953125
18113,0.9453125
18114,0.9375
18115,0.95703125
18116,0.9453125
18117,0.95703125
18118,0.94921875
18119,0.9453125
18120,0.9375
18121,0.95703125
18122,0.9375
18123,0.95703125
18124,0.953125
18125,0.9453125
18126,0.9375
18127,0.9453125
18128,0.94140625
18129,0.9453125
18130,0.94140625
18131,0.9453125
18132,0.94921875
18133,0.94921875
18134,0.953125
18135,0.95703125
18136,0.94921875
18137,0.9609375
18138,0.953125
18139,0.96484375
18140,0.953125
18141,0.9609375
18142,0.9375
18143,0.95703125
18144,0.94140625
18145,0.94140625
18146,0.93359375
18147,0.94921875
18148,0.953125
18149,0.9453125
18150,0.9609375
18151,0.9296875
18152,0.97265625
18153,0.94140625
18154,0.9609375
18155,0.96484375
18156,0.9609375
18157,0.96875
18158,0.96484375
18159,0.94921875
18160,0.95703125
18161,0.95703125
18162,0.9453125
18163,0.9296875
18164,0.97265625
18165,0.9453125
18166,0.95703125
18167,0.953125
18168,0.95703125
18169,0.9453125
18170,0.94921875
18171,0.96484375
18172,0.9609375
18173,0.93359375
18174,0.9453125
18175,0.953125
18176,0.9609375
18177,0.95703125
18178,0.94140625
18179,0.96875
18180,0.94921875
18181,0.9609375
18182,0.95703125
18183,0.953125
18184,0.9453125
18185,0.96484375
18186,0.953125
18187,0.97265625
18188,0.94921875
18189,0.953125
18190,0.9609375
18191,0.9453125
18192,0.953125
18193,0.97265625
18194,0.94921875
18195,0.98046875
18196,0.95703125
18197,0.96484375
18198,0.94921875
18199,0.95703125
18200,0.93359375
18201,0.9453125
18202,0.93359375
18203,0.9609375
18204,0.9765625
18205,0.95703125
18206,0.95703125
18207,0.94921875
18208,0.9609375
18209,0.9453125
18210,0.9375
18211,0.95703125
18212,0.9296875
18213,0.953125
18214,0.96484375
18215,0.953125
18216,0.9453125
18217,0.953125
18218,0.953125
18219,0.9453125
18220,0.9375
18221,0.94921875
18222,0.96875
18223,0.9375
18224,0.95703125
18225,0.9765625
18226,0.96875
18227,0.9375
18228,0.96875
18229,0.953125
18230,0.95703125
18231,0.95703125
18232,0.94921875
18233,0.94140625
18234,0.94921875
18235,0.9375
18236,0.95703125
18237,0.953125
18238,0.9375
18239,0.953125
18240,0.953125
18241,0.9609375
18242,0.9609375
18243,0.9609375
18244,0.9453125
18245,0.94921875
18246,0.953125
18247,0.9609375
18248,0.94921875
18249,0.94921875
18250,0.94921875
18251,0.953125
18252,0.95703125
18253,0.9453125
18254,0.953125
18255,0.96484375
18256,0.94140625
18257,0.9609375
18258,0.953125
18259,0.95703125
18260,0.94140625
18261,0.94921875
18262,0.95703125
18263,0.97265625
18264,0.95703125
18265,0.96484375
18266,0.9453125
18267,0.96484375
18268,0.94921875
18269,0.94921875
18270,0.94921875
18271,0.9609375
18272,0.94140625
18273,0.953125
18274,0.953125
18275,0.953125
18276,0.95703125
18277,0.94921875
18278,0.9609375
18279,0.953125
18280,0.9609375
18281,0.9609375
18282,0.953125
18283,0.9375
18284,0.96484375
18285,0.953125
18286,0.95703125
18287,0.94140625
18288,0.94921875
18289,0.9609375
18290,0.9765625
18291,0.95703125
18292,0.96875
18293,0.95703125
18294,0.94140625
18295,0.97265625
18296,0.94140625
18297,0.96875
18298,0.9375
18299,0.9453125
18300,0.953125
18301,0.94921875
18302,0.9765625
18303,0.97265625
18304,0.94140625
18305,0.9453125
18306,0.95703125
18307,0.953125
18308,0.95703125
18309,0.953125
18310,0.9609375
18311,0.95703125
18312,0.94921875
18313,0.97265625
18314,0.96484375
18315,0.9609375
18316,0.9453125
18317,0.9453125
18318,0.94140625
18319,0.95703125
18320,0.9296875
18321,0.9609375
18322,0.94921875
18323,0.96875
18324,0.96484375
18325,0.94140625
18326,0.95703125
18327,0.96875
18328,0.9375
18329,0.96484375
18330,0.9609375
18331,0.95703125
18332,0.9765625
18333,0.95703125
18334,0.96484375
18335,0.94140625
18336,0.9609375
18337,0.953125
18338,0.953125
18339,0.9453125
18340,0.95703125
18341,0.95703125
18342,0.94921875
18343,0.9453125
18344,0.9609375
18345,0.9375
18346,0.953125
18347,0.96875
18348,0.95703125
18349,0.96484375
18350,0.94921875
18351,0.95703125
18352,0.94921875
18353,0.953125
18354,0.97265625
18355,0.94921875
18356,0.9453125
18357,0.94921875
18358,0.9609375
18359,0.9609375
18360,0.95703125
18361,0.9765625
18362,0.95703125
18363,0.9375
18364,0.953125
18365,0.9609375
18366,0.9609375
18367,0.9375
18368,0.9375
18369,0.94140625
18370,0.95703125
18371,0.96875
18372,0.94140625
18373,0.95703125
18374,0.96875
18375,0.9453125
18376,0.96484375
18377,0.9609375
18378,0.94921875
18379,0.95703125
18380,0.95703125
18381,0.94921875
18382,0.96875
18383,0.9453125
18384,0.9609375
18385,0.9375
18386,0.9453125
18387,0.93359375
18388,0.97265625
18389,0.97265625
18390,0.95703125
18391,0.9609375
18392,0.9453125
18393,0.96484375
18394,0.94921875
18395,0.953125
18396,0.96875
18397,0.96875
18398,0.9765625
18399,0.94921875
18400,0.97265625
18401,0.95703125
18402,0.94921875
18403,0.9453125
18404,0.97265625
18405,0.9375
18406,0.97265625
18407,0.9375
18408,0.95703125
18409,0.96484375
18410,0.9609375
18411,0.9453125
18412,0.96875
18413,0.96484375
18414,0.95703125
18415,0.94921875
18416,0.9609375
18417,0.94140625
18418,0.953125
18419,0.9609375
18420,0.953125
18421,0.96875
18422,0.9375
18423,0.9609375
18424,0.9609375
18425,0.96484375
18426,0.96875
18427,0.9765625
18428,0.9609375
18429,0.96484375
18430,0.96875
18431,0.96484375
18432,0.953125
18433,0.97265625
18434,0.95703125
18435,0.96484375
18436,0.96484375
18437,0.9609375
18438,0.94140625
18439,0.94921875
18440,0.984375
18441,0.9609375
18442,0.953125
18443,0.94921875
18444,0.96875
18445,0.953125
18446,0.95703125
18447,0.9609375
18448,0.96484375
18449,0.96875
18450,0.95703125
18451,0.96484375
18452,0.9609375
18453,0.9609375
18454,0.94921875
18455,0.94921875
18456,0.96875
18457,0.95703125
18458,0.96875
18459,0.95703125
18460,0.94140625
18461,0.96875
18462,0.953125
18463,0.96875
18464,0.94140625
18465,0.953125
18466,0.96875
18467,0.94921875
18468,0.96484375
18469,0.96875
18470,0.96875
18471,0.96875
18472,0.97265625
18473,0.96484375
18474,0.97265625
18475,0.9609375
18476,0.96875
18477,0.97265625
18478,0.96875
18479,0.9609375
18480,0.9609375
18481,0.94921875
18482,0.97265625
18483,0.953125
18484,0.96875
18485,0.94921875
18486,0.9609375
18487,0.96875
18488,0.94921875
18489,0.9609375
18490,0.94921875
18491,0.96484375
18492,0.9453125
18493,0.97265625
18494,0.9609375
18495,0.96875
18496,0.95703125
18497,0.9609375
18498,0.94140625
18499,0.98046875
18500,0.96484375
18501,0.94140625
18502,0.9765625
18503,0.95703125
18504,0.96875
18505,0.95703125
18506,0.96484375
18507,0.96484375
18508,0.94140625
18509,0.98046875
18510,0.97265625
18511,0.96875
18512,0.9609375
18513,0.9609375
18514,0.96484375
18515,0.9609375
18516,0.953125
18517,0.9453125
18518,0.95703125
18519,0.9609375
18520,0.953125
18521,0.9609375
18522,0.95703125
18523,0.9453125
18524,0.9453125
18525,0.96875
18526,0.9609375
18527,0.94921875
18528,0.95703125
18529,0.96484375
18530,0.97265625
18531,0.96484375
18532,0.9453125
18533,0.96484375
18534,0.9609375
18535,0.94921875
18536,0.96484375
18537,0.96875
18538,0.953125
18539,0.96875
18540,0.96484375
18541,0.96484375
18542,0.953125
18543,0.96875
18544,0.97265625
18545,0.953125
18546,0.9609375
18547,0.95703125
18548,0.96875
18549,0.95703125
18550,0.9609375
18551,0.97265625
18552,0.96875
18553,0.95703125
18554,0.95703125
18555,0.9609375
18556,0.94921875
18557,0.9609375
18558,0.9375
18559,0.95703125
18560,0.9609375
18561,0.96875
18562,0.96484375
18563,0.94921875
18564,0.9375
18565,0.9765625
18566,0.97265625
18567,0.95703125
18568,0.9609375
18569,0.9453125
18570,0.96484375
18571,0.93359375
18572,0.97265625
18573,0.9609375
18574,0.97265625
18575,0.9609375
18576,0.953125
18577,0.953125
18578,0.96484375
18579,0.953125
18580,0.96484375
18581,0.9609375
18582,0.96484375
18583,0.96484375
18584,0.953125
18585,0.94921875
18586,0.9765625
18587,0.97265625
18588,0.9453125
18589,0.9609375
18590,0.96484375
18591,0.953125
18592,0.9609375
18593,0.9609375
18594,0.94140625
18595,0.93359375
18596,0.96484375
18597,0.921875
18598,0.96484375
18599,0.9453125
18600,0.97265625
18601,0.9375
18602,0.9609375
18603,0.94921875
18604,0.9375
18605,0.9765625
18606,0.96484375
18607,0.96484375
18608,0.9453125
18609,0.953125
18610,0.97265625
18611,0.9765625
18612,0.95703125
18613,0.9765625
18614,0.9609375
18615,0.98046875
18616,0.9453125
18617,0.953125
18618,0.97265625
18619,0.953125
18620,0.96875
18621,0.95703125
18622,0.9609375
18623,0.953125
18624,0.9453125
18625,0.94921875
18626,0.94140625
18627,0.96875
18628,0.96875
18629,0.97265625
18630,0.94921875
18631,0.96484375
18632,0.96484375
18633,0.96484375
18634,0.96484375
18635,0.95703125
18636,0.9609375
18637,0.96484375
18638,0.9375
18639,0.94921875
18640,0.96484375
18641,0.953125
18642,0.9375
18643,0.96484375
18644,0.94921875
18645,0.98046875
18646,0.95703125
18647,0.95703125
18648,0.95703125
18649,0.953125
18650,0.96484375
18651,0.953125
18652,0.96875
18653,0.9609375
18654,0.95703125
18655,0.97265625
18656,0.97265625
18657,0.95703125
18658,0.97265625
18659,0.96484375
18660,0.94921875
18661,0.96875
18662,0.96875
18663,0.95703125
18664,0.94921875
18665,0.95703125
18666,0.9375
18667,0.96875
18668,0.96484375
18669,0.96875
18670,0.95703125
18671,0.953125
18672,0.96484375
18673,0.9765625
18674,0.96875
18675,0.9453125
18676,0.94140625
18677,0.95703125
18678,0.97265625
18679,0.9453125
18680,0.953125
18681,0.953125
18682,0.9609375
18683,0.9453125
18684,0.94921875
18685,0.97265625
18686,0.94921875
18687,0.95703125
18688,0.9453125
18689,0.98046875
18690,0.97265625
18691,0.9765625
18692,0.9453125
18693,0.96484375
18694,0.953125
18695,0.9765625
18696,0.9453125
18697,0.96484375
18698,0.96875
18699,0.96875
18700,0.97265625
18701,0.9296875
18702,0.9765625
18703,0.96875
18704,0.96875
18705,0.984375
18706,0.96484375
18707,0.96484375
18708,0.96875
18709,0.96484375
18710,0.95703125
18711,0.96484375
18712,0.94921875
18713,0.984375
18714,0.95703125
18715,0.98828125
18716,0.94921875
18717,0.96875
18718,0.97265625
18719,0.984375
18720,0.953125
18721,0.96484375
18722,0.96875
18723,0.98046875
18724,0.94921875
18725,0.97265625
18726,0.94921875
18727,0.97265625
18728,0.9765625
18729,0.96484375
18730,0.95703125
18731,0.97265625
18732,0.96875
18733,0.95703125
18734,0.9609375
18735,0.9765625
18736,0.96875
18737,0.96484375
18738,0.95703125
18739,0.94921875
18740,0.9765625
18741,0.97265625
18742,0.9609375
18743,0.953125
18744,0.95703125
18745,0.9765625
18746,0.96484375
18747,0.96484375
18748,0.953125
18749,0.97265625
18750,0.9453125
18751,0.97265625
18752,0.9609375
18753,0.94921875
18754,0.953125
18755,0.9609375
18756,0.953125
18757,0.96875
18758,0.9609375
18759,0.96875
18760,0.98046875
18761,0.96484375
18762,0.96875
18763,0.96484375
18764,0.9609375
18765,0.9453125
18766,0.95703125
18767,0.96875
18768,0.96484375
18769,0.96484375
18770,0.96484375
18771,0.94921875
18772,0.97265625
18773,0.94921875
18774,0.96484375
18775,0.96875
18776,0.96484375
18777,0.95703125
18778,0.97265625
18779,0.96484375
18780,0.9609375
18781,0.953125
18782,0.984375
18783,0.9609375
18784,0.9609375
18785,0.9609375
18786,0.96484375
18787,0.98046875
18788,0.96875
18789,0.96484375
18790,0.94921875
18791,0.96875
18792,0.95703125
18793,0.9453125
18794,0.953125
18795,0.96484375
18796,0.9609375
18797,0.94140625
18798,0.95703125
18799,0.9765625
18800,0.9765625
18801,0.96875
18802,0.984375
18803,0.94921875
18804,0.9609375
18805,0.9609375
18806,0.96484375
18807,0.9609375
18808,0.98046875
18809,0.96875
18810,0.953125
18811,0.9609375
18812,0.953125
18813,0.94921875
18814,0.9609375
18815,0.9765625
18816,0.95703125
18817,0.94921875
18818,0.96875
18819,0.96875
18820,0.95703125
18821,0.95703125
18822,0.94921875
18823,0.96875
18824,0.96484375
18825,0.97265625
18826,0.953125
18827,0.96484375
18828,0.9765625
18829,0.9765625
18830,0.9609375
18831,0.95703125
18832,0.9765625
18833,0.96875
18834,0.953125
18835,0.984375
18836,0.95703125
18837,0.96484375
18838,0.96484375
18839,0.94921875
18840,0.95703125
18841,0.9765625
18842,0.96875
18843,0.98046875
18844,0.95703125
18845,0.96875
18846,0.97265625
18847,0.96484375
18848,0.95703125
18849,0.953125
18850,0.9765625
18851,0.9765625
18852,0.95703125
18853,0.96875
18854,0.97265625
18855,0.9609375
18856,0.96875
18857,0.9609375
18858,0.95703125
18859,0.9453125
18860,0.953125
18861,0.96875
18862,0.96484375
18863,0.97265625
18864,0.96484375
18865,0.96484375
18866,0.9765625
18867,0.96484375
18868,0.9453125
18869,0.96875
18870,0.96484375
18871,0.98828125
18872,0.96484375
18873,0.96484375
18874,0.953125
18875,0.9609375
18876,0.96484375
18877,0.95703125
18878,0.97265625
18879,0.96484375
18880,0.96484375
18881,0.95703125
18882,0.94921875
18883,0.96875
18884,0.953125
18885,0.97265625
18886,0.96484375
18887,0.96484375
18888,0.9453125
18889,0.9765625
18890,0.97265625
18891,0.96484375
18892,0.9609375
18893,0.97265625
18894,0.94140625
18895,0.96484375
18896,0.96875
18897,0.97265625
18898,0.95703125
18899,0.96484375
18900,0.94921875
18901,0.94921875
18902,0.96484375
18903,0.97265625
18904,0.97265625
18905,0.96484375
18906,0.9453125
18907,0.9765625
18908,0.9609375
18909,0.953125
18910,0.96484375
18911,0.95703125
18912,0.94921875
18913,0.98046875
18914,0.953125
18915,0.99609375
18916,0.9765625
18917,0.96875
18918,0.9609375
18919,0.95703125
18920,0.95703125
18921,0.9609375
18922,0.97265625
18923,0.9609375
18924,0.9765625
18925,0.96875
18926,0.96484375
18927,0.94140625
18928,0.9765625
18929,0.95703125
18930,0.95703125
18931,0.96875
18932,0.97265625
18933,0.96875
18934,0.95703125
18935,0.9609375
18936,0.96484375
18937,0.953125
18938,0.94921875
18939,0.95703125
18940,0.97265625
18941,0.95703125
18942,0.9609375
18943,0.9453125
18944,0.953125
18945,0.94921875
18946,0.96484375
18947,0.97265625
18948,0.95703125
18949,0.96875
18950,0.9609375
18951,0.96484375
18952,0.9609375
18953,0.96484375
18954,0.95703125
18955,0.953125
18956,0.96484375
18957,0.953125
18958,0.9453125
18959,0.9453125
18960,0.96484375
18961,0.953125
18962,0.95703125
18963,0.96484375
18964,0.9609375
18965,0.96484375
18966,0.953125
18967,0.96875
18968,0.94140625
18969,0.9609375
18970,0.9609375
18971,0.94921875
18972,0.96484375
18973,0.96875
18974,0.94921875
18975,0.9609375
18976,0.96875
18977,0.94140625
18978,0.95703125
18979,0.94921875
18980,0.94921875
18981,0.96484375
18982,0.94921875
18983,0.95703125
18984,0.96875
18985,0.9765625
18986,0.9765625
18987,0.95703125
18988,0.96875
18989,0.94140625
18990,0.93359375
18991,0.95703125
18992,0.95703125
18993,0.94921875
18994,0.96875
18995,0.93359375
18996,0.94921875
18997,0.94921875
18998,0.96875
18999,0.95703125
19000,0.95703125
19001,0.96484375
19002,0.95703125
19003,0.96875
19004,0.96484375
19005,0.9609375
19006,0.94921875
19007,0.93359375
19008,0.96484375
19009,0.9453125
19010,0.94921875
19011,0.95703125
19012,0.96875
19013,0.9609375
19014,0.96484375
19015,0.94921875
19016,0.953125
19017,0.95703125
19018,0.95703125
19019,0.9453125
19020,0.95703125
19021,0.96484375
19022,0.96484375
19023,0.93359375
19024,0.9609375
19025,0.9453125
19026,0.96484375
19027,0.953125
19028,0.953125
19029,0.9765625
19030,0.95703125
19031,0.94921875
19032,0.9765625
19033,0.953125
19034,0.96484375
19035,0.96875
19036,0.953125
19037,0.921875
19038,0.96875
19039,0.9453125
19040,0.93359375
19041,0.9609375
19042,0.95703125
19043,0.94140625
19044,0.94921875
19045,0.953125
19046,0.9765625
19047,0.953125
19048,0.96484375
19049,0.94921875
19050,0.94140625
19051,0.9609375
19052,0.9765625
19053,0.9609375
19054,0.953125
19055,0.96484375
19056,0.95703125
19057,0.96875
19058,0.95703125
19059,0.94921875
19060,0.9609375
19061,0.93359375
19062,0.9609375
19063,0.98046875
19064,0.9609375
19065,0.96875
19066,0.95703125
19067,0.953125
19068,0.95703125
19069,0.95703125
19070,0.94921875
19071,0.97265625
19072,0.94921875
19073,0.96484375
19074,0.953125
19075,0.95703125
19076,0.95703125
19077,0.96875
19078,0.9453125
19079,0.94921875
19080,0.96875
19081,0.9765625
19082,0.953125
19083,0.953125
19084,0.95703125
19085,0.9453125
19086,0.94140625
19087,0.95703125
19088,0.96484375
19089,0.9453125
19090,0.9609375
19091,0.97265625
19092,0.95703125
19093,0.95703125
19094,0.97265625
19095,0.9609375
19096,0.9609375
19097,0.94140625
19098,0.9609375
19099,0.95703125
19100,0.9765625
19101,0.95703125
19102,0.97265625
19103,0.9609375
19104,0.96875
19105,0.94140625
19106,0.94921875
19107,0.9765625
19108,0.9609375
19109,0.953125
19110,0.97265625
19111,0.96484375
19112,0.953125
19113,0.9609375
19114,0.96484375
19115,0.953125
19116,0.9453125
19117,0.94140625
19118,0.9765625
19119,0.9453125
19120,0.96484375
19121,0.96875
19122,0.953125
19123,0.9609375
19124,0.95703125
19125,0.93359375
19126,0.953125
19127,0.94921875
19128,0.95703125
19129,0.96875
19130,0.953125
19131,0.95703125
19132,0.96484375
19133,0.97265625
19134,0.96484375
19135,0.94921875
19136,0.9765625
19137,0.953125
19138,0.94921875
19139,0.96484375
19140,0.94921875
19141,0.96875
19142,0.96484375
19143,0.95703125
19144,0.953125
19145,0.9453125
19146,0.9375
19147,0.9296875
19148,0.9453125
19149,0.96484375
19150,0.96484375
19151,0.95703125
19152,0.96875
19153,0.94921875
19154,0.9453125
19155,0.9609375
19156,0.9609375
19157,0.9609375
19158,0.9609375
19159,0.95703125
19160,0.9765625
19161,0.9453125
19162,0.9609375
19163,0.94921875
19164,0.953125
19165,0.97265625
19166,0.96875
19167,0.95703125
19168,0.94921875
19169,0.9765625
19170,0.9609375
19171,0.97265625
19172,0.96484375
19173,0.9609375
19174,0.9609375
19175,0.96484375
19176,0.953125
19177,0.9765625
19178,0.96484375
19179,0.9609375
19180,0.98046875
19181,0.95703125
19182,0.94921875
19183,0.953125
19184,0.97265625
19185,0.94140625
19186,0.953125
19187,0.95703125
19188,0.9765625
19189,0.9609375
19190,0.98046875
19191,0.9453125
19192,0.96484375
19193,0.953125
19194,0.95703125
19195,0.9609375
19196,0.97265625
19197,0.953125
19198,0.98046875
19199,0.97265625
