x;y
0,0001;4,13859E-27
0,0002;4,252E-27
0,0003;4,36849E-27
0,0004;4,48815E-27
0,0005;4,61106E-27
0,0006;4,73731E-27
0,0007;4,86699E-27
0,0008;5,00019E-27
0,0009;5,13702E-27
0,001;5,27755E-27
0,0011;5,42191E-27
0,0012;5,57018E-27
0,0013;5,72247E-27
0,0014;5,8789E-27
0,0015;6,03957E-27
0,0016;6,2046E-27
0,0017;6,3741E-27
0,0018;6,5482E-27
0,0019;6,72701E-27
0,002;6,91068E-27
0,0021;7,09932E-27
0,0022;7,29306E-27
0,0023;7,49206E-27
0,0024;7,69644E-27
0,0025;7,90636E-27
0,0026;8,12196E-27
0,0027;8,34339E-27
0,0028;8,57081E-27
0,0029;8,80439E-27
0,003;9,04428E-27
0,0031;9,29065E-27
0,0032;9,54369E-27
0,0033;9,80356E-27
0,0034;1,00705E-26
0,0035;1,03446E-26
0,0036;1,06261E-26
0,0037;1,09152E-26
0,0038;1,12121E-26
0,0039;1,1517E-26
0,004;1,18302E-26
0,0041;1,21518E-26
0,0042;1,24821E-26
0,0043;1,28213E-26
0,0044;1,31696E-26
0,0045;1,35274E-26
0,0046;1,38947E-26
0,0047;1,4272E-26
0,0048;1,46594E-26
0,0049;1,50573E-26
0,005;1,54659E-26
0,0051;1,58855E-26
0,0052;1,63164E-26
0,0053;1,67589E-26
0,0054;1,72133E-26
0,0055;1,76799E-26
0,0056;1,8159E-26
0,0057;1,86511E-26
0,0058;1,91564E-26
0,0059;1,96752E-26
0,006;2,0208E-26
0,0061;2,07552E-26
0,0062;2,1317E-26
0,0063;2,18939E-26
0,0064;2,24863E-26
0,0065;2,30946E-26
0,0066;2,37192E-26
0,0067;2,43606E-26
0,0068;2,50192E-26
0,0069;2,56955E-26
0,007;2,63899E-26
0,0071;2,71029E-26
0,0072;2,78351E-26
0,0073;2,85868E-26
0,0074;2,93587E-26
0,0075;3,01513E-26
0,0076;3,09651E-26
0,0077;3,18008E-26
0,0078;3,26587E-26
0,0079;3,35397E-26
0,008;3,44442E-26
0,0081;3,5373E-26
0,0082;3,63265E-26
0,0083;3,73056E-26
0,0084;3,83109E-26
0,0085;3,9343E-26
0,0086;4,04027E-26
0,0087;4,14908E-26
0,0088;4,26079E-26
0,0089;4,37549E-26
0,009;4,49325E-26
0,0091;4,61415E-26
0,0092;4,73828E-26
0,0093;4,86573E-26
0,0094;4,99657E-26
0,0095;5,13091E-26
0,0096;5,26883E-26
0,0097;5,41042E-26
0,0098;5,5558E-26
0,0099;5,70504E-26
0,01;5,85827E-26
0,0101;6,01558E-26
0,0102;6,17708E-26
0,0103;6,34288E-26
0,0104;6,51309E-26
0,0105;6,68784E-26
0,0106;6,86724E-26
0,0107;7,05141E-26
0,0108;7,24048E-26
0,0109;7,43458E-26
0,011;7,63385E-26
0,0111;7,83841E-26
0,0112;8,04841E-26
0,0113;8,26399E-26
0,0114;8,4853E-26
0,0115;8,71249E-26
0,0116;8,94572E-26
0,0117;9,18513E-26
0,0118;9,43091E-26
0,0119;9,68321E-26
0,012;9,9422E-26
0,0121;1,02081E-25
0,0122;1,0481E-25
0,0123;1,07611E-25
0,0124;1,10487E-25
0,0125;1,13439E-25
0,0126;1,1647E-25
0,0127;1,1958E-25
0,0128;1,22774E-25
0,0129;1,26051E-25
0,013;1,29416E-25
0,0131;1,32869E-25
0,0132;1,36414E-25
0,0133;1,40053E-25
0,0134;1,43788E-25
0,0135;1,47622E-25
0,0136;1,51557E-25
0,0137;1,55597E-25
0,0138;1,59743E-25
0,0139;1,63999E-25
0,014;1,68367E-25
0,0141;1,7285E-25
0,0142;1,77453E-25
0,0143;1,82176E-25
0,0144;1,87024E-25
0,0145;1,92001E-25
0,0146;1,97109E-25
0,0147;2,02351E-25
0,0148;2,07732E-25
0,0149;2,13254E-25
0,015;2,18923E-25
0,0151;2,24741E-25
0,0152;2,30712E-25
0,0153;2,3684E-25
0,0154;2,4313E-25
0,0155;2,49586E-25
0,0156;2,56212E-25
0,0157;2,63012E-25
0,0158;2,69991E-25
0,0159;2,77154E-25
0,016;2,84506E-25
0,0161;2,9205E-25
0,0162;2,99794E-25
0,0163;3,07741E-25
0,0164;3,15897E-25
0,0165;3,24267E-25
0,0166;3,32857E-25
0,0167;3,41673E-25
0,0168;3,50721E-25
0,0169;3,60006E-25
0,017;3,69535E-25
0,0171;3,79314E-25
0,0172;3,8935E-25
0,0173;3,9965E-25
0,0174;4,10219E-25
0,0175;4,21066E-25
0,0176;4,32197E-25
0,0177;4,4362E-25
0,0178;4,55343E-25
0,0179;4,67372E-25
0,018;4,79718E-25
0,0181;4,92386E-25
0,0182;5,05386E-25
0,0183;5,18727E-25
0,0184;5,32417E-25
0,0185;5,46465E-25
0,0186;5,60881E-25
0,0187;5,75674E-25
0,0188;5,90854E-25
0,0189;6,06431E-25
0,019;6,22416E-25
0,0191;6,38818E-25
0,0192;6,55649E-25
0,0193;6,7292E-25
0,0194;6,90642E-25
0,0195;7,08827E-25
0,0196;7,27487E-25
0,0197;7,46633E-25
0,0198;7,6628E-25
0,0199;7,8644E-25
0,02;8,07125E-25
0,0201;8,2835E-25
0,0202;8,50129E-25
0,0203;8,72475E-25
0,0204;8,95404E-25
0,0205;9,18931E-25
0,0206;9,43071E-25
0,0207;9,67839E-25
0,0208;9,93253E-25
0,0209;1,01933E-24
0,021;1,04608E-24
0,0211;1,07353E-24
0,0212;1,1017E-24
0,0213;1,1306E-24
0,0214;1,16025E-24
0,0215;1,19067E-24
0,0216;1,22188E-24
0,0217;1,2539E-24
0,0218;1,28676E-24
0,0219;1,32047E-24
0,022;1,35505E-24
0,0221;1,39054E-24
0,0222;1,42694E-24
0,0223;1,46429E-24
0,0224;1,50261E-24
0,0225;1,54193E-24
0,0226;1,58226E-24
0,0227;1,62364E-24
0,0228;1,6661E-24
0,0229;1,70965E-24
0,023;1,75433E-24
0,0231;1,80018E-24
0,0232;1,8472E-24
0,0233;1,89545E-24
0,0234;1,94495E-24
0,0235;1,99573E-24
0,0236;2,04782E-24
0,0237;2,10127E-24
0,0238;2,15609E-24
0,0239;2,21234E-24
0,024;2,27004E-24
0,0241;2,32923E-24
0,0242;2,38995E-24
0,0243;2,45224E-24
0,0244;2,51614E-24
0,0245;2,5817E-24
0,0246;2,64894E-24
0,0247;2,71793E-24
0,0248;2,78869E-24
0,0249;2,86128E-24
0,025;2,93575E-24
0,0251;3,01213E-24
0,0252;3,09049E-24
0,0253;3,17087E-24
0,0254;3,25332E-24
0,0255;3,3379E-24
0,0256;3,42466E-24
0,0257;3,51365E-24
0,0258;3,60494E-24
0,0259;3,69858E-24
0,026;3,79463E-24
0,0261;3,89315E-24
0,0262;3,99422E-24
0,0263;4,09788E-24
0,0264;4,20421E-24
0,0265;4,31327E-24
0,0266;4,42514E-24
0,0267;4,53989E-24
0,0268;4,65759E-24
0,0269;4,77831E-24
0,027;4,90214E-24
0,0271;5,02915E-24
0,0272;5,15942E-24
0,0273;5,29303E-24
0,0274;5,43008E-24
0,0275;5,57064E-24
0,0276;5,71482E-24
0,0277;5,86269E-24
0,0278;6,01436E-24
0,0279;6,16991E-24
0,028;6,32946E-24
0,0281;6,4931E-24
0,0282;6,66093E-24
0,0283;6,83306E-24
0,0284;7,0096E-24
0,0285;7,19067E-24
0,0286;7,37637E-24
0,0287;7,56683E-24
0,0288;7,76216E-24
0,0289;7,96249E-24
0,029;8,16795E-24
0,0291;8,37866E-24
0,0292;8,59477E-24
0,0293;8,8164E-24
0,0294;9,04369E-24
0,0295;9,2768E-24
0,0296;9,51586E-24
0,0297;9,76103E-24
0,0298;1,00125E-23
0,0299;1,02703E-23
0,03;1,05348E-23
0,0301;1,08059E-23
0,0302;1,1084E-23
0,0303;1,13693E-23
0,0304;1,16617E-23
0,0305;1,19617E-23
0,0306;1,22693E-23
0,0307;1,25847E-23
0,0308;1,29082E-23
0,0309;1,32399E-23
0,031;1,358E-23
0,0311;1,39289E-23
0,0312;1,42866E-23
0,0313;1,46534E-23
0,0314;1,50295E-23
0,0315;1,54153E-23
0,0316;1,58108E-23
0,0317;1,62164E-23
0,0318;1,66323E-23
0,0319;1,70588E-23
0,032;1,74961E-23
0,0321;1,79446E-23
0,0322;1,84044E-23
0,0323;1,8876E-23
0,0324;1,93595E-23
0,0325;1,98552E-23
0,0326;2,03636E-23
0,0327;2,08849E-23
0,0328;2,14194E-23
0,0329;2,19674E-23
0,033;2,25294E-23
0,0331;2,31056E-23
0,0332;2,36964E-23
0,0333;2,43022E-23
0,0334;2,49233E-23
0,0335;2,55602E-23
0,0336;2,62132E-23
0,0337;2,68828E-23
0,0338;2,75693E-23
0,0339;2,82732E-23
0,034;2,89949E-23
0,0341;2,97348E-23
0,0342;3,04935E-23
0,0343;3,12714E-23
0,0344;3,20689E-23
0,0345;3,28866E-23
0,0346;3,3725E-23
0,0347;3,45845E-23
0,0348;3,54658E-23
0,0349;3,63693E-23
0,035;3,72956E-23
0,0351;3,82454E-23
0,0352;3,92191E-23
0,0353;4,02173E-23
0,0354;4,12408E-23
0,0355;4,22901E-23
0,0356;4,33658E-23
0,0357;4,44687E-23
0,0358;4,55993E-23
0,0359;4,67585E-23
0,036;4,79469E-23
0,0361;4,91652E-23
0,0362;5,04141E-23
0,0363;5,16946E-23
0,0364;5,30072E-23
0,0365;5,4353E-23
0,0366;5,57325E-23
0,0367;5,71468E-23
0,0368;5,85966E-23
0,0369;6,00829E-23
0,037;6,16066E-23
0,0371;6,31686E-23
0,0372;6,47698E-23
0,0373;6,64113E-23
0,0374;6,80939E-23
0,0375;6,98189E-23
0,0376;7,15871E-23
0,0377;7,33998E-23
0,0378;7,52579E-23
0,0379;7,71626E-23
0,038;7,91152E-23
0,0381;8,11167E-23
0,0382;8,31683E-23
0,0383;8,52714E-23
0,0384;8,74273E-23
0,0385;8,96371E-23
0,0386;9,19023E-23
0,0387;9,42242E-23
0,0388;9,66043E-23
0,0389;9,9044E-23
0,039;1,01545E-22
0,0391;1,04108E-22
0,0392;1,06735E-22
0,0393;1,09429E-22
0,0394;1,12189E-22
0,0395;1,15019E-22
0,0396;1,17919E-22
0,0397;1,20891E-22
0,0398;1,23938E-22
0,0399;1,27062E-22
0,04;1,30263E-22
0,0401;1,33544E-22
0,0402;1,36907E-22
0,0403;1,40353E-22
0,0404;1,43886E-22
0,0405;1,47507E-22
0,0406;1,51218E-22
0,0407;1,55022E-22
0,0408;1,58921E-22
0,0409;1,62917E-22
0,041;1,67012E-22
0,0411;1,71209E-22
0,0412;1,75511E-22
0,0413;1,7992E-22
0,0414;1,84439E-22
0,0415;1,8907E-22
0,0416;1,93817E-22
0,0417;1,98681E-22
0,0418;2,03667E-22
0,0419;2,08776E-22
0,042;2,14013E-22
0,0421;2,1938E-22
0,0422;2,2488E-22
0,0423;2,30517E-22
0,0424;2,36293E-22
0,0425;2,42214E-22
0,0426;2,48281E-22
0,0427;2,54499E-22
0,0428;2,60871E-22
0,0429;2,67401E-22
0,043;2,74093E-22
0,0431;2,80951E-22
0,0432;2,8798E-22
0,0433;2,95182E-22
0,0434;3,02563E-22
0,0435;3,10127E-22
0,0436;3,17878E-22
0,0437;3,25821E-22
0,0438;3,33961E-22
0,0439;3,42302E-22
0,044;3,5085E-22
0,0441;3,59609E-22
0,0442;3,68585E-22
0,0443;3,77783E-22
0,0444;3,87208E-22
0,0445;3,96867E-22
0,0446;4,06764E-22
0,0447;4,16906E-22
0,0448;4,27298E-22
0,0449;4,37947E-22
0,045;4,48859E-22
0,0451;4,6004E-22
0,0452;4,71497E-22
0,0453;4,83237E-22
0,0454;4,95267E-22
0,0455;5,07593E-22
0,0456;5,20223E-22
0,0457;5,33165E-22
0,0458;5,46425E-22
0,0459;5,60013E-22
0,046;5,73935E-22
0,0461;5,882E-22
0,0462;6,02817E-22
0,0463;6,17793E-22
0,0464;6,33138E-22
0,0465;6,4886E-22
0,0466;6,6497E-22
0,0467;6,81476E-22
0,0468;6,98387E-22
0,0469;7,15715E-22
0,047;7,33468E-22
0,0471;7,51658E-22
0,0472;7,70294E-22
0,0473;7,89389E-22
0,0474;8,08952E-22
0,0475;8,28996E-22
0,0476;8,49531E-22
0,0477;8,70571E-22
0,0478;8,92127E-22
0,0479;9,14212E-22
0,048;9,36838E-22
0,0481;9,6002E-22
0,0482;9,83769E-22
0,0483;1,0081E-21
0,0484;1,03303E-21
0,0485;1,05857E-21
0,0486;1,08473E-21
0,0487;1,11154E-21
0,0488;1,139E-21
0,0489;1,16713E-21
0,049;1,19595E-21
0,0491;1,22548E-21
0,0492;1,25573E-21
0,0493;1,28671E-21
0,0494;1,31846E-21
0,0495;1,35098E-21
0,0496;1,3843E-21
0,0497;1,41843E-21
0,0498;1,45339E-21
0,0499;1,48921E-21
0,05;1,5259E-21
0,0501;1,56349E-21
0,0502;1,602E-21
0,0503;1,64144E-21
0,0504;1,68185E-21
0,0505;1,72324E-21
0,0506;1,76564E-21
0,0507;1,80908E-21
0,0508;1,85357E-21
0,0509;1,89915E-21
0,051;1,94584E-21
0,0511;1,99366E-21
0,0512;2,04265E-21
0,0513;2,09283E-21
0,0514;2,14423E-21
0,0515;2,19689E-21
0,0516;2,25082E-21
0,0517;2,30606E-21
0,0518;2,36265E-21
0,0519;2,42062E-21
0,052;2,47999E-21
0,0521;2,54081E-21
0,0522;2,6031E-21
0,0523;2,6669E-21
0,0524;2,73226E-21
0,0525;2,7992E-21
0,0526;2,86777E-21
0,0527;2,938E-21
0,0528;3,00993E-21
0,0529;3,08361E-21
0,053;3,15907E-21
0,0531;3,23636E-21
0,0532;3,31553E-21
0,0533;3,39661E-21
0,0534;3,47966E-21
0,0535;3,56472E-21
0,0536;3,65184E-21
0,0537;3,74107E-21
0,0538;3,83246E-21
0,0539;3,92606E-21
0,054;4,02192E-21
0,0541;4,1201E-21
0,0542;4,22066E-21
0,0543;4,32364E-21
0,0544;4,42912E-21
0,0545;4,53714E-21
0,0546;4,64778E-21
0,0547;4,76108E-21
0,0548;4,87712E-21
0,0549;4,99597E-21
0,055;5,11768E-21
0,0551;5,24232E-21
0,0552;5,36998E-21
0,0553;5,50071E-21
0,0554;5,6346E-21
0,0555;5,77171E-21
0,0556;5,91213E-21
0,0557;6,05593E-21
0,0558;6,20319E-21
0,0559;6,354E-21
0,056;6,50845E-21
0,0561;6,66661E-21
0,0562;6,82857E-21
0,0563;6,99444E-21
0,0564;7,16429E-21
0,0565;7,33823E-21
0,0566;7,51635E-21
0,0567;7,69876E-21
0,0568;7,88555E-21
0,0569;8,07682E-21
0,057;8,27269E-21
0,0571;8,47327E-21
0,0572;8,67866E-21
0,0573;8,88898E-21
0,0574;9,10435E-21
0,0575;9,32489E-21
0,0576;9,55072E-21
0,0577;9,78196E-21
0,0578;1,00187E-20
0,0579;1,02612E-20
0,058;1,05095E-20
0,0581;1,07637E-20
0,0582;1,1024E-20
0,0583;1,12906E-20
0,0584;1,15635E-20
0,0585;1,1843E-20
0,0586;1,21291E-20
0,0587;1,24221E-20
0,0588;1,27221E-20
0,0589;1,30293E-20
0,059;1,33439E-20
0,0591;1,36659E-20
0,0592;1,39957E-20
0,0593;1,43333E-20
0,0594;1,4679E-20
0,0595;1,50329E-20
0,0596;1,53953E-20
0,0597;1,57664E-20
0,0598;1,61463E-20
0,0599;1,65352E-20
0,06;1,69335E-20
0,0601;1,73412E-20
0,0602;1,77587E-20
0,0603;1,81861E-20
0,0604;1,86237E-20
0,0605;1,90718E-20
0,0606;1,95305E-20
0,0607;2,00001E-20
0,0608;2,04809E-20
0,0609;2,09732E-20
0,061;2,14771E-20
0,0611;2,19931E-20
0,0612;2,25213E-20
0,0613;2,30621E-20
0,0614;2,36158E-20
0,0615;2,41826E-20
0,0616;2,47629E-20
0,0617;2,5357E-20
0,0618;2,59652E-20
0,0619;2,65878E-20
0,062;2,72252E-20
0,0621;2,78778E-20
0,0622;2,85458E-20
0,0623;2,92297E-20
0,0624;2,99298E-20
0,0625;3,06465E-20
0,0626;3,13802E-20
0,0627;3,21313E-20
0,0628;3,29002E-20
0,0629;3,36873E-20
0,063;3,44931E-20
0,0631;3,53179E-20
0,0632;3,61623E-20
0,0633;3,70266E-20
0,0634;3,79114E-20
0,0635;3,88172E-20
0,0636;3,97444E-20
0,0637;4,06934E-20
0,0638;4,1665E-20
0,0639;4,26595E-20
0,064;4,36775E-20
0,0641;4,47195E-20
0,0642;4,57862E-20
0,0643;4,6878E-20
0,0644;4,79956E-20
0,0645;4,91397E-20
0,0646;5,03107E-20
0,0647;5,15093E-20
0,0648;5,27362E-20
0,0649;5,3992E-20
0,065;5,52775E-20
0,0651;5,65932E-20
0,0652;5,79399E-20
0,0653;5,93184E-20
0,0654;6,07293E-20
0,0655;6,21735E-20
0,0656;6,36516E-20
0,0657;6,51646E-20
0,0658;6,67131E-20
0,0659;6,82981E-20
0,066;6,99204E-20
0,0661;7,15808E-20
0,0662;7,32802E-20
0,0663;7,50196E-20
0,0664;7,67998E-20
0,0665;7,86219E-20
0,0666;8,04867E-20
0,0667;8,23954E-20
0,0668;8,43488E-20
0,0669;8,63481E-20
0,067;8,83943E-20
0,0671;9,04886E-20
0,0672;9,26319E-20
0,0673;9,48255E-20
0,0674;9,70705E-20
0,0675;9,93681E-20
0,0676;1,0172E-19
0,0677;1,04126E-19
0,0678;1,06589E-19
0,0679;1,09109E-19
0,068;1,11689E-19
0,0681;1,14329E-19
0,0682;1,17031E-19
0,0683;1,19795E-19
0,0684;1,22625E-19
0,0685;1,25521E-19
0,0686;1,28484E-19
0,0687;1,31517E-19
0,0688;1,3462E-19
0,0689;1,37796E-19
0,069;1,41046E-19
0,0691;1,44372E-19
0,0692;1,47776E-19
0,0693;1,51259E-19
0,0694;1,54823E-19
0,0695;1,58471E-19
0,0696;1,62203E-19
0,0697;1,66023E-19
0,0698;1,69931E-19
0,0699;1,73931E-19
0,07;1,78024E-19
0,0701;1,82212E-19
0,0702;1,86497E-19
0,0703;1,90883E-19
0,0704;1,9537E-19
0,0705;1,99962E-19
0,0706;2,04661E-19
0,0707;2,09469E-19
0,0708;2,14388E-19
0,0709;2,19423E-19
0,071;2,24574E-19
0,0711;2,29844E-19
0,0712;2,35238E-19
0,0713;2,40756E-19
0,0714;2,46403E-19
0,0715;2,5218E-19
0,0716;2,58092E-19
0,0717;2,64141E-19
0,0718;2,7033E-19
0,0719;2,76663E-19
0,072;2,83143E-19
0,0721;2,89772E-19
0,0722;2,96556E-19
0,0723;3,03496E-19
0,0724;3,10598E-19
0,0725;3,17863E-19
0,0726;3,25297E-19
0,0727;3,32903E-19
0,0728;3,40685E-19
0,0729;3,48647E-19
0,073;3,56793E-19
0,0731;3,65128E-19
0,0732;3,73655E-19
0,0733;3,82379E-19
0,0734;3,91305E-19
0,0735;4,00437E-19
0,0736;4,0978E-19
0,0737;4,19339E-19
0,0738;4,29118E-19
0,0739;4,39123E-19
0,074;4,49359E-19
0,0741;4,59831E-19
0,0742;4,70544E-19
0,0743;4,81505E-19
0,0744;4,92718E-19
0,0745;5,04189E-19
0,0746;5,15925E-19
0,0747;5,27931E-19
0,0748;5,40214E-19
0,0749;5,52779E-19
0,075;5,65634E-19
0,0751;5,78784E-19
0,0752;5,92237E-19
0,0753;6,05999E-19
0,0754;6,20078E-19
0,0755;6,3448E-19
0,0756;6,49213E-19
0,0757;6,64285E-19
0,0758;6,79703E-19
0,0759;6,95476E-19
0,076;7,1161E-19
0,0761;7,28115E-19
0,0762;7,44998E-19
0,0763;7,62269E-19
0,0764;7,79936E-19
0,0765;7,98008E-19
0,0766;8,16495E-19
0,0767;8,35405E-19
0,0768;8,54749E-19
0,0769;8,74535E-19
0,077;8,94775E-19
0,0771;9,15479E-19
0,0772;9,36656E-19
0,0773;9,58318E-19
0,0774;9,80476E-19
0,0775;1,00314E-18
0,0776;1,02632E-18
0,0777;1,05004E-18
0,0778;1,07429E-18
0,0779;1,0991E-18
0,078;1,12448E-18
0,0781;1,15043E-18
0,0782;1,17698E-18
0,0783;1,20414E-18
0,0784;1,23191E-18
0,0785;1,26032E-18
0,0786;1,28938E-18
0,0787;1,3191E-18
0,0788;1,3495E-18
0,0789;1,38059E-18
0,079;1,41239E-18
0,0791;1,44491E-18
0,0792;1,47817E-18
0,0793;1,5122E-18
0,0794;1,54699E-18
0,0795;1,58258E-18
0,0796;1,61898E-18
0,0797;1,65621E-18
0,0798;1,69428E-18
0,0799;1,73322E-18
0,08;1,77305E-18
0,0801;1,81378E-18
0,0802;1,85544E-18
0,0803;1,89804E-18
0,0804;1,94161E-18
0,0805;1,98617E-18
0,0806;2,03174E-18
0,0807;2,07835E-18
0,0808;2,12601E-18
0,0809;2,17476E-18
0,081;2,22461E-18
0,0811;2,27559E-18
0,0812;2,32772E-18
0,0813;2,38104E-18
0,0814;2,43557E-18
0,0815;2,49133E-18
0,0816;2,54836E-18
0,0817;2,60667E-18
0,0818;2,66631E-18
0,0819;2,72729E-18
0,082;2,78966E-18
0,0821;2,85343E-18
0,0822;2,91865E-18
0,0823;2,98534E-18
0,0824;3,05354E-18
0,0825;3,12328E-18
0,0826;3,1946E-18
0,0827;3,26753E-18
0,0828;3,3421E-18
0,0829;3,41836E-18
0,083;3,49634E-18
0,0831;3,57608E-18
0,0832;3,65761E-18
0,0833;3,74099E-18
0,0834;3,82625E-18
0,0835;3,91342E-18
0,0836;4,00256E-18
0,0837;4,09372E-18
0,0838;4,18692E-18
0,0839;4,28222E-18
0,084;4,37967E-18
0,0841;4,47931E-18
0,0842;4,58119E-18
0,0843;4,68537E-18
0,0844;4,79189E-18
0,0845;4,9008E-18
0,0846;5,01216E-18
0,0847;5,12603E-18
0,0848;5,24245E-18
0,0849;5,36149E-18
0,085;5,4832E-18
0,0851;5,60765E-18
0,0852;5,73488E-18
0,0853;5,86498E-18
0,0854;5,99799E-18
0,0855;6,13398E-18
0,0856;6,27303E-18
0,0857;6,41519E-18
0,0858;6,56054E-18
0,0859;6,70914E-18
0,086;6,86108E-18
0,0861;7,01641E-18
0,0862;7,17523E-18
0,0863;7,3376E-18
0,0864;7,5036E-18
0,0865;7,67332E-18
0,0866;7,84683E-18
0,0867;8,02423E-18
0,0868;8,20559E-18
0,0869;8,391E-18
0,087;8,58056E-18
0,0871;8,77435E-18
0,0872;8,97247E-18
0,0873;9,17501E-18
0,0874;9,38208E-18
0,0875;9,59376E-18
0,0876;9,81017E-18
0,0877;1,00314E-17
0,0878;1,02576E-17
0,0879;1,04888E-17
0,088;1,07252E-17
0,0881;1,09668E-17
0,0882;1,12138E-17
0,0883;1,14663E-17
0,0884;1,17245E-17
0,0885;1,19884E-17
0,0886;1,22581E-17
0,0887;1,25339E-17
0,0888;1,28158E-17
0,0889;1,3104E-17
0,089;1,33985E-17
0,0891;1,36997E-17
0,0892;1,40075E-17
0,0893;1,43221E-17
0,0894;1,46438E-17
0,0895;1,49726E-17
0,0896;1,53086E-17
0,0897;1,56522E-17
0,0898;1,60033E-17
0,0899;1,63623E-17
0,09;1,67292E-17
0,0901;1,71043E-17
0,0902;1,74876E-17
0,0903;1,78795E-17
0,0904;1,82801E-17
0,0905;1,86895E-17
0,0906;1,9108E-17
0,0907;1,95357E-17
0,0908;1,99729E-17
0,0909;2,04198E-17
0,091;2,08766E-17
0,0911;2,13435E-17
0,0912;2,18207E-17
0,0913;2,23084E-17
0,0914;2,28069E-17
0,0915;2,33165E-17
0,0916;2,38373E-17
0,0917;2,43696E-17
0,0918;2,49136E-17
0,0919;2,54697E-17
0,092;2,6038E-17
0,0921;2,66189E-17
0,0922;2,72126E-17
0,0923;2,78194E-17
0,0924;2,84395E-17
0,0925;2,90733E-17
0,0926;2,97211E-17
0,0927;3,03831E-17
0,0928;3,10598E-17
0,0929;3,17513E-17
0,093;3,2458E-17
0,0931;3,31803E-17
0,0932;3,39185E-17
0,0933;3,46729E-17
0,0934;3,54439E-17
0,0935;3,62319E-17
0,0936;3,70372E-17
0,0937;3,78601E-17
0,0938;3,87012E-17
0,0939;3,95607E-17
0,094;4,04391E-17
0,0941;4,13367E-17
0,0942;4,22541E-17
0,0943;4,31916E-17
0,0944;4,41496E-17
0,0945;4,51287E-17
0,0946;4,61292E-17
0,0947;4,71516E-17
0,0948;4,81965E-17
0,0949;4,92642E-17
0,095;5,03553E-17
0,0951;5,14703E-17
0,0952;5,26097E-17
0,0953;5,3774E-17
0,0954;5,49639E-17
0,0955;5,61797E-17
0,0956;5,74221E-17
0,0957;5,86917E-17
0,0958;5,9989E-17
0,0959;6,13146E-17
0,096;6,26693E-17
0,0961;6,40535E-17
0,0962;6,54679E-17
0,0963;6,69132E-17
0,0964;6,839E-17
0,0965;6,9899E-17
0,0966;7,1441E-17
0,0967;7,30165E-17
0,0968;7,46265E-17
0,0969;7,62715E-17
0,097;7,79523E-17
0,0971;7,96697E-17
0,0972;8,14246E-17
0,0973;8,32176E-17
0,0974;8,50497E-17
0,0975;8,69217E-17
0,0976;8,88343E-17
0,0977;9,07886E-17
0,0978;9,27853E-17
0,0979;9,48255E-17
0,098;9,691E-17
0,0981;9,90397E-17
0,0982;1,01216E-16
0,0983;1,03439E-16
0,0984;1,05711E-16
0,0985;1,08031E-16
0,0986;1,10403E-16
0,0987;1,12825E-16
0,0988;1,153E-16
0,0989;1,17829E-16
0,099;1,20413E-16
0,0991;1,23053E-16
0,0992;1,25749E-16
0,0993;1,28505E-16
0,0994;1,31319E-16
0,0995;1,34195E-16
0,0996;1,37133E-16
0,0997;1,40135E-16
0,0998;1,43202E-16
0,0999;1,46334E-16
0,1;1,49535E-16
0,1001;1,52805E-16
0,1002;1,56145E-16
0,1003;1,59558E-16
0,1004;1,63044E-16
0,1005;1,66606E-16
0,1006;1,70244E-16
0,1007;1,73961E-16
0,1008;1,77758E-16
0,1009;1,81637E-16
0,101;1,856E-16
0,1011;1,89648E-16
0,1012;1,93783E-16
0,1013;1,98008E-16
0,1014;2,02323E-16
0,1015;2,06732E-16
0,1016;2,11235E-16
0,1017;2,15835E-16
0,1018;2,20534E-16
0,1019;2,25335E-16
0,102;2,30238E-16
0,1021;2,35247E-16
0,1022;2,40364E-16
0,1023;2,45591E-16
0,1024;2,5093E-16
0,1025;2,56383E-16
0,1026;2,61954E-16
0,1027;2,67644E-16
0,1028;2,73457E-16
0,1029;2,79394E-16
0,103;2,85458E-16
0,1031;2,91653E-16
0,1032;2,9798E-16
0,1033;3,04443E-16
0,1034;3,11045E-16
0,1035;3,17788E-16
0,1036;3,24675E-16
0,1037;3,3171E-16
0,1038;3,38895E-16
0,1039;3,46235E-16
0,104;3,53731E-16
0,1041;3,61387E-16
0,1042;3,69208E-16
0,1043;3,77195E-16
0,1044;3,85353E-16
0,1045;3,93686E-16
0,1046;4,02197E-16
0,1047;4,10889E-16
0,1048;4,19767E-16
0,1049;4,28834E-16
0,105;4,38095E-16
0,1051;4,47553E-16
0,1052;4,57214E-16
0,1053;4,6708E-16
0,1054;4,77156E-16
0,1055;4,87447E-16
0,1056;4,97958E-16
0,1057;5,08692E-16
0,1058;5,19655E-16
0,1059;5,30852E-16
0,106;5,42286E-16
0,1061;5,53964E-16
0,1062;5,65891E-16
0,1063;5,78071E-16
0,1064;5,9051E-16
0,1065;6,03213E-16
0,1066;6,16187E-16
0,1067;6,29436E-16
0,1068;6,42966E-16
0,1069;6,56784E-16
0,107;6,70895E-16
0,1071;6,85305E-16
0,1072;7,00021E-16
0,1073;7,1505E-16
0,1074;7,30397E-16
0,1075;7,46069E-16
0,1076;7,62073E-16
0,1077;7,78417E-16
0,1078;7,95107E-16
0,1079;8,1215E-16
0,108;8,29555E-16
0,1081;8,47327E-16
0,1082;8,65476E-16
0,1083;8,84008E-16
0,1084;9,02933E-16
0,1085;9,22258E-16
0,1086;9,41991E-16
0,1087;9,62141E-16
0,1088;9,82717E-16
0,1089;1,00373E-15
0,109;1,02518E-15
0,1091;1,04709E-15
0,1092;1,06946E-15
0,1093;1,0923E-15
0,1094;1,11562E-15
0,1095;1,13944E-15
0,1096;1,16375E-15
0,1097;1,18858E-15
0,1098;1,21394E-15
0,1099;1,23982E-15
0,11;1,26626E-15
0,1101;1,29325E-15
0,1102;1,3208E-15
0,1103;1,34894E-15
0,1104;1,37767E-15
0,1105;1,407E-15
0,1106;1,43695E-15
0,1107;1,46753E-15
0,1108;1,49875E-15
0,1109;1,53063E-15
0,111;1,56318E-15
0,1111;1,59641E-15
0,1112;1,63033E-15
0,1113;1,66498E-15
0,1114;1,70034E-15
0,1115;1,73645E-15
0,1116;1,77332E-15
0,1117;1,81096E-15
0,1118;1,84939E-15
0,1119;1,88862E-15
0,112;1,92867E-15
0,1121;1,96957E-15
0,1122;2,01132E-15
0,1123;2,05394E-15
0,1124;2,09746E-15
0,1125;2,14189E-15
0,1126;2,18724E-15
0,1127;2,23355E-15
0,1128;2,28082E-15
0,1129;2,32908E-15
0,113;2,37835E-15
0,1131;2,42864E-15
0,1132;2,47999E-15
0,1133;2,53241E-15
0,1134;2,58593E-15
0,1135;2,64056E-15
0,1136;2,69632E-15
0,1137;2,75326E-15
0,1138;2,81138E-15
0,1139;2,87071E-15
0,114;2,93128E-15
0,1141;2,9931E-15
0,1142;3,05622E-15
0,1143;3,12065E-15
0,1144;3,18642E-15
0,1145;3,25356E-15
0,1146;3,3221E-15
0,1147;3,39206E-15
0,1148;3,46348E-15
0,1149;3,53638E-15
0,115;3,6108E-15
0,1151;3,68676E-15
0,1152;3,7643E-15
0,1153;3,84345E-15
0,1154;3,92424E-15
0,1155;4,00671E-15
0,1156;4,09089E-15
0,1157;4,17682E-15
0,1158;4,26453E-15
0,1159;4,35406E-15
0,116;4,44544E-15
0,1161;4,53872E-15
0,1162;4,63392E-15
0,1163;4,7311E-15
0,1164;4,83029E-15
0,1165;4,93154E-15
0,1166;5,03488E-15
0,1167;5,14036E-15
0,1168;5,24801E-15
0,1169;5,3579E-15
0,117;5,47005E-15
0,1171;5,58453E-15
0,1172;5,70136E-15
0,1173;5,82061E-15
0,1174;5,94233E-15
0,1175;6,06655E-15
0,1176;6,19334E-15
0,1177;6,32274E-15
0,1178;6,45482E-15
0,1179;6,58961E-15
0,118;6,72719E-15
0,1181;6,86759E-15
0,1182;7,0109E-15
0,1183;7,15715E-15
0,1184;7,30642E-15
0,1185;7,45875E-15
0,1186;7,61423E-15
0,1187;7,7729E-15
0,1188;7,93483E-15
0,1189;8,1001E-15
0,119;8,26876E-15
0,1191;8,44089E-15
0,1192;8,61655E-15
0,1193;8,79583E-15
0,1194;8,97878E-15
0,1195;9,16549E-15
0,1196;9,35604E-15
0,1197;9,55049E-15
0,1198;9,74893E-15
0,1199;9,95144E-15
0,12;1,01581E-14
0,1201;1,0369E-14
0,1202;1,05842E-14
0,1203;1,08038E-14
0,1204;1,1028E-14
0,1205;1,12567E-14
0,1206;1,14901E-14
0,1207;1,17283E-14
0,1208;1,19713E-14
0,1209;1,22193E-14
0,121;1,24724E-14
0,1211;1,27306E-14
0,1212;1,29942E-14
0,1213;1,32631E-14
0,1214;1,35375E-14
0,1215;1,38175E-14
0,1216;1,41033E-14
0,1217;1,43948E-14
0,1218;1,46923E-14
0,1219;1,49959E-14
0,122;1,53057E-14
0,1221;1,56217E-14
0,1222;1,59443E-14
0,1223;1,62734E-14
0,1224;1,66091E-14
0,1225;1,69518E-14
0,1226;1,73014E-14
0,1227;1,76581E-14
0,1228;1,80221E-14
0,1229;1,83935E-14
0,123;1,87724E-14
0,1231;1,9159E-14
0,1232;1,95535E-14
0,1233;1,9956E-14
0,1234;2,03667E-14
0,1235;2,07857E-14
0,1236;2,12133E-14
0,1237;2,16495E-14
0,1238;2,20945E-14
0,1239;2,25486E-14
0,124;2,30119E-14
0,1241;2,34846E-14
0,1242;2,39668E-14
0,1243;2,44589E-14
0,1244;2,49609E-14
0,1245;2,5473E-14
0,1246;2,59956E-14
0,1247;2,65287E-14
0,1248;2,70725E-14
0,1249;2,76274E-14
0,125;2,81936E-14
0,1251;2,87711E-14
0,1252;2,93604E-14
0,1253;2,99615E-14
0,1254;3,05748E-14
0,1255;3,12004E-14
0,1256;3,18387E-14
0,1257;3,24899E-14
0,1258;3,31542E-14
0,1259;3,3832E-14
0,126;3,45233E-14
0,1261;3,52287E-14
0,1262;3,59482E-14
0,1263;3,66822E-14
0,1264;3,74311E-14
0,1265;3,8195E-14
0,1266;3,89742E-14
0,1267;3,97692E-14
0,1268;4,05802E-14
0,1269;4,14074E-14
0,127;4,22514E-14
0,1271;4,31122E-14
0,1272;4,39904E-14
0,1273;4,48862E-14
0,1274;4,58001E-14
0,1275;4,67322E-14
0,1276;4,76831E-14
0,1277;4,86531E-14
0,1278;4,96425E-14
0,1279;5,06518E-14
0,128;5,16813E-14
0,1281;5,27315E-14
0,1282;5,38027E-14
0,1283;5,48954E-14
0,1284;5,601E-14
0,1285;5,71468E-14
0,1286;5,83065E-14
0,1287;5,94893E-14
0,1288;6,06959E-14
0,1289;6,19265E-14
0,129;6,31818E-14
0,1291;6,44622E-14
0,1292;6,57681E-14
0,1293;6,71002E-14
0,1294;6,84588E-14
0,1295;6,98446E-14
0,1296;7,12581E-14
0,1297;7,26998E-14
0,1298;7,41702E-14
0,1299;7,567E-14
0,13;7,71996E-14
0,1301;7,87598E-14
0,1302;8,03511E-14
0,1303;8,19741E-14
0,1304;8,36294E-14
0,1305;8,53176E-14
0,1306;8,70395E-14
0,1307;8,87957E-14
0,1308;9,05868E-14
0,1309;9,24135E-14
0,131;9,42766E-14
0,1311;9,61766E-14
0,1312;9,81145E-14
0,1313;1,00091E-13
0,1314;1,02106E-13
0,1315;1,04162E-13
0,1316;1,06259E-13
0,1317;1,08397E-13
0,1318;1,10577E-13
0,1319;1,12801E-13
0,132;1,15069E-13
0,1321;1,17382E-13
0,1322;1,1974E-13
0,1323;1,22146E-13
0,1324;1,24599E-13
0,1325;1,271E-13
0,1326;1,29651E-13
0,1327;1,32253E-13
0,1328;1,34906E-13
0,1329;1,37611E-13
0,133;1,40371E-13
0,1331;1,43184E-13
0,1332;1,46053E-13
0,1333;1,48979E-13
0,1334;1,51963E-13
0,1335;1,55006E-13
0,1336;1,58108E-13
0,1337;1,61272E-13
0,1338;1,64498E-13
0,1339;1,67788E-13
0,134;1,71143E-13
0,1341;1,74564E-13
0,1342;1,78053E-13
0,1343;1,8161E-13
0,1344;1,85237E-13
0,1345;1,88935E-13
0,1346;1,92707E-13
0,1347;1,96553E-13
0,1348;2,00474E-13
0,1349;2,04472E-13
0,135;2,08549E-13
0,1351;2,12706E-13
0,1352;2,16945E-13
0,1353;2,21267E-13
0,1354;2,25674E-13
0,1355;2,30168E-13
0,1356;2,3475E-13
0,1357;2,39421E-13
0,1358;2,44185E-13
0,1359;2,49042E-13
0,136;2,53994E-13
0,1361;2,59043E-13
0,1362;2,64191E-13
0,1363;2,69439E-13
0,1364;2,74791E-13
0,1365;2,80247E-13
0,1366;2,85811E-13
0,1367;2,91483E-13
0,1368;2,97266E-13
0,1369;3,03162E-13
0,137;3,09173E-13
0,1371;3,15302E-13
0,1372;3,21551E-13
0,1373;3,27921E-13
0,1374;3,34417E-13
0,1375;3,41038E-13
0,1376;3,4779E-13
0,1377;3,54672E-13
0,1378;3,6169E-13
0,1379;3,68844E-13
0,138;3,76137E-13
0,1381;3,83573E-13
0,1382;3,91153E-13
0,1383;3,98881E-13
0,1384;4,0676E-13
0,1385;4,14792E-13
0,1386;4,2298E-13
0,1387;4,31328E-13
0,1388;4,39838E-13
0,1389;4,48513E-13
0,139;4,57357E-13
0,1391;4,66373E-13
0,1392;4,75564E-13
0,1393;4,84934E-13
0,1394;4,94485E-13
0,1395;5,04222E-13
0,1396;5,14148E-13
0,1397;5,24267E-13
0,1398;5,34581E-13
0,1399;5,45096E-13
0,14;5,55815E-13
0,1401;5,66741E-13
0,1402;5,77879E-13
0,1403;5,89232E-13
0,1404;6,00806E-13
0,1405;6,12603E-13
0,1406;6,24629E-13
0,1407;6,36887E-13
0,1408;6,49382E-13
0,1409;6,62119E-13
0,141;6,75102E-13
0,1411;6,88336E-13
0,1412;7,01826E-13
0,1413;7,15576E-13
0,1414;7,29591E-13
0,1415;7,43877E-13
0,1416;7,58439E-13
0,1417;7,73281E-13
0,1418;7,8841E-13
0,1419;8,0383E-13
0,142;8,19548E-13
0,1421;8,35568E-13
0,1422;8,51897E-13
0,1423;8,6854E-13
0,1424;8,85504E-13
0,1425;9,02794E-13
0,1426;9,20417E-13
0,1427;9,38378E-13
0,1428;9,56685E-13
0,1429;9,75344E-13
0,143;9,94361E-13
0,1431;1,01374E-12
0,1432;1,0335E-12
0,1433;1,05363E-12
0,1434;1,07415E-12
0,1435;1,09507E-12
0,1436;1,11638E-12
0,1437;1,13811E-12
0,1438;1,16025E-12
0,1439;1,18281E-12
0,144;1,20581E-12
0,1441;1,22925E-12
0,1442;1,25314E-12
0,1443;1,27748E-12
0,1444;1,30229E-12
0,1445;1,32757E-12
0,1446;1,35334E-12
0,1447;1,3796E-12
0,1448;1,40637E-12
0,1449;1,43364E-12
0,145;1,46143E-12
0,1451;1,48976E-12
0,1452;1,51863E-12
0,1453;1,54804E-12
0,1454;1,57802E-12
0,1455;1,60857E-12
0,1456;1,63971E-12
0,1457;1,67144E-12
0,1458;1,70377E-12
0,1459;1,73672E-12
0,146;1,77029E-12
0,1461;1,80451E-12
0,1462;1,83937E-12
0,1463;1,8749E-12
0,1464;1,91111E-12
0,1465;1,948E-12
0,1466;1,9856E-12
0,1467;2,02391E-12
0,1468;2,06294E-12
0,1469;2,10272E-12
0,147;2,14326E-12
0,1471;2,18456E-12
0,1472;2,22665E-12
0,1473;2,26954E-12
0,1474;2,31324E-12
0,1475;2,35777E-12
0,1476;2,40315E-12
0,1477;2,44938E-12
0,1478;2,49649E-12
0,1479;2,54449E-12
0,148;2,5934E-12
0,1481;2,64324E-12
0,1482;2,69402E-12
0,1483;2,74576E-12
0,1484;2,79848E-12
0,1485;2,8522E-12
0,1486;2,90693E-12
0,1487;2,9627E-12
0,1488;3,01952E-12
0,1489;3,07741E-12
0,149;3,1364E-12
0,1491;3,19649E-12
0,1492;3,25773E-12
0,1493;3,32012E-12
0,1494;3,38368E-12
0,1495;3,44844E-12
0,1496;3,51443E-12
0,1497;3,58165E-12
0,1498;3,65015E-12
0,1499;3,71993E-12
0,15;3,79102E-12
0,1501;3,86346E-12
0,1502;3,93725E-12
0,1503;4,01244E-12
0,1504;4,08904E-12
0,1505;4,16708E-12
0,1506;4,24658E-12
0,1507;4,32758E-12
0,1508;4,4101E-12
0,1509;4,49416E-12
0,151;4,57981E-12
0,1511;4,66706E-12
0,1512;4,75595E-12
0,1513;4,84651E-12
0,1514;4,93876E-12
0,1515;5,03274E-12
0,1516;5,12849E-12
0,1517;5,22602E-12
0,1518;5,32538E-12
0,1519;5,42661E-12
0,152;5,52972E-12
0,1521;5,63477E-12
0,1522;5,74178E-12
0,1523;5,85079E-12
0,1524;5,96183E-12
0,1525;6,07496E-12
0,1526;6,19019E-12
0,1527;6,30758E-12
0,1528;6,42716E-12
0,1529;6,54897E-12
0,153;6,67305E-12
0,1531;6,79945E-12
0,1532;6,9282E-12
0,1533;7,05935E-12
0,1534;7,19295E-12
0,1535;7,32904E-12
0,1536;7,46766E-12
0,1537;7,60886E-12
0,1538;7,75268E-12
0,1539;7,89919E-12
0,154;8,04842E-12
0,1541;8,20042E-12
0,1542;8,35525E-12
0,1543;8,51296E-12
0,1544;8,6736E-12
0,1545;8,83722E-12
0,1546;9,00388E-12
0,1547;9,17363E-12
0,1548;9,34653E-12
0,1549;9,52264E-12
0,155;9,70201E-12
0,1551;9,88471E-12
0,1552;1,00708E-11
0,1553;1,02603E-11
0,1554;1,04534E-11
0,1555;1,065E-11
0,1556;1,08503E-11
0,1557;1,10542E-11
0,1558;1,1262E-11
0,1559;1,14735E-11
0,156;1,1689E-11
0,1561;1,19085E-11
0,1562;1,2132E-11
0,1563;1,23597E-11
0,1564;1,25915E-11
0,1565;1,28277E-11
0,1566;1,30682E-11
0,1567;1,33131E-11
0,1568;1,35626E-11
0,1569;1,38166E-11
0,157;1,40754E-11
0,1571;1,43389E-11
0,1572;1,46072E-11
0,1573;1,48805E-11
0,1574;1,51589E-11
0,1575;1,54423E-11
0,1576;1,5731E-11
0,1577;1,6025E-11
0,1578;1,63244E-11
0,1579;1,66292E-11
0,158;1,69397E-11
0,1581;1,72559E-11
0,1582;1,75779E-11
0,1583;1,79058E-11
0,1584;1,82398E-11
0,1585;1,85798E-11
0,1586;1,89261E-11
0,1587;1,92788E-11
0,1588;1,96379E-11
0,1589;2,00036E-11
0,159;2,0376E-11
0,1591;2,07552E-11
0,1592;2,11413E-11
0,1593;2,15346E-11
0,1594;2,1935E-11
0,1595;2,23427E-11
0,1596;2,27579E-11
0,1597;2,31807E-11
0,1598;2,36112E-11
0,1599;2,40496E-11
0,16;2,4496E-11
0,1601;2,49505E-11
0,1602;2,54134E-11
0,1603;2,58847E-11
0,1604;2,63645E-11
0,1605;2,68532E-11
0,1606;2,73507E-11
0,1607;2,78573E-11
0,1608;2,83731E-11
0,1609;2,88984E-11
0,161;2,94332E-11
0,1611;2,99777E-11
0,1612;3,05321E-11
0,1613;3,10967E-11
0,1614;3,16715E-11
0,1615;3,22567E-11
0,1616;3,28526E-11
0,1617;3,34593E-11
0,1618;3,4077E-11
0,1619;3,4706E-11
0,162;3,53463E-11
0,1621;3,59983E-11
0,1622;3,66621E-11
0,1623;3,7338E-11
0,1624;3,80261E-11
0,1625;3,87266E-11
0,1626;3,94399E-11
0,1627;4,01661E-11
0,1628;4,09054E-11
0,1629;4,16581E-11
0,163;4,24245E-11
0,1631;4,32047E-11
0,1632;4,3999E-11
0,1633;4,48077E-11
0,1634;4,5631E-11
0,1635;4,64691E-11
0,1636;4,73224E-11
0,1637;4,81912E-11
0,1638;4,90756E-11
0,1639;4,99759E-11
0,164;5,08925E-11
0,1641;5,18256E-11
0,1642;5,27756E-11
0,1643;5,37427E-11
0,1644;5,47272E-11
0,1645;5,57294E-11
0,1646;5,67497E-11
0,1647;5,77883E-11
0,1648;5,88457E-11
0,1649;5,99221E-11
0,165;6,10178E-11
0,1651;6,21332E-11
0,1652;6,32687E-11
0,1653;6,44245E-11
0,1654;6,56012E-11
0,1655;6,67989E-11
0,1656;6,80182E-11
0,1657;6,92593E-11
0,1658;7,05228E-11
0,1659;7,18088E-11
0,166;7,31179E-11
0,1661;7,44505E-11
0,1662;7,5807E-11
0,1663;7,71878E-11
0,1664;7,85933E-11
0,1665;8,00239E-11
0,1666;8,14801E-11
0,1667;8,29624E-11
0,1668;8,44713E-11
0,1669;8,6007E-11
0,167;8,75703E-11
0,1671;8,91614E-11
0,1672;9,0781E-11
0,1673;9,24295E-11
0,1674;9,41075E-11
0,1675;9,58153E-11
0,1676;9,75537E-11
0,1677;9,9323E-11
0,1678;1,01124E-10
0,1679;1,02957E-10
0,168;1,04823E-10
0,1681;1,06721E-10
0,1682;1,08654E-10
0,1683;1,10621E-10
0,1684;1,12623E-10
0,1685;1,14661E-10
0,1686;1,16735E-10
0,1687;1,18846E-10
0,1688;1,20994E-10
0,1689;1,2318E-10
0,169;1,25406E-10
0,1691;1,27671E-10
0,1692;1,29976E-10
0,1693;1,32322E-10
0,1694;1,34709E-10
0,1695;1,37139E-10
0,1696;1,39612E-10
0,1697;1,42129E-10
0,1698;1,4469E-10
0,1699;1,47297E-10
0,17;1,4995E-10
0,1701;1,5265E-10
0,1702;1,55397E-10
0,1703;1,58193E-10
0,1704;1,61039E-10
0,1705;1,63935E-10
0,1706;1,66882E-10
0,1707;1,69881E-10
0,1708;1,72933E-10
0,1709;1,76039E-10
0,171;1,792E-10
0,1711;1,82417E-10
0,1712;1,8569E-10
0,1713;1,89021E-10
0,1714;1,92411E-10
0,1715;1,95861E-10
0,1716;1,99371E-10
0,1717;2,02943E-10
0,1718;2,06578E-10
0,1719;2,10277E-10
0,172;2,14041E-10
0,1721;2,17871E-10
0,1722;2,21769E-10
0,1723;2,25735E-10
0,1724;2,29771E-10
0,1725;2,33877E-10
0,1726;2,38056E-10
0,1727;2,42308E-10
0,1728;2,46635E-10
0,1729;2,51038E-10
0,173;2,55517E-10
0,1731;2,60076E-10
0,1732;2,64714E-10
0,1733;2,69434E-10
0,1734;2,74236E-10
0,1735;2,79122E-10
0,1736;2,84094E-10
0,1737;2,89153E-10
0,1738;2,943E-10
0,1739;2,99537E-10
0,174;3,04866E-10
0,1741;3,10288E-10
0,1742;3,15805E-10
0,1743;3,21418E-10
0,1744;3,27129E-10
0,1745;3,32939E-10
0,1746;3,38852E-10
0,1747;3,44867E-10
0,1748;3,50987E-10
0,1749;3,57214E-10
0,175;3,63549E-10
0,1751;3,69994E-10
0,1752;3,76552E-10
0,1753;3,83224E-10
0,1754;3,90012E-10
0,1755;3,96919E-10
0,1756;4,03945E-10
0,1757;4,11094E-10
0,1758;4,18366E-10
0,1759;4,25765E-10
0,176;4,33293E-10
0,1761;4,40951E-10
0,1762;4,48742E-10
0,1763;4,56669E-10
0,1764;4,64733E-10
0,1765;4,72937E-10
0,1766;4,81283E-10
0,1767;4,89773E-10
0,1768;4,98411E-10
0,1769;5,07198E-10
0,177;5,16138E-10
0,1771;5,25232E-10
0,1772;5,34483E-10
0,1773;5,43895E-10
0,1774;5,53469E-10
0,1775;5,63209E-10
0,1776;5,73117E-10
0,1777;5,83196E-10
0,1778;5,93449E-10
0,1779;6,03879E-10
0,178;6,1449E-10
0,1781;6,25283E-10
0,1782;6,36262E-10
0,1783;6,47431E-10
0,1784;6,58792E-10
0,1785;6,70349E-10
0,1786;6,82105E-10
0,1787;6,94063E-10
0,1788;7,06228E-10
0,1789;7,18601E-10
0,179;7,31187E-10
0,1791;7,4399E-10
0,1792;7,57013E-10
0,1793;7,7026E-10
0,1794;7,83734E-10
0,1795;7,97439E-10
0,1796;8,1138E-10
0,1797;8,2556E-10
0,1798;8,39984E-10
0,1799;8,54655E-10
0,18;8,69577E-10
0,1801;8,84755E-10
0,1802;9,00193E-10
0,1803;9,15896E-10
0,1804;9,31867E-10
0,1805;9,48112E-10
0,1806;9,64635E-10
0,1807;9,8144E-10
0,1808;9,98533E-10
0,1809;1,01592E-09
0,181;1,0336E-09
0,1811;1,05158E-09
0,1812;1,06988E-09
0,1813;1,08848E-09
0,1814;1,1074E-09
0,1815;1,12664E-09
0,1816;1,14622E-09
0,1817;1,16612E-09
0,1818;1,18637E-09
0,1819;1,20696E-09
0,182;1,2279E-09
0,1821;1,24919E-09
0,1822;1,27085E-09
0,1823;1,29288E-09
0,1824;1,31529E-09
0,1825;1,33807E-09
0,1826;1,36124E-09
0,1827;1,38481E-09
0,1828;1,40877E-09
0,1829;1,43314E-09
0,183;1,45793E-09
0,1831;1,48314E-09
0,1832;1,50877E-09
0,1833;1,53484E-09
0,1834;1,56135E-09
0,1835;1,58831E-09
0,1836;1,61573E-09
0,1837;1,64361E-09
0,1838;1,67196E-09
0,1839;1,7008E-09
0,184;1,73012E-09
0,1841;1,75994E-09
0,1842;1,79026E-09
0,1843;1,82109E-09
0,1844;1,85245E-09
0,1845;1,88433E-09
0,1846;1,91676E-09
0,1847;1,94973E-09
0,1848;1,98326E-09
0,1849;2,01735E-09
0,185;2,05202E-09
0,1851;2,08727E-09
0,1852;2,12312E-09
0,1853;2,15957E-09
0,1854;2,19663E-09
0,1855;2,23432E-09
0,1856;2,27264E-09
0,1857;2,31161E-09
0,1858;2,35123E-09
0,1859;2,39152E-09
0,186;2,43249E-09
0,1861;2,47415E-09
0,1862;2,5165E-09
0,1863;2,55957E-09
0,1864;2,60335E-09
0,1865;2,64788E-09
0,1866;2,69315E-09
0,1867;2,73918E-09
0,1868;2,78598E-09
0,1869;2,83357E-09
0,187;2,88195E-09
0,1871;2,93114E-09
0,1872;2,98116E-09
0,1873;3,03201E-09
0,1874;3,08372E-09
0,1875;3,13629E-09
0,1876;3,18973E-09
0,1877;3,24408E-09
0,1878;3,29933E-09
0,1879;3,3555E-09
0,188;3,41261E-09
0,1881;3,47067E-09
0,1882;3,5297E-09
0,1883;3,58972E-09
0,1884;3,65074E-09
0,1885;3,71277E-09
0,1886;3,77584E-09
0,1887;3,83996E-09
0,1888;3,90515E-09
0,1889;3,97142E-09
0,189;4,0388E-09
0,1891;4,10729E-09
0,1892;4,17693E-09
0,1893;4,24772E-09
0,1894;4,31969E-09
0,1895;4,39285E-09
0,1896;4,46723E-09
0,1897;4,54284E-09
0,1898;4,61971E-09
0,1899;4,69786E-09
0,19;4,7773E-09
0,1901;4,85806E-09
0,1902;4,94015E-09
0,1903;5,02361E-09
0,1904;5,10845E-09
0,1905;5,19469E-09
0,1906;5,28236E-09
0,1907;5,37148E-09
0,1908;5,46207E-09
0,1909;5,55417E-09
0,191;5,64778E-09
0,1911;5,74294E-09
0,1912;5,83968E-09
0,1913;5,93801E-09
0,1914;6,03796E-09
0,1915;6,13957E-09
0,1916;6,24284E-09
0,1917;6,34783E-09
0,1918;6,45454E-09
0,1919;6,56301E-09
0,192;6,67327E-09
0,1921;6,78534E-09
0,1922;6,89926E-09
0,1923;7,01505E-09
0,1924;7,13275E-09
0,1925;7,25239E-09
0,1926;7,37399E-09
0,1927;7,49758E-09
0,1928;7,62321E-09
0,1929;7,75091E-09
0,193;7,88069E-09
0,1931;8,01261E-09
0,1932;8,14669E-09
0,1933;8,28298E-09
0,1934;8,42149E-09
0,1935;8,56228E-09
0,1936;8,70537E-09
0,1937;8,8508E-09
0,1938;8,99862E-09
0,1939;9,14886E-09
0,194;9,30155E-09
0,1941;9,45674E-09
0,1942;9,61447E-09
0,1943;9,77478E-09
0,1944;9,9377E-09
0,1945;1,01033E-08
0,1946;1,02716E-08
0,1947;1,04426E-08
0,1948;1,06164E-08
0,1949;1,07931E-08
0,195;1,09726E-08
0,1951;1,11551E-08
0,1952;1,13406E-08
0,1953;1,1529E-08
0,1954;1,17206E-08
0,1955;1,19152E-08
0,1956;1,2113E-08
0,1957;1,23141E-08
0,1958;1,25184E-08
0,1959;1,2726E-08
0,196;1,2937E-08
0,1961;1,31514E-08
0,1962;1,33693E-08
0,1963;1,35907E-08
0,1964;1,38158E-08
0,1965;1,40445E-08
0,1966;1,42769E-08
0,1967;1,4513E-08
0,1968;1,4753E-08
0,1969;1,49969E-08
0,197;1,52447E-08
0,1971;1,54965E-08
0,1972;1,57524E-08
0,1973;1,60125E-08
0,1974;1,62767E-08
0,1975;1,65453E-08
0,1976;1,68181E-08
0,1977;1,70954E-08
0,1978;1,73772E-08
0,1979;1,76635E-08
0,198;1,79544E-08
0,1981;1,825E-08
0,1982;1,85504E-08
0,1983;1,88556E-08
0,1984;1,91657E-08
0,1985;1,94809E-08
0,1986;1,98011E-08
0,1987;2,01264E-08
0,1988;2,0457E-08
0,1989;2,07929E-08
0,199;2,11343E-08
0,1991;2,14811E-08
0,1992;2,18334E-08
0,1993;2,21915E-08
0,1994;2,25553E-08
0,1995;2,29249E-08
0,1996;2,33004E-08
0,1997;2,3682E-08
0,1998;2,40697E-08
0,1999;2,44636E-08
0,2;2,48639E-08
0,2001;2,52705E-08
0,2002;2,56836E-08
0,2003;2,61034E-08
0,2004;2,65299E-08
0,2005;2,69632E-08
0,2006;2,74034E-08
0,2007;2,78507E-08
0,2008;2,83051E-08
0,2009;2,87668E-08
0,201;2,92358E-08
0,2011;2,97124E-08
0,2012;3,01965E-08
0,2013;3,06884E-08
0,2014;3,11881E-08
0,2015;3,16957E-08
0,2016;3,22115E-08
0,2017;3,27355E-08
0,2018;3,32678E-08
0,2019;3,38086E-08
0,202;3,43579E-08
0,2021;3,49161E-08
0,2022;3,54831E-08
0,2023;3,60591E-08
0,2024;3,66443E-08
0,2025;3,72388E-08
0,2026;3,78427E-08
0,2027;3,84562E-08
0,2028;3,90794E-08
0,2029;3,97125E-08
0,203;4,03556E-08
0,2031;4,1009E-08
0,2032;4,16727E-08
0,2033;4,23469E-08
0,2034;4,30318E-08
0,2035;4,37275E-08
0,2036;4,44342E-08
0,2037;4,51521E-08
0,2038;4,58814E-08
0,2039;4,66222E-08
0,204;4,73747E-08
0,2041;4,81391E-08
0,2042;4,89155E-08
0,2043;4,97042E-08
0,2044;5,05054E-08
0,2045;5,13191E-08
0,2046;5,21458E-08
0,2047;5,29854E-08
0,2048;5,38383E-08
0,2049;5,47046E-08
0,205;5,55845E-08
0,2051;5,64783E-08
0,2052;5,73861E-08
0,2053;5,83083E-08
0,2054;5,92449E-08
0,2055;6,01962E-08
0,2056;6,11625E-08
0,2057;6,2144E-08
0,2058;6,31408E-08
0,2059;6,41534E-08
0,206;6,51818E-08
0,2061;6,62263E-08
0,2062;6,72872E-08
0,2063;6,83647E-08
0,2064;6,94591E-08
0,2065;7,05707E-08
0,2066;7,16996E-08
0,2067;7,28462E-08
0,2068;7,40108E-08
0,2069;7,51935E-08
0,207;7,63948E-08
0,2071;7,76148E-08
0,2072;7,88538E-08
0,2073;8,01123E-08
0,2074;8,13903E-08
0,2075;8,26883E-08
0,2076;8,40066E-08
0,2077;8,53454E-08
0,2078;8,67051E-08
0,2079;8,80859E-08
0,208;8,94883E-08
0,2081;9,09125E-08
0,2082;9,23588E-08
0,2083;9,38277E-08
0,2084;9,53194E-08
0,2085;9,68343E-08
0,2086;9,83728E-08
0,2087;9,99351E-08
0,2088;1,01522E-07
0,2089;1,03133E-07
0,209;1,04769E-07
0,2091;1,06431E-07
0,2092;1,08118E-07
0,2093;1,09832E-07
0,2094;1,11572E-07
0,2095;1,13339E-07
0,2096;1,15134E-07
0,2097;1,16956E-07
0,2098;1,18806E-07
0,2099;1,20685E-07
0,21;1,22593E-07
0,2101;1,24531E-07
0,2102;1,26498E-07
0,2103;1,28496E-07
0,2104;1,30525E-07
0,2105;1,32585E-07
0,2106;1,34677E-07
0,2107;1,36801E-07
0,2108;1,38958E-07
0,2109;1,41148E-07
0,211;1,43372E-07
0,2111;1,4563E-07
0,2112;1,47923E-07
0,2113;1,50251E-07
0,2114;1,52615E-07
0,2115;1,55016E-07
0,2116;1,57453E-07
0,2117;1,59928E-07
0,2118;1,6244E-07
0,2119;1,64992E-07
0,212;1,67582E-07
0,2121;1,70212E-07
0,2122;1,72883E-07
0,2123;1,75595E-07
0,2124;1,78348E-07
0,2125;1,81143E-07
0,2126;1,83981E-07
0,2127;1,86863E-07
0,2128;1,89788E-07
0,2129;1,92759E-07
0,213;1,95774E-07
0,2131;1,98836E-07
0,2132;2,01945E-07
0,2133;2,05101E-07
0,2134;2,08306E-07
0,2135;2,11559E-07
0,2136;2,14862E-07
0,2137;2,18216E-07
0,2138;2,2162E-07
0,2139;2,25077E-07
0,214;2,28586E-07
0,2141;2,32148E-07
0,2142;2,35765E-07
0,2143;2,39437E-07
0,2144;2,43165E-07
0,2145;2,46949E-07
0,2146;2,50791E-07
0,2147;2,54692E-07
0,2148;2,58651E-07
0,2149;2,62671E-07
0,215;2,66752E-07
0,2151;2,70895E-07
0,2152;2,751E-07
0,2153;2,7937E-07
0,2154;2,83704E-07
0,2155;2,88104E-07
0,2156;2,9257E-07
0,2157;2,97104E-07
0,2158;3,01707E-07
0,2159;3,06379E-07
0,216;3,11122E-07
0,2161;3,15937E-07
0,2162;3,20825E-07
0,2163;3,25786E-07
0,2164;3,30822E-07
0,2165;3,35935E-07
0,2166;3,41124E-07
0,2167;3,46392E-07
0,2168;3,51739E-07
0,2169;3,57167E-07
0,217;3,62677E-07
0,2171;3,6827E-07
0,2172;3,73947E-07
0,2173;3,79709E-07
0,2174;3,85558E-07
0,2175;3,91495E-07
0,2176;3,97521E-07
0,2177;4,03638E-07
0,2178;4,09847E-07
0,2179;4,16149E-07
0,218;4,22546E-07
0,2181;4,29039E-07
0,2182;4,35629E-07
0,2183;4,42318E-07
0,2184;4,49107E-07
0,2185;4,55998E-07
0,2186;4,62992E-07
0,2187;4,70091E-07
0,2188;4,77296E-07
0,2189;4,84609E-07
0,219;4,92031E-07
0,2191;4,99565E-07
0,2192;5,07211E-07
0,2193;5,14971E-07
0,2194;5,22847E-07
0,2195;5,30841E-07
0,2196;5,38954E-07
0,2197;5,47188E-07
0,2198;5,55544E-07
0,2199;5,64026E-07
0,22;5,72634E-07
0,2201;5,8137E-07
0,2202;5,90236E-07
0,2203;5,99234E-07
0,2204;6,08366E-07
0,2205;6,17633E-07
0,2206;6,27039E-07
0,2207;6,36584E-07
0,2208;6,46271E-07
0,2209;6,56102E-07
0,221;6,66079E-07
0,2211;6,76204E-07
0,2212;6,8648E-07
0,2213;6,96907E-07
0,2214;7,07489E-07
0,2215;7,18228E-07
0,2216;7,29126E-07
0,2217;7,40186E-07
0,2218;7,51409E-07
0,2219;7,62798E-07
0,222;7,74355E-07
0,2221;7,86084E-07
0,2222;7,97985E-07
0,2223;8,10063E-07
0,2224;8,22319E-07
0,2225;8,34756E-07
0,2226;8,47376E-07
0,2227;8,60182E-07
0,2228;8,73178E-07
0,2229;8,86364E-07
0,223;8,99745E-07
0,2231;9,13324E-07
0,2232;9,27102E-07
0,2233;9,41083E-07
0,2234;9,55269E-07
0,2235;9,69664E-07
0,2236;9,84271E-07
0,2237;9,99092E-07
0,2238;1,01413E-06
0,2239;1,02939E-06
0,224;1,04487E-06
0,2241;1,06059E-06
0,2242;1,07653E-06
0,2243;1,0927E-06
0,2244;1,10911E-06
0,2245;1,12577E-06
0,2246;1,14266E-06
0,2247;1,15981E-06
0,2248;1,1772E-06
0,2249;1,19485E-06
0,225;1,21276E-06
0,2251;1,23093E-06
0,2252;1,24936E-06
0,2253;1,26806E-06
0,2254;1,28704E-06
0,2255;1,30629E-06
0,2256;1,32583E-06
0,2257;1,34565E-06
0,2258;1,36575E-06
0,2259;1,38615E-06
0,226;1,40685E-06
0,2261;1,42785E-06
0,2262;1,44916E-06
0,2263;1,47077E-06
0,2264;1,4927E-06
0,2265;1,51495E-06
0,2266;1,53752E-06
0,2267;1,56042E-06
0,2268;1,58365E-06
0,2269;1,60722E-06
0,227;1,63113E-06
0,2271;1,65539E-06
0,2272;1,68E-06
0,2273;1,70496E-06
0,2274;1,73029E-06
0,2275;1,75598E-06
0,2276;1,78205E-06
0,2277;1,80849E-06
0,2278;1,83532E-06
0,2279;1,86253E-06
0,228;1,89014E-06
0,2281;1,91814E-06
0,2282;1,94655E-06
0,2283;1,97537E-06
0,2284;2,00461E-06
0,2285;2,03427E-06
0,2286;2,06435E-06
0,2287;2,09487E-06
0,2288;2,12583E-06
0,2289;2,15723E-06
0,229;2,18909E-06
0,2291;2,2214E-06
0,2292;2,25418E-06
0,2293;2,28744E-06
0,2294;2,32116E-06
0,2295;2,35538E-06
0,2296;2,39008E-06
0,2297;2,42529E-06
0,2298;2,46099E-06
0,2299;2,49721E-06
0,23;2,53395E-06
0,2301;2,57122E-06
0,2302;2,60902E-06
0,2303;2,64736E-06
0,2304;2,68625E-06
0,2305;2,7257E-06
0,2306;2,76571E-06
0,2307;2,8063E-06
0,2308;2,84746E-06
0,2309;2,88921E-06
0,231;2,93156E-06
0,2311;2,97452E-06
0,2312;3,01808E-06
0,2313;3,06227E-06
0,2314;3,10709E-06
0,2315;3,15255E-06
0,2316;3,19865E-06
0,2317;3,24541E-06
0,2318;3,29284E-06
0,2319;3,34094E-06
0,232;3,38973E-06
0,2321;3,43921E-06
0,2322;3,48939E-06
0,2323;3,54029E-06
0,2324;3,59191E-06
0,2325;3,64426E-06
0,2326;3,69736E-06
0,2327;3,7512E-06
0,2328;3,80582E-06
0,2329;3,8612E-06
0,233;3,91738E-06
0,2331;3,97434E-06
0,2332;4,03212E-06
0,2333;4,09071E-06
0,2334;4,15013E-06
0,2335;4,21039E-06
0,2336;4,2715E-06
0,2337;4,33348E-06
0,2338;4,39633E-06
0,2339;4,46007E-06
0,234;4,52471E-06
0,2341;4,59026E-06
0,2342;4,65674E-06
0,2343;4,72415E-06
0,2344;4,79252E-06
0,2345;4,86184E-06
0,2346;4,93214E-06
0,2347;5,00343E-06
0,2348;5,07573E-06
0,2349;5,14904E-06
0,235;5,22338E-06
0,2351;5,29877E-06
0,2352;5,37521E-06
0,2353;5,45273E-06
0,2354;5,53134E-06
0,2355;5,61105E-06
0,2356;5,69188E-06
0,2357;5,77384E-06
0,2358;5,85695E-06
0,2359;5,94122E-06
0,236;6,02668E-06
0,2361;6,11332E-06
0,2362;6,20119E-06
0,2363;6,29028E-06
0,2364;6,38061E-06
0,2365;6,47221E-06
0,2366;6,56509E-06
0,2367;6,65926E-06
0,2368;6,75475E-06
0,2369;6,85157E-06
0,237;6,94974E-06
0,2371;7,04928E-06
0,2372;7,15021E-06
0,2373;7,25254E-06
0,2374;7,3563E-06
0,2375;7,4615E-06
0,2376;7,56817E-06
0,2377;7,67632E-06
0,2378;7,78597E-06
0,2379;7,89714E-06
0,238;8,00986E-06
0,2381;8,12415E-06
0,2382;8,24002E-06
0,2383;8,35749E-06
0,2384;8,4766E-06
0,2385;8,59736E-06
0,2386;8,71979E-06
0,2387;8,84392E-06
0,2388;8,96976E-06
0,2389;9,09735E-06
0,239;9,2267E-06
0,2391;9,35784E-06
0,2392;9,49079E-06
0,2393;9,62558E-06
0,2394;9,76223E-06
0,2395;9,90077E-06
0,2396;1,00412E-05
0,2397;1,01836E-05
0,2398;1,0328E-05
0,2399;1,04743E-05
0,24;1,06226E-05
0,2401;1,0773E-05
0,2402;1,09255E-05
0,2403;1,10801E-05
0,2404;1,12368E-05
0,2405;1,13956E-05
0,2406;1,15566E-05
0,2407;1,17199E-05
0,2408;1,18854E-05
0,2409;1,20531E-05
0,241;1,22232E-05
0,2411;1,23956E-05
0,2412;1,25703E-05
0,2413;1,27475E-05
0,2414;1,2927E-05
0,2415;1,31091E-05
0,2416;1,32936E-05
0,2417;1,34806E-05
0,2418;1,36703E-05
0,2419;1,38624E-05
0,242;1,40573E-05
0,2421;1,42548E-05
0,2422;1,44549E-05
0,2423;1,46578E-05
0,2424;1,48635E-05
0,2425;1,5072E-05
0,2426;1,52833E-05
0,2427;1,54975E-05
0,2428;1,57147E-05
0,2429;1,59347E-05
0,243;1,61578E-05
0,2431;1,63839E-05
0,2432;1,66131E-05
0,2433;1,68454E-05
0,2434;1,70809E-05
0,2435;1,73195E-05
0,2436;1,75614E-05
0,2437;1,78066E-05
0,2438;1,80551E-05
0,2439;1,83069E-05
0,244;1,85622E-05
0,2441;1,88209E-05
0,2442;1,90832E-05
0,2443;1,9349E-05
0,2444;1,96184E-05
0,2445;1,98914E-05
0,2446;2,01681E-05
0,2447;2,04486E-05
0,2448;2,07328E-05
0,2449;2,10209E-05
0,245;2,13129E-05
0,2451;2,16088E-05
0,2452;2,19087E-05
0,2453;2,22126E-05
0,2454;2,25206E-05
0,2455;2,28328E-05
0,2456;2,31492E-05
0,2457;2,34699E-05
0,2458;2,37948E-05
0,2459;2,41241E-05
0,246;2,44579E-05
0,2461;2,47961E-05
0,2462;2,51389E-05
0,2463;2,54863E-05
0,2464;2,58383E-05
0,2465;2,61951E-05
0,2466;2,65566E-05
0,2467;2,6923E-05
0,2468;2,72943E-05
0,2469;2,76705E-05
0,247;2,80518E-05
0,2471;2,84382E-05
0,2472;2,88298E-05
0,2473;2,92266E-05
0,2474;2,96287E-05
0,2475;3,00361E-05
0,2476;3,04491E-05
0,2477;3,08675E-05
0,2478;3,12915E-05
0,2479;3,17211E-05
0,248;3,21565E-05
0,2481;3,25977E-05
0,2482;3,30447E-05
0,2483;3,34977E-05
0,2484;3,39567E-05
0,2485;3,44218E-05
0,2486;3,48932E-05
0,2487;3,53707E-05
0,2488;3,58546E-05
0,2489;3,6345E-05
0,249;3,68418E-05
0,2491;3,73453E-05
0,2492;3,78554E-05
0,2493;3,83722E-05
0,2494;3,88959E-05
0,2495;3,94266E-05
0,2496;3,99643E-05
0,2497;4,05091E-05
0,2498;4,1061E-05
0,2499;4,16203E-05
0,25;4,2187E-05
0,2501;4,27612E-05
0,2502;4,33429E-05
0,2503;4,39323E-05
0,2504;4,45295E-05
0,2505;4,51346E-05
0,2506;4,57476E-05
0,2507;4,63687E-05
0,2508;4,6998E-05
0,2509;4,76356E-05
0,251;4,82816E-05
0,2511;4,8936E-05
0,2512;4,95991E-05
0,2513;5,02709E-05
0,2514;5,09515E-05
0,2515;5,1641E-05
0,2516;5,23396E-05
0,2517;5,30473E-05
0,2518;5,37644E-05
0,2519;5,44908E-05
0,252;5,52267E-05
0,2521;5,59723E-05
0,2522;5,67276E-05
0,2523;5,74929E-05
0,2524;5,82681E-05
0,2525;5,90534E-05
0,2526;5,98491E-05
0,2527;6,06551E-05
0,2528;6,14716E-05
0,2529;6,22988E-05
0,253;6,31368E-05
0,2531;6,39857E-05
0,2532;6,48456E-05
0,2533;6,57168E-05
0,2534;6,65993E-05
0,2535;6,74933E-05
0,2536;6,83989E-05
0,2537;6,93163E-05
0,2538;7,02457E-05
0,2539;7,11871E-05
0,254;7,21407E-05
0,2541;7,31067E-05
0,2542;7,40853E-05
0,2543;7,50765E-05
0,2544;7,60806E-05
0,2545;7,70977E-05
0,2546;7,8128E-05
0,2547;7,91716E-05
0,2548;8,02287E-05
0,2549;8,12995E-05
0,255;8,23841E-05
0,2551;8,34828E-05
0,2552;8,45957E-05
0,2553;8,57229E-05
0,2554;8,68647E-05
0,2555;8,80212E-05
0,2556;8,91926E-05
0,2557;9,03791E-05
0,2558;9,15809E-05
0,2559;9,27982E-05
0,256;9,40312E-05
0,2561;9,528E-05
0,2562;9,65449E-05
0,2563;9,78261E-05
0,2564;9,91237E-05
0,2565;0,000100438
0,2566;0,000101769
0,2567;0,000103117
0,2568;0,000104483
0,2569;0,000105866
0,257;0,000107267
0,2571;0,000108686
0,2572;0,000110122
0,2573;0,000111578
0,2574;0,000113052
0,2575;0,000114544
0,2576;0,000116056
0,2577;0,000117587
0,2578;0,000119138
0,2579;0,000120709
0,258;0,000122299
0,2581;0,00012391
0,2582;0,000125542
0,2583;0,000127194
0,2584;0,000128867
0,2585;0,000130562
0,2586;0,000132278
0,2587;0,000134016
0,2588;0,000135776
0,2589;0,000137558
0,259;0,000139363
0,2591;0,000141191
0,2592;0,000143042
0,2593;0,000144917
0,2594;0,000146815
0,2595;0,000148738
0,2596;0,000150685
0,2597;0,000152656
0,2598;0,000154653
0,2599;0,000156674
0,26;0,000158722
0,2601;0,000160795
0,2602;0,000162894
0,2603;0,00016502
0,2604;0,000167173
0,2605;0,000169353
0,2606;0,00017156
0,2607;0,000173796
0,2608;0,000176059
0,2609;0,000178351
0,261;0,000180672
0,2611;0,000183022
0,2612;0,000185401
0,2613;0,000187811
0,2614;0,000190251
0,2615;0,000192721
0,2616;0,000195223
0,2617;0,000197755
0,2618;0,00020032
0,2619;0,000202917
0,262;0,000205546
0,2621;0,000208209
0,2622;0,000210904
0,2623;0,000213634
0,2624;0,000216397
0,2625;0,000219195
0,2626;0,000222028
0,2627;0,000224897
0,2628;0,000227801
0,2629;0,000230742
0,263;0,000233719
0,2631;0,000236733
0,2632;0,000239785
0,2633;0,000242875
0,2634;0,000246004
0,2635;0,000249171
0,2636;0,000252378
0,2637;0,000255625
0,2638;0,000258912
0,2639;0,00026224
0,264;0,000265609
0,2641;0,00026902
0,2642;0,000272474
0,2643;0,00027597
0,2644;0,00027951
0,2645;0,000283093
0,2646;0,000286721
0,2647;0,000290394
0,2648;0,000294112
0,2649;0,000297877
0,265;0,000301688
0,2651;0,000305545
0,2652;0,000309451
0,2653;0,000313405
0,2654;0,000317408
0,2655;0,00032146
0,2656;0,000325562
0,2657;0,000329714
0,2658;0,000333918
0,2659;0,000338173
0,266;0,000342481
0,2661;0,000346842
0,2662;0,000351257
0,2663;0,000355725
0,2664;0,000360249
0,2665;0,000364828
0,2666;0,000369464
0,2667;0,000374156
0,2668;0,000378906
0,2669;0,000383714
0,267;0,000388581
0,2671;0,000393508
0,2672;0,000398494
0,2673;0,000403542
0,2674;0,000408652
0,2675;0,000413824
0,2676;0,000419059
0,2677;0,000424359
0,2678;0,000429723
0,2679;0,000435152
0,268;0,000440648
0,2681;0,00044621
0,2682;0,00045184
0,2683;0,000457539
0,2684;0,000463308
0,2685;0,000469146
0,2686;0,000475056
0,2687;0,000481037
0,2688;0,000487091
0,2689;0,000493218
0,269;0,00049942
0,2691;0,000505697
0,2692;0,000512051
0,2693;0,000518481
0,2694;0,000524989
0,2695;0,000531576
0,2696;0,000538243
0,2697;0,00054499
0,2698;0,000551819
0,2699;0,000558731
0,27;0,000565726
0,2701;0,000572806
0,2702;0,000579971
0,2703;0,000587222
0,2704;0,000594561
0,2705;0,000601988
0,2706;0,000609505
0,2707;0,000617113
0,2708;0,000624812
0,2709;0,000632603
0,271;0,000640489
0,2711;0,000648469
0,2712;0,000656545
0,2713;0,000664717
0,2714;0,000672988
0,2715;0,000681359
0,2716;0,000689829
0,2717;0,000698402
0,2718;0,000707076
0,2719;0,000715855
0,272;0,000724739
0,2721;0,000733729
0,2722;0,000742827
0,2723;0,000752033
0,2724;0,000761349
0,2725;0,000770777
0,2726;0,000780317
0,2727;0,000789971
0,2728;0,00079974
0,2729;0,000809625
0,273;0,000819628
0,2731;0,000829751
0,2732;0,000839993
0,2733;0,000850358
0,2734;0,000860846
0,2735;0,000871458
0,2736;0,000882197
0,2737;0,000893063
0,2738;0,000904058
0,2739;0,000915183
0,274;0,00092644
0,2741;0,000937831
0,2742;0,000949357
0,2743;0,000961019
0,2744;0,000972819
0,2745;0,000984758
0,2746;0,000996839
0,2747;0,001009062
0,2748;0,00102143
0,2749;0,001033944
0,275;0,001046606
0,2751;0,001059416
0,2752;0,001072378
0,2753;0,001085493
0,2754;0,001098762
0,2755;0,001112187
0,2756;0,00112577
0,2757;0,001139513
0,2758;0,001153417
0,2759;0,001167485
0,276;0,001181718
0,2761;0,001196118
0,2762;0,001210687
0,2763;0,001225426
0,2764;0,001240339
0,2765;0,001255426
0,2766;0,00127069
0,2767;0,001286132
0,2768;0,001301755
0,2769;0,001317561
0,277;0,001333551
0,2771;0,001349728
0,2772;0,001366094
0,2773;0,001382651
0,2774;0,001399401
0,2775;0,001416346
0,2776;0,001433489
0,2777;0,001450831
0,2778;0,001468376
0,2779;0,001486124
0,278;0,001504079
0,2781;0,001522242
0,2782;0,001540617
0,2783;0,001559204
0,2784;0,001578008
0,2785;0,00159703
0,2786;0,001616272
0,2787;0,001635737
0,2788;0,001655428
0,2789;0,001675346
0,279;0,001695496
0,2791;0,001715878
0,2792;0,001736496
0,2793;0,001757352
0,2794;0,001778449
0,2795;0,001799789
0,2796;0,001821376
0,2797;0,001843212
0,2798;0,001865299
0,2799;0,001887641
0,28;0,00191024
0,2801;0,001933099
0,2802;0,001956221
0,2803;0,001979609
0,2804;0,002003266
0,2805;0,002027194
0,2806;0,002051398
0,2807;0,002075879
0,2808;0,00210064
0,2809;0,002125686
0,281;0,002151019
0,2811;0,002176642
0,2812;0,002202558
0,2813;0,00222877
0,2814;0,002255283
0,2815;0,002282098
0,2816;0,00230922
0,2817;0,002336651
0,2818;0,002364396
0,2819;0,002392457
0,282;0,002420838
0,2821;0,002449542
0,2822;0,002478573
0,2823;0,002507935
0,2824;0,002537631
0,2825;0,002567665
0,2826;0,00259804
0,2827;0,00262876
0,2828;0,002659829
0,2829;0,00269125
0,283;0,002723029
0,2831;0,002755167
0,2832;0,00278767
0,2833;0,002820541
0,2834;0,002853784
0,2835;0,002887403
0,2836;0,002921402
0,2837;0,002955786
0,2838;0,002990559
0,2839;0,003025724
0,284;0,003061286
0,2841;0,003097249
0,2842;0,003133618
0,2843;0,003170397
0,2844;0,00320759
0,2845;0,003245201
0,2846;0,003283236
0,2847;0,003321699
0,2848;0,003360594
0,2849;0,003399927
0,285;0,003439701
0,2851;0,003479921
0,2852;0,003520593
0,2853;0,003561721
0,2854;0,00360331
0,2855;0,003645365
0,2856;0,00368789
0,2857;0,003730892
0,2858;0,003774375
0,2859;0,003818343
0,286;0,003862803
0,2861;0,00390776
0,2862;0,003953218
0,2863;0,003999184
0,2864;0,004045662
0,2865;0,004092658
0,2866;0,004140178
0,2867;0,004188227
0,2868;0,00423681
0,2869;0,004285934
0,287;0,004335604
0,2871;0,004385826
0,2872;0,004436606
0,2873;0,004487949
0,2874;0,004539862
0,2875;0,004592351
0,2876;0,004645421
0,2877;0,00469908
0,2878;0,004753332
0,2879;0,004808185
0,288;0,004863644
0,2881;0,004919717
0,2882;0,004976409
0,2883;0,005033727
0,2884;0,005091677
0,2885;0,005150268
0,2886;0,005209504
0,2887;0,005269392
0,2888;0,005329941
0,2889;0,005391156
0,289;0,005453045
0,2891;0,005515614
0,2892;0,005578871
0,2893;0,005642823
0,2894;0,005707478
0,2895;0,005772841
0,2896;0,005838922
0,2897;0,005905727
0,2898;0,005973265
0,2899;0,006041542
0,29;0,006110566
0,2901;0,006180346
0,2902;0,006250889
0,2903;0,006322202
0,2904;0,006394295
0,2905;0,006467174
0,2906;0,006540849
0,2907;0,006615328
0,2908;0,006690618
0,2909;0,006766729
0,291;0,006843669
0,2911;0,006921446
0,2912;0,007000069
0,2913;0,007079546
0,2914;0,007159888
0,2915;0,007241102
0,2916;0,007323197
0,2917;0,007406184
0,2918;0,00749007
0,2919;0,007574865
0,292;0,007660579
0,2921;0,007747221
0,2922;0,007834801
0,2923;0,007923327
0,2924;0,008012811
0,2925;0,008103261
0,2926;0,008194688
0,2927;0,008287102
0,2928;0,008380513
0,2929;0,008474931
0,293;0,008570366
0,2931;0,008666829
0,2932;0,00876433
0,2933;0,00886288
0,2934;0,00896249
0,2935;0,009063171
0,2936;0,009164932
0,2937;0,009267787
0,2938;0,009371745
0,2939;0,009476817
0,294;0,009583016
0,2941;0,009690353
0,2942;0,009798839
0,2943;0,009908486
0,2944;0,010019305
0,2945;0,01013131
0,2946;0,010244511
0,2947;0,01035892
0,2948;0,010474551
0,2949;0,010591415
0,295;0,010709525
0,2951;0,010828894
0,2952;0,010949534
0,2953;0,011071458
0,2954;0,011194679
0,2955;0,011319211
0,2956;0,011445065
0,2957;0,011572257
0,2958;0,011700799
0,2959;0,011830704
0,296;0,011961987
0,2961;0,012094662
0,2962;0,012228742
0,2963;0,012364241
0,2964;0,012501174
0,2965;0,012639556
0,2966;0,0127794
0,2967;0,012920721
0,2968;0,013063535
0,2969;0,013207856
0,297;0,013353698
0,2971;0,013501079
0,2972;0,013650012
0,2973;0,013800513
0,2974;0,013952598
0,2975;0,014106283
0,2976;0,014261584
0,2977;0,014418516
0,2978;0,014577097
0,2979;0,014737342
0,298;0,014899267
0,2981;0,015062891
0,2982;0,015228229
0,2983;0,015395299
0,2984;0,015564117
0,2985;0,015734701
0,2986;0,01590707
0,2987;0,016081239
0,2988;0,016257227
0,2989;0,016435053
0,299;0,016614734
0,2991;0,016796288
0,2992;0,016979734
0,2993;0,017165091
0,2994;0,017352378
0,2995;0,017541613
0,2996;0,017732817
0,2997;0,017926007
0,2998;0,018121204
0,2999;0,018318427
0,3;0,018517697
0,3001;0,018719033
0,3002;0,018922456
0,3003;0,019127986
0,3004;0,019335644
0,3005;0,01954545
0,3006;0,019757427
0,3007;0,019971594
0,3008;0,020187973
0,3009;0,020406587
0,301;0,020627456
0,3011;0,020850603
0,3012;0,021076051
0,3013;0,02130382
0,3014;0,021533935
0,3015;0,021766417
0,3016;0,022001291
0,3017;0,022238578
0,3018;0,022478303
0,3019;0,02272049
0,302;0,022965161
0,3021;0,023212342
0,3022;0,023462057
0,3023;0,023714329
0,3024;0,023969185
0,3025;0,024226648
0,3026;0,024486745
0,3027;0,0247495
0,3028;0,025014939
0,3029;0,025283088
0,303;0,025553974
0,3031;0,025827622
0,3032;0,02610406
0,3033;0,026383313
0,3034;0,02666541
0,3035;0,026950377
0,3036;0,027238242
0,3037;0,027529033
0,3038;0,027822778
0,3039;0,028119505
0,304;0,028419244
0,3041;0,028722021
0,3042;0,029027868
0,3043;0,029336813
0,3044;0,029648885
0,3045;0,029964116
0,3046;0,030282534
0,3047;0,03060417
0,3048;0,030929055
0,3049;0,03125722
0,305;0,031588696
0,3051;0,031923514
0,3052;0,032261707
0,3053;0,032603307
0,3054;0,032948345
0,3055;0,033296855
0,3056;0,033648868
0,3057;0,03400442
0,3058;0,034363543
0,3059;0,03472627
0,306;0,035092637
0,3061;0,035462677
0,3062;0,035836425
0,3063;0,036213916
0,3064;0,036595186
0,3065;0,036980269
0,3066;0,037369203
0,3067;0,037762024
0,3068;0,038158767
0,3069;0,03855947
0,307;0,038964169
0,3071;0,039372904
0,3072;0,039785711
0,3073;0,040202628
0,3074;0,040623695
0,3075;0,04104895
0,3076;0,041478432
0,3077;0,041912181
0,3078;0,042350237
0,3079;0,04279264
0,308;0,04323943
0,3081;0,043690649
0,3082;0,044146338
0,3083;0,044606539
0,3084;0,045071293
0,3085;0,045540643
0,3086;0,046014631
0,3087;0,046493302
0,3088;0,046976698
0,3089;0,047464863
0,309;0,047957841
0,3091;0,048455678
0,3092;0,048958418
0,3093;0,049466106
0,3094;0,049978788
0,3095;0,050496511
0,3096;0,051019322
0,3097;0,051547266
0,3098;0,052080392
0,3099;0,052618746
0,31;0,053162379
0,3101;0,053711337
0,3102;0,054265671
0,3103;0,054825429
0,3104;0,055390661
0,3105;0,055961419
0,3106;0,056537751
0,3107;0,057119711
0,3108;0,057707348
0,3109;0,058300716
0,311;0,058899866
0,3111;0,059504852
0,3112;0,060115726
0,3113;0,060732544
0,3114;0,061355359
0,3115;0,061984225
0,3116;0,062619198
0,3117;0,063260334
0,3118;0,063907689
0,3119;0,064561319
0,312;0,065221281
0,3121;0,065887633
0,3122;0,066560434
0,3123;0,06723974
0,3124;0,067925613
0,3125;0,06861811
0,3126;0,069317293
0,3127;0,070023221
0,3128;0,070735956
0,3129;0,071455559
0,313;0,072182092
0,3131;0,072915617
0,3132;0,073656199
0,3133;0,0744039
0,3134;0,075158785
0,3135;0,075920918
0,3136;0,076690365
0,3137;0,07746719
0,3138;0,078251462
0,3139;0,079043245
0,314;0,079842609
0,3141;0,08064962
0,3142;0,081464348
0,3143;0,082286861
0,3144;0,083117229
0,3145;0,083955522
0,3146;0,084801812
0,3147;0,085656169
0,3148;0,086518665
0,3149;0,087389374
0,315;0,088268368
0,3151;0,089155721
0,3152;0,090051507
0,3153;0,090955802
0,3154;0,091868681
0,3155;0,09279022
0,3156;0,093720496
0,3157;0,094659587
0,3158;0,095607571
0,3159;0,096564526
0,316;0,097530532
0,3161;0,098505669
0,3162;0,099490017
0,3163;0,100483659
0,3164;0,101486675
0,3165;0,102499149
0,3166;0,103521164
0,3167;0,104552804
0,3168;0,105594154
0,3169;0,106645299
0,317;0,107706325
0,3171;0,108777319
0,3172;0,109858368
0,3173;0,110949562
0,3174;0,112050987
0,3175;0,113162735
0,3176;0,114284895
0,3177;0,115417559
0,3178;0,116560818
0,3179;0,117714765
0,318;0,118879492
0,3181;0,120055095
0,3182;0,121241668
0,3183;0,122439306
0,3184;0,123648106
0,3185;0,124868165
0,3186;0,12609958
0,3187;0,12734245
0,3188;0,128596875
0,3189;0,129862955
0,319;0,13114079
0,3191;0,132430483
0,3192;0,133732136
0,3193;0,135045852
0,3194;0,136371736
0,3195;0,137709893
0,3196;0,139060429
0,3197;0,14042345
0,3198;0,141799064
0,3199;0,14318738
0,32;0,144588505
0,3201;0,146002552
0,3202;0,147429631
0,3203;0,148869853
0,3204;0,150323331
0,3205;0,15179018
0,3206;0,153270513
0,3207;0,154764445
0,3208;0,156272094
0,3209;0,157793577
0,321;0,159329011
0,3211;0,160878516
0,3212;0,162442212
0,3213;0,164020219
0,3214;0,165612659
0,3215;0,167219656
0,3216;0,168841333
0,3217;0,170477815
0,3218;0,172129228
0,3219;0,173795698
0,322;0,175477352
0,3221;0,17717432
0,3222;0,178886732
0,3223;0,180614717
0,3224;0,182358407
0,3225;0,184117936
0,3226;0,185893437
0,3227;0,187685044
0,3228;0,189492894
0,3229;0,191317122
0,323;0,193157868
0,3231;0,19501527
0,3232;0,196889467
0,3233;0,198780602
0,3234;0,200688815
0,3235;0,202614251
0,3236;0,204557053
0,3237;0,206517368
0,3238;0,20849534
0,3239;0,210491119
0,324;0,212504853
0,3241;0,214536692
0,3242;0,216586786
0,3243;0,218655289
0,3244;0,220742352
0,3245;0,222848132
0,3246;0,224972783
0,3247;0,227116462
0,3248;0,229279327
0,3249;0,231461538
0,325;0,233663255
0,3251;0,235884639
0,3252;0,238125854
0,3253;0,240387063
0,3254;0,242668432
0,3255;0,244970127
0,3256;0,247292316
0,3257;0,249635168
0,3258;0,251998853
0,3259;0,254383543
0,326;0,256789411
0,3261;0,259216631
0,3262;0,261665378
0,3263;0,264135829
0,3264;0,266628163
0,3265;0,269142558
0,3266;0,271679195
0,3267;0,274238256
0,3268;0,276819926
0,3269;0,279424387
0,327;0,282051828
0,3271;0,284702435
0,3272;0,287376396
0,3273;0,290073904
0,3274;0,292795148
0,3275;0,295540322
0,3276;0,298309621
0,3277;0,301103241
0,3278;0,303921379
0,3279;0,306764234
0,328;0,309632006
0,3281;0,312524897
0,3282;0,31544311
0,3283;0,31838685
0,3284;0,321356323
0,3285;0,324351738
0,3286;0,327373302
0,3287;0,330421228
0,3288;0,333495727
0,3289;0,336597013
0,329;0,339725301
0,3291;0,342880809
0,3292;0,346063755
0,3293;0,349274359
0,3294;0,352512843
0,3295;0,35577943
0,3296;0,359074345
0,3297;0,362397815
0,3298;0,365750068
0,3299;0,369131333
0,33;0,372541842
0,3301;0,375981829
0,3302;0,379451527
0,3303;0,382951174
0,3304;0,386481008
0,3305;0,390041269
0,3306;0,393632197
0,3307;0,397254037
0,3308;0,400907034
0,3309;0,404591434
0,331;0,408307486
0,3311;0,41205544
0,3312;0,415835549
0,3313;0,419648066
0,3314;0,423493247
0,3315;0,42737135
0,3316;0,431282633
0,3317;0,435227359
0,3318;0,43920579
0,3319;0,44321819
0,332;0,447264827
0,3321;0,45134597
0,3322;0,455461888
0,3323;0,459612854
0,3324;0,463799143
0,3325;0,46802103
0,3326;0,472278795
0,3327;0,476572716
0,3328;0,480903077
0,3329;0,485270161
0,333;0,489674254
0,3331;0,494115644
0,3332;0,498594621
0,3333;0,503111478
0,3334;0,507666508
0,3335;0,512260007
0,3336;0,516892275
0,3337;0,52156361
0,3338;0,526274315
0,3339;0,531024695
0,334;0,535815056
0,3341;0,540645707
0,3342;0,545516958
0,3343;0,550429122
0,3344;0,555382515
0,3345;0,560377454
0,3346;0,565414258
0,3347;0,570493248
0,3348;0,575614748
0,3349;0,580779085
0,335;0,585986586
0,3351;0,591237582
0,3352;0,596532406
0,3353;0,601871393
0,3354;0,607254879
0,3355;0,612683205
0,3356;0,618156712
0,3357;0,623675744
0,3358;0,629240648
0,3359;0,634851774
0,336;0,640509471
0,3361;0,646214093
0,3362;0,651965998
0,3363;0,657765542
0,3364;0,663613086
0,3365;0,669508995
0,3366;0,675453633
0,3367;0,681447368
0,3368;0,687490572
0,3369;0,693583616
0,337;0,699726878
0,3371;0,705920734
0,3372;0,712165565
0,3373;0,718461755
0,3374;0,724809688
0,3375;0,731209754
0,3376;0,737662343
0,3377;0,744167848
0,3378;0,750726666
0,3379;0,757339195
0,338;0,764005836
0,3381;0,770726993
0,3382;0,777503073
0,3383;0,784334485
0,3384;0,791221641
0,3385;0,798164955
0,3386;0,805164846
0,3387;0,812221732
0,3388;0,819336038
0,3389;0,826508188
0,339;0,833738612
0,3391;0,841027739
0,3392;0,848376005
0,3393;0,855783847
0,3394;0,863251703
0,3395;0,870780017
0,3396;0,878369234
0,3397;0,886019802
0,3398;0,893732172
0,3399;0,9015068
0,34;0,909344141
0,3401;0,917244657
0,3402;0,925208809
0,3403;0,933237064
0,3404;0,941329891
0,3405;0,949487763
0,3406;0,957711153
0,3407;0,966000541
0,3408;0,974356407
0,3409;0,982779236
0,341;0,991269515
0,3411;0,999827735
0,3412;1,008454389
0,3413;1,017149973
0,3414;1,025914989
0,3415;1,034749938
0,3416;1,043655327
0,3417;1,052631666
0,3418;1,061679468
0,3419;1,070799247
0,342;1,079991524
0,3421;1,089256822
0,3422;1,098595665
0,3423;1,108008583
0,3424;1,117496108
0,3425;1,127058777
0,3426;1,136697128
0,3427;1,146411703
0,3428;1,15620305
0,3429;1,166071716
0,343;1,176018255
0,3431;1,186043223
0,3432;1,19614718
0,3433;1,206330689
0,3434;1,216594316
0,3435;1,226938632
0,3436;1,23736421
0,3437;1,247871628
0,3438;1,258461466
0,3439;1,269134309
0,344;1,279890745
0,3441;1,290731365
0,3442;1,301656765
0,3443;1,312667544
0,3444;1,323764304
0,3445;1,334947652
0,3446;1,346218198
0,3447;1,357576555
0,3448;1,369023341
0,3449;1,380559177
0,345;1,392184689
0,3451;1,403900504
0,3452;1,415707257
0,3453;1,427605583
0,3454;1,439596123
0,3455;1,45167952
0,3456;1,463856424
0,3457;1,476127487
0,3458;1,488493363
0,3459;1,500954714
0,346;1,513512203
0,3461;1,526166498
0,3462;1,538918271
0,3463;1,551768198
0,3464;1,56471696
0,3465;1,577765239
0,3466;1,590913724
0,3467;1,604163108
0,3468;1,617514088
0,3469;1,630967362
0,347;1,644523637
0,3471;1,65818362
0,3472;1,671948026
0,3473;1,685817571
0,3474;1,699792977
0,3475;1,71387497
0,3476;1,728064279
0,3477;1,74236164
0,3478;1,75676779
0,3479;1,771283474
0,348;1,785909437
0,3481;1,800646433
0,3482;1,815495217
0,3483;1,830456549
0,3484;1,845531195
0,3485;1,860719925
0,3486;1,876023511
0,3487;1,891442733
0,3488;1,906978374
0,3489;1,922631221
0,349;1,938402065
0,3491;1,954291705
0,3492;1,97030094
0,3493;1,986430577
0,3494;2,002681426
0,3495;2,019054302
0,3496;2,035550026
0,3497;2,052169421
0,3498;2,068913317
0,3499;2,085782548
0,35;2,102777952
0,3501;2,119900373
0,3502;2,13715066
0,3503;2,154529665
0,3504;2,172038247
0,3505;2,189677268
0,3506;2,207447596
0,3507;2,225350104
0,3508;2,243385669
0,3509;2,261555174
0,351;2,279859506
0,3511;2,298299557
0,3512;2,316876226
0,3513;2,335590414
0,3514;2,354443029
0,3515;2,373434985
0,3516;2,392567197
0,3517;2,41184059
0,3518;2,431256091
0,3519;2,450814634
0,352;2,470517157
0,3521;2,490364602
0,3522;2,51035792
0,3523;2,530498063
0,3524;2,550785992
0,3525;2,57122267
0,3526;2,591809068
0,3527;2,612546161
0,3528;2,633434929
0,3529;2,654476358
0,353;2,675671439
0,3531;2,697021169
0,3532;2,71852655
0,3533;2,74018859
0,3534;2,762008302
0,3535;2,783986705
0,3536;2,806124821
0,3537;2,828423682
0,3538;2,850884322
0,3539;2,873507782
0,354;2,896295108
0,3541;2,919247353
0,3542;2,942365574
0,3543;2,965650835
0,3544;2,989104204
0,3545;3,012726756
0,3546;3,036519572
0,3547;3,060483738
0,3548;3,084620347
0,3549;3,108930495
0,355;3,133415287
0,3551;3,158075833
0,3552;3,182913247
0,3553;3,207928651
0,3554;3,233123172
0,3555;3,258497943
0,3556;3,284054104
0,3557;3,3097928
0,3558;3,335715182
0,3559;3,361822406
0,356;3,388115636
0,3561;3,414596042
0,3562;3,441264798
0,3563;3,468123086
0,3564;3,495172095
0,3565;3,522413016
0,3566;3,549847051
0,3567;3,577475406
0,3568;3,605299293
0,3569;3,63331993
0,357;3,661538543
0,3571;3,689956362
0,3572;3,718574626
0,3573;3,747394577
0,3574;3,776417467
0,3575;3,805644552
0,3576;3,835077094
0,3577;3,864716364
0,3578;3,894563636
0,3579;3,924620194
0,358;3,954887326
0,3581;3,985366327
0,3582;4,0160585
0,3583;4,046965152
0,3584;4,078087599
0,3585;4,109427163
0,3586;4,14098517
0,3587;4,172762958
0,3588;4,204761866
0,3589;4,236983243
0,359;4,269428445
0,3591;4,302098832
0,3592;4,334995773
0,3593;4,368120644
0,3594;4,401474826
0,3595;4,435059709
0,3596;4,468876687
0,3597;4,502927164
0,3598;4,537212548
0,3599;4,571734256
0,36;4,606493712
0,3601;4,641492346
0,3602;4,676731594
0,3603;4,712212902
0,3604;4,747937719
0,3605;4,783907505
0,3606;4,820123725
0,3607;4,856587851
0,3608;4,893301363
0,3609;4,930265746
0,361;4,967482496
0,3611;5,004953113
0,3612;5,042679105
0,3613;5,080661987
0,3614;5,118903282
0,3615;5,15740452
0,3616;5,196167238
0,3617;5,235192981
0,3618;5,274483299
0,3619;5,314039753
0,362;5,353863908
0,3621;5,393957339
0,3622;5,434321626
0,3623;5,474958358
0,3624;5,515869132
0,3625;5,557055551
0,3626;5,598519226
0,3627;5,640261775
0,3628;5,682284825
0,3629;5,724590009
0,363;5,767178969
0,3631;5,810053353
0,3632;5,853214817
0,3633;5,896665027
0,3634;5,940405653
0,3635;5,984438374
0,3636;6,028764879
0,3637;6,073386861
0,3638;6,118306024
0,3639;6,163524078
0,364;6,20904274
0,3641;6,254863736
0,3642;6,300988801
0,3643;6,347419675
0,3644;6,394158109
0,3645;6,441205859
0,3646;6,48856469
0,3647;6,536236377
0,3648;6,584222698
0,3649;6,632525445
0,365;6,681146412
0,3651;6,730087407
0,3652;6,779350241
0,3653;6,828936735
0,3654;6,878848718
0,3655;6,929088028
0,3656;6,97965651
0,3657;7,030556018
0,3658;7,081788411
0,3659;7,133355561
0,366;7,185259345
0,3661;7,237501648
0,3662;7,290084366
0,3663;7,3430094
0,3664;7,396278661
0,3665;7,449894068
0,3666;7,503857548
0,3667;7,558171036
0,3668;7,612836477
0,3669;7,667855822
0,367;7,723231032
0,3671;7,778964076
0,3672;7,835056931
0,3673;7,891511582
0,3674;7,948330024
0,3675;8,005514259
0,3676;8,063066298
0,3677;8,12098816
0,3678;8,179281873
0,3679;8,237949474
0,368;8,296993008
0,3681;8,356414528
0,3682;8,416216095
0,3683;8,476399782
0,3684;8,536967666
0,3685;8,597921836
0,3686;8,659264388
0,3687;8,720997427
0,3688;8,783123067
0,3689;8,845643431
0,369;8,908560648
0,3691;8,97187686
0,3692;9,035594214
0,3693;9,099714868
0,3694;9,164240987
0,3695;9,229174748
0,3696;9,294518332
0,3697;9,360273932
0,3698;9,42644375
0,3699;9,493029995
0,37;9,560034886
0,3701;9,627460651
0,3702;9,695309526
0,3703;9,763583756
0,3704;9,832285596
0,3705;9,901417309
0,3706;9,970981168
0,3707;10,04097945
0,3708;10,11141445
0,3709;10,18228847
0,371;10,2536038
0,3711;10,32536278
0,3712;10,39756773
0,3713;10,47022097
0,3714;10,54332486
0,3715;10,61688174
0,3716;10,69089399
0,3717;10,76536396
0,3718;10,84029404
0,3719;10,91568663
0,372;10,99154411
0,3721;11,0678689
0,3722;11,14466341
0,3723;11,22193006
0,3724;11,2996713
0,3725;11,37788957
0,3726;11,45658731
0,3727;11,53576699
0,3728;11,61543109
0,3729;11,69558208
0,373;11,77622246
0,3731;11,85735471
0,3732;11,93898136
0,3733;12,02110491
0,3734;12,1037279
0,3735;12,18685286
0,3736;12,27048234
0,3737;12,35461888
0,3738;12,43926506
0,3739;12,52442345
0,374;12,61009662
0,3741;12,69628717
0,3742;12,78299771
0,3743;12,87023084
0,3744;12,95798918
0,3745;13,04627535
0,3746;13,13509201
0,3747;13,22444179
0,3748;13,31432736
0,3749;13,40475137
0,375;13,4957165
0,3751;13,58722544
0,3752;13,67928089
0,3753;13,77188554
0,3754;13,86504211
0,3755;13,95875332
0,3756;14,05302191
0,3757;14,14785061
0,3758;14,24324217
0,3759;14,33919936
0,376;14,43572494
0,3761;14,53282169
0,3762;14,6304924
0,3763;14,72873987
0,3764;14,82756691
0,3765;14,92697632
0,3766;15,02697094
0,3767;15,1275536
0,3768;15,22872715
0,3769;15,33049444
0,377;15,43285832
0,3771;15,53582169
0,3772;15,63938741
0,3773;15,74355838
0,3774;15,8483375
0,3775;15,95372767
0,3776;16,05973183
0,3777;16,1663529
0,3778;16,27359382
0,3779;16,38145753
0,378;16,48994699
0,3781;16,59906517
0,3782;16,70881505
0,3783;16,81919961
0,3784;16,93022185
0,3785;17,04188477
0,3786;17,15419138
0,3787;17,26714471
0,3788;17,38074779
0,3789;17,49500366
0,379;17,60991538
0,3791;17,725486
0,3792;17,84171859
0,3793;17,95861624
0,3794;18,07618203
0,3795;18,19441907
0,3796;18,31333045
0,3797;18,4329193
0,3798;18,55318873
0,3799;18,6741419
0,38;18,79578193
0,3801;18,918112
0,3802;19,04113525
0,3803;19,16485486
0,3804;19,28927402
0,3805;19,41439591
0,3806;19,54022374
0,3807;19,66676072
0,3808;19,79401006
0,3809;19,92197499
0,381;20,05065876
0,3811;20,1800646
0,3812;20,31019578
0,3813;20,44105555
0,3814;20,5726472
0,3815;20,704974
0,3816;20,83803926
0,3817;20,97184626
0,3818;21,10639833
0,3819;21,24169878
0,382;21,37775094
0,3821;21,51455815
0,3822;21,65212376
0,3823;21,79045113
0,3824;21,92954361
0,3825;22,06940459
0,3826;22,21003744
0,3827;22,35144557
0,3828;22,49363237
0,3829;22,63660125
0,383;22,78035563
0,3831;22,92489894
0,3832;23,07023462
0,3833;23,21636612
0,3834;23,36329688
0,3835;23,51103038
0,3836;23,65957008
0,3837;23,80891947
0,3838;23,95908205
0,3839;24,1100613
0,384;24,26186073
0,3841;24,41448387
0,3842;24,56793424
0,3843;24,72221537
0,3844;24,8773308
0,3845;25,03328409
0,3846;25,19007881
0,3847;25,3477185
0,3848;25,50620676
0,3849;25,66554718
0,385;25,82574333
0,3851;25,98679884
0,3852;26,1487173
0,3853;26,31150234
0,3854;26,47515759
0,3855;26,63968669
0,3856;26,80509327
0,3857;26,971381
0,3858;27,13855354
0,3859;27,30661455
0,386;27,47556772
0,3861;27,64541672
0,3862;27,81616527
0,3863;27,98781705
0,3864;28,16037579
0,3865;28,33384519
0,3866;28,508229
0,3867;28,68353094
0,3868;28,85975475
0,3869;29,0369042
0,387;29,21498303
0,3871;29,39399503
0,3872;29,57394395
0,3873;29,75483359
0,3874;29,93666774
0,3875;30,1194502
0,3876;30,30318477
0,3877;30,48787526
0,3878;30,67352551
0,3879;30,86013934
0,388;31,04772059
0,3881;31,23627309
0,3882;31,42580072
0,3883;31,61630732
0,3884;31,80779677
0,3885;32,00027293
0,3886;32,1937397
0,3887;32,38820096
0,3888;32,58366061
0,3889;32,78012255
0,389;32,9775907
0,3891;33,17606897
0,3892;33,37556129
0,3893;33,5760716
0,3894;33,77760383
0,3895;33,98016194
0,3896;34,18374987
0,3897;34,38837159
0,3898;34,59403106
0,3899;34,80073227
0,39;35,00847918
0,3901;35,2172758
0,3902;35,42712612
0,3903;35,63803414
0,3904;35,85000386
0,3905;36,06303931
0,3906;36,2771445
0,3907;36,49232347
0,3908;36,70858024
0,3909;36,92591886
0,391;37,14434338
0,3911;37,36385785
0,3912;37,58446632
0,3913;37,80617288
0,3914;38,02898158
0,3915;38,25289651
0,3916;38,47792175
0,3917;38,70406139
0,3918;38,93131953
0,3919;39,15970027
0,392;39,38920772
0,3921;39,61984598
0,3922;39,85161919
0,3923;40,08453146
0,3924;40,31858693
0,3925;40,55378973
0,3926;40,79014401
0,3927;41,0276539
0,3928;41,26632357
0,3929;41,50615717
0,393;41,74715886
0,3931;41,98933282
0,3932;42,23268321
0,3933;42,47721421
0,3934;42,72293001
0,3935;42,96983479
0,3936;43,21793275
0,3937;43,46722808
0,3938;43,71772499
0,3939;43,96942769
0,394;44,22234038
0,3941;44,47646728
0,3942;44,73181262
0,3943;44,98838062
0,3944;45,24617551
0,3945;45,50520152
0,3946;45,76546289
0,3947;46,02696386
0,3948;46,28970868
0,3949;46,55370161
0,395;46,81894688
0,3951;47,08544877
0,3952;47,35321154
0,3953;47,62223944
0,3954;47,89253675
0,3955;48,16410775
0,3956;48,43695671
0,3957;48,7110879
0,3958;48,98650562
0,3959;49,26321414
0,396;49,54121776
0,3961;49,82052078
0,3962;50,10112748
0,3963;50,38304217
0,3964;50,66626915
0,3965;50,95081273
0,3966;51,2366772
0,3967;51,52386689
0,3968;51,8123861
0,3969;52,10223915
0,397;52,39343035
0,3971;52,68596404
0,3972;52,97984453
0,3973;53,27507614
0,3974;53,5716632
0,3975;53,86961005
0,3976;54,168921
0,3977;54,46960041
0,3978;54,77165259
0,3979;55,07508188
0,398;55,37989263
0,3981;55,68608918
0,3982;55,99367585
0,3983;56,30265701
0,3984;56,61303698
0,3985;56,92482012
0,3986;57,23801076
0,3987;57,55261327
0,3988;57,86863198
0,3989;58,18607124
0,399;58,50493541
0,3991;58,82522883
0,3992;59,14695585
0,3993;59,47012083
0,3994;59,79472811
0,3995;60,12078206
0,3996;60,44828701
0,3997;60,77724733
0,3998;61,10766736
0,3999;61,43955146
0,4;61,77290397
0,4001;62,10772926
0,4002;62,44403167
0,4003;62,78181555
0,4004;63,12108526
0,4005;63,46184514
0,4006;63,80409954
0,4007;64,14785281
0,4008;64,49310929
0,4009;64,83987334
0,401;65,18814929
0,4011;65,5379415
0,4012;65,8892543
0,4013;66,24209204
0,4014;66,59645905
0,4015;66,95235967
0,4016;67,30979823
0,4017;67,66877908
0,4018;68,02930654
0,4019;68,39138495
0,402;68,75501863
0,4021;69,1202119
0,4022;69,48696909
0,4023;69,85529453
0,4024;70,22519252
0,4025;70,59666739
0,4026;70,96972344
0,4027;71,34436499
0,4028;71,72059634
0,4029;72,0984218
0,403;72,47784566
0,4031;72,85887223
0,4032;73,2415058
0,4033;73,62575065
0,4034;74,01161108
0,4035;74,39909136
0,4036;74,78819577
0,4037;75,17892859
0,4038;75,57129409
0,4039;75,96529654
0,404;76,36094018
0,4041;76,7582293
0,4042;77,15716812
0,4043;77,55776091
0,4044;77,96001191
0,4045;78,36392535
0,4046;78,76950546
0,4047;79,17675648
0,4048;79,58568263
0,4049;79,99628812
0,405;80,40857716
0,4051;80,82255397
0,4052;81,23822273
0,4053;81,65558765
0,4054;82,07465292
0,4055;82,4954227
0,4056;82,91790119
0,4057;83,34209255
0,4058;83,76800094
0,4059;84,19563051
0,406;84,62498543
0,4061;85,05606982
0,4062;85,48888783
0,4063;85,92344358
0,4064;86,35974119
0,4065;86,79778478
0,4066;87,23757845
0,4067;87,67912631
0,4068;88,12243244
0,4069;88,56750092
0,407;89,01433583
0,4071;89,46294124
0,4072;89,9133212
0,4073;90,36547977
0,4074;90,81942098
0,4075;91,27514886
0,4076;91,73266745
0,4077;92,19198075
0,4078;92,65309278
0,4079;93,11600752
0,408;93,58072897
0,4081;94,0472611
0,4082;94,51560787
0,4083;94,98577326
0,4084;95,45776121
0,4085;95,93157565
0,4086;96,40722051
0,4087;96,88469972
0,4088;97,36401717
0,4089;97,84517677
0,409;98,3281824
0,4091;98,81303794
0,4092;99,29974725
0,4093;99,78831419
0,4094;100,2787426
0,4095;100,7710363
0,4096;101,2651991
0,4097;101,7612349
0,4098;102,2591473
0,4099;102,7589403
0,41;103,2606175
0,4101;103,7641828
0,4102;104,2696399
0,4103;104,7769925
0,4104;105,2862443
0,4105;105,797399
0,4106;106,3104605
0,4107;106,8254322
0,4108;107,3423179
0,4109;107,8611213
0,411;108,381846
0,4111;108,9044956
0,4112;109,4290738
0,4113;109,9555841
0,4114;110,4840301
0,4115;111,0144155
0,4116;111,5467437
0,4117;112,0810183
0,4118;112,6172428
0,4119;113,1554208
0,412;113,6955558
0,4121;114,2376512
0,4122;114,7817105
0,4123;115,3277372
0,4124;115,8757346
0,4125;116,4257063
0,4126;116,9776556
0,4127;117,531586
0,4128;118,0875007
0,4129;118,6454032
0,413;119,2052968
0,4131;119,7671849
0,4132;120,3310706
0,4133;120,8969574
0,4134;121,4648485
0,4135;122,0347471
0,4136;122,6066565
0,4137;123,18058
0,4138;123,7565207
0,4139;124,3344818
0,414;124,9144664
0,4141;125,4964778
0,4142;126,0805191
0,4143;126,6665934
0,4144;127,2547037
0,4145;127,8448532
0,4146;128,4370449
0,4147;129,0312819
0,4148;129,6275671
0,4149;130,2259036
0,415;130,8262944
0,4151;131,4287423
0,4152;132,0332505
0,4153;132,6398217
0,4154;133,2484589
0,4155;133,8591649
0,4156;134,4719427
0,4157;135,0867951
0,4158;135,7037248
0,4159;136,3227348
0,416;136,9438276
0,4161;137,5670063
0,4162;138,1922733
0,4163;138,8196315
0,4164;139,4490836
0,4165;140,0806323
0,4166;140,7142801
0,4167;141,3500297
0,4168;141,9878837
0,4169;142,6278447
0,417;143,2699152
0,4171;143,9140979
0,4172;144,5603951
0,4173;145,2088094
0,4174;145,8593433
0,4175;146,5119992
0,4176;147,1667795
0,4177;147,8236866
0,4178;148,4827229
0,4179;149,1438907
0,418;149,8071924
0,4181;150,4726302
0,4182;151,1402065
0,4183;151,8099234
0,4184;152,4817833
0,4185;153,1557882
0,4186;153,8319405
0,4187;154,5102422
0,4188;155,1906954
0,4189;155,8733023
0,419;156,5580649
0,4191;157,2449853
0,4192;157,9340655
0,4193;158,6253075
0,4194;159,3187133
0,4195;160,0142847
0,4196;160,7120238
0,4197;161,4119323
0,4198;162,1140123
0,4199;162,8182654
0,42;163,5246936
0,4201;164,2332985
0,4202;164,944082
0,4203;165,6570457
0,4204;166,3721914
0,4205;167,0895208
0,4206;167,8090353
0,4207;168,5307368
0,4208;169,2546267
0,4209;169,9807066
0,421;170,7089781
0,4211;171,4394426
0,4212;172,1721016
0,4213;172,9069565
0,4214;173,6440087
0,4215;174,3832597
0,4216;175,1247107
0,4217;175,8683632
0,4218;176,6142182
0,4219;177,3622772
0,422;178,1125414
0,4221;178,8650119
0,4222;179,6196899
0,4223;180,3765766
0,4224;181,135673
0,4225;181,8969802
0,4226;182,6604993
0,4227;183,4262312
0,4228;184,194177
0,4229;184,9643376
0,423;185,7367138
0,4231;186,5113067
0,4232;187,288117
0,4233;188,0671455
0,4234;188,8483931
0,4235;189,6318604
0,4236;190,4175482
0,4237;191,2054572
0,4238;191,9955881
0,4239;192,7879414
0,424;193,5825177
0,4241;194,3793176
0,4242;195,1783415
0,4243;195,9795901
0,4244;196,7830637
0,4245;197,5887627
0,4246;198,3966876
0,4247;199,2068386
0,4248;200,0192161
0,4249;200,8338203
0,425;201,6506515
0,4251;202,4697099
0,4252;203,2909956
0,4253;204,1145089
0,4254;204,9402497
0,4255;205,7682182
0,4256;206,5984144
0,4257;207,4308382
0,4258;208,2654897
0,4259;209,1023687
0,426;209,9414751
0,4261;210,7828088
0,4262;211,6263695
0,4263;212,4721571
0,4264;213,3201713
0,4265;214,1704117
0,4266;215,022878
0,4267;215,8775699
0,4268;216,734487
0,4269;217,5936287
0,427;218,4549945
0,4271;219,3185841
0,4272;220,1843967
0,4273;221,0524318
0,4274;221,9226887
0,4275;222,7951668
0,4276;223,6698653
0,4277;224,5467834
0,4278;225,4259204
0,4279;226,3072755
0,428;227,1908476
0,4281;228,076636
0,4282;228,9646396
0,4283;229,8548575
0,4284;230,7472886
0,4285;231,6419319
0,4286;232,5387862
0,4287;233,4378503
0,4288;234,3391231
0,4289;235,2426033
0,429;236,1482897
0,4291;237,0561809
0,4292;237,9662755
0,4293;238,8785722
0,4294;239,7930695
0,4295;240,7097659
0,4296;241,62866
0,4297;242,54975
0,4298;243,4730345
0,4299;244,3985117
0,43;245,32618
0,4301;246,2560376
0,4302;247,1880828
0,4303;248,1223137
0,4304;249,0587285
0,4305;249,9973253
0,4306;250,938102
0,4307;251,8810568
0,4308;252,8261876
0,4309;253,7734922
0,431;254,7229687
0,4311;255,6746148
0,4312;256,6284283
0,4313;257,584407
0,4314;258,5425486
0,4315;259,5028507
0,4316;260,4653109
0,4317;261,4299269
0,4318;262,3966961
0,4319;263,3656161
0,432;264,3366843
0,4321;265,309898
0,4322;266,2852547
0,4323;267,2627517
0,4324;268,2423861
0,4325;269,2241553
0,4326;270,2080564
0,4327;271,1940865
0,4328;272,1822428
0,4329;273,1725222
0,433;274,1649217
0,4331;275,1594384
0,4332;276,156069
0,4333;277,1548105
0,4334;278,1556597
0,4335;279,1586133
0,4336;280,1636681
0,4337;281,1708207
0,4338;282,1800678
0,4339;283,1914059
0,434;284,2048316
0,4341;285,2203413
0,4342;286,2379316
0,4343;287,2575987
0,4344;288,2793391
0,4345;289,3031491
0,4346;290,3290249
0,4347;291,3569627
0,4348;292,3869586
0,4349;293,4190089
0,435;294,4531096
0,4351;295,4892566
0,4352;296,527446
0,4353;297,5676737
0,4354;298,6099355
0,4355;299,6542274
0,4356;300,700545
0,4357;301,7488841
0,4358;302,7992405
0,4359;303,8516097
0,436;304,9059873
0,4361;305,962369
0,4362;307,0207501
0,4363;308,0811261
0,4364;309,1434925
0,4365;310,2078445
0,4366;311,2741775
0,4367;312,3424868
0,4368;313,4127676
0,4369;314,4850149
0,437;315,5592239
0,4371;316,6353898
0,4372;317,7135074
0,4373;318,7935718
0,4374;319,8755778
0,4375;320,9595204
0,4376;322,0453944
0,4377;323,1331945
0,4378;324,2229154
0,4379;325,3145518
0,438;326,4080984
0,4381;327,5035497
0,4382;328,6009002
0,4383;329,7001445
0,4384;330,8012768
0,4385;331,9042917
0,4386;333,0091834
0,4387;334,1159462
0,4388;335,2245744
0,4389;336,3350621
0,439;337,4474034
0,4391;338,5615924
0,4392;339,6776232
0,4393;340,7954898
0,4394;341,915186
0,4395;343,0367057
0,4396;344,1600428
0,4397;345,2851911
0,4398;346,4121442
0,4399;347,540896
0,44;348,6714399
0,4401;349,8037696
0,4402;350,9378786
0,4403;352,0737604
0,4404;353,2114084
0,4405;354,350816
0,4406;355,4919766
0,4407;356,6348834
0,4408;357,7795296
0,4409;358,9259085
0,441;360,0740131
0,4411;361,2238366
0,4412;362,3753719
0,4413;363,5286122
0,4414;364,6835502
0,4415;365,8401788
0,4416;366,998491
0,4417;368,1584795
0,4418;369,320137
0,4419;370,4834562
0,442;371,6484297
0,4421;372,8150501
0,4422;373,98331
0,4423;375,1532018
0,4424;376,3247179
0,4425;377,4978508
0,4426;378,6725927
0,4427;379,848936
0,4428;381,0268729
0,4429;382,2063955
0,443;383,387496
0,4431;384,5701665
0,4432;385,754399
0,4433;386,9401854
0,4434;388,1275178
0,4435;389,316388
0,4436;390,5067877
0,4437;391,6987089
0,4438;392,8921433
0,4439;394,0870824
0,444;395,283518
0,4441;396,4814416
0,4442;397,6808448
0,4443;398,8817191
0,4444;400,0840558
0,4445;401,2878464
0,4446;402,4930821
0,4447;403,6997544
0,4448;404,9078544
0,4449;406,1173732
0,445;407,3283022
0,4451;408,5406322
0,4452;409,7543544
0,4453;410,9694598
0,4454;412,1859392
0,4455;413,4037836
0,4456;414,6229839
0,4457;415,8435307
0,4458;417,0654149
0,4459;418,2886272
0,446;419,5131581
0,4461;420,7389984
0,4462;421,9661384
0,4463;423,1945688
0,4464;424,42428
0,4465;425,6552623
0,4466;426,8875062
0,4467;428,121002
0,4468;429,3557398
0,4469;430,5917099
0,447;431,8289025
0,4471;433,0673077
0,4472;434,3069155
0,4473;435,5477159
0,4474;436,789699
0,4475;438,0328546
0,4476;439,2771726
0,4477;440,5226429
0,4478;441,7692551
0,4479;443,0169991
0,448;444,2658645
0,4481;445,515841
0,4482;446,7669181
0,4483;448,0190853
0,4484;449,2723323
0,4485;450,5266483
0,4486;451,7820229
0,4487;453,0384453
0,4488;454,2959049
0,4489;455,5543909
0,449;456,8138925
0,4491;458,074399
0,4492;459,3358994
0,4493;460,5983828
0,4494;461,8618382
0,4495;463,1262546
0,4496;464,391621
0,4497;465,6579261
0,4498;466,925159
0,4499;468,1933083
0,45;469,4623629
0,4501;470,7323114
0,4502;472,0031425
0,4503;473,2748448
0,4504;474,5474069
0,4505;475,8208173
0,4506;477,0950645
0,4507;478,370137
0,4508;479,6460231
0,4509;480,9227112
0,451;482,2001896
0,4511;483,4784465
0,4512;484,7574702
0,4513;486,0372489
0,4514;487,3177707
0,4515;488,5990236
0,4516;489,8809957
0,4517;491,1636751
0,4518;492,4470496
0,4519;493,7311073
0,452;495,0158359
0,4521;496,3012233
0,4522;497,5872573
0,4523;498,8739256
0,4524;500,161216
0,4525;501,4491161
0,4526;502,7376135
0,4527;504,0266958
0,4528;505,3163505
0,4529;506,6065652
0,453;507,8973273
0,4531;509,1886243
0,4532;510,4804434
0,4533;511,772772
0,4534;513,0655974
0,4535;514,3589069
0,4536;515,6526877
0,4537;516,9469269
0,4538;518,2416118
0,4539;519,5367293
0,454;520,8322665
0,4541;522,1282105
0,4542;523,4245483
0,4543;524,7212667
0,4544;526,0183526
0,4545;527,315793
0,4546;528,6135747
0,4547;529,9116844
0,4548;531,2101089
0,4549;532,5088348
0,455;533,807849
0,4551;535,1071379
0,4552;536,4066883
0,4553;537,7064866
0,4554;539,0065193
0,4555;540,3067731
0,4556;541,6072343
0,4557;542,9078893
0,4558;544,2087245
0,4559;545,5097263
0,456;546,810881
0,4561;548,1121748
0,4562;549,4135941
0,4563;550,7151249
0,4564;552,0167534
0,4565;553,3184659
0,4566;554,6202483
0,4567;555,9220868
0,4568;557,2239674
0,4569;558,5258761
0,457;559,8277989
0,4571;561,1297217
0,4572;562,4316303
0,4573;563,7335108
0,4574;565,0353488
0,4575;566,3371303
0,4576;567,6388409
0,4577;568,9404664
0,4578;570,2419926
0,4579;571,5434051
0,458;572,8446895
0,4581;574,1458315
0,4582;575,4468167
0,4583;576,7476306
0,4584;578,0482587
0,4585;579,3486866
0,4586;580,6488997
0,4587;581,9488834
0,4588;583,2486232
0,4589;584,5481044
0,459;585,8473124
0,4591;587,1462326
0,4592;588,4448501
0,4593;589,7431503
0,4594;591,0411184
0,4595;592,3387397
0,4596;593,6359992
0,4597;594,9328823
0,4598;596,229374
0,4599;597,5254594
0,46;598,8211235
0,4601;600,1163516
0,4602;601,4111286
0,4603;602,7054394
0,4604;603,9992691
0,4605;605,2926027
0,4606;606,585425
0,4607;607,8777211
0,4608;609,1694756
0,4609;610,4606736
0,461;611,7512999
0,4611;613,0413393
0,4612;614,3307765
0,4613;615,6195964
0,4614;616,9077837
0,4615;618,1953231
0,4616;619,4821994
0,4617;620,7683971
0,4618;622,0539011
0,4619;623,3386959
0,462;624,6227661
0,4621;625,9060964
0,4622;627,1886713
0,4623;628,4704754
0,4624;629,7514933
0,4625;631,0317094
0,4626;632,3111083
0,4627;633,5896745
0,4628;634,8673925
0,4629;636,1442466
0,463;637,4202214
0,4631;638,6953013
0,4632;639,9694706
0,4633;641,2427138
0,4634;642,5150151
0,4635;643,7863591
0,4636;645,05673
0,4637;646,3261121
0,4638;647,5944898
0,4639;648,8618473
0,464;650,128169
0,4641;651,3934391
0,4642;652,6576418
0,4643;653,9207614
0,4644;655,1827822
0,4645;656,4436882
0,4646;657,7034638
0,4647;658,9620932
0,4648;660,2195605
0,4649;661,4758498
0,465;662,7309454
0,4651;663,9848313
0,4652;665,2374918
0,4653;666,4889109
0,4654;667,7390728
0,4655;668,9879615
0,4656;670,2355612
0,4657;671,481856
0,4658;672,7268299
0,4659;673,970467
0,466;675,2127513
0,4661;676,453667
0,4662;677,6931981
0,4663;678,9313285
0,4664;680,1680425
0,4665;681,4033239
0,4666;682,6371568
0,4667;683,8695253
0,4668;685,1004133
0,4669;686,3298048
0,467;687,5576839
0,4671;688,7840346
0,4672;690,0088408
0,4673;691,2320866
0,4674;692,4537559
0,4675;693,6738327
0,4676;694,8923011
0,4677;696,1091449
0,4678;697,3243482
0,4679;698,537895
0,468;699,7497692
0,4681;700,9599548
0,4682;702,1684359
0,4683;703,3751963
0,4684;704,58022
0,4685;705,7834911
0,4686;706,9849935
0,4687;708,1847111
0,4688;709,3826281
0,4689;710,5787283
0,469;711,7729958
0,4691;712,9654145
0,4692;714,1559684
0,4693;715,3446416
0,4694;716,531418
0,4695;717,7162816
0,4696;718,8992165
0,4697;720,0802066
0,4698;721,2592361
0,4699;722,4362888
0,47;723,6113489
0,4701;724,7844003
0,4702;725,9554272
0,4703;727,1244136
0,4704;728,2913435
0,4705;729,456201
0,4706;730,6189702
0,4707;731,7796352
0,4708;732,93818
0,4709;734,0945888
0,471;735,2488456
0,4711;736,4009346
0,4712;737,55084
0,4713;738,6985458
0,4714;739,8440363
0,4715;740,9872955
0,4716;742,1283077
0,4717;743,267057
0,4718;744,4035277
0,4719;745,5377039
0,472;746,66957
0,4721;747,79911
0,4722;748,9263084
0,4723;750,0511493
0,4724;751,173617
0,4725;752,2936959
0,4726;753,4113702
0,4727;754,5266243
0,4728;755,6394425
0,4729;756,7498092
0,473;757,8577088
0,4731;758,9631256
0,4732;760,0660441
0,4733;761,1664487
0,4734;762,2643239
0,4735;763,3596541
0,4736;764,4524237
0,4737;765,5426174
0,4738;766,6302196
0,4739;767,7152149
0,474;768,7975879
0,4741;769,8773231
0,4742;770,9544051
0,4743;772,0288186
0,4744;773,1005483
0,4745;774,1695787
0,4746;775,2358946
0,4747;776,2994808
0,4748;777,3603219
0,4749;778,4184027
0,475;779,473708
0,4751;780,5262227
0,4752;781,5759315
0,4753;782,6228194
0,4754;783,6668712
0,4755;784,7080718
0,4756;785,7464062
0,4757;786,7818594
0,4758;787,8144163
0,4759;788,844062
0,476;789,8707815
0,4761;790,8945598
0,4762;791,9153822
0,4763;792,9332338
0,4764;793,9480996
0,4765;794,9599649
0,4766;795,968815
0,4767;796,974635
0,4768;797,9774103
0,4769;798,9771261
0,477;799,9737679
0,4771;800,967321
0,4772;801,9577708
0,4773;802,9451028
0,4774;803,9293024
0,4775;804,9103551
0,4776;805,8882465
0,4777;806,8629622
0,4778;807,8344877
0,4779;808,8028087
0,478;809,7679109
0,4781;810,7297801
0,4782;811,6884018
0,4783;812,643762
0,4784;813,5958465
0,4785;814,5446411
0,4786;815,4901317
0,4787;816,4323042
0,4788;817,3711446
0,4789;818,306639
0,479;819,2387733
0,4791;820,1675337
0,4792;821,0929062
0,4793;822,0148771
0,4794;822,9334325
0,4795;823,8485587
0,4796;824,760242
0,4797;825,6684686
0,4798;826,573225
0,4799;827,4744975
0,48;828,3722726
0,4801;829,2665369
0,4802;830,1572767
0,4803;831,0444787
0,4804;831,9281296
0,4805;832,8082159
0,4806;833,6847244
0,4807;834,5576419
0,4808;835,426955
0,4809;836,2926508
0,481;837,1547159
0,4811;838,0131374
0,4812;838,8679023
0,4813;839,7189975
0,4814;840,5664102
0,4815;841,4101274
0,4816;842,2501363
0,4817;843,0864241
0,4818;843,9189781
0,4819;844,7477855
0,482;845,5728338
0,4821;846,3941103
0,4822;847,2116024
0,4823;848,0252978
0,4824;848,8351838
0,4825;849,6412481
0,4826;850,4434784
0,4827;851,2418624
0,4828;852,0363877
0,4829;852,8270423
0,483;853,6138139
0,4831;854,3966905
0,4832;855,17566
0,4833;855,9507104
0,4834;856,7218298
0,4835;857,4890063
0,4836;858,2522281
0,4837;859,0114834
0,4838;859,7667604
0,4839;860,5180475
0,484;861,2653331
0,4841;862,0086057
0,4842;862,7478536
0,4843;863,4830655
0,4844;864,2142299
0,4845;864,9413356
0,4846;865,6643712
0,4847;866,3833255
0,4848;867,0981873
0,4849;867,8089456
0,485;868,5155893
0,4851;869,2181073
0,4852;869,9164888
0,4853;870,6107229
0,4854;871,3007987
0,4855;871,9867054
0,4856;872,6684324
0,4857;873,3459691
0,4858;874,0193048
0,4859;874,688429
0,486;875,3533313
0,4861;876,0140012
0,4862;876,6704284
0,4863;877,3226026
0,4864;877,9705136
0,4865;878,6141513
0,4866;879,2535055
0,4867;879,8885663
0,4868;880,5193235
0,4869;881,1457674
0,487;881,7678881
0,4871;882,3856757
0,4872;882,9991207
0,4873;883,6082132
0,4874;884,2129438
0,4875;884,8133029
0,4876;885,409281
0,4877;886,0008687
0,4878;886,5880568
0,4879;887,1708358
0,488;887,7491967
0,4881;888,3231303
0,4882;888,8926275
0,4883;889,4576793
0,4884;890,0182767
0,4885;890,574411
0,4886;891,1260732
0,4887;891,6732547
0,4888;892,2159468
0,4889;892,7541408
0,489;893,2878283
0,4891;893,8170008
0,4892;894,3416498
0,4893;894,8617671
0,4894;895,3773443
0,4895;895,8883733
0,4896;896,394846
0,4897;896,8967542
0,4898;897,3940901
0,4899;897,8868457
0,49;898,3750131
0,4901;898,8585846
0,4902;899,3375525
0,4903;899,8119091
0,4904;900,2816468
0,4905;900,7467582
0,4906;901,2072359
0,4907;901,6630725
0,4908;902,1142607
0,4909;902,5607934
0,491;903,0026633
0,4911;903,4398634
0,4912;903,8723867
0,4913;904,3002264
0,4914;904,7233755
0,4915;905,1418273
0,4916;905,555575
0,4917;905,9646122
0,4918;906,3689321
0,4919;906,7685284
0,492;907,1633946
0,4921;907,5535244
0,4922;907,9389115
0,4923;908,3195497
0,4924;908,695433
0,4925;909,0665553
0,4926;909,4329107
0,4927;909,7944932
0,4928;910,151297
0,4929;910,5033165
0,493;910,850546
0,4931;911,1929798
0,4932;911,5306125
0,4933;911,8634386
0,4934;912,1914528
0,4935;912,5146498
0,4936;912,8330243
0,4937;913,1465714
0,4938;913,4552859
0,4939;913,7591628
0,494;914,0581973
0,4941;914,3523845
0,4942;914,6417197
0,4943;914,9261982
0,4944;915,2058155
0,4945;915,4805669
0,4946;915,7504482
0,4947;916,0154549
0,4948;916,2755827
0,4949;916,5308275
0,495;916,7811852
0,4951;917,0266516
0,4952;917,2672229
0,4953;917,5028951
0,4954;917,7336644
0,4955;917,9595271
0,4956;918,1804796
0,4957;918,3965183
0,4958;918,6076396
0,4959;918,8138403
0,496;919,0151168
0,4961;919,2114661
0,4962;919,4028848
0,4963;919,58937
0,4964;919,7709185
0,4965;919,9475275
0,4966;920,1191941
0,4967;920,2859155
0,4968;920,447689
0,4969;920,604512
0,497;920,7563819
0,4971;920,9032964
0,4972;921,0452529
0,4973;921,1822493
0,4974;921,3142833
0,4975;921,4413527
0,4976;921,5634555
0,4977;921,6805897
0,4978;921,7927534
0,4979;921,8999449
0,498;922,0021623
0,4981;922,099404
0,4982;922,1916684
0,4983;922,278954
0,4984;922,3612595
0,4985;922,4385835
0,4986;922,5109246
0,4987;922,5782819
0,4988;922,6406541
0,4989;922,6980402
0,499;922,7504394
0,4991;922,7978507
0,4992;922,8402734
0,4993;922,8777069
0,4994;922,9101504
0,4995;922,9376035
0,4996;922,9600658
0,4997;922,9775368
0,4998;922,9900163
0,4999;922,9975041
0,5;923
0,5001;922,9975041
0,5002;922,9900163
0,5003;922,9775368
0,5004;922,9600658
0,5005;922,9376035
0,5006;922,9101504
0,5007;922,8777069
0,5008;922,8402734
0,5009;922,7978507
0,501;922,7504394
0,5011;922,6980402
0,5012;922,6406541
0,5013;922,5782819
0,5014;922,5109246
0,5015;922,4385835
0,5016;922,3612595
0,5017;922,278954
0,5018;922,1916684
0,5019;922,099404
0,502;922,0021623
0,5021;921,8999449
0,5022;921,7927534
0,5023;921,6805897
0,5024;921,5634555
0,5025;921,4413527
0,5026;921,3142833
0,5027;921,1822493
0,5028;921,0452529
0,5029;920,9032964
0,503;920,7563819
0,5031;920,604512
0,5032;920,447689
0,5033;920,2859155
0,5034;920,1191941
0,5035;919,9475275
0,5036;919,7709185
0,5037;919,58937
0,5038;919,4028848
0,5039;919,2114661
0,504;919,0151168
0,5041;918,8138403
0,5042;918,6076396
0,5043;918,3965183
0,5044;918,1804796
0,5045;917,9595271
0,5046;917,7336644
0,5047;917,5028951
0,5048;917,2672229
0,5049;917,0266516
0,505;916,7811852
0,5051;916,5308275
0,5052;916,2755827
0,5053;916,0154549
0,5054;915,7504482
0,5055;915,4805669
0,5056;915,2058155
0,5057;914,9261982
0,5058;914,6417197
0,5059;914,3523845
0,506;914,0581973
0,5061;913,7591628
0,5062;913,4552859
0,5063;913,1465714
0,5064;912,8330243
0,5065;912,5146498
0,5066;912,1914528
0,5067;911,8634386
0,5068;911,5306125
0,5069;911,1929798
0,507;910,850546
0,5071;910,5033165
0,5072;910,151297
0,5073;909,7944932
0,5074;909,4329107
0,5075;909,0665553
0,5076;908,695433
0,5077;908,3195497
0,5078;907,9389115
0,5079;907,5535244
0,508;907,1633946
0,5081;906,7685284
0,5082;906,3689321
0,5083;905,9646122
0,5084;905,555575
0,5085;905,1418273
0,5086;904,7233755
0,5087;904,3002264
0,5088;903,8723867
0,5089;903,4398634
0,509;903,0026633
0,5091;902,5607934
0,5092;902,1142607
0,5093;901,6630725
0,5094;901,2072359
0,5095;900,7467582
0,5096;900,2816468
0,5097;899,8119091
0,5098;899,3375525
0,5099;898,8585846
0,51;898,3750131
0,5101;897,8868457
0,5102;897,3940901
0,5103;896,8967542
0,5104;896,394846
0,5105;895,8883733
0,5106;895,3773443
0,5107;894,8617671
0,5108;894,3416498
0,5109;893,8170008
0,511;893,2878283
0,5111;892,7541408
0,5112;892,2159468
0,5113;891,6732547
0,5114;891,1260732
0,5115;890,574411
0,5116;890,0182767
0,5117;889,4576793
0,5118;888,8926275
0,5119;888,3231303
0,512;887,7491967
0,5121;887,1708358
0,5122;886,5880568
0,5123;886,0008687
0,5124;885,409281
0,5125;884,8133029
0,5126;884,2129438
0,5127;883,6082132
0,5128;882,9991207
0,5129;882,3856757
0,513;881,7678881
0,5131;881,1457674
0,5132;880,5193235
0,5133;879,8885663
0,5134;879,2535055
0,5135;878,6141513
0,5136;877,9705136
0,5137;877,3226026
0,5138;876,6704284
0,5139;876,0140012
0,514;875,3533313
0,5141;874,688429
0,5142;874,0193048
0,5143;873,3459691
0,5144;872,6684324
0,5145;871,9867054
0,5146;871,3007987
0,5147;870,6107229
0,5148;869,9164888
0,5149;869,2181073
0,515;868,5155893
0,5151;867,8089456
0,5152;867,0981873
0,5153;866,3833255
0,5154;865,6643712
0,5155;864,9413356
0,5156;864,2142299
0,5157;863,4830655
0,5158;862,7478536
0,5159;862,0086057
0,516;861,2653331
0,5161;860,5180475
0,5162;859,7667604
0,5163;859,0114834
0,5164;858,2522281
0,5165;857,4890063
0,5166;856,7218298
0,5167;855,9507104
0,5168;855,17566
0,5169;854,3966905
0,517;853,6138139
0,5171;852,8270423
0,5172;852,0363877
0,5173;851,2418624
0,5174;850,4434784
0,5175;849,6412481
0,5176;848,8351838
0,5177;848,0252978
0,5178;847,2116024
0,5179;846,3941103
0,518;845,5728338
0,5181;844,7477855
0,5182;843,9189781
0,5183;843,0864241
0,5184;842,2501363
0,5185;841,4101274
0,5186;840,5664102
0,5187;839,7189975
0,5188;838,8679023
0,5189;838,0131374
0,519;837,1547159
0,5191;836,2926508
0,5192;835,426955
0,5193;834,5576419
0,5194;833,6847244
0,5195;832,8082159
0,5196;831,9281296
0,5197;831,0444787
0,5198;830,1572767
0,5199;829,2665369
0,52;828,3722726
0,5201;827,4744975
0,5202;826,573225
0,5203;825,6684686
0,5204;824,760242
0,5205;823,8485587
0,5206;822,9334325
0,5207;822,0148771
0,5208;821,0929062
0,5209;820,1675337
0,521;819,2387733
0,5211;818,306639
0,5212;817,3711446
0,5213;816,4323042
0,5214;815,4901317
0,5215;814,5446411
0,5216;813,5958465
0,5217;812,643762
0,5218;811,6884018
0,5219;810,7297801
0,522;809,7679109
0,5221;808,8028087
0,5222;807,8344877
0,5223;806,8629622
0,5224;805,8882465
0,5225;804,9103551
0,5226;803,9293024
0,5227;802,9451028
0,5228;801,9577708
0,5229;800,967321
0,523;799,9737679
0,5231;798,9771261
0,5232;797,9774103
0,5233;796,974635
0,5234;795,968815
0,5235;794,9599649
0,5236;793,9480996
0,5237;792,9332338
0,5238;791,9153822
0,5239;790,8945598
0,524;789,8707815
0,5241;788,844062
0,5242;787,8144163
0,5243;786,7818594
0,5244;785,7464062
0,5245;784,7080718
0,5246;783,6668712
0,5247;782,6228194
0,5248;781,5759315
0,5249;780,5262227
0,525;779,473708
0,5251;778,4184027
0,5252;777,3603219
0,5253;776,2994808
0,5254;775,2358946
0,5255;774,1695787
0,5256;773,1005483
0,5257;772,0288186
0,5258;770,9544051
0,5259;769,8773231
0,526;768,7975879
0,5261;767,7152149
0,5262;766,6302196
0,5263;765,5426174
0,5264;764,4524237
0,5265;763,3596541
0,5266;762,2643239
0,5267;761,1664487
0,5268;760,0660441
0,5269;758,9631256
0,527;757,8577088
0,5271;756,7498092
0,5272;755,6394425
0,5273;754,5266243
0,5274;753,4113702
0,5275;752,2936959
0,5276;751,173617
0,5277;750,0511493
0,5278;748,9263084
0,5279;747,79911
0,528;746,66957
0,5281;745,5377039
0,5282;744,4035277
0,5283;743,267057
0,5284;742,1283077
0,5285;740,9872955
0,5286;739,8440363
0,5287;738,6985458
0,5288;737,55084
0,5289;736,4009346
0,529;735,2488456
0,5291;734,0945888
0,5292;732,93818
0,5293;731,7796352
0,5294;730,6189702
0,5295;729,456201
0,5296;728,2913435
0,5297;727,1244136
0,5298;725,9554272
0,5299;724,7844003
0,53;723,6113489
0,5301;722,4362888
0,5302;721,2592361
0,5303;720,0802066
0,5304;718,8992165
0,5305;717,7162816
0,5306;716,531418
0,5307;715,3446416
0,5308;714,1559684
0,5309;712,9654145
0,531;711,7729958
0,5311;710,5787283
0,5312;709,3826281
0,5313;708,1847111
0,5314;706,9849935
0,5315;705,7834911
0,5316;704,58022
0,5317;703,3751963
0,5318;702,1684359
0,5319;700,9599548
0,532;699,7497692
0,5321;698,537895
0,5322;697,3243482
0,5323;696,1091449
0,5324;694,8923011
0,5325;693,6738327
0,5326;692,4537559
0,5327;691,2320866
0,5328;690,0088408
0,5329;688,7840346
0,533;687,5576839
0,5331;686,3298048
0,5332;685,1004133
0,5333;683,8695253
0,5334;682,6371568
0,5335;681,4033239
0,5336;680,1680425
0,5337;678,9313285
0,5338;677,6931981
0,5339;676,453667
0,534;675,2127513
0,5341;673,970467
0,5342;672,7268299
0,5343;671,481856
0,5344;670,2355612
0,5345;668,9879615
0,5346;667,7390728
0,5347;666,4889109
0,5348;665,2374918
0,5349;663,9848313
0,535;662,7309454
0,5351;661,4758498
0,5352;660,2195605
0,5353;658,9620932
0,5354;657,7034638
0,5355;656,4436882
0,5356;655,1827822
0,5357;653,9207614
0,5358;652,6576418
0,5359;651,3934391
0,536;650,128169
0,5361;648,8618473
0,5362;647,5944898
0,5363;646,3261121
0,5364;645,05673
0,5365;643,7863591
0,5366;642,5150151
0,5367;641,2427138
0,5368;639,9694706
0,5369;638,6953013
0,537;637,4202214
0,5371;636,1442466
0,5372;634,8673925
0,5373;633,5896745
0,5374;632,3111083
0,5375;631,0317094
0,5376;629,7514933
0,5377;628,4704754
0,5378;627,1886713
0,5379;625,9060964
0,538;624,6227661
0,5381;623,3386959
0,5382;622,0539011
0,5383;620,7683971
0,5384;619,4821994
0,5385;618,1953231
0,5386;616,9077837
0,5387;615,6195964
0,5388;614,3307765
0,5389;613,0413393
0,539;611,7512999
0,5391;610,4606736
0,5392;609,1694756
0,5393;607,8777211
0,5394;606,585425
0,5395;605,2926027
0,5396;603,9992691
0,5397;602,7054394
0,5398;601,4111286
0,5399;600,1163516
0,54;598,8211235
0,5401;597,5254594
0,5402;596,229374
0,5403;594,9328823
0,5404;593,6359992
0,5405;592,3387397
0,5406;591,0411184
0,5407;589,7431503
0,5408;588,4448501
0,5409;587,1462326
0,541;585,8473124
0,5411;584,5481044
0,5412;583,2486232
0,5413;581,9488834
0,5414;580,6488997
0,5415;579,3486866
0,5416;578,0482587
0,5417;576,7476306
0,5418;575,4468167
0,5419;574,1458315
0,542;572,8446895
0,5421;571,5434051
0,5422;570,2419926
0,5423;568,9404664
0,5424;567,6388409
0,5425;566,3371303
0,5426;565,0353488
0,5427;563,7335108
0,5428;562,4316303
0,5429;561,1297217
0,543;559,8277989
0,5431;558,5258761
0,5432;557,2239674
0,5433;555,9220868
0,5434;554,6202483
0,5435;553,3184659
0,5436;552,0167534
0,5437;550,7151249
0,5438;549,4135941
0,5439;548,1121748
0,544;546,810881
0,5441;545,5097263
0,5442;544,2087245
0,5443;542,9078893
0,5444;541,6072343
0,5445;540,3067731
0,5446;539,0065193
0,5447;537,7064866
0,5448;536,4066883
0,5449;535,1071379
0,545;533,807849
0,5451;532,5088348
0,5452;531,2101089
0,5453;529,9116844
0,5454;528,6135747
0,5455;527,315793
0,5456;526,0183526
0,5457;524,7212667
0,5458;523,4245483
0,5459;522,1282105
0,546;520,8322665
0,5461;519,5367293
0,5462;518,2416118
0,5463;516,9469269
0,5464;515,6526877
0,5465;514,3589069
0,5466;513,0655974
0,5467;511,772772
0,5468;510,4804434
0,5469;509,1886243
0,547;507,8973273
0,5471;506,6065652
0,5472;505,3163505
0,5473;504,0266958
0,5474;502,7376135
0,5475;501,4491161
0,5476;500,161216
0,5477;498,8739256
0,5478;497,5872573
0,5479;496,3012233
0,548;495,0158359
0,5481;493,7311073
0,5482;492,4470496
0,5483;491,1636751
0,5484;489,8809957
0,5485;488,5990236
0,5486;487,3177707
0,5487;486,0372489
0,5488;484,7574702
0,5489;483,4784465
0,549;482,2001896
0,5491;480,9227112
0,5492;479,6460231
0,5493;478,370137
0,5494;477,0950645
0,5495;475,8208173
0,5496;474,5474069
0,5497;473,2748448
0,5498;472,0031425
0,5499;470,7323114
0,55;469,4623629
0,5501;468,1933083
0,5502;466,925159
0,5503;465,6579261
0,5504;464,391621
0,5505;463,1262546
0,5506;461,8618382
0,5507;460,5983828
0,5508;459,3358994
0,5509;458,074399
0,551;456,8138925
0,5511;455,5543909
0,5512;454,2959049
0,5513;453,0384453
0,5514;451,7820229
0,5515;450,5266483
0,5516;449,2723323
0,5517;448,0190853
0,5518;446,7669181
0,5519;445,515841
0,552;444,2658645
0,5521;443,0169991
0,5522;441,7692551
0,5523;440,5226429
0,5524;439,2771726
0,5525;438,0328546
0,5526;436,789699
0,5527;435,5477159
0,5528;434,3069155
0,5529;433,0673077
0,553;431,8289025
0,5531;430,5917099
0,5532;429,3557398
0,5533;428,121002
0,5534;426,8875062
0,5535;425,6552623
0,5536;424,42428
0,5537;423,1945688
0,5538;421,9661384
0,5539;420,7389984
0,554;419,5131581
0,5541;418,2886272
0,5542;417,0654149
0,5543;415,8435307
0,5544;414,6229839
0,5545;413,4037836
0,5546;412,1859392
0,5547;410,9694598
0,5548;409,7543544
0,5549;408,5406322
0,555;407,3283022
0,5551;406,1173732
0,5552;404,9078544
0,5553;403,6997544
0,5554;402,4930821
0,5555;401,2878464
0,5556;400,0840558
0,5557;398,8817191
0,5558;397,6808448
0,5559;396,4814416
0,556;395,283518
0,5561;394,0870824
0,5562;392,8921433
0,5563;391,6987089
0,5564;390,5067877
0,5565;389,316388
0,5566;388,1275178
0,5567;386,9401854
0,5568;385,754399
0,5569;384,5701665
0,557;383,387496
0,5571;382,2063955
0,5572;381,0268729
0,5573;379,848936
0,5574;378,6725927
0,5575;377,4978508
0,5576;376,3247179
0,5577;375,1532018
0,5578;373,98331
0,5579;372,8150501
0,558;371,6484297
0,5581;370,4834562
0,5582;369,320137
0,5583;368,1584795
0,5584;366,998491
0,5585;365,8401788
0,5586;364,6835502
0,5587;363,5286122
0,5588;362,3753719
0,5589;361,2238366
0,559;360,0740131
0,5591;358,9259085
0,5592;357,7795296
0,5593;356,6348834
0,5594;355,4919766
0,5595;354,350816
0,5596;353,2114084
0,5597;352,0737604
0,5598;350,9378786
0,5599;349,8037696
0,56;348,6714399
0,5601;347,540896
0,5602;346,4121442
0,5603;345,2851911
0,5604;344,1600428
0,5605;343,0367057
0,5606;341,915186
0,5607;340,7954898
0,5608;339,6776232
0,5609;338,5615924
0,561;337,4474034
0,5611;336,3350621
0,5612;335,2245744
0,5613;334,1159462
0,5614;333,0091834
0,5615;331,9042917
0,5616;330,8012768
0,5617;329,7001445
0,5618;328,6009002
0,5619;327,5035497
0,562;326,4080984
0,5621;325,3145518
0,5622;324,2229154
0,5623;323,1331945
0,5624;322,0453944
0,5625;320,9595204
0,5626;319,8755778
0,5627;318,7935718
0,5628;317,7135074
0,5629;316,6353898
0,563;315,5592239
0,5631;314,4850149
0,5632;313,4127676
0,5633;312,3424868
0,5634;311,2741775
0,5635;310,2078445
0,5636;309,1434925
0,5637;308,0811261
0,5638;307,0207501
0,5639;305,962369
0,564;304,9059873
0,5641;303,8516097
0,5642;302,7992405
0,5643;301,7488841
0,5644;300,700545
0,5645;299,6542274
0,5646;298,6099355
0,5647;297,5676737
0,5648;296,527446
0,5649;295,4892566
0,565;294,4531096
0,5651;293,4190089
0,5652;292,3869586
0,5653;291,3569627
0,5654;290,3290249
0,5655;289,3031491
0,5656;288,2793391
0,5657;287,2575987
0,5658;286,2379316
0,5659;285,2203413
0,566;284,2048316
0,5661;283,1914059
0,5662;282,1800678
0,5663;281,1708207
0,5664;280,1636681
0,5665;279,1586133
0,5666;278,1556597
0,5667;277,1548105
0,5668;276,156069
0,5669;275,1594384
0,567;274,1649217
0,5671;273,1725222
0,5672;272,1822428
0,5673;271,1940865
0,5674;270,2080564
0,5675;269,2241553
0,5676;268,2423861
0,5677;267,2627517
0,5678;266,2852547
0,5679;265,309898
0,568;264,3366843
0,5681;263,3656161
0,5682;262,3966961
0,5683;261,4299269
0,5684;260,4653109
0,5685;259,5028507
0,5686;258,5425486
0,5687;257,584407
0,5688;256,6284283
0,5689;255,6746148
0,569;254,7229687
0,5691;253,7734922
0,5692;252,8261876
0,5693;251,8810568
0,5694;250,938102
0,5695;249,9973253
0,5696;249,0587285
0,5697;248,1223137
0,5698;247,1880828
0,5699;246,2560376
0,57;245,32618
0,5701;244,3985117
0,5702;243,4730345
0,5703;242,54975
0,5704;241,62866
0,5705;240,7097659
0,5706;239,7930695
0,5707;238,8785722
0,5708;237,9662755
0,5709;237,0561809
0,571;236,1482897
0,5711;235,2426033
0,5712;234,3391231
0,5713;233,4378503
0,5714;232,5387862
0,5715;231,6419319
0,5716;230,7472886
0,5717;229,8548575
0,5718;228,9646396
0,5719;228,076636
0,572;227,1908476
0,5721;226,3072755
0,5722;225,4259204
0,5723;224,5467834
0,5724;223,6698653
0,5725;222,7951668
0,5726;221,9226887
0,5727;221,0524318
0,5728;220,1843967
0,5729;219,3185841
0,573;218,4549945
0,5731;217,5936287
0,5732;216,734487
0,5733;215,8775699
0,5734;215,022878
0,5735;214,1704117
0,5736;213,3201713
0,5737;212,4721571
0,5738;211,6263695
0,5739;210,7828088
0,574;209,9414751
0,5741;209,1023687
0,5742;208,2654897
0,5743;207,4308382
0,5744;206,5984144
0,5745;205,7682182
0,5746;204,9402497
0,5747;204,1145089
0,5748;203,2909956
0,5749;202,4697099
0,575;201,6506515
0,5751;200,8338203
0,5752;200,0192161
0,5753;199,2068386
0,5754;198,3966876
0,5755;197,5887627
0,5756;196,7830637
0,5757;195,9795901
0,5758;195,1783415
0,5759;194,3793176
0,576;193,5825177
0,5761;192,7879414
0,5762;191,9955881
0,5763;191,2054572
0,5764;190,4175482
0,5765;189,6318604
0,5766;188,8483931
0,5767;188,0671455
0,5768;187,288117
0,5769;186,5113067
0,577;185,7367138
0,5771;184,9643376
0,5772;184,194177
0,5773;183,4262312
0,5774;182,6604993
0,5775;181,8969802
0,5776;181,135673
0,5777;180,3765766
0,5778;179,6196899
0,5779;178,8650119
0,578;178,1125414
0,5781;177,3622772
0,5782;176,6142182
0,5783;175,8683632
0,5784;175,1247107
0,5785;174,3832597
0,5786;173,6440087
0,5787;172,9069565
0,5788;172,1721016
0,5789;171,4394426
0,579;170,7089781
0,5791;169,9807066
0,5792;169,2546267
0,5793;168,5307368
0,5794;167,8090353
0,5795;167,0895208
0,5796;166,3721914
0,5797;165,6570457
0,5798;164,944082
0,5799;164,2332985
0,58;163,5246936
0,5801;162,8182654
0,5802;162,1140123
0,5803;161,4119323
0,5804;160,7120238
0,5805;160,0142847
0,5806;159,3187133
0,5807;158,6253075
0,5808;157,9340655
0,5809;157,2449853
0,581;156,5580649
0,5811;155,8733023
0,5812;155,1906954
0,5813;154,5102422
0,5814;153,8319405
0,5815;153,1557882
0,5816;152,4817833
0,5817;151,8099234
0,5818;151,1402065
0,5819;150,4726302
0,582;149,8071924
0,5821;149,1438907
0,5822;148,4827229
0,5823;147,8236866
0,5824;147,1667795
0,5825;146,5119992
0,5826;145,8593433
0,5827;145,2088094
0,5828;144,5603951
0,5829;143,9140979
0,583;143,2699152
0,5831;142,6278447
0,5832;141,9878837
0,5833;141,3500297
0,5834;140,7142801
0,5835;140,0806323
0,5836;139,4490836
0,5837;138,8196315
0,5838;138,1922733
0,5839;137,5670063
0,584;136,9438276
0,5841;136,3227348
0,5842;135,7037248
0,5843;135,0867951
0,5844;134,4719427
0,5845;133,8591649
0,5846;133,2484589
0,5847;132,6398217
0,5848;132,0332505
0,5849;131,4287423
0,585;130,8262944
0,5851;130,2259036
0,5852;129,6275671
0,5853;129,0312819
0,5854;128,4370449
0,5855;127,8448532
0,5856;127,2547037
0,5857;126,6665934
0,5858;126,0805191
0,5859;125,4964778
0,586;124,9144664
0,5861;124,3344818
0,5862;123,7565207
0,5863;123,18058
0,5864;122,6066565
0,5865;122,0347471
0,5866;121,4648485
0,5867;120,8969574
0,5868;120,3310706
0,5869;119,7671849
0,587;119,2052968
0,5871;118,6454032
0,5872;118,0875007
0,5873;117,531586
0,5874;116,9776556
0,5875;116,4257063
0,5876;115,8757346
0,5877;115,3277372
0,5878;114,7817105
0,5879;114,2376512
0,588;113,6955558
0,5881;113,1554208
0,5882;112,6172428
0,5883;112,0810183
0,5884;111,5467437
0,5885;111,0144155
0,5886;110,4840301
0,5887;109,9555841
0,5888;109,4290738
0,5889;108,9044956
0,589;108,381846
0,5891;107,8611213
0,5892;107,3423179
0,5893;106,8254322
0,5894;106,3104605
0,5895;105,797399
0,5896;105,2862443
0,5897;104,7769925
0,5898;104,2696399
0,5899;103,7641828
0,59;103,2606175
0,5901;102,7589403
0,5902;102,2591473
0,5903;101,7612349
0,5904;101,2651991
0,5905;100,7710363
0,5906;100,2787426
0,5907;99,78831419
0,5908;99,29974725
0,5909;98,81303794
0,591;98,3281824
0,5911;97,84517677
0,5912;97,36401717
0,5913;96,88469972
0,5914;96,40722051
0,5915;95,93157565
0,5916;95,45776121
0,5917;94,98577326
0,5918;94,51560787
0,5919;94,0472611
0,592;93,58072897
0,5921;93,11600752
0,5922;92,65309278
0,5923;92,19198075
0,5924;91,73266745
0,5925;91,27514886
0,5926;90,81942098
0,5927;90,36547977
0,5928;89,9133212
0,5929;89,46294124
0,593;89,01433583
0,5931;88,56750092
0,5932;88,12243244
0,5933;87,67912631
0,5934;87,23757845
0,5935;86,79778478
0,5936;86,35974119
0,5937;85,92344358
0,5938;85,48888783
0,5939;85,05606982
0,594;84,62498543
0,5941;84,19563051
0,5942;83,76800094
0,5943;83,34209255
0,5944;82,91790119
0,5945;82,4954227
0,5946;82,07465292
0,5947;81,65558765
0,5948;81,23822273
0,5949;80,82255397
0,595;80,40857716
0,5951;79,99628812
0,5952;79,58568263
0,5953;79,17675648
0,5954;78,76950546
0,5955;78,36392535
0,5956;77,96001191
0,5957;77,55776091
0,5958;77,15716812
0,5959;76,7582293
0,596;76,36094018
0,5961;75,96529654
0,5962;75,57129409
0,5963;75,17892859
0,5964;74,78819577
0,5965;74,39909136
0,5966;74,01161108
0,5967;73,62575065
0,5968;73,2415058
0,5969;72,85887223
0,597;72,47784566
0,5971;72,0984218
0,5972;71,72059634
0,5973;71,34436499
0,5974;70,96972344
0,5975;70,59666739
0,5976;70,22519252
0,5977;69,85529453
0,5978;69,48696909
0,5979;69,1202119
0,598;68,75501863
0,5981;68,39138495
0,5982;68,02930654
0,5983;67,66877908
0,5984;67,30979823
0,5985;66,95235967
0,5986;66,59645905
0,5987;66,24209204
0,5988;65,8892543
0,5989;65,5379415
0,599;65,18814929
0,5991;64,83987334
0,5992;64,49310929
0,5993;64,14785281
0,5994;63,80409954
0,5995;63,46184514
0,5996;63,12108526
0,5997;62,78181555
0,5998;62,44403167
0,5999;62,10772926
0,6;61,77290397
0,6001;61,43955146
0,6002;61,10766736
0,6003;60,77724733
0,6004;60,44828701
0,6005;60,12078206
0,6006;59,79472811
0,6007;59,47012083
0,6008;59,14695585
0,6009;58,82522883
0,601;58,50493541
0,6011;58,18607124
0,6012;57,86863198
0,6013;57,55261327
0,6014;57,23801076
0,6015;56,92482012
0,6016;56,61303698
0,6017;56,30265701
0,6018;55,99367585
0,6019;55,68608918
0,602;55,37989263
0,6021;55,07508188
0,6022;54,77165259
0,6023;54,46960041
0,6024;54,168921
0,6025;53,86961005
0,6026;53,5716632
0,6027;53,27507614
0,6028;52,97984453
0,6029;52,68596404
0,603;52,39343035
0,6031;52,10223915
0,6032;51,8123861
0,6033;51,52386689
0,6034;51,2366772
0,6035;50,95081273
0,6036;50,66626915
0,6037;50,38304217
0,6038;50,10112748
0,6039;49,82052078
0,604;49,54121776
0,6041;49,26321414
0,6042;48,98650562
0,6043;48,7110879
0,6044;48,43695671
0,6045;48,16410775
0,6046;47,89253675
0,6047;47,62223944
0,6048;47,35321154
0,6049;47,08544877
0,605;46,81894688
0,6051;46,55370161
0,6052;46,28970868
0,6053;46,02696386
0,6054;45,76546289
0,6055;45,50520152
0,6056;45,24617551
0,6057;44,98838062
0,6058;44,73181262
0,6059;44,47646728
0,606;44,22234038
0,6061;43,96942769
0,6062;43,71772499
0,6063;43,46722808
0,6064;43,21793275
0,6065;42,96983479
0,6066;42,72293001
0,6067;42,47721421
0,6068;42,23268321
0,6069;41,98933282
0,607;41,74715886
0,6071;41,50615717
0,6072;41,26632357
0,6073;41,0276539
0,6074;40,79014401
0,6075;40,55378973
0,6076;40,31858693
0,6077;40,08453146
0,6078;39,85161919
0,6079;39,61984598
0,608;39,38920772
0,6081;39,15970027
0,6082;38,93131953
0,6083;38,70406139
0,6084;38,47792175
0,6085;38,25289651
0,6086;38,02898158
0,6087;37,80617288
0,6088;37,58446632
0,6089;37,36385785
0,609;37,14434338
0,6091;36,92591886
0,6092;36,70858024
0,6093;36,49232347
0,6094;36,2771445
0,6095;36,06303931
0,6096;35,85000386
0,6097;35,63803414
0,6098;35,42712612
0,6099;35,2172758
0,61;35,00847918
0,6101;34,80073227
0,6102;34,59403106
0,6103;34,38837159
0,6104;34,18374987
0,6105;33,98016194
0,6106;33,77760383
0,6107;33,5760716
0,6108;33,37556129
0,6109;33,17606897
0,611;32,9775907
0,6111;32,78012255
0,6112;32,58366061
0,6113;32,38820096
0,6114;32,1937397
0,6115;32,00027293
0,6116;31,80779677
0,6117;31,61630732
0,6118;31,42580072
0,6119;31,23627309
0,612;31,04772059
0,6121;30,86013934
0,6122;30,67352551
0,6123;30,48787526
0,6124;30,30318477
0,6125;30,1194502
0,6126;29,93666774
0,6127;29,75483359
0,6128;29,57394395
0,6129;29,39399503
0,613;29,21498303
0,6131;29,0369042
0,6132;28,85975475
0,6133;28,68353094
0,6134;28,508229
0,6135;28,33384519
0,6136;28,16037579
0,6137;27,98781705
0,6138;27,81616527
0,6139;27,64541672
0,614;27,47556772
0,6141;27,30661455
0,6142;27,13855354
0,6143;26,971381
0,6144;26,80509327
0,6145;26,63968669
0,6146;26,47515759
0,6147;26,31150234
0,6148;26,1487173
0,6149;25,98679884
0,615;25,82574333
0,6151;25,66554718
0,6152;25,50620676
0,6153;25,3477185
0,6154;25,19007881
0,6155;25,03328409
0,6156;24,8773308
0,6157;24,72221537
0,6158;24,56793424
0,6159;24,41448387
0,616;24,26186073
0,6161;24,1100613
0,6162;23,95908205
0,6163;23,80891947
0,6164;23,65957008
0,6165;23,51103038
0,6166;23,36329688
0,6167;23,21636612
0,6168;23,07023462
0,6169;22,92489894
0,617;22,78035563
0,6171;22,63660125
0,6172;22,49363237
0,6173;22,35144557
0,6174;22,21003744
0,6175;22,06940459
0,6176;21,92954361
0,6177;21,79045113
0,6178;21,65212376
0,6179;21,51455815
0,618;21,37775094
0,6181;21,24169878
0,6182;21,10639833
0,6183;20,97184626
0,6184;20,83803926
0,6185;20,704974
0,6186;20,5726472
0,6187;20,44105555
0,6188;20,31019578
0,6189;20,1800646
0,619;20,05065876
0,6191;19,92197499
0,6192;19,79401006
0,6193;19,66676072
0,6194;19,54022374
0,6195;19,41439591
0,6196;19,28927402
0,6197;19,16485486
0,6198;19,04113525
0,6199;18,918112
0,62;18,79578193
0,6201;18,6741419
0,6202;18,55318873
0,6203;18,4329193
0,6204;18,31333045
0,6205;18,19441907
0,6206;18,07618203
0,6207;17,95861624
0,6208;17,84171859
0,6209;17,725486
0,621;17,60991538
0,6211;17,49500366
0,6212;17,38074779
0,6213;17,26714471
0,6214;17,15419138
0,6215;17,04188477
0,6216;16,93022185
0,6217;16,81919961
0,6218;16,70881505
0,6219;16,59906517
0,622;16,48994699
0,6221;16,38145753
0,6222;16,27359382
0,6223;16,1663529
0,6224;16,05973183
0,6225;15,95372767
0,6226;15,8483375
0,6227;15,74355838
0,6228;15,63938741
0,6229;15,53582169
0,623;15,43285832
0,6231;15,33049444
0,6232;15,22872715
0,6233;15,1275536
0,6234;15,02697094
0,6235;14,92697632
0,6236;14,82756691
0,6237;14,72873987
0,6238;14,6304924
0,6239;14,53282169
0,624;14,43572494
0,6241;14,33919936
0,6242;14,24324217
0,6243;14,14785061
0,6244;14,05302191
0,6245;13,95875332
0,6246;13,86504211
0,6247;13,77188554
0,6248;13,67928089
0,6249;13,58722544
0,625;13,4957165
0,6251;13,40475137
0,6252;13,31432736
0,6253;13,22444179
0,6254;13,13509201
0,6255;13,04627535
0,6256;12,95798918
0,6257;12,87023084
0,6258;12,78299771
0,6259;12,69628717
0,626;12,61009662
0,6261;12,52442345
0,6262;12,43926506
0,6263;12,35461888
0,6264;12,27048234
0,6265;12,18685286
0,6266;12,1037279
0,6267;12,02110491
0,6268;11,93898136
0,6269;11,85735471
0,627;11,77622246
0,6271;11,69558208
0,6272;11,61543109
0,6273;11,53576699
0,6274;11,45658731
0,6275;11,37788957
0,6276;11,2996713
0,6277;11,22193006
0,6278;11,14466341
0,6279;11,0678689
0,628;10,99154411
0,6281;10,91568663
0,6282;10,84029404
0,6283;10,76536396
0,6284;10,69089399
0,6285;10,61688174
0,6286;10,54332486
0,6287;10,47022097
0,6288;10,39756773
0,6289;10,32536278
0,629;10,2536038
0,6291;10,18228847
0,6292;10,11141445
0,6293;10,04097945
0,6294;9,970981168
0,6295;9,901417309
0,6296;9,832285596
0,6297;9,763583756
0,6298;9,695309526
0,6299;9,627460651
0,63;9,560034886
0,6301;9,493029995
0,6302;9,42644375
0,6303;9,360273932
0,6304;9,294518332
0,6305;9,229174748
0,6306;9,164240987
0,6307;9,099714868
0,6308;9,035594214
0,6309;8,97187686
0,631;8,908560648
0,6311;8,845643431
0,6312;8,783123067
0,6313;8,720997427
0,6314;8,659264388
0,6315;8,597921836
0,6316;8,536967666
0,6317;8,476399782
0,6318;8,416216095
0,6319;8,356414528
0,632;8,296993008
0,6321;8,237949474
0,6322;8,179281873
0,6323;8,12098816
0,6324;8,063066298
0,6325;8,005514259
0,6326;7,948330024
0,6327;7,891511582
0,6328;7,835056931
0,6329;7,778964076
0,633;7,723231032
0,6331;7,667855822
0,6332;7,612836477
0,6333;7,558171036
0,6334;7,503857548
0,6335;7,449894068
0,6336;7,396278661
0,6337;7,3430094
0,6338;7,290084366
0,6339;7,237501648
0,634;7,185259345
0,6341;7,133355561
0,6342;7,081788411
0,6343;7,030556018
0,6344;6,97965651
0,6345;6,929088028
0,6346;6,878848718
0,6347;6,828936735
0,6348;6,779350241
0,6349;6,730087407
0,635;6,681146412
0,6351;6,632525445
0,6352;6,584222698
0,6353;6,536236377
0,6354;6,48856469
0,6355;6,441205859
0,6356;6,394158109
0,6357;6,347419675
0,6358;6,300988801
0,6359;6,254863736
0,636;6,20904274
0,6361;6,163524078
0,6362;6,118306024
0,6363;6,073386861
0,6364;6,028764879
0,6365;5,984438374
0,6366;5,940405653
0,6367;5,896665027
0,6368;5,853214817
0,6369;5,810053353
0,637;5,767178969
0,6371;5,724590009
0,6372;5,682284825
0,6373;5,640261775
0,6374;5,598519226
0,6375;5,557055551
0,6376;5,515869132
0,6377;5,474958358
0,6378;5,434321626
0,6379;5,393957339
0,638;5,353863908
0,6381;5,314039753
0,6382;5,274483299
0,6383;5,235192981
0,6384;5,196167238
0,6385;5,15740452
0,6386;5,118903282
0,6387;5,080661987
0,6388;5,042679105
0,6389;5,004953113
0,639;4,967482496
0,6391;4,930265746
0,6392;4,893301363
0,6393;4,856587851
0,6394;4,820123725
0,6395;4,783907505
0,6396;4,747937719
0,6397;4,712212902
0,6398;4,676731594
0,6399;4,641492346
0,64;4,606493712
0,6401;4,571734256
0,6402;4,537212548
0,6403;4,502927164
0,6404;4,468876687
0,6405;4,435059709
0,6406;4,401474826
0,6407;4,368120644
0,6408;4,334995773
0,6409;4,302098832
0,641;4,269428445
0,6411;4,236983243
0,6412;4,204761866
0,6413;4,172762958
0,6414;4,14098517
0,6415;4,109427163
0,6416;4,078087599
0,6417;4,046965152
0,6418;4,0160585
0,6419;3,985366327
0,642;3,954887326
0,6421;3,924620194
0,6422;3,894563636
0,6423;3,864716364
0,6424;3,835077094
0,6425;3,805644552
0,6426;3,776417467
0,6427;3,747394577
0,6428;3,718574626
0,6429;3,689956362
0,643;3,661538543
0,6431;3,63331993
0,6432;3,605299293
0,6433;3,577475406
0,6434;3,549847051
0,6435;3,522413016
0,6436;3,495172095
0,6437;3,468123086
0,6438;3,441264798
0,6439;3,414596042
0,644;3,388115636
0,6441;3,361822406
0,6442;3,335715182
0,6443;3,3097928
0,6444;3,284054104
0,6445;3,258497943
0,6446;3,233123172
0,6447;3,207928651
0,6448;3,182913247
0,6449;3,158075833
0,645;3,133415287
0,6451;3,108930495
0,6452;3,084620347
0,6453;3,060483738
0,6454;3,036519572
0,6455;3,012726756
0,6456;2,989104204
0,6457;2,965650835
0,6458;2,942365574
0,6459;2,919247353
0,646;2,896295108
0,6461;2,873507782
0,6462;2,850884322
0,6463;2,828423682
0,6464;2,806124821
0,6465;2,783986705
0,6466;2,762008302
0,6467;2,74018859
0,6468;2,71852655
0,6469;2,697021169
0,647;2,675671439
0,6471;2,654476358
0,6472;2,633434929
0,6473;2,612546161
0,6474;2,591809068
0,6475;2,57122267
0,6476;2,550785992
0,6477;2,530498063
0,6478;2,51035792
0,6479;2,490364602
0,648;2,470517157
0,6481;2,450814634
0,6482;2,431256091
0,6483;2,41184059
0,6484;2,392567197
0,6485;2,373434985
0,6486;2,354443029
0,6487;2,335590414
0,6488;2,316876226
0,6489;2,298299557
0,649;2,279859506
0,6491;2,261555174
0,6492;2,243385669
0,6493;2,225350104
0,6494;2,207447596
0,6495;2,189677268
0,6496;2,172038247
0,6497;2,154529665
0,6498;2,13715066
0,6499;2,119900373
0,65;2,102777952
0,6501;2,085782548
0,6502;2,068913317
0,6503;2,052169421
0,6504;2,035550026
0,6505;2,019054302
0,6506;2,002681426
0,6507;1,986430577
0,6508;1,97030094
0,6509;1,954291705
0,651;1,938402065
0,6511;1,922631221
0,6512;1,906978374
0,6513;1,891442733
0,6514;1,876023511
0,6515;1,860719925
0,6516;1,845531195
0,6517;1,830456549
0,6518;1,815495217
0,6519;1,800646433
0,652;1,785909437
0,6521;1,771283474
0,6522;1,75676779
0,6523;1,74236164
0,6524;1,728064279
0,6525;1,71387497
0,6526;1,699792977
0,6527;1,685817571
0,6528;1,671948026
0,6529;1,65818362
0,653;1,644523637
0,6531;1,630967362
0,6532;1,617514088
0,6533;1,604163108
0,6534;1,590913724
0,6535;1,577765239
0,6536;1,56471696
0,6537;1,551768198
0,6538;1,538918271
0,6539;1,526166498
0,654;1,513512203
0,6541;1,500954714
0,6542;1,488493363
0,6543;1,476127487
0,6544;1,463856424
0,6545;1,45167952
0,6546;1,439596123
0,6547;1,427605583
0,6548;1,415707257
0,6549;1,403900504
0,655;1,392184689
0,6551;1,380559177
0,6552;1,369023341
0,6553;1,357576555
0,6554;1,346218198
0,6555;1,334947652
0,6556;1,323764304
0,6557;1,312667544
0,6558;1,301656765
0,6559;1,290731365
0,656;1,279890745
0,6561;1,269134309
0,6562;1,258461466
0,6563;1,247871628
0,6564;1,23736421
0,6565;1,226938632
0,6566;1,216594316
0,6567;1,206330689
0,6568;1,19614718
0,6569;1,186043223
0,657;1,176018255
0,6571;1,166071716
0,6572;1,15620305
0,6573;1,146411703
0,6574;1,136697128
0,6575;1,127058777
0,6576;1,117496108
0,6577;1,108008583
0,6578;1,098595665
0,6579;1,089256822
0,658;1,079991524
0,6581;1,070799247
0,6582;1,061679468
0,6583;1,052631666
0,6584;1,043655327
0,6585;1,034749938
0,6586;1,025914989
0,6587;1,017149973
0,6588;1,008454389
0,6589;0,999827735
0,659;0,991269515
0,6591;0,982779236
0,6592;0,974356407
0,6593;0,966000541
0,6594;0,957711153
0,6595;0,949487763
0,6596;0,941329891
0,6597;0,933237064
0,6598;0,925208809
0,6599;0,917244657
0,66;0,909344141
0,6601;0,9015068
0,6602;0,893732172
0,6603;0,886019802
0,6604;0,878369234
0,6605;0,870780017
0,6606;0,863251703
0,6607;0,855783847
0,6608;0,848376005
0,6609;0,841027739
0,661;0,833738612
0,6611;0,826508188
0,6612;0,819336038
0,6613;0,812221732
0,6614;0,805164846
0,6615;0,798164955
0,6616;0,791221641
0,6617;0,784334485
0,6618;0,777503073
0,6619;0,770726993
0,662;0,764005836
0,6621;0,757339195
0,6622;0,750726666
0,6623;0,744167848
0,6624;0,737662343
0,6625;0,731209754
0,6626;0,724809688
0,6627;0,718461755
0,6628;0,712165565
0,6629;0,705920734
0,663;0,699726878
0,6631;0,693583616
0,6632;0,687490572
0,6633;0,681447368
0,6634;0,675453633
0,6635;0,669508995
0,6636;0,663613086
0,6637;0,657765542
0,6638;0,651965998
0,6639;0,646214093
0,664;0,640509471
0,6641;0,634851774
0,6642;0,629240648
0,6643;0,623675744
0,6644;0,618156712
0,6645;0,612683205
0,6646;0,607254879
0,6647;0,601871393
0,6648;0,596532406
0,6649;0,591237582
0,665;0,585986586
0,6651;0,580779085
0,6652;0,575614748
0,6653;0,570493248
0,6654;0,565414258
0,6655;0,560377454
0,6656;0,555382515
0,6657;0,550429122
0,6658;0,545516958
0,6659;0,540645707
0,666;0,535815056
0,6661;0,531024695
0,6662;0,526274315
0,6663;0,52156361
0,6664;0,516892275
0,6665;0,512260007
0,6666;0,507666508
0,6667;0,503111478
0,6668;0,498594621
0,6669;0,494115644
0,667;0,489674254
0,6671;0,485270161
0,6672;0,480903077
0,6673;0,476572716
0,6674;0,472278795
0,6675;0,46802103
0,6676;0,463799143
0,6677;0,459612854
0,6678;0,455461888
0,6679;0,45134597
0,668;0,447264827
0,6681;0,44321819
0,6682;0,43920579
0,6683;0,435227359
0,6684;0,431282633
0,6685;0,42737135
0,6686;0,423493247
0,6687;0,419648066
0,6688;0,415835549
0,6689;0,41205544
0,669;0,408307486
0,6691;0,404591434
0,6692;0,400907034
0,6693;0,397254037
0,6694;0,393632197
0,6695;0,390041269
0,6696;0,386481008
0,6697;0,382951174
0,6698;0,379451527
0,6699;0,375981829
0,67;0,372541842
0,6701;0,369131333
0,6702;0,365750068
0,6703;0,362397815
0,6704;0,359074345
0,6705;0,35577943
0,6706;0,352512843
0,6707;0,349274359
0,6708;0,346063755
0,6709;0,342880809
0,671;0,339725301
0,6711;0,336597013
0,6712;0,333495727
0,6713;0,330421228
0,6714;0,327373302
0,6715;0,324351738
0,6716;0,321356323
0,6717;0,31838685
0,6718;0,31544311
0,6719;0,312524897
0,672;0,309632006
0,6721;0,306764234
0,6722;0,303921379
0,6723;0,301103241
0,6724;0,298309621
0,6725;0,295540322
0,6726;0,292795148
0,6727;0,290073904
0,6728;0,287376396
0,6729;0,284702435
0,673;0,282051828
0,6731;0,279424387
0,6732;0,276819926
0,6733;0,274238256
0,6734;0,271679195
0,6735;0,269142558
0,6736;0,266628163
0,6737;0,264135829
0,6738;0,261665378
0,6739;0,259216631
0,674;0,256789411
0,6741;0,254383543
0,6742;0,251998853
0,6743;0,249635168
0,6744;0,247292316
0,6745;0,244970127
0,6746;0,242668432
0,6747;0,240387063
0,6748;0,238125854
0,6749;0,235884639
0,675;0,233663255
0,6751;0,231461538
0,6752;0,229279327
0,6753;0,227116462
0,6754;0,224972783
0,6755;0,222848132
0,6756;0,220742352
0,6757;0,218655289
0,6758;0,216586786
0,6759;0,214536692
0,676;0,212504853
0,6761;0,210491119
0,6762;0,20849534
0,6763;0,206517368
0,6764;0,204557053
0,6765;0,202614251
0,6766;0,200688815
0,6767;0,198780602
0,6768;0,196889467
0,6769;0,19501527
0,677;0,193157868
0,6771;0,191317122
0,6772;0,189492894
0,6773;0,187685044
0,6774;0,185893437
0,6775;0,184117936
0,6776;0,182358407
0,6777;0,180614717
0,6778;0,178886732
0,6779;0,17717432
0,678;0,175477352
0,6781;0,173795698
0,6782;0,172129228
0,6783;0,170477815
0,6784;0,168841333
0,6785;0,167219656
0,6786;0,165612659
0,6787;0,164020219
0,6788;0,162442212
0,6789;0,160878516
0,679;0,159329011
0,6791;0,157793577
0,6792;0,156272094
0,6793;0,154764445
0,6794;0,153270513
0,6795;0,15179018
0,6796;0,150323331
0,6797;0,148869853
0,6798;0,147429631
0,6799;0,146002552
0,68;0,144588505
0,6801;0,14318738
0,6802;0,141799064
0,6803;0,14042345
0,6804;0,139060429
0,6805;0,137709893
0,6806;0,136371736
0,6807;0,135045852
0,6808;0,133732136
0,6809;0,132430483
0,681;0,13114079
0,6811;0,129862955
0,6812;0,128596875
0,6813;0,12734245
0,6814;0,12609958
0,6815;0,124868165
0,6816;0,123648106
0,6817;0,122439306
0,6818;0,121241668
0,6819;0,120055095
0,682;0,118879492
0,6821;0,117714765
0,6822;0,116560818
0,6823;0,115417559
0,6824;0,114284895
0,6825;0,113162735
0,6826;0,112050987
0,6827;0,110949562
0,6828;0,109858368
0,6829;0,108777319
0,683;0,107706325
0,6831;0,106645299
0,6832;0,105594154
0,6833;0,104552804
0,6834;0,103521164
0,6835;0,102499149
0,6836;0,101486675
0,6837;0,100483659
0,6838;0,099490017
0,6839;0,098505669
0,684;0,097530532
0,6841;0,096564526
0,6842;0,095607571
0,6843;0,094659587
0,6844;0,093720496
0,6845;0,09279022
0,6846;0,091868681
0,6847;0,090955802
0,6848;0,090051507
0,6849;0,089155721
0,685;0,088268368
0,6851;0,087389374
0,6852;0,086518665
0,6853;0,085656169
0,6854;0,084801812
0,6855;0,083955522
0,6856;0,083117229
0,6857;0,082286861
0,6858;0,081464348
0,6859;0,08064962
0,686;0,079842609
0,6861;0,079043245
0,6862;0,078251462
0,6863;0,07746719
0,6864;0,076690365
0,6865;0,075920918
0,6866;0,075158785
0,6867;0,0744039
0,6868;0,073656199
0,6869;0,072915617
0,687;0,072182092
0,6871;0,071455559
0,6872;0,070735956
0,6873;0,070023221
0,6874;0,069317293
0,6875;0,06861811
0,6876;0,067925613
0,6877;0,06723974
0,6878;0,066560434
0,6879;0,065887633
0,688;0,065221281
0,6881;0,064561319
0,6882;0,063907689
0,6883;0,063260334
0,6884;0,062619198
0,6885;0,061984225
0,6886;0,061355359
0,6887;0,060732544
0,6888;0,060115726
0,6889;0,059504852
0,689;0,058899866
0,6891;0,058300716
0,6892;0,057707348
0,6893;0,057119711
0,6894;0,056537751
0,6895;0,055961419
0,6896;0,055390661
0,6897;0,054825429
0,6898;0,054265671
0,6899;0,053711337
0,69;0,053162379
0,6901;0,052618746
0,6902;0,052080392
0,6903;0,051547266
0,6904;0,051019322
0,6905;0,050496511
0,6906;0,049978788
0,6907;0,049466106
0,6908;0,048958418
0,6909;0,048455678
0,691;0,047957841
0,6911;0,047464863
0,6912;0,046976698
0,6913;0,046493302
0,6914;0,046014631
0,6915;0,045540643
0,6916;0,045071293
0,6917;0,044606539
0,6918;0,044146338
0,6919;0,043690649
0,692;0,04323943
0,6921;0,04279264
0,6922;0,042350237
0,6923;0,041912181
0,6924;0,041478432
0,6925;0,04104895
0,6926;0,040623695
0,6927;0,040202628
0,6928;0,039785711
0,6929;0,039372904
0,693;0,038964169
0,6931;0,03855947
0,6932;0,038158767
0,6933;0,037762024
0,6934;0,037369203
0,6935;0,036980269
0,6936;0,036595186
0,6937;0,036213916
0,6938;0,035836425
0,6939;0,035462677
0,694;0,035092637
0,6941;0,03472627
0,6942;0,034363543
0,6943;0,03400442
0,6944;0,033648868
0,6945;0,033296855
0,6946;0,032948345
0,6947;0,032603307
0,6948;0,032261707
0,6949;0,031923514
0,695;0,031588696
0,6951;0,03125722
0,6952;0,030929055
0,6953;0,03060417
0,6954;0,030282534
0,6955;0,029964116
0,6956;0,029648885
0,6957;0,029336813
0,6958;0,029027868
0,6959;0,028722021
0,696;0,028419244
0,6961;0,028119505
0,6962;0,027822778
0,6963;0,027529033
0,6964;0,027238242
0,6965;0,026950377
0,6966;0,02666541
0,6967;0,026383313
0,6968;0,02610406
0,6969;0,025827622
0,697;0,025553974
0,6971;0,025283088
0,6972;0,025014939
0,6973;0,0247495
0,6974;0,024486745
0,6975;0,024226648
0,6976;0,023969185
0,6977;0,023714329
0,6978;0,023462057
0,6979;0,023212342
0,698;0,022965161
0,6981;0,02272049
0,6982;0,022478303
0,6983;0,022238578
0,6984;0,022001291
0,6985;0,021766417
0,6986;0,021533935
0,6987;0,02130382
0,6988;0,021076051
0,6989;0,020850603
0,699;0,020627456
0,6991;0,020406587
0,6992;0,020187973
0,6993;0,019971594
0,6994;0,019757427
0,6995;0,01954545
0,6996;0,019335644
0,6997;0,019127986
0,6998;0,018922456
0,6999;0,018719033
0,7;0,018517697
0,7001;0,018318427
0,7002;0,018121204
0,7003;0,017926007
0,7004;0,017732817
0,7005;0,017541613
0,7006;0,017352378
0,7007;0,017165091
0,7008;0,016979734
0,7009;0,016796288
0,701;0,016614734
0,7011;0,016435053
0,7012;0,016257227
0,7013;0,016081239
0,7014;0,01590707
0,7015;0,015734701
0,7016;0,015564117
0,7017;0,015395299
0,7018;0,015228229
0,7019;0,015062891
0,702;0,014899267
0,7021;0,014737342
0,7022;0,014577097
0,7023;0,014418516
0,7024;0,014261584
0,7025;0,014106283
0,7026;0,013952598
0,7027;0,013800513
0,7028;0,013650012
0,7029;0,013501079
0,703;0,013353698
0,7031;0,013207856
0,7032;0,013063535
0,7033;0,012920721
0,7034;0,0127794
0,7035;0,012639556
0,7036;0,012501174
0,7037;0,012364241
0,7038;0,012228742
0,7039;0,012094662
0,704;0,011961987
0,7041;0,011830704
0,7042;0,011700799
0,7043;0,011572257
0,7044;0,011445065
0,7045;0,011319211
0,7046;0,011194679
0,7047;0,011071458
0,7048;0,010949534
0,7049;0,010828894
0,705;0,010709525
0,7051;0,010591415
0,7052;0,010474551
0,7053;0,01035892
0,7054;0,010244511
0,7055;0,01013131
0,7056;0,010019305
0,7057;0,009908486
0,7058;0,009798839
0,7059;0,009690353
0,706;0,009583016
0,7061;0,009476817
0,7062;0,009371745
0,7063;0,009267787
0,7064;0,009164932
0,7065;0,009063171
0,7066;0,00896249
0,7067;0,00886288
0,7068;0,00876433
0,7069;0,008666829
0,707;0,008570366
0,7071;0,008474931
0,7072;0,008380513
0,7073;0,008287102
0,7074;0,008194688
0,7075;0,008103261
0,7076;0,008012811
0,7077;0,007923327
0,7078;0,007834801
0,7079;0,007747221
0,708;0,007660579
0,7081;0,007574865
0,7082;0,00749007
0,7083;0,007406184
0,7084;0,007323197
0,7085;0,007241102
0,7086;0,007159888
0,7087;0,007079546
0,7088;0,007000069
0,7089;0,006921446
0,709;0,006843669
0,7091;0,006766729
0,7092;0,006690618
0,7093;0,006615328
0,7094;0,006540849
0,7095;0,006467174
0,7096;0,006394295
0,7097;0,006322202
0,7098;0,006250889
0,7099;0,006180346
0,71;0,006110566
0,7101;0,006041542
0,7102;0,005973265
0,7103;0,005905727
0,7104;0,005838922
0,7105;0,005772841
0,7106;0,005707478
0,7107;0,005642823
0,7108;0,005578871
0,7109;0,005515614
0,711;0,005453045
0,7111;0,005391156
0,7112;0,005329941
0,7113;0,005269392
0,7114;0,005209504
0,7115;0,005150268
0,7116;0,005091677
0,7117;0,005033727
0,7118;0,004976409
0,7119;0,004919717
0,712;0,004863644
0,7121;0,004808185
0,7122;0,004753332
0,7123;0,00469908
0,7124;0,004645421
0,7125;0,004592351
0,7126;0,004539862
0,7127;0,004487949
0,7128;0,004436606
0,7129;0,004385826
0,713;0,004335604
0,7131;0,004285934
0,7132;0,00423681
0,7133;0,004188227
0,7134;0,004140178
0,7135;0,004092658
0,7136;0,004045662
0,7137;0,003999184
0,7138;0,003953218
0,7139;0,00390776
0,714;0,003862803
0,7141;0,003818343
0,7142;0,003774375
0,7143;0,003730892
0,7144;0,00368789
0,7145;0,003645365
0,7146;0,00360331
0,7147;0,003561721
0,7148;0,003520593
0,7149;0,003479921
0,715;0,003439701
0,7151;0,003399927
0,7152;0,003360594
0,7153;0,003321699
0,7154;0,003283236
0,7155;0,003245201
0,7156;0,00320759
0,7157;0,003170397
0,7158;0,003133618
0,7159;0,003097249
0,716;0,003061286
0,7161;0,003025724
0,7162;0,002990559
0,7163;0,002955786
0,7164;0,002921402
0,7165;0,002887403
0,7166;0,002853784
0,7167;0,002820541
0,7168;0,00278767
0,7169;0,002755167
0,717;0,002723029
0,7171;0,00269125
0,7172;0,002659829
0,7173;0,00262876
0,7174;0,00259804
0,7175;0,002567665
0,7176;0,002537631
0,7177;0,002507935
0,7178;0,002478573
0,7179;0,002449542
0,718;0,002420838
0,7181;0,002392457
0,7182;0,002364396
0,7183;0,002336651
0,7184;0,00230922
0,7185;0,002282098
0,7186;0,002255283
0,7187;0,00222877
0,7188;0,002202558
0,7189;0,002176642
0,719;0,002151019
0,7191;0,002125686
0,7192;0,00210064
0,7193;0,002075879
0,7194;0,002051398
0,7195;0,002027194
0,7196;0,002003266
0,7197;0,001979609
0,7198;0,001956221
0,7199;0,001933099
0,72;0,00191024
0,7201;0,001887641
0,7202;0,001865299
0,7203;0,001843212
0,7204;0,001821376
0,7205;0,001799789
0,7206;0,001778449
0,7207;0,001757352
0,7208;0,001736496
0,7209;0,001715878
0,721;0,001695496
0,7211;0,001675346
0,7212;0,001655428
0,7213;0,001635737
0,7214;0,001616272
0,7215;0,00159703
0,7216;0,001578008
0,7217;0,001559204
0,7218;0,001540617
0,7219;0,001522242
0,722;0,001504079
0,7221;0,001486124
0,7222;0,001468376
0,7223;0,001450831
0,7224;0,001433489
0,7225;0,001416346
0,7226;0,001399401
0,7227;0,001382651
0,7228;0,001366094
0,7229;0,001349728
0,723;0,001333551
0,7231;0,001317561
0,7232;0,001301755
0,7233;0,001286132
0,7234;0,00127069
0,7235;0,001255426
0,7236;0,001240339
0,7237;0,001225426
0,7238;0,001210687
0,7239;0,001196118
0,724;0,001181718
0,7241;0,001167485
0,7242;0,001153417
0,7243;0,001139513
0,7244;0,00112577
0,7245;0,001112187
0,7246;0,001098762
0,7247;0,001085493
0,7248;0,001072378
0,7249;0,001059416
0,725;0,001046606
0,7251;0,001033944
0,7252;0,00102143
0,7253;0,001009062
0,7254;0,000996839
0,7255;0,000984758
0,7256;0,000972819
0,7257;0,000961019
0,7258;0,000949357
0,7259;0,000937831
0,726;0,00092644
0,7261;0,000915183
0,7262;0,000904058
0,7263;0,000893063
0,7264;0,000882197
0,7265;0,000871458
0,7266;0,000860846
0,7267;0,000850358
0,7268;0,000839993
0,7269;0,000829751
0,727;0,000819628
0,7271;0,000809625
0,7272;0,00079974
0,7273;0,000789971
0,7274;0,000780317
0,7275;0,000770777
0,7276;0,000761349
0,7277;0,000752033
0,7278;0,000742827
0,7279;0,000733729
0,728;0,000724739
0,7281;0,000715855
0,7282;0,000707076
0,7283;0,000698402
0,7284;0,000689829
0,7285;0,000681359
0,7286;0,000672988
0,7287;0,000664717
0,7288;0,000656545
0,7289;0,000648469
0,729;0,000640489
0,7291;0,000632603
0,7292;0,000624812
0,7293;0,000617113
0,7294;0,000609505
0,7295;0,000601988
0,7296;0,000594561
0,7297;0,000587222
0,7298;0,000579971
0,7299;0,000572806
0,73;0,000565726
0,7301;0,000558731
0,7302;0,000551819
0,7303;0,00054499
0,7304;0,000538243
0,7305;0,000531576
0,7306;0,000524989
0,7307;0,000518481
0,7308;0,000512051
0,7309;0,000505697
0,731;0,00049942
0,7311;0,000493218
0,7312;0,000487091
0,7313;0,000481037
0,7314;0,000475056
0,7315;0,000469146
0,7316;0,000463308
0,7317;0,000457539
0,7318;0,00045184
0,7319;0,00044621
0,732;0,000440648
0,7321;0,000435152
0,7322;0,000429723
0,7323;0,000424359
0,7324;0,000419059
0,7325;0,000413824
0,7326;0,000408652
0,7327;0,000403542
0,7328;0,000398494
0,7329;0,000393508
0,733;0,000388581
0,7331;0,000383714
0,7332;0,000378906
0,7333;0,000374156
0,7334;0,000369464
0,7335;0,000364828
0,7336;0,000360249
0,7337;0,000355725
0,7338;0,000351257
0,7339;0,000346842
0,734;0,000342481
0,7341;0,000338173
0,7342;0,000333918
0,7343;0,000329714
0,7344;0,000325562
0,7345;0,00032146
0,7346;0,000317408
0,7347;0,000313405
0,7348;0,000309451
0,7349;0,000305545
0,735;0,000301688
0,7351;0,000297877
0,7352;0,000294112
0,7353;0,000290394
0,7354;0,000286721
0,7355;0,000283093
0,7356;0,00027951
0,7357;0,00027597
0,7358;0,000272474
0,7359;0,00026902
0,736;0,000265609
0,7361;0,00026224
0,7362;0,000258912
0,7363;0,000255625
0,7364;0,000252378
0,7365;0,000249171
0,7366;0,000246004
0,7367;0,000242875
0,7368;0,000239785
0,7369;0,000236733
0,737;0,000233719
0,7371;0,000230742
0,7372;0,000227801
0,7373;0,000224897
0,7374;0,000222028
0,7375;0,000219195
0,7376;0,000216397
0,7377;0,000213634
0,7378;0,000210904
0,7379;0,000208209
0,738;0,000205546
0,7381;0,000202917
0,7382;0,00020032
0,7383;0,000197755
0,7384;0,000195223
0,7385;0,000192721
0,7386;0,000190251
0,7387;0,000187811
0,7388;0,000185401
0,7389;0,000183022
0,739;0,000180672
0,7391;0,000178351
0,7392;0,000176059
0,7393;0,000173796
0,7394;0,00017156
0,7395;0,000169353
0,7396;0,000167173
0,7397;0,00016502
0,7398;0,000162894
0,7399;0,000160795
0,74;0,000158722
0,7401;0,000156674
0,7402;0,000154653
0,7403;0,000152656
0,7404;0,000150685
0,7405;0,000148738
0,7406;0,000146815
0,7407;0,000144917
0,7408;0,000143042
0,7409;0,000141191
0,741;0,000139363
0,7411;0,000137558
0,7412;0,000135776
0,7413;0,000134016
0,7414;0,000132278
0,7415;0,000130562
0,7416;0,000128867
0,7417;0,000127194
0,7418;0,000125542
0,7419;0,00012391
0,742;0,000122299
0,7421;0,000120709
0,7422;0,000119138
0,7423;0,000117587
0,7424;0,000116056
0,7425;0,000114544
0,7426;0,000113052
0,7427;0,000111578
0,7428;0,000110122
0,7429;0,000108686
0,743;0,000107267
0,7431;0,000105866
0,7432;0,000104483
0,7433;0,000103117
0,7434;0,000101769
0,7435;0,000100438
0,7436;9,91237E-05
0,7437;9,78261E-05
0,7438;9,65449E-05
0,7439;9,528E-05
0,744;9,40312E-05
0,7441;9,27982E-05
0,7442;9,15809E-05
0,7443;9,03791E-05
0,7444;8,91926E-05
0,7445;8,80212E-05
0,7446;8,68647E-05
0,7447;8,57229E-05
0,7448;8,45957E-05
0,7449;8,34828E-05
0,745;8,23841E-05
0,7451;8,12995E-05
0,7452;8,02287E-05
0,7453;7,91716E-05
0,7454;7,8128E-05
0,7455;7,70977E-05
0,7456;7,60806E-05
0,7457;7,50765E-05
0,7458;7,40853E-05
0,7459;7,31067E-05
0,746;7,21407E-05
0,7461;7,11871E-05
0,7462;7,02457E-05
0,7463;6,93163E-05
0,7464;6,83989E-05
0,7465;6,74933E-05
0,7466;6,65993E-05
0,7467;6,57168E-05
0,7468;6,48456E-05
0,7469;6,39857E-05
0,747;6,31368E-05
0,7471;6,22988E-05
0,7472;6,14716E-05
0,7473;6,06551E-05
0,7474;5,98491E-05
0,7475;5,90534E-05
0,7476;5,82681E-05
0,7477;5,74929E-05
0,7478;5,67276E-05
0,7479;5,59723E-05
0,748;5,52267E-05
0,7481;5,44908E-05
0,7482;5,37644E-05
0,7483;5,30473E-05
0,7484;5,23396E-05
0,7485;5,1641E-05
0,7486;5,09515E-05
0,7487;5,02709E-05
0,7488;4,95991E-05
0,7489;4,8936E-05
0,749;4,82816E-05
0,7491;4,76356E-05
0,7492;4,6998E-05
0,7493;4,63687E-05
0,7494;4,57476E-05
0,7495;4,51346E-05
0,7496;4,45295E-05
0,7497;4,39323E-05
0,7498;4,33429E-05
0,7499;4,27612E-05
0,75;4,2187E-05
0,7501;4,16203E-05
0,7502;4,1061E-05
0,7503;4,05091E-05
0,7504;3,99643E-05
0,7505;3,94266E-05
0,7506;3,88959E-05
0,7507;3,83722E-05
0,7508;3,78554E-05
0,7509;3,73453E-05
0,751;3,68418E-05
0,7511;3,6345E-05
0,7512;3,58546E-05
0,7513;3,53707E-05
0,7514;3,48932E-05
0,7515;3,44218E-05
0,7516;3,39567E-05
0,7517;3,34977E-05
0,7518;3,30447E-05
0,7519;3,25977E-05
0,752;3,21565E-05
0,7521;3,17211E-05
0,7522;3,12915E-05
0,7523;3,08675E-05
0,7524;3,04491E-05
0,7525;3,00361E-05
0,7526;2,96287E-05
0,7527;2,92266E-05
0,7528;2,88298E-05
0,7529;2,84382E-05
0,753;2,80518E-05
0,7531;2,76705E-05
0,7532;2,72943E-05
0,7533;2,6923E-05
0,7534;2,65566E-05
0,7535;2,61951E-05
0,7536;2,58383E-05
0,7537;2,54863E-05
0,7538;2,51389E-05
0,7539;2,47961E-05
0,754;2,44579E-05
0,7541;2,41241E-05
0,7542;2,37948E-05
0,7543;2,34699E-05
0,7544;2,31492E-05
0,7545;2,28328E-05
0,7546;2,25206E-05
0,7547;2,22126E-05
0,7548;2,19087E-05
0,7549;2,16088E-05
0,755;2,13129E-05
0,7551;2,10209E-05
0,7552;2,07328E-05
0,7553;2,04486E-05
0,7554;2,01681E-05
0,7555;1,98914E-05
0,7556;1,96184E-05
0,7557;1,9349E-05
0,7558;1,90832E-05
0,7559;1,88209E-05
0,756;1,85622E-05
0,7561;1,83069E-05
0,7562;1,80551E-05
0,7563;1,78066E-05
0,7564;1,75614E-05
0,7565;1,73195E-05
0,7566;1,70809E-05
0,7567;1,68454E-05
0,7568;1,66131E-05
0,7569;1,63839E-05
0,757;1,61578E-05
0,7571;1,59347E-05
0,7572;1,57147E-05
0,7573;1,54975E-05
0,7574;1,52833E-05
0,7575;1,5072E-05
0,7576;1,48635E-05
0,7577;1,46578E-05
0,7578;1,44549E-05
0,7579;1,42548E-05
0,758;1,40573E-05
0,7581;1,38624E-05
0,7582;1,36703E-05
0,7583;1,34806E-05
0,7584;1,32936E-05
0,7585;1,31091E-05
0,7586;1,2927E-05
0,7587;1,27475E-05
0,7588;1,25703E-05
0,7589;1,23956E-05
0,759;1,22232E-05
0,7591;1,20531E-05
0,7592;1,18854E-05
0,7593;1,17199E-05
0,7594;1,15566E-05
0,7595;1,13956E-05
0,7596;1,12368E-05
0,7597;1,10801E-05
0,7598;1,09255E-05
0,7599;1,0773E-05
0,76;1,06226E-05
0,7601;1,04743E-05
0,7602;1,0328E-05
0,7603;1,01836E-05
0,7604;1,00412E-05
0,7605;9,90077E-06
0,7606;9,76223E-06
0,7607;9,62558E-06
0,7608;9,49079E-06
0,7609;9,35784E-06
0,761;9,2267E-06
0,7611;9,09735E-06
0,7612;8,96976E-06
0,7613;8,84392E-06
0,7614;8,71979E-06
0,7615;8,59736E-06
0,7616;8,4766E-06
0,7617;8,35749E-06
0,7618;8,24002E-06
0,7619;8,12415E-06
0,762;8,00986E-06
0,7621;7,89714E-06
0,7622;7,78597E-06
0,7623;7,67632E-06
0,7624;7,56817E-06
0,7625;7,4615E-06
0,7626;7,3563E-06
0,7627;7,25254E-06
0,7628;7,15021E-06
0,7629;7,04928E-06
0,763;6,94974E-06
0,7631;6,85157E-06
0,7632;6,75475E-06
0,7633;6,65926E-06
0,7634;6,56509E-06
0,7635;6,47221E-06
0,7636;6,38061E-06
0,7637;6,29028E-06
0,7638;6,20119E-06
0,7639;6,11332E-06
0,764;6,02668E-06
0,7641;5,94122E-06
0,7642;5,85695E-06
0,7643;5,77384E-06
0,7644;5,69188E-06
0,7645;5,61105E-06
0,7646;5,53134E-06
0,7647;5,45273E-06
0,7648;5,37521E-06
0,7649;5,29877E-06
0,765;5,22338E-06
0,7651;5,14904E-06
0,7652;5,07573E-06
0,7653;5,00343E-06
0,7654;4,93214E-06
0,7655;4,86184E-06
0,7656;4,79252E-06
0,7657;4,72415E-06
0,7658;4,65674E-06
0,7659;4,59026E-06
0,766;4,52471E-06
0,7661;4,46007E-06
0,7662;4,39633E-06
0,7663;4,33348E-06
0,7664;4,2715E-06
0,7665;4,21039E-06
0,7666;4,15013E-06
0,7667;4,09071E-06
0,7668;4,03212E-06
0,7669;3,97434E-06
0,767;3,91738E-06
0,7671;3,8612E-06
0,7672;3,80582E-06
0,7673;3,7512E-06
0,7674;3,69736E-06
0,7675;3,64426E-06
0,7676;3,59191E-06
0,7677;3,54029E-06
0,7678;3,48939E-06
0,7679;3,43921E-06
0,768;3,38973E-06
0,7681;3,34094E-06
0,7682;3,29284E-06
0,7683;3,24541E-06
0,7684;3,19865E-06
0,7685;3,15255E-06
0,7686;3,10709E-06
0,7687;3,06227E-06
0,7688;3,01808E-06
0,7689;2,97452E-06
0,769;2,93156E-06
0,7691;2,88921E-06
0,7692;2,84746E-06
0,7693;2,8063E-06
0,7694;2,76571E-06
0,7695;2,7257E-06
0,7696;2,68625E-06
0,7697;2,64736E-06
0,7698;2,60902E-06
0,7699;2,57122E-06
0,77;2,53395E-06
0,7701;2,49721E-06
0,7702;2,46099E-06
0,7703;2,42529E-06
0,7704;2,39008E-06
0,7705;2,35538E-06
0,7706;2,32116E-06
0,7707;2,28744E-06
0,7708;2,25418E-06
0,7709;2,2214E-06
0,771;2,18909E-06
0,7711;2,15723E-06
0,7712;2,12583E-06
0,7713;2,09487E-06
0,7714;2,06435E-06
0,7715;2,03427E-06
0,7716;2,00461E-06
0,7717;1,97537E-06
0,7718;1,94655E-06
0,7719;1,91814E-06
0,772;1,89014E-06
0,7721;1,86253E-06
0,7722;1,83532E-06
0,7723;1,80849E-06
0,7724;1,78205E-06
0,7725;1,75598E-06
0,7726;1,73029E-06
0,7727;1,70496E-06
0,7728;1,68E-06
0,7729;1,65539E-06
0,773;1,63113E-06
0,7731;1,60722E-06
0,7732;1,58365E-06
0,7733;1,56042E-06
0,7734;1,53752E-06
0,7735;1,51495E-06
0,7736;1,4927E-06
0,7737;1,47077E-06
0,7738;1,44916E-06
0,7739;1,42785E-06
0,774;1,40685E-06
0,7741;1,38615E-06
0,7742;1,36575E-06
0,7743;1,34565E-06
0,7744;1,32583E-06
0,7745;1,30629E-06
0,7746;1,28704E-06
0,7747;1,26806E-06
0,7748;1,24936E-06
0,7749;1,23093E-06
0,775;1,21276E-06
0,7751;1,19485E-06
0,7752;1,1772E-06
0,7753;1,15981E-06
0,7754;1,14266E-06
0,7755;1,12577E-06
0,7756;1,10911E-06
0,7757;1,0927E-06
0,7758;1,07653E-06
0,7759;1,06059E-06
0,776;1,04487E-06
0,7761;1,02939E-06
0,7762;1,01413E-06
0,7763;9,99092E-07
0,7764;9,84271E-07
0,7765;9,69664E-07
0,7766;9,55269E-07
0,7767;9,41083E-07
0,7768;9,27102E-07
0,7769;9,13324E-07
0,777;8,99745E-07
0,7771;8,86364E-07
0,7772;8,73178E-07
0,7773;8,60182E-07
0,7774;8,47376E-07
0,7775;8,34756E-07
0,7776;8,22319E-07
0,7777;8,10063E-07
0,7778;7,97985E-07
0,7779;7,86084E-07
0,778;7,74355E-07
0,7781;7,62798E-07
0,7782;7,51409E-07
0,7783;7,40186E-07
0,7784;7,29126E-07
0,7785;7,18228E-07
0,7786;7,07489E-07
0,7787;6,96907E-07
0,7788;6,8648E-07
0,7789;6,76204E-07
0,779;6,66079E-07
0,7791;6,56102E-07
0,7792;6,46271E-07
0,7793;6,36584E-07
0,7794;6,27039E-07
0,7795;6,17633E-07
0,7796;6,08366E-07
0,7797;5,99234E-07
0,7798;5,90236E-07
0,7799;5,8137E-07
0,78;5,72634E-07
0,7801;5,64026E-07
0,7802;5,55544E-07
0,7803;5,47188E-07
0,7804;5,38954E-07
0,7805;5,30841E-07
0,7806;5,22847E-07
0,7807;5,14971E-07
0,7808;5,07211E-07
0,7809;4,99565E-07
0,781;4,92031E-07
0,7811;4,84609E-07
0,7812;4,77296E-07
0,7813;4,70091E-07
0,7814;4,62992E-07
0,7815;4,55998E-07
0,7816;4,49107E-07
0,7817;4,42318E-07
0,7818;4,35629E-07
0,7819;4,29039E-07
0,782;4,22546E-07
0,7821;4,16149E-07
0,7822;4,09847E-07
0,7823;4,03638E-07
0,7824;3,97521E-07
0,7825;3,91495E-07
0,7826;3,85558E-07
0,7827;3,79709E-07
0,7828;3,73947E-07
0,7829;3,6827E-07
0,783;3,62677E-07
0,7831;3,57167E-07
0,7832;3,51739E-07
0,7833;3,46392E-07
0,7834;3,41124E-07
0,7835;3,35935E-07
0,7836;3,30822E-07
0,7837;3,25786E-07
0,7838;3,20825E-07
0,7839;3,15937E-07
0,784;3,11122E-07
0,7841;3,06379E-07
0,7842;3,01707E-07
0,7843;2,97104E-07
0,7844;2,9257E-07
0,7845;2,88104E-07
0,7846;2,83704E-07
0,7847;2,7937E-07
0,7848;2,751E-07
0,7849;2,70895E-07
0,785;2,66752E-07
0,7851;2,62671E-07
0,7852;2,58651E-07
0,7853;2,54692E-07
0,7854;2,50791E-07
0,7855;2,46949E-07
0,7856;2,43165E-07
0,7857;2,39437E-07
0,7858;2,35765E-07
0,7859;2,32148E-07
0,786;2,28586E-07
0,7861;2,25077E-07
0,7862;2,2162E-07
0,7863;2,18216E-07
0,7864;2,14862E-07
0,7865;2,11559E-07
0,7866;2,08306E-07
0,7867;2,05101E-07
0,7868;2,01945E-07
0,7869;1,98836E-07
0,787;1,95774E-07
0,7871;1,92759E-07
0,7872;1,89788E-07
0,7873;1,86863E-07
0,7874;1,83981E-07
0,7875;1,81143E-07
0,7876;1,78348E-07
0,7877;1,75595E-07
0,7878;1,72883E-07
0,7879;1,70212E-07
0,788;1,67582E-07
0,7881;1,64992E-07
0,7882;1,6244E-07
0,7883;1,59928E-07
0,7884;1,57453E-07
0,7885;1,55016E-07
0,7886;1,52615E-07
0,7887;1,50251E-07
0,7888;1,47923E-07
0,7889;1,4563E-07
0,789;1,43372E-07
0,7891;1,41148E-07
0,7892;1,38958E-07
0,7893;1,36801E-07
0,7894;1,34677E-07
0,7895;1,32585E-07
0,7896;1,30525E-07
0,7897;1,28496E-07
0,7898;1,26498E-07
0,7899;1,24531E-07
0,79;1,22593E-07
0,7901;1,20685E-07
0,7902;1,18806E-07
0,7903;1,16956E-07
0,7904;1,15134E-07
0,7905;1,13339E-07
0,7906;1,11572E-07
0,7907;1,09832E-07
0,7908;1,08118E-07
0,7909;1,06431E-07
0,791;1,04769E-07
0,7911;1,03133E-07
0,7912;1,01522E-07
0,7913;9,99351E-08
0,7914;9,83728E-08
0,7915;9,68343E-08
0,7916;9,53194E-08
0,7917;9,38277E-08
0,7918;9,23588E-08
0,7919;9,09125E-08
0,792;8,94883E-08
0,7921;8,80859E-08
0,7922;8,67051E-08
0,7923;8,53454E-08
0,7924;8,40066E-08
0,7925;8,26883E-08
0,7926;8,13903E-08
0,7927;8,01123E-08
0,7928;7,88538E-08
0,7929;7,76148E-08
0,793;7,63948E-08
0,7931;7,51935E-08
0,7932;7,40108E-08
0,7933;7,28462E-08
0,7934;7,16996E-08
0,7935;7,05707E-08
0,7936;6,94591E-08
0,7937;6,83647E-08
0,7938;6,72872E-08
0,7939;6,62263E-08
0,794;6,51818E-08
0,7941;6,41534E-08
0,7942;6,31408E-08
0,7943;6,2144E-08
0,7944;6,11625E-08
0,7945;6,01962E-08
0,7946;5,92449E-08
0,7947;5,83083E-08
0,7948;5,73861E-08
0,7949;5,64783E-08
0,795;5,55845E-08
0,7951;5,47046E-08
0,7952;5,38383E-08
0,7953;5,29854E-08
0,7954;5,21458E-08
0,7955;5,13191E-08
0,7956;5,05054E-08
0,7957;4,97042E-08
0,7958;4,89155E-08
0,7959;4,81391E-08
0,796;4,73747E-08
0,7961;4,66222E-08
0,7962;4,58814E-08
0,7963;4,51521E-08
0,7964;4,44342E-08
0,7965;4,37275E-08
0,7966;4,30318E-08
0,7967;4,23469E-08
0,7968;4,16727E-08
0,7969;4,1009E-08
0,797;4,03556E-08
0,7971;3,97125E-08
0,7972;3,90794E-08
0,7973;3,84562E-08
0,7974;3,78427E-08
0,7975;3,72388E-08
0,7976;3,66443E-08
0,7977;3,60591E-08
0,7978;3,54831E-08
0,7979;3,49161E-08
0,798;3,43579E-08
0,7981;3,38086E-08
0,7982;3,32678E-08
0,7983;3,27355E-08
0,7984;3,22115E-08
0,7985;3,16957E-08
0,7986;3,11881E-08
0,7987;3,06884E-08
0,7988;3,01965E-08
0,7989;2,97124E-08
0,799;2,92358E-08
0,7991;2,87668E-08
0,7992;2,83051E-08
0,7993;2,78507E-08
0,7994;2,74034E-08
0,7995;2,69632E-08
0,7996;2,65299E-08
0,7997;2,61034E-08
0,7998;2,56836E-08
0,7999;2,52705E-08
0,8;2,48639E-08
0,8001;2,44636E-08
0,8002;2,40697E-08
0,8003;2,3682E-08
0,8004;2,33004E-08
0,8005;2,29249E-08
0,8006;2,25553E-08
0,8007;2,21915E-08
0,8008;2,18334E-08
0,8009;2,14811E-08
0,801;2,11343E-08
0,8011;2,07929E-08
0,8012;2,0457E-08
0,8013;2,01264E-08
0,8014;1,98011E-08
0,8015;1,94809E-08
0,8016;1,91657E-08
0,8017;1,88556E-08
0,8018;1,85504E-08
0,8019;1,825E-08
0,802;1,79544E-08
0,8021;1,76635E-08
0,8022;1,73772E-08
0,8023;1,70954E-08
0,8024;1,68181E-08
0,8025;1,65453E-08
0,8026;1,62767E-08
0,8027;1,60125E-08
0,8028;1,57524E-08
0,8029;1,54965E-08
0,803;1,52447E-08
0,8031;1,49969E-08
0,8032;1,4753E-08
0,8033;1,4513E-08
0,8034;1,42769E-08
0,8035;1,40445E-08
0,8036;1,38158E-08
0,8037;1,35907E-08
0,8038;1,33693E-08
0,8039;1,31514E-08
0,804;1,2937E-08
0,8041;1,2726E-08
0,8042;1,25184E-08
0,8043;1,23141E-08
0,8044;1,2113E-08
0,8045;1,19152E-08
0,8046;1,17206E-08
0,8047;1,1529E-08
0,8048;1,13406E-08
0,8049;1,11551E-08
0,805;1,09726E-08
0,8051;1,07931E-08
0,8052;1,06164E-08
0,8053;1,04426E-08
0,8054;1,02716E-08
0,8055;1,01033E-08
0,8056;9,9377E-09
0,8057;9,77478E-09
0,8058;9,61447E-09
0,8059;9,45674E-09
0,806;9,30155E-09
0,8061;9,14886E-09
0,8062;8,99862E-09
0,8063;8,8508E-09
0,8064;8,70537E-09
0,8065;8,56228E-09
0,8066;8,42149E-09
0,8067;8,28298E-09
0,8068;8,14669E-09
0,8069;8,01261E-09
0,807;7,88069E-09
0,8071;7,75091E-09
0,8072;7,62321E-09
0,8073;7,49758E-09
0,8074;7,37399E-09
0,8075;7,25239E-09
0,8076;7,13275E-09
0,8077;7,01505E-09
0,8078;6,89926E-09
0,8079;6,78534E-09
0,808;6,67327E-09
0,8081;6,56301E-09
0,8082;6,45454E-09
0,8083;6,34783E-09
0,8084;6,24284E-09
0,8085;6,13957E-09
0,8086;6,03796E-09
0,8087;5,93801E-09
0,8088;5,83968E-09
0,8089;5,74294E-09
0,809;5,64778E-09
0,8091;5,55417E-09
0,8092;5,46207E-09
0,8093;5,37148E-09
0,8094;5,28236E-09
0,8095;5,19469E-09
0,8096;5,10845E-09
0,8097;5,02361E-09
0,8098;4,94015E-09
0,8099;4,85806E-09
0,81;4,7773E-09
0,8101;4,69786E-09
0,8102;4,61971E-09
0,8103;4,54284E-09
0,8104;4,46723E-09
0,8105;4,39285E-09
0,8106;4,31969E-09
0,8107;4,24772E-09
0,8108;4,17693E-09
0,8109;4,10729E-09
0,811;4,0388E-09
0,8111;3,97142E-09
0,8112;3,90515E-09
0,8113;3,83996E-09
0,8114;3,77584E-09
0,8115;3,71277E-09
0,8116;3,65074E-09
0,8117;3,58972E-09
0,8118;3,5297E-09
0,8119;3,47067E-09
0,812;3,41261E-09
0,8121;3,3555E-09
0,8122;3,29933E-09
0,8123;3,24408E-09
0,8124;3,18973E-09
0,8125;3,13629E-09
0,8126;3,08372E-09
0,8127;3,03201E-09
0,8128;2,98116E-09
0,8129;2,93114E-09
0,813;2,88195E-09
0,8131;2,83357E-09
0,8132;2,78598E-09
0,8133;2,73918E-09
0,8134;2,69315E-09
0,8135;2,64788E-09
0,8136;2,60335E-09
0,8137;2,55957E-09
0,8138;2,5165E-09
0,8139;2,47415E-09
0,814;2,43249E-09
0,8141;2,39152E-09
0,8142;2,35123E-09
0,8143;2,31161E-09
0,8144;2,27264E-09
0,8145;2,23432E-09
0,8146;2,19663E-09
0,8147;2,15957E-09
0,8148;2,12312E-09
0,8149;2,08727E-09
0,815;2,05202E-09
0,8151;2,01735E-09
0,8152;1,98326E-09
0,8153;1,94973E-09
0,8154;1,91676E-09
0,8155;1,88433E-09
0,8156;1,85245E-09
0,8157;1,82109E-09
0,8158;1,79026E-09
0,8159;1,75994E-09
0,816;1,73012E-09
0,8161;1,7008E-09
0,8162;1,67196E-09
0,8163;1,64361E-09
0,8164;1,61573E-09
0,8165;1,58831E-09
0,8166;1,56135E-09
0,8167;1,53484E-09
0,8168;1,50877E-09
0,8169;1,48314E-09
0,817;1,45793E-09
0,8171;1,43314E-09
0,8172;1,40877E-09
0,8173;1,38481E-09
0,8174;1,36124E-09
0,8175;1,33807E-09
0,8176;1,31529E-09
0,8177;1,29288E-09
0,8178;1,27085E-09
0,8179;1,24919E-09
0,818;1,2279E-09
0,8181;1,20696E-09
0,8182;1,18637E-09
0,8183;1,16612E-09
0,8184;1,14622E-09
0,8185;1,12664E-09
0,8186;1,1074E-09
0,8187;1,08848E-09
0,8188;1,06988E-09
0,8189;1,05158E-09
0,819;1,0336E-09
0,8191;1,01592E-09
0,8192;9,98533E-10
0,8193;9,8144E-10
0,8194;9,64635E-10
0,8195;9,48112E-10
0,8196;9,31867E-10
0,8197;9,15896E-10
0,8198;9,00193E-10
0,8199;8,84755E-10
0,82;8,69577E-10
0,8201;8,54655E-10
0,8202;8,39984E-10
0,8203;8,2556E-10
0,8204;8,1138E-10
0,8205;7,97439E-10
0,8206;7,83734E-10
0,8207;7,7026E-10
0,8208;7,57013E-10
0,8209;7,4399E-10
0,821;7,31187E-10
0,8211;7,18601E-10
0,8212;7,06228E-10
0,8213;6,94063E-10
0,8214;6,82105E-10
0,8215;6,70349E-10
0,8216;6,58792E-10
0,8217;6,47431E-10
0,8218;6,36262E-10
0,8219;6,25283E-10
0,822;6,1449E-10
0,8221;6,03879E-10
0,8222;5,93449E-10
0,8223;5,83196E-10
0,8224;5,73117E-10
0,8225;5,63209E-10
0,8226;5,53469E-10
0,8227;5,43895E-10
0,8228;5,34483E-10
0,8229;5,25232E-10
0,823;5,16138E-10
0,8231;5,07198E-10
0,8232;4,98411E-10
0,8233;4,89773E-10
0,8234;4,81283E-10
0,8235;4,72937E-10
0,8236;4,64733E-10
0,8237;4,56669E-10
0,8238;4,48742E-10
0,8239;4,40951E-10
0,824;4,33293E-10
0,8241;4,25765E-10
0,8242;4,18366E-10
0,8243;4,11094E-10
0,8244;4,03945E-10
0,8245;3,96919E-10
0,8246;3,90012E-10
0,8247;3,83224E-10
0,8248;3,76552E-10
0,8249;3,69994E-10
0,825;3,63549E-10
0,8251;3,57214E-10
0,8252;3,50987E-10
0,8253;3,44867E-10
0,8254;3,38852E-10
0,8255;3,32939E-10
0,8256;3,27129E-10
0,8257;3,21418E-10
0,8258;3,15805E-10
0,8259;3,10288E-10
0,826;3,04866E-10
0,8261;2,99537E-10
0,8262;2,943E-10
0,8263;2,89153E-10
0,8264;2,84094E-10
0,8265;2,79122E-10
0,8266;2,74236E-10
0,8267;2,69434E-10
0,8268;2,64714E-10
0,8269;2,60076E-10
0,827;2,55517E-10
0,8271;2,51038E-10
0,8272;2,46635E-10
0,8273;2,42308E-10
0,8274;2,38056E-10
0,8275;2,33877E-10
0,8276;2,29771E-10
0,8277;2,25735E-10
0,8278;2,21769E-10
0,8279;2,17871E-10
0,828;2,14041E-10
0,8281;2,10277E-10
0,8282;2,06578E-10
0,8283;2,02943E-10
0,8284;1,99371E-10
0,8285;1,95861E-10
0,8286;1,92411E-10
0,8287;1,89021E-10
0,8288;1,8569E-10
0,8289;1,82417E-10
0,829;1,792E-10
0,8291;1,76039E-10
0,8292;1,72933E-10
0,8293;1,69881E-10
0,8294;1,66882E-10
0,8295;1,63935E-10
0,8296;1,61039E-10
0,8297;1,58193E-10
0,8298;1,55397E-10
0,8299;1,5265E-10
0,83;1,4995E-10
0,8301;1,47297E-10
0,8302;1,4469E-10
0,8303;1,42129E-10
0,8304;1,39612E-10
0,8305;1,37139E-10
0,8306;1,34709E-10
0,8307;1,32322E-10
0,8308;1,29976E-10
0,8309;1,27671E-10
0,831;1,25406E-10
0,8311;1,2318E-10
0,8312;1,20994E-10
0,8313;1,18846E-10
0,8314;1,16735E-10
0,8315;1,14661E-10
0,8316;1,12623E-10
0,8317;1,10621E-10
0,8318;1,08654E-10
0,8319;1,06721E-10
0,832;1,04823E-10
0,8321;1,02957E-10
0,8322;1,01124E-10
0,8323;9,9323E-11
0,8324;9,75537E-11
0,8325;9,58153E-11
0,8326;9,41075E-11
0,8327;9,24295E-11
0,8328;9,0781E-11
0,8329;8,91614E-11
0,833;8,75703E-11
0,8331;8,6007E-11
0,8332;8,44713E-11
0,8333;8,29624E-11
0,8334;8,14801E-11
0,8335;8,00239E-11
0,8336;7,85933E-11
0,8337;7,71878E-11
0,8338;7,5807E-11
0,8339;7,44505E-11
0,834;7,31179E-11
0,8341;7,18088E-11
0,8342;7,05228E-11
0,8343;6,92593E-11
0,8344;6,80182E-11
0,8345;6,67989E-11
0,8346;6,56012E-11
0,8347;6,44245E-11
0,8348;6,32687E-11
0,8349;6,21332E-11
0,835;6,10178E-11
0,8351;5,99221E-11
0,8352;5,88457E-11
0,8353;5,77883E-11
0,8354;5,67497E-11
0,8355;5,57294E-11
0,8356;5,47272E-11
0,8357;5,37427E-11
0,8358;5,27756E-11
0,8359;5,18256E-11
0,836;5,08925E-11
0,8361;4,99759E-11
0,8362;4,90756E-11
0,8363;4,81912E-11
0,8364;4,73224E-11
0,8365;4,64691E-11
0,8366;4,5631E-11
0,8367;4,48077E-11
0,8368;4,3999E-11
0,8369;4,32047E-11
0,837;4,24245E-11
0,8371;4,16581E-11
0,8372;4,09054E-11
0,8373;4,01661E-11
0,8374;3,94399E-11
0,8375;3,87266E-11
0,8376;3,80261E-11
0,8377;3,7338E-11
0,8378;3,66621E-11
0,8379;3,59983E-11
0,838;3,53463E-11
0,8381;3,4706E-11
0,8382;3,4077E-11
0,8383;3,34593E-11
0,8384;3,28526E-11
0,8385;3,22567E-11
0,8386;3,16715E-11
0,8387;3,10967E-11
0,8388;3,05321E-11
0,8389;2,99777E-11
0,839;2,94332E-11
0,8391;2,88984E-11
0,8392;2,83731E-11
0,8393;2,78573E-11
0,8394;2,73507E-11
0,8395;2,68532E-11
0,8396;2,63645E-11
0,8397;2,58847E-11
0,8398;2,54134E-11
0,8399;2,49505E-11
0,84;2,4496E-11
0,8401;2,40496E-11
0,8402;2,36112E-11
0,8403;2,31807E-11
0,8404;2,27579E-11
0,8405;2,23427E-11
0,8406;2,1935E-11
0,8407;2,15346E-11
0,8408;2,11413E-11
0,8409;2,07552E-11
0,841;2,0376E-11
0,8411;2,00036E-11
0,8412;1,96379E-11
0,8413;1,92788E-11
0,8414;1,89261E-11
0,8415;1,85798E-11
0,8416;1,82398E-11
0,8417;1,79058E-11
0,8418;1,75779E-11
0,8419;1,72559E-11
0,842;1,69397E-11
0,8421;1,66292E-11
0,8422;1,63244E-11
0,8423;1,6025E-11
0,8424;1,5731E-11
0,8425;1,54423E-11
0,8426;1,51589E-11
0,8427;1,48805E-11
0,8428;1,46072E-11
0,8429;1,43389E-11
0,843;1,40754E-11
0,8431;1,38166E-11
0,8432;1,35626E-11
0,8433;1,33131E-11
0,8434;1,30682E-11
0,8435;1,28277E-11
0,8436;1,25915E-11
0,8437;1,23597E-11
0,8438;1,2132E-11
0,8439;1,19085E-11
0,844;1,1689E-11
0,8441;1,14735E-11
0,8442;1,1262E-11
0,8443;1,10542E-11
0,8444;1,08503E-11
0,8445;1,065E-11
0,8446;1,04534E-11
0,8447;1,02603E-11
0,8448;1,00708E-11
0,8449;9,88471E-12
0,845;9,70201E-12
0,8451;9,52264E-12
0,8452;9,34653E-12
0,8453;9,17363E-12
0,8454;9,00388E-12
0,8455;8,83722E-12
0,8456;8,6736E-12
0,8457;8,51296E-12
0,8458;8,35525E-12
0,8459;8,20042E-12
0,846;8,04842E-12
0,8461;7,89919E-12
0,8462;7,75268E-12
0,8463;7,60886E-12
0,8464;7,46766E-12
0,8465;7,32904E-12
0,8466;7,19295E-12
0,8467;7,05935E-12
0,8468;6,9282E-12
0,8469;6,79945E-12
0,847;6,67305E-12
0,8471;6,54897E-12
0,8472;6,42716E-12
0,8473;6,30758E-12
0,8474;6,19019E-12
0,8475;6,07496E-12
0,8476;5,96183E-12
0,8477;5,85079E-12
0,8478;5,74178E-12
0,8479;5,63477E-12
0,848;5,52972E-12
0,8481;5,42661E-12
0,8482;5,32538E-12
0,8483;5,22602E-12
0,8484;5,12849E-12
0,8485;5,03274E-12
0,8486;4,93876E-12
0,8487;4,84651E-12
0,8488;4,75595E-12
0,8489;4,66706E-12
0,849;4,57981E-12
0,8491;4,49416E-12
0,8492;4,4101E-12
0,8493;4,32758E-12
0,8494;4,24658E-12
0,8495;4,16708E-12
0,8496;4,08904E-12
0,8497;4,01244E-12
0,8498;3,93725E-12
0,8499;3,86346E-12
0,85;3,79102E-12
0,8501;3,71993E-12
0,8502;3,65015E-12
0,8503;3,58165E-12
0,8504;3,51443E-12
0,8505;3,44844E-12
0,8506;3,38368E-12
0,8507;3,32012E-12
0,8508;3,25773E-12
0,8509;3,19649E-12
0,851;3,1364E-12
0,8511;3,07741E-12
0,8512;3,01952E-12
0,8513;2,9627E-12
0,8514;2,90693E-12
0,8515;2,8522E-12
0,8516;2,79848E-12
0,8517;2,74576E-12
0,8518;2,69402E-12
0,8519;2,64324E-12
0,852;2,5934E-12
0,8521;2,54449E-12
0,8522;2,49649E-12
0,8523;2,44938E-12
0,8524;2,40315E-12
0,8525;2,35777E-12
0,8526;2,31324E-12
0,8527;2,26954E-12
0,8528;2,22665E-12
0,8529;2,18456E-12
0,853;2,14326E-12
0,8531;2,10272E-12
0,8532;2,06294E-12
0,8533;2,02391E-12
0,8534;1,9856E-12
0,8535;1,948E-12
0,8536;1,91111E-12
0,8537;1,8749E-12
0,8538;1,83937E-12
0,8539;1,80451E-12
0,854;1,77029E-12
0,8541;1,73672E-12
0,8542;1,70377E-12
0,8543;1,67144E-12
0,8544;1,63971E-12
0,8545;1,60857E-12
0,8546;1,57802E-12
0,8547;1,54804E-12
0,8548;1,51863E-12
0,8549;1,48976E-12
0,855;1,46143E-12
0,8551;1,43364E-12
0,8552;1,40637E-12
0,8553;1,3796E-12
0,8554;1,35334E-12
0,8555;1,32757E-12
0,8556;1,30229E-12
0,8557;1,27748E-12
0,8558;1,25314E-12
0,8559;1,22925E-12
0,856;1,20581E-12
0,8561;1,18281E-12
0,8562;1,16025E-12
0,8563;1,13811E-12
0,8564;1,11638E-12
0,8565;1,09507E-12
0,8566;1,07415E-12
0,8567;1,05363E-12
0,8568;1,0335E-12
0,8569;1,01374E-12
0,857;9,94361E-13
0,8571;9,75344E-13
0,8572;9,56685E-13
0,8573;9,38378E-13
0,8574;9,20417E-13
0,8575;9,02794E-13
0,8576;8,85504E-13
0,8577;8,6854E-13
0,8578;8,51897E-13
0,8579;8,35568E-13
0,858;8,19548E-13
0,8581;8,0383E-13
0,8582;7,8841E-13
0,8583;7,73281E-13
0,8584;7,58439E-13
0,8585;7,43877E-13
0,8586;7,29591E-13
0,8587;7,15576E-13
0,8588;7,01826E-13
0,8589;6,88336E-13
0,859;6,75102E-13
0,8591;6,62119E-13
0,8592;6,49382E-13
0,8593;6,36887E-13
0,8594;6,24629E-13
0,8595;6,12603E-13
0,8596;6,00806E-13
0,8597;5,89232E-13
0,8598;5,77879E-13
0,8599;5,66741E-13
0,86;5,55815E-13
0,8601;5,45096E-13
0,8602;5,34581E-13
0,8603;5,24267E-13
0,8604;5,14148E-13
0,8605;5,04222E-13
0,8606;4,94485E-13
0,8607;4,84934E-13
0,8608;4,75564E-13
0,8609;4,66373E-13
0,861;4,57357E-13
0,8611;4,48513E-13
0,8612;4,39838E-13
0,8613;4,31328E-13
0,8614;4,2298E-13
0,8615;4,14792E-13
0,8616;4,0676E-13
0,8617;3,98881E-13
0,8618;3,91153E-13
0,8619;3,83573E-13
0,862;3,76137E-13
0,8621;3,68844E-13
0,8622;3,6169E-13
0,8623;3,54672E-13
0,8624;3,4779E-13
0,8625;3,41038E-13
0,8626;3,34417E-13
0,8627;3,27921E-13
0,8628;3,21551E-13
0,8629;3,15302E-13
0,863;3,09173E-13
0,8631;3,03162E-13
0,8632;2,97266E-13
0,8633;2,91483E-13
0,8634;2,85811E-13
0,8635;2,80247E-13
0,8636;2,74791E-13
0,8637;2,69439E-13
0,8638;2,64191E-13
0,8639;2,59043E-13
0,864;2,53994E-13
0,8641;2,49042E-13
0,8642;2,44185E-13
0,8643;2,39421E-13
0,8644;2,3475E-13
0,8645;2,30168E-13
0,8646;2,25674E-13
0,8647;2,21267E-13
0,8648;2,16945E-13
0,8649;2,12706E-13
0,865;2,08549E-13
0,8651;2,04472E-13
0,8652;2,00474E-13
0,8653;1,96553E-13
0,8654;1,92707E-13
0,8655;1,88935E-13
0,8656;1,85237E-13
0,8657;1,8161E-13
0,8658;1,78053E-13
0,8659;1,74564E-13
0,866;1,71143E-13
0,8661;1,67788E-13
0,8662;1,64498E-13
0,8663;1,61272E-13
0,8664;1,58108E-13
0,8665;1,55006E-13
0,8666;1,51963E-13
0,8667;1,48979E-13
0,8668;1,46053E-13
0,8669;1,43184E-13
0,867;1,40371E-13
0,8671;1,37611E-13
0,8672;1,34906E-13
0,8673;1,32253E-13
0,8674;1,29651E-13
0,8675;1,271E-13
0,8676;1,24599E-13
0,8677;1,22146E-13
0,8678;1,1974E-13
0,8679;1,17382E-13
0,868;1,15069E-13
0,8681;1,12801E-13
0,8682;1,10577E-13
0,8683;1,08397E-13
0,8684;1,06259E-13
0,8685;1,04162E-13
0,8686;1,02106E-13
0,8687;1,00091E-13
0,8688;9,81145E-14
0,8689;9,61766E-14
0,869;9,42766E-14
0,8691;9,24135E-14
0,8692;9,05868E-14
0,8693;8,87957E-14
0,8694;8,70395E-14
0,8695;8,53176E-14
0,8696;8,36294E-14
0,8697;8,19741E-14
0,8698;8,03511E-14
0,8699;7,87598E-14
0,87;7,71996E-14
0,8701;7,567E-14
0,8702;7,41702E-14
0,8703;7,26998E-14
0,8704;7,12581E-14
0,8705;6,98446E-14
0,8706;6,84588E-14
0,8707;6,71002E-14
0,8708;6,57681E-14
0,8709;6,44622E-14
0,871;6,31818E-14
0,8711;6,19265E-14
0,8712;6,06959E-14
0,8713;5,94893E-14
0,8714;5,83065E-14
0,8715;5,71468E-14
0,8716;5,601E-14
0,8717;5,48954E-14
0,8718;5,38027E-14
0,8719;5,27315E-14
0,872;5,16813E-14
0,8721;5,06518E-14
0,8722;4,96425E-14
0,8723;4,86531E-14
0,8724;4,76831E-14
0,8725;4,67322E-14
0,8726;4,58001E-14
0,8727;4,48862E-14
0,8728;4,39904E-14
0,8729;4,31122E-14
0,873;4,22514E-14
0,8731;4,14074E-14
0,8732;4,05802E-14
0,8733;3,97692E-14
0,8734;3,89742E-14
0,8735;3,8195E-14
0,8736;3,74311E-14
0,8737;3,66822E-14
0,8738;3,59482E-14
0,8739;3,52287E-14
0,874;3,45233E-14
0,8741;3,3832E-14
0,8742;3,31542E-14
0,8743;3,24899E-14
0,8744;3,18387E-14
0,8745;3,12004E-14
0,8746;3,05748E-14
0,8747;2,99615E-14
0,8748;2,93604E-14
0,8749;2,87711E-14
0,875;2,81936E-14
0,8751;2,76274E-14
0,8752;2,70725E-14
0,8753;2,65287E-14
0,8754;2,59956E-14
0,8755;2,5473E-14
0,8756;2,49609E-14
0,8757;2,44589E-14
0,8758;2,39668E-14
0,8759;2,34846E-14
0,876;2,30119E-14
0,8761;2,25486E-14
0,8762;2,20945E-14
0,8763;2,16495E-14
0,8764;2,12133E-14
0,8765;2,07857E-14
0,8766;2,03667E-14
0,8767;1,9956E-14
0,8768;1,95535E-14
0,8769;1,9159E-14
0,877;1,87724E-14
0,8771;1,83935E-14
0,8772;1,80221E-14
0,8773;1,76581E-14
0,8774;1,73014E-14
0,8775;1,69518E-14
0,8776;1,66091E-14
0,8777;1,62734E-14
0,8778;1,59443E-14
0,8779;1,56217E-14
0,878;1,53057E-14
0,8781;1,49959E-14
0,8782;1,46923E-14
0,8783;1,43948E-14
0,8784;1,41033E-14
0,8785;1,38175E-14
0,8786;1,35375E-14
0,8787;1,32631E-14
0,8788;1,29942E-14
0,8789;1,27306E-14
0,879;1,24724E-14
0,8791;1,22193E-14
0,8792;1,19713E-14
0,8793;1,17283E-14
0,8794;1,14901E-14
0,8795;1,12567E-14
0,8796;1,1028E-14
0,8797;1,08038E-14
0,8798;1,05842E-14
0,8799;1,0369E-14
0,88;1,01581E-14
0,8801;9,95144E-15
0,8802;9,74893E-15
0,8803;9,55049E-15
0,8804;9,35604E-15
0,8805;9,16549E-15
0,8806;8,97878E-15
0,8807;8,79583E-15
0,8808;8,61655E-15
0,8809;8,44089E-15
0,881;8,26876E-15
0,8811;8,1001E-15
0,8812;7,93483E-15
0,8813;7,7729E-15
0,8814;7,61423E-15
0,8815;7,45875E-15
0,8816;7,30642E-15
0,8817;7,15715E-15
0,8818;7,0109E-15
0,8819;6,86759E-15
0,882;6,72719E-15
0,8821;6,58961E-15
0,8822;6,45482E-15
0,8823;6,32274E-15
0,8824;6,19334E-15
0,8825;6,06655E-15
0,8826;5,94233E-15
0,8827;5,82061E-15
0,8828;5,70136E-15
0,8829;5,58453E-15
0,883;5,47005E-15
0,8831;5,3579E-15
0,8832;5,24801E-15
0,8833;5,14036E-15
0,8834;5,03488E-15
0,8835;4,93154E-15
0,8836;4,83029E-15
0,8837;4,7311E-15
0,8838;4,63392E-15
0,8839;4,53872E-15
0,884;4,44544E-15
0,8841;4,35406E-15
0,8842;4,26453E-15
0,8843;4,17682E-15
0,8844;4,09089E-15
0,8845;4,00671E-15
0,8846;3,92424E-15
0,8847;3,84345E-15
0,8848;3,7643E-15
0,8849;3,68676E-15
0,885;3,6108E-15
0,8851;3,53638E-15
0,8852;3,46348E-15
0,8853;3,39206E-15
0,8854;3,3221E-15
0,8855;3,25356E-15
0,8856;3,18642E-15
0,8857;3,12065E-15
0,8858;3,05622E-15
0,8859;2,9931E-15
0,886;2,93128E-15
0,8861;2,87071E-15
0,8862;2,81138E-15
0,8863;2,75326E-15
0,8864;2,69632E-15
0,8865;2,64056E-15
0,8866;2,58593E-15
0,8867;2,53241E-15
0,8868;2,47999E-15
0,8869;2,42864E-15
0,887;2,37835E-15
0,8871;2,32908E-15
0,8872;2,28082E-15
0,8873;2,23355E-15
0,8874;2,18724E-15
0,8875;2,14189E-15
0,8876;2,09746E-15
0,8877;2,05394E-15
0,8878;2,01132E-15
0,8879;1,96957E-15
0,888;1,92867E-15
0,8881;1,88862E-15
0,8882;1,84939E-15
0,8883;1,81096E-15
0,8884;1,77332E-15
0,8885;1,73645E-15
0,8886;1,70034E-15
0,8887;1,66498E-15
0,8888;1,63033E-15
0,8889;1,59641E-15
0,889;1,56318E-15
0,8891;1,53063E-15
0,8892;1,49875E-15
0,8893;1,46753E-15
0,8894;1,43695E-15
0,8895;1,407E-15
0,8896;1,37767E-15
0,8897;1,34894E-15
0,8898;1,3208E-15
0,8899;1,29325E-15
0,89;1,26626E-15
0,8901;1,23982E-15
0,8902;1,21394E-15
0,8903;1,18858E-15
0,8904;1,16375E-15
0,8905;1,13944E-15
0,8906;1,11562E-15
0,8907;1,0923E-15
0,8908;1,06946E-15
0,8909;1,04709E-15
0,891;1,02518E-15
0,8911;1,00373E-15
0,8912;9,82717E-16
0,8913;9,62141E-16
0,8914;9,41991E-16
0,8915;9,22258E-16
0,8916;9,02933E-16
0,8917;8,84008E-16
0,8918;8,65476E-16
0,8919;8,47327E-16
0,892;8,29555E-16
0,8921;8,1215E-16
0,8922;7,95107E-16
0,8923;7,78417E-16
0,8924;7,62073E-16
0,8925;7,46069E-16
0,8926;7,30397E-16
0,8927;7,1505E-16
0,8928;7,00021E-16
0,8929;6,85305E-16
0,893;6,70895E-16
0,8931;6,56784E-16
0,8932;6,42966E-16
0,8933;6,29436E-16
0,8934;6,16187E-16
0,8935;6,03213E-16
0,8936;5,9051E-16
0,8937;5,78071E-16
0,8938;5,65891E-16
0,8939;5,53964E-16
0,894;5,42286E-16
0,8941;5,30852E-16
0,8942;5,19655E-16
0,8943;5,08692E-16
0,8944;4,97958E-16
0,8945;4,87447E-16
0,8946;4,77156E-16
0,8947;4,6708E-16
0,8948;4,57214E-16
0,8949;4,47553E-16
0,895;4,38095E-16
0,8951;4,28834E-16
0,8952;4,19767E-16
0,8953;4,10889E-16
0,8954;4,02197E-16
0,8955;3,93686E-16
0,8956;3,85353E-16
0,8957;3,77195E-16
0,8958;3,69208E-16
0,8959;3,61387E-16
0,896;3,53731E-16
0,8961;3,46235E-16
0,8962;3,38895E-16
0,8963;3,3171E-16
0,8964;3,24675E-16
0,8965;3,17788E-16
0,8966;3,11045E-16
0,8967;3,04443E-16
0,8968;2,9798E-16
0,8969;2,91653E-16
0,897;2,85458E-16
0,8971;2,79394E-16
0,8972;2,73457E-16
0,8973;2,67644E-16
0,8974;2,61954E-16
0,8975;2,56383E-16
0,8976;2,5093E-16
0,8977;2,45591E-16
0,8978;2,40364E-16
0,8979;2,35247E-16
0,898;2,30238E-16
0,8981;2,25335E-16
0,8982;2,20534E-16
0,8983;2,15835E-16
0,8984;2,11235E-16
0,8985;2,06732E-16
0,8986;2,02323E-16
0,8987;1,98008E-16
0,8988;1,93783E-16
0,8989;1,89648E-16
0,899;1,856E-16
0,8991;1,81637E-16
0,8992;1,77758E-16
0,8993;1,73961E-16
0,8994;1,70244E-16
0,8995;1,66606E-16
0,8996;1,63044E-16
0,8997;1,59558E-16
0,8998;1,56145E-16
0,8999;1,52805E-16
0,9;1,49535E-16
0,9001;1,46334E-16
0,9002;1,43202E-16
0,9003;1,40135E-16
0,9004;1,37133E-16
0,9005;1,34195E-16
0,9006;1,31319E-16
0,9007;1,28505E-16
0,9008;1,25749E-16
0,9009;1,23053E-16
0,901;1,20413E-16
0,9011;1,17829E-16
0,9012;1,153E-16
0,9013;1,12825E-16
0,9014;1,10403E-16
0,9015;1,08031E-16
0,9016;1,05711E-16
0,9017;1,03439E-16
0,9018;1,01216E-16
0,9019;9,90397E-17
0,902;9,691E-17
0,9021;9,48255E-17
0,9022;9,27853E-17
0,9023;9,07886E-17
0,9024;8,88343E-17
0,9025;8,69217E-17
0,9026;8,50497E-17
0,9027;8,32176E-17
0,9028;8,14246E-17
0,9029;7,96697E-17
0,903;7,79523E-17
0,9031;7,62715E-17
0,9032;7,46265E-17
0,9033;7,30165E-17
0,9034;7,1441E-17
0,9035;6,9899E-17
0,9036;6,839E-17
0,9037;6,69132E-17
0,9038;6,54679E-17
0,9039;6,40535E-17
0,904;6,26693E-17
0,9041;6,13146E-17
0,9042;5,9989E-17
0,9043;5,86917E-17
0,9044;5,74221E-17
0,9045;5,61797E-17
0,9046;5,49639E-17
0,9047;5,3774E-17
0,9048;5,26097E-17
0,9049;5,14703E-17
0,905;5,03553E-17
0,9051;4,92642E-17
0,9052;4,81965E-17
0,9053;4,71516E-17
0,9054;4,61292E-17
0,9055;4,51287E-17
0,9056;4,41496E-17
0,9057;4,31916E-17
0,9058;4,22541E-17
0,9059;4,13367E-17
0,906;4,04391E-17
0,9061;3,95607E-17
0,9062;3,87012E-17
0,9063;3,78601E-17
0,9064;3,70372E-17
0,9065;3,62319E-17
0,9066;3,54439E-17
0,9067;3,46729E-17
0,9068;3,39185E-17
0,9069;3,31803E-17
0,907;3,2458E-17
0,9071;3,17513E-17
0,9072;3,10598E-17
0,9073;3,03831E-17
0,9074;2,97211E-17
0,9075;2,90733E-17
0,9076;2,84395E-17
0,9077;2,78194E-17
0,9078;2,72126E-17
0,9079;2,66189E-17
0,908;2,6038E-17
0,9081;2,54697E-17
0,9082;2,49136E-17
0,9083;2,43696E-17
0,9084;2,38373E-17
0,9085;2,33165E-17
0,9086;2,28069E-17
0,9087;2,23084E-17
0,9088;2,18207E-17
0,9089;2,13435E-17
0,909;2,08766E-17
0,9091;2,04198E-17
0,9092;1,99729E-17
0,9093;1,95357E-17
0,9094;1,9108E-17
0,9095;1,86895E-17
0,9096;1,82801E-17
0,9097;1,78795E-17
0,9098;1,74876E-17
0,9099;1,71043E-17
0,91;1,67292E-17
0,9101;1,63623E-17
0,9102;1,60033E-17
0,9103;1,56522E-17
0,9104;1,53086E-17
0,9105;1,49726E-17
0,9106;1,46438E-17
0,9107;1,43221E-17
0,9108;1,40075E-17
0,9109;1,36997E-17
0,911;1,33985E-17
0,9111;1,3104E-17
0,9112;1,28158E-17
0,9113;1,25339E-17
0,9114;1,22581E-17
0,9115;1,19884E-17
0,9116;1,17245E-17
0,9117;1,14663E-17
0,9118;1,12138E-17
0,9119;1,09668E-17
0,912;1,07252E-17
0,9121;1,04888E-17
0,9122;1,02576E-17
0,9123;1,00314E-17
0,9124;9,81017E-18
0,9125;9,59376E-18
0,9126;9,38208E-18
0,9127;9,17501E-18
0,9128;8,97247E-18
0,9129;8,77435E-18
0,913;8,58056E-18
0,9131;8,391E-18
0,9132;8,20559E-18
0,9133;8,02423E-18
0,9134;7,84683E-18
0,9135;7,67332E-18
0,9136;7,5036E-18
0,9137;7,3376E-18
0,9138;7,17523E-18
0,9139;7,01641E-18
0,914;6,86108E-18
0,9141;6,70914E-18
0,9142;6,56054E-18
0,9143;6,41519E-18
0,9144;6,27303E-18
0,9145;6,13398E-18
0,9146;5,99799E-18
0,9147;5,86498E-18
0,9148;5,73488E-18
0,9149;5,60765E-18
0,915;5,4832E-18
0,9151;5,36149E-18
0,9152;5,24245E-18
0,9153;5,12603E-18
0,9154;5,01216E-18
0,9155;4,9008E-18
0,9156;4,79189E-18
0,9157;4,68537E-18
0,9158;4,58119E-18
0,9159;4,47931E-18
0,916;4,37967E-18
0,9161;4,28222E-18
0,9162;4,18692E-18
0,9163;4,09372E-18
0,9164;4,00256E-18
0,9165;3,91342E-18
0,9166;3,82625E-18
0,9167;3,74099E-18
0,9168;3,65761E-18
0,9169;3,57608E-18
0,917;3,49634E-18
0,9171;3,41836E-18
0,9172;3,3421E-18
0,9173;3,26753E-18
0,9174;3,1946E-18
0,9175;3,12328E-18
0,9176;3,05354E-18
0,9177;2,98534E-18
0,9178;2,91865E-18
0,9179;2,85343E-18
0,918;2,78966E-18
0,9181;2,72729E-18
0,9182;2,66631E-18
0,9183;2,60667E-18
0,9184;2,54836E-18
0,9185;2,49133E-18
0,9186;2,43557E-18
0,9187;2,38104E-18
0,9188;2,32772E-18
0,9189;2,27559E-18
0,919;2,22461E-18
0,9191;2,17476E-18
0,9192;2,12601E-18
0,9193;2,07835E-18
0,9194;2,03174E-18
0,9195;1,98617E-18
0,9196;1,94161E-18
0,9197;1,89804E-18
0,9198;1,85544E-18
0,9199;1,81378E-18
0,92;1,77305E-18
0,9201;1,73322E-18
0,9202;1,69428E-18
0,9203;1,65621E-18
0,9204;1,61898E-18
0,9205;1,58258E-18
0,9206;1,54699E-18
0,9207;1,5122E-18
0,9208;1,47817E-18
0,9209;1,44491E-18
0,921;1,41239E-18
0,9211;1,38059E-18
0,9212;1,3495E-18
0,9213;1,3191E-18
0,9214;1,28938E-18
0,9215;1,26032E-18
0,9216;1,23191E-18
0,9217;1,20414E-18
0,9218;1,17698E-18
0,9219;1,15043E-18
0,922;1,12448E-18
0,9221;1,0991E-18
0,9222;1,07429E-18
0,9223;1,05004E-18
0,9224;1,02632E-18
0,9225;1,00314E-18
0,9226;9,80476E-19
0,9227;9,58318E-19
0,9228;9,36656E-19
0,9229;9,15479E-19
0,923;8,94775E-19
0,9231;8,74535E-19
0,9232;8,54749E-19
0,9233;8,35405E-19
0,9234;8,16495E-19
0,9235;7,98008E-19
0,9236;7,79936E-19
0,9237;7,62269E-19
0,9238;7,44998E-19
0,9239;7,28115E-19
0,924;7,1161E-19
0,9241;6,95476E-19
0,9242;6,79703E-19
0,9243;6,64285E-19
0,9244;6,49213E-19
0,9245;6,3448E-19
0,9246;6,20078E-19
0,9247;6,05999E-19
0,9248;5,92237E-19
0,9249;5,78784E-19
0,925;5,65634E-19
0,9251;5,52779E-19
0,9252;5,40214E-19
0,9253;5,27931E-19
0,9254;5,15925E-19
0,9255;5,04189E-19
0,9256;4,92718E-19
0,9257;4,81505E-19
0,9258;4,70544E-19
0,9259;4,59831E-19
0,926;4,49359E-19
0,9261;4,39123E-19
0,9262;4,29118E-19
0,9263;4,19339E-19
0,9264;4,0978E-19
0,9265;4,00437E-19
0,9266;3,91305E-19
0,9267;3,82379E-19
0,9268;3,73655E-19
0,9269;3,65128E-19
0,927;3,56793E-19
0,9271;3,48647E-19
0,9272;3,40685E-19
0,9273;3,32903E-19
0,9274;3,25297E-19
0,9275;3,17863E-19
0,9276;3,10598E-19
0,9277;3,03496E-19
0,9278;2,96556E-19
0,9279;2,89772E-19
0,928;2,83143E-19
0,9281;2,76663E-19
0,9282;2,7033E-19
0,9283;2,64141E-19
0,9284;2,58092E-19
0,9285;2,5218E-19
0,9286;2,46403E-19
0,9287;2,40756E-19
0,9288;2,35238E-19
0,9289;2,29844E-19
0,929;2,24574E-19
0,9291;2,19423E-19
0,9292;2,14388E-19
0,9293;2,09469E-19
0,9294;2,04661E-19
0,9295;1,99962E-19
0,9296;1,9537E-19
0,9297;1,90883E-19
0,9298;1,86497E-19
0,9299;1,82212E-19
0,93;1,78024E-19
0,9301;1,73931E-19
0,9302;1,69931E-19
0,9303;1,66023E-19
0,9304;1,62203E-19
0,9305;1,58471E-19
0,9306;1,54823E-19
0,9307;1,51259E-19
0,9308;1,47776E-19
0,9309;1,44372E-19
0,931;1,41046E-19
0,9311;1,37796E-19
0,9312;1,3462E-19
0,9313;1,31517E-19
0,9314;1,28484E-19
0,9315;1,25521E-19
0,9316;1,22625E-19
0,9317;1,19795E-19
0,9318;1,17031E-19
0,9319;1,14329E-19
0,932;1,11689E-19
0,9321;1,09109E-19
0,9322;1,06589E-19
0,9323;1,04126E-19
0,9324;1,0172E-19
0,9325;9,93681E-20
0,9326;9,70705E-20
0,9327;9,48255E-20
0,9328;9,26319E-20
0,9329;9,04886E-20
0,933;8,83943E-20
0,9331;8,63481E-20
0,9332;8,43488E-20
0,9333;8,23954E-20
0,9334;8,04867E-20
0,9335;7,86219E-20
0,9336;7,67998E-20
0,9337;7,50196E-20
0,9338;7,32802E-20
0,9339;7,15808E-20
0,934;6,99204E-20
0,9341;6,82981E-20
0,9342;6,67131E-20
0,9343;6,51646E-20
0,9344;6,36516E-20
0,9345;6,21735E-20
0,9346;6,07293E-20
0,9347;5,93184E-20
0,9348;5,79399E-20
0,9349;5,65932E-20
0,935;5,52775E-20
0,9351;5,3992E-20
0,9352;5,27362E-20
0,9353;5,15093E-20
0,9354;5,03107E-20
0,9355;4,91397E-20
0,9356;4,79956E-20
0,9357;4,6878E-20
0,9358;4,57862E-20
0,9359;4,47195E-20
0,936;4,36775E-20
0,9361;4,26595E-20
0,9362;4,1665E-20
0,9363;4,06934E-20
0,9364;3,97444E-20
0,9365;3,88172E-20
0,9366;3,79114E-20
0,9367;3,70266E-20
0,9368;3,61623E-20
0,9369;3,53179E-20
0,937;3,44931E-20
0,9371;3,36873E-20
0,9372;3,29002E-20
0,9373;3,21313E-20
0,9374;3,13802E-20
0,9375;3,06465E-20
0,9376;2,99298E-20
0,9377;2,92297E-20
0,9378;2,85458E-20
0,9379;2,78778E-20
0,938;2,72252E-20
0,9381;2,65878E-20
0,9382;2,59652E-20
0,9383;2,5357E-20
0,9384;2,47629E-20
0,9385;2,41826E-20
0,9386;2,36158E-20
0,9387;2,30621E-20
0,9388;2,25213E-20
0,9389;2,19931E-20
0,939;2,14771E-20
0,9391;2,09732E-20
0,9392;2,04809E-20
0,9393;2,00001E-20
0,9394;1,95305E-20
0,9395;1,90718E-20
0,9396;1,86237E-20
0,9397;1,81861E-20
0,9398;1,77587E-20
0,9399;1,73412E-20
0,94;1,69335E-20
0,9401;1,65352E-20
0,9402;1,61463E-20
0,9403;1,57664E-20
0,9404;1,53953E-20
0,9405;1,50329E-20
0,9406;1,4679E-20
0,9407;1,43333E-20
0,9408;1,39957E-20
0,9409;1,36659E-20
0,941;1,33439E-20
0,9411;1,30293E-20
0,9412;1,27221E-20
0,9413;1,24221E-20
0,9414;1,21291E-20
0,9415;1,1843E-20
0,9416;1,15635E-20
0,9417;1,12906E-20
0,9418;1,1024E-20
0,9419;1,07637E-20
0,942;1,05095E-20
0,9421;1,02612E-20
0,9422;1,00187E-20
0,9423;9,78196E-21
0,9424;9,55072E-21
0,9425;9,32489E-21
0,9426;9,10435E-21
0,9427;8,88898E-21
0,9428;8,67866E-21
0,9429;8,47327E-21
0,943;8,27269E-21
0,9431;8,07682E-21
0,9432;7,88555E-21
0,9433;7,69876E-21
0,9434;7,51635E-21
0,9435;7,33823E-21
0,9436;7,16429E-21
0,9437;6,99444E-21
0,9438;6,82857E-21
0,9439;6,66661E-21
0,944;6,50845E-21
0,9441;6,354E-21
0,9442;6,20319E-21
0,9443;6,05593E-21
0,9444;5,91213E-21
0,9445;5,77171E-21
0,9446;5,6346E-21
0,9447;5,50071E-21
0,9448;5,36998E-21
0,9449;5,24232E-21
0,945;5,11768E-21
0,9451;4,99597E-21
0,9452;4,87712E-21
0,9453;4,76108E-21
0,9454;4,64778E-21
0,9455;4,53714E-21
0,9456;4,42912E-21
0,9457;4,32364E-21
0,9458;4,22066E-21
0,9459;4,1201E-21
0,946;4,02192E-21
0,9461;3,92606E-21
0,9462;3,83246E-21
0,9463;3,74107E-21
0,9464;3,65184E-21
0,9465;3,56472E-21
0,9466;3,47966E-21
0,9467;3,39661E-21
0,9468;3,31553E-21
0,9469;3,23636E-21
0,947;3,15907E-21
0,9471;3,08361E-21
0,9472;3,00993E-21
0,9473;2,938E-21
0,9474;2,86777E-21
0,9475;2,7992E-21
0,9476;2,73226E-21
0,9477;2,6669E-21
0,9478;2,6031E-21
0,9479;2,54081E-21
0,948;2,47999E-21
0,9481;2,42062E-21
0,9482;2,36265E-21
0,9483;2,30606E-21
0,9484;2,25082E-21
0,9485;2,19689E-21
0,9486;2,14423E-21
0,9487;2,09283E-21
0,9488;2,04265E-21
0,9489;1,99366E-21
0,949;1,94584E-21
0,9491;1,89915E-21
0,9492;1,85357E-21
0,9493;1,80908E-21
0,9494;1,76564E-21
0,9495;1,72324E-21
0,9496;1,68185E-21
0,9497;1,64144E-21
0,9498;1,602E-21
0,9499;1,56349E-21
0,95;1,5259E-21
0,9501;1,48921E-21
0,9502;1,45339E-21
0,9503;1,41843E-21
0,9504;1,3843E-21
0,9505;1,35098E-21
0,9506;1,31846E-21
0,9507;1,28671E-21
0,9508;1,25573E-21
0,9509;1,22548E-21
0,951;1,19595E-21
0,9511;1,16713E-21
0,9512;1,139E-21
0,9513;1,11154E-21
0,9514;1,08473E-21
0,9515;1,05857E-21
0,9516;1,03303E-21
0,9517;1,0081E-21
0,9518;9,83769E-22
0,9519;9,6002E-22
0,952;9,36838E-22
0,9521;9,14212E-22
0,9522;8,92127E-22
0,9523;8,70571E-22
0,9524;8,49531E-22
0,9525;8,28996E-22
0,9526;8,08952E-22
0,9527;7,89389E-22
0,9528;7,70294E-22
0,9529;7,51658E-22
0,953;7,33468E-22
0,9531;7,15715E-22
0,9532;6,98387E-22
0,9533;6,81476E-22
0,9534;6,6497E-22
0,9535;6,4886E-22
0,9536;6,33138E-22
0,9537;6,17793E-22
0,9538;6,02817E-22
0,9539;5,882E-22
0,954;5,73935E-22
0,9541;5,60013E-22
0,9542;5,46425E-22
0,9543;5,33165E-22
0,9544;5,20223E-22
0,9545;5,07593E-22
0,9546;4,95267E-22
0,9547;4,83237E-22
0,9548;4,71497E-22
0,9549;4,6004E-22
0,955;4,48859E-22
0,9551;4,37947E-22
0,9552;4,27298E-22
0,9553;4,16906E-22
0,9554;4,06764E-22
0,9555;3,96867E-22
0,9556;3,87208E-22
0,9557;3,77783E-22
0,9558;3,68585E-22
0,9559;3,59609E-22
0,956;3,5085E-22
0,9561;3,42302E-22
0,9562;3,33961E-22
0,9563;3,25821E-22
0,9564;3,17878E-22
0,9565;3,10127E-22
0,9566;3,02563E-22
0,9567;2,95182E-22
0,9568;2,8798E-22
0,9569;2,80951E-22
0,957;2,74093E-22
0,9571;2,67401E-22
0,9572;2,60871E-22
0,9573;2,54499E-22
0,9574;2,48281E-22
0,9575;2,42214E-22
0,9576;2,36293E-22
0,9577;2,30517E-22
0,9578;2,2488E-22
0,9579;2,1938E-22
0,958;2,14013E-22
0,9581;2,08776E-22
0,9582;2,03667E-22
0,9583;1,98681E-22
0,9584;1,93817E-22
0,9585;1,8907E-22
0,9586;1,84439E-22
0,9587;1,7992E-22
0,9588;1,75511E-22
0,9589;1,71209E-22
0,959;1,67012E-22
0,9591;1,62917E-22
0,9592;1,58921E-22
0,9593;1,55022E-22
0,9594;1,51218E-22
0,9595;1,47507E-22
0,9596;1,43886E-22
0,9597;1,40353E-22
0,9598;1,36907E-22
0,9599;1,33544E-22
0,96;1,30263E-22
0,9601;1,27062E-22
0,9602;1,23938E-22
0,9603;1,20891E-22
0,9604;1,17919E-22
0,9605;1,15019E-22
0,9606;1,12189E-22
0,9607;1,09429E-22
0,9608;1,06735E-22
0,9609;1,04108E-22
0,961;1,01545E-22
0,9611;9,9044E-23
0,9612;9,66043E-23
0,9613;9,42242E-23
0,9614;9,19023E-23
0,9615;8,96371E-23
0,9616;8,74273E-23
0,9617;8,52714E-23
0,9618;8,31683E-23
0,9619;8,11167E-23
0,962;7,91152E-23
0,9621;7,71626E-23
0,9622;7,52579E-23
0,9623;7,33998E-23
0,9624;7,15871E-23
0,9625;6,98189E-23
0,9626;6,80939E-23
0,9627;6,64113E-23
0,9628;6,47698E-23
0,9629;6,31686E-23
0,963;6,16066E-23
0,9631;6,00829E-23
0,9632;5,85966E-23
0,9633;5,71468E-23
0,9634;5,57325E-23
0,9635;5,4353E-23
0,9636;5,30072E-23
0,9637;5,16946E-23
0,9638;5,04141E-23
0,9639;4,91652E-23
0,964;4,79469E-23
0,9641;4,67585E-23
0,9642;4,55993E-23
0,9643;4,44687E-23
0,9644;4,33658E-23
0,9645;4,22901E-23
0,9646;4,12408E-23
0,9647;4,02173E-23
0,9648;3,92191E-23
0,9649;3,82454E-23
0,965;3,72956E-23
0,9651;3,63693E-23
0,9652;3,54658E-23
0,9653;3,45845E-23
0,9654;3,3725E-23
0,9655;3,28866E-23
0,9656;3,20689E-23
0,9657;3,12714E-23
0,9658;3,04935E-23
0,9659;2,97348E-23
0,966;2,89949E-23
0,9661;2,82732E-23
0,9662;2,75693E-23
0,9663;2,68828E-23
0,9664;2,62132E-23
0,9665;2,55602E-23
0,9666;2,49233E-23
0,9667;2,43022E-23
0,9668;2,36964E-23
0,9669;2,31056E-23
0,967;2,25294E-23
0,9671;2,19674E-23
0,9672;2,14194E-23
0,9673;2,08849E-23
0,9674;2,03636E-23
0,9675;1,98552E-23
0,9676;1,93595E-23
0,9677;1,8876E-23
0,9678;1,84044E-23
0,9679;1,79446E-23
0,968;1,74961E-23
0,9681;1,70588E-23
0,9682;1,66323E-23
0,9683;1,62164E-23
0,9684;1,58108E-23
0,9685;1,54153E-23
0,9686;1,50295E-23
0,9687;1,46534E-23
0,9688;1,42866E-23
0,9689;1,39289E-23
0,969;1,358E-23
0,9691;1,32399E-23
0,9692;1,29082E-23
0,9693;1,25847E-23
0,9694;1,22693E-23
0,9695;1,19617E-23
0,9696;1,16617E-23
0,9697;1,13693E-23
0,9698;1,1084E-23
0,9699;1,08059E-23
0,97;1,05348E-23
0,9701;1,02703E-23
0,9702;1,00125E-23
0,9703;9,76103E-24
0,9704;9,51586E-24
0,9705;9,2768E-24
0,9706;9,04369E-24
0,9707;8,8164E-24
0,9708;8,59477E-24
0,9709;8,37866E-24
0,971;8,16795E-24
0,9711;7,96249E-24
0,9712;7,76216E-24
0,9713;7,56683E-24
0,9714;7,37637E-24
0,9715;7,19067E-24
0,9716;7,0096E-24
0,9717;6,83306E-24
0,9718;6,66093E-24
0,9719;6,4931E-24
0,972;6,32946E-24
0,9721;6,16991E-24
0,9722;6,01436E-24
0,9723;5,86269E-24
0,9724;5,71482E-24
0,9725;5,57064E-24
0,9726;5,43008E-24
0,9727;5,29303E-24
0,9728;5,15942E-24
0,9729;5,02915E-24
0,973;4,90214E-24
0,9731;4,77831E-24
0,9732;4,65759E-24
0,9733;4,53989E-24
0,9734;4,42514E-24
0,9735;4,31327E-24
0,9736;4,20421E-24
0,9737;4,09788E-24
0,9738;3,99422E-24
0,9739;3,89315E-24
0,974;3,79463E-24
0,9741;3,69858E-24
0,9742;3,60494E-24
0,9743;3,51365E-24
0,9744;3,42466E-24
0,9745;3,3379E-24
0,9746;3,25332E-24
0,9747;3,17087E-24
0,9748;3,09049E-24
0,9749;3,01213E-24
0,975;2,93575E-24
0,9751;2,86128E-24
0,9752;2,78869E-24
0,9753;2,71793E-24
0,9754;2,64894E-24
0,9755;2,5817E-24
0,9756;2,51614E-24
0,9757;2,45224E-24
0,9758;2,38995E-24
0,9759;2,32923E-24
0,976;2,27004E-24
0,9761;2,21234E-24
0,9762;2,15609E-24
0,9763;2,10127E-24
0,9764;2,04782E-24
0,9765;1,99573E-24
0,9766;1,94495E-24
0,9767;1,89545E-24
0,9768;1,8472E-24
0,9769;1,80018E-24
0,977;1,75433E-24
0,9771;1,70965E-24
0,9772;1,6661E-24
0,9773;1,62364E-24
0,9774;1,58226E-24
0,9775;1,54193E-24
0,9776;1,50261E-24
0,9777;1,46429E-24
0,9778;1,42694E-24
0,9779;1,39054E-24
0,978;1,35505E-24
0,9781;1,32047E-24
0,9782;1,28676E-24
0,9783;1,2539E-24
0,9784;1,22188E-24
0,9785;1,19067E-24
0,9786;1,16025E-24
0,9787;1,1306E-24
0,9788;1,1017E-24
0,9789;1,07353E-24
0,979;1,04608E-24
0,9791;1,01933E-24
0,9792;9,93253E-25
0,9793;9,67839E-25
0,9794;9,43071E-25
0,9795;9,18931E-25
0,9796;8,95404E-25
0,9797;8,72475E-25
0,9798;8,50129E-25
0,9799;8,2835E-25
0,98;8,07125E-25
0,9801;7,8644E-25
0,9802;7,6628E-25
0,9803;7,46633E-25
0,9804;7,27487E-25
0,9805;7,08827E-25
0,9806;6,90642E-25
0,9807;6,7292E-25
0,9808;6,55649E-25
0,9809;6,38818E-25
0,981;6,22416E-25
0,9811;6,06431E-25
0,9812;5,90854E-25
0,9813;5,75674E-25
0,9814;5,60881E-25
0,9815;5,46465E-25
0,9816;5,32417E-25
0,9817;5,18727E-25
0,9818;5,05386E-25
0,9819;4,92386E-25
0,982;4,79718E-25
0,9821;4,67372E-25
0,9822;4,55343E-25
0,9823;4,4362E-25
0,9824;4,32197E-25
0,9825;4,21066E-25
0,9826;4,10219E-25
0,9827;3,9965E-25
0,9828;3,8935E-25
0,9829;3,79314E-25
0,983;3,69535E-25
0,9831;3,60006E-25
0,9832;3,50721E-25
0,9833;3,41673E-25
0,9834;3,32857E-25
0,9835;3,24267E-25
0,9836;3,15897E-25
0,9837;3,07741E-25
0,9838;2,99794E-25
0,9839;2,9205E-25
0,984;2,84506E-25
0,9841;2,77154E-25
0,9842;2,69991E-25
0,9843;2,63012E-25
0,9844;2,56212E-25
0,9845;2,49586E-25
0,9846;2,4313E-25
0,9847;2,3684E-25
0,9848;2,30712E-25
0,9849;2,24741E-25
0,985;2,18923E-25
0,9851;2,13254E-25
0,9852;2,07732E-25
0,9853;2,02351E-25
0,9854;1,97109E-25
0,9855;1,92001E-25
0,9856;1,87024E-25
0,9857;1,82176E-25
0,9858;1,77453E-25
0,9859;1,7285E-25
0,986;1,68367E-25
0,9861;1,63999E-25
0,9862;1,59743E-25
0,9863;1,55597E-25
0,9864;1,51557E-25
0,9865;1,47622E-25
0,9866;1,43788E-25
0,9867;1,40053E-25
0,9868;1,36414E-25
0,9869;1,32869E-25
0,987;1,29416E-25
0,9871;1,26051E-25
0,9872;1,22774E-25
0,9873;1,1958E-25
0,9874;1,1647E-25
0,9875;1,13439E-25
0,9876;1,10487E-25
0,9877;1,07611E-25
0,9878;1,0481E-25
0,9879;1,02081E-25
0,988;9,9422E-26
0,9881;9,68321E-26
0,9882;9,43091E-26
0,9883;9,18513E-26
0,9884;8,94572E-26
0,9885;8,71249E-26
0,9886;8,4853E-26
0,9887;8,26399E-26
0,9888;8,04841E-26
0,9889;7,83841E-26
0,989;7,63385E-26
0,9891;7,43458E-26
0,9892;7,24048E-26
0,9893;7,05141E-26
0,9894;6,86724E-26
0,9895;6,68784E-26
0,9896;6,51309E-26
0,9897;6,34288E-26
0,9898;6,17708E-26
0,9899;6,01558E-26
0,99;5,85827E-26
0,9901;5,70504E-26
0,9902;5,5558E-26
0,9903;5,41042E-26
0,9904;5,26883E-26
0,9905;5,13091E-26
0,9906;4,99657E-26
0,9907;4,86573E-26
0,9908;4,73828E-26
0,9909;4,61415E-26
0,991;4,49325E-26
0,9911;4,37549E-26
0,9912;4,26079E-26
0,9913;4,14908E-26
0,9914;4,04027E-26
0,9915;3,9343E-26
0,9916;3,83109E-26
0,9917;3,73056E-26
0,9918;3,63265E-26
0,9919;3,5373E-26
0,992;3,44442E-26
0,9921;3,35397E-26
0,9922;3,26587E-26
0,9923;3,18008E-26
0,9924;3,09651E-26
0,9925;3,01513E-26
0,9926;2,93587E-26
0,9927;2,85868E-26
0,9928;2,78351E-26
0,9929;2,71029E-26
0,993;2,63899E-26
0,9931;2,56955E-26
0,9932;2,50192E-26
0,9933;2,43606E-26
0,9934;2,37192E-26
0,9935;2,30946E-26
0,9936;2,24863E-26
0,9937;2,18939E-26
0,9938;2,1317E-26
0,9939;2,07552E-26
0,994;2,0208E-26
0,9941;1,96752E-26
0,9942;1,91564E-26
0,9943;1,86511E-26
0,9944;1,8159E-26
0,9945;1,76799E-26
0,9946;1,72133E-26
0,9947;1,67589E-26
0,9948;1,63164E-26
0,9949;1,58855E-26
0,995;1,54659E-26
0,9951;1,50573E-26
0,9952;1,46594E-26
0,9953;1,4272E-26
0,9954;1,38947E-26
0,9955;1,35274E-26
0,9956;1,31696E-26
0,9957;1,28213E-26
0,9958;1,24821E-26
0,9959;1,21518E-26
0,996;1,18302E-26
0,9961;1,1517E-26
0,9962;1,12121E-26
0,9963;1,09152E-26
0,9964;1,06261E-26
0,9965;1,03446E-26
0,9966;1,00705E-26
0,9967;9,80356E-27
0,9968;9,54369E-27
0,9969;9,29065E-27
0,997;9,04428E-27
0,9971;8,80439E-27
0,9972;8,57081E-27
0,9973;8,34339E-27
0,9974;8,12196E-27
0,9975;7,90636E-27
0,9976;7,69644E-27
0,9977;7,49206E-27
0,9978;7,29306E-27
0,9979;7,09932E-27
0,998;6,91068E-27
0,9981;6,72701E-27
0,9982;6,5482E-27
0,9983;6,3741E-27
0,9984;6,2046E-27
0,9985;6,03957E-27
0,9986;5,8789E-27
0,9987;5,72247E-27
0,9988;5,57018E-27
0,9989;5,42191E-27
0,999;5,27755E-27
0,9991;5,13702E-27
0,9992;5,00019E-27
0,9993;4,86699E-27
0,9994;4,73731E-27
0,9995;4,61106E-27
0,9996;4,48815E-27
0,9997;4,36849E-27
0,9998;4,252E-27
0,9999;4,13859E-27
1;4,02819E-27
