,0
0,0.47265625
1,0.51953125
2,0.4765625
3,0.484375
4,0.5234375
5,0.51953125
6,0.47265625
7,0.4765625
8,0.5078125
9,0.47265625
10,0.52734375
11,0.5078125
12,0.51171875
13,0.5
14,0.50390625
15,0.48046875
16,0.55859375
17,0.4921875
18,0.53125
19,0.421875
20,0.51171875
21,0.49609375
22,0.515625
23,0.5
24,0.4609375
25,0.5078125
26,0.51953125
27,0.48828125
28,0.51953125
29,0.53515625
30,0.55078125
31,0.44921875
32,0.5234375
33,0.51953125
34,0.53125
35,0.50390625
36,0.49609375
37,0.52734375
38,0.53125
39,0.51953125
40,0.4296875
41,0.47265625
42,0.5234375
43,0.5390625
44,0.5390625
45,0.49609375
46,0.53515625
47,0.53515625
48,0.5
49,0.53515625
50,0.58203125
51,0.5859375
52,0.49609375
53,0.46484375
54,0.5234375
55,0.578125
56,0.4609375
57,0.51171875
58,0.51171875
59,0.53125
60,0.46875
61,0.47265625
62,0.51171875
63,0.48828125
64,0.51171875
65,0.5390625
66,0.49609375
67,0.48046875
68,0.484375
69,0.5078125
70,0.5
71,0.53125
72,0.5234375
73,0.53515625
74,0.5078125
75,0.53125
76,0.4453125
77,0.4921875
78,0.45703125
79,0.484375
80,0.453125
81,0.5
82,0.4765625
83,0.484375
84,0.48828125
85,0.5234375
86,0.484375
87,0.49609375
88,0.5078125
89,0.5625
90,0.4765625
91,0.52734375
92,0.53515625
93,0.484375
94,0.515625
95,0.48828125
96,0.453125
97,0.45703125
98,0.51953125
99,0.4765625
100,0.49609375
101,0.515625
102,0.43359375
103,0.5390625
104,0.5
105,0.55859375
106,0.48828125
107,0.515625
108,0.515625
109,0.484375
110,0.53515625
111,0.55078125
112,0.49609375
113,0.5078125
114,0.48828125
115,0.51953125
116,0.51953125
117,0.53125
118,0.48046875
119,0.546875
120,0.50390625
121,0.44921875
122,0.53125
123,0.546875
124,0.45703125
125,0.484375
126,0.55859375
127,0.4921875
128,0.48828125
129,0.48046875
130,0.41796875
131,0.53125
132,0.48046875
133,0.59375
134,0.4765625
135,0.5234375
136,0.5625
137,0.5234375
138,0.48046875
139,0.55078125
140,0.4609375
141,0.47265625
142,0.5390625
143,0.5390625
144,0.50390625
145,0.55859375
146,0.5546875
147,0.45703125
148,0.4765625
149,0.51171875
150,0.5625
151,0.46484375
152,0.4453125
153,0.48828125
154,0.546875
155,0.5703125
156,0.4921875
157,0.5390625
158,0.47265625
159,0.5078125
160,0.4765625
161,0.515625
162,0.5234375
163,0.48828125
164,0.51953125
165,0.5078125
166,0.53125
167,0.4609375
168,0.5546875
169,0.48828125
170,0.48828125
171,0.46875
172,0.51171875
173,0.44140625
174,0.46484375
175,0.5234375
176,0.49609375
177,0.4609375
178,0.4921875
179,0.49609375
180,0.5078125
181,0.44921875
182,0.50390625
183,0.46484375
184,0.546875
185,0.52734375
186,0.48828125
187,0.515625
188,0.4765625
189,0.4375
190,0.453125
191,0.4375
192,0.48046875
193,0.41015625
194,0.53125
195,0.484375
196,0.45703125
197,0.49609375
198,0.49609375
199,0.4921875
200,0.48046875
201,0.5
202,0.53125
203,0.41015625
204,0.54296875
205,0.51953125
206,0.5
207,0.48828125
208,0.4921875
209,0.515625
210,0.4609375
211,0.54296875
212,0.52734375
213,0.49609375
214,0.4375
215,0.49609375
216,0.578125
217,0.546875
218,0.53515625
219,0.50390625
220,0.5078125
221,0.54296875
222,0.55078125
223,0.49609375
224,0.50390625
225,0.5234375
226,0.4375
227,0.5234375
228,0.4453125
229,0.48828125
230,0.53125
231,0.48046875
232,0.5078125
233,0.47265625
234,0.46875
235,0.5390625
236,0.55078125
237,0.5546875
238,0.49609375
239,0.58203125
240,0.453125
241,0.484375
242,0.44921875
243,0.5
244,0.45703125
245,0.4765625
246,0.51171875
247,0.5078125
248,0.5
249,0.48828125
250,0.48828125
251,0.5234375
252,0.5703125
253,0.5078125
254,0.48046875
255,0.45703125
256,0.4765625
257,0.45703125
258,0.51171875
259,0.4140625
260,0.4765625
261,0.46875
262,0.48046875
263,0.4609375
264,0.51953125
265,0.4375
266,0.4453125
267,0.4453125
268,0.50390625
269,0.58203125
270,0.50390625
271,0.51171875
272,0.46875
273,0.4375
274,0.4375
275,0.4296875
276,0.546875
277,0.5
278,0.5
279,0.5
280,0.43359375
281,0.47265625
282,0.48828125
283,0.53515625
284,0.5390625
285,0.46484375
286,0.484375
287,0.52734375
288,0.4609375
289,0.49609375
290,0.484375
291,0.4765625
292,0.5234375
293,0.5078125
294,0.48046875
295,0.4921875
296,0.48046875
297,0.515625
298,0.5
299,0.53515625
300,0.4921875
301,0.53515625
302,0.515625
303,0.44921875
304,0.46484375
305,0.50390625
306,0.53125
307,0.5078125
308,0.50390625
309,0.515625
310,0.5078125
311,0.4765625
312,0.515625
313,0.42578125
314,0.515625
315,0.53125
316,0.44140625
317,0.48046875
318,0.5234375
319,0.44921875
320,0.5234375
321,0.4765625
322,0.41796875
323,0.49609375
324,0.5234375
325,0.5
326,0.50390625
327,0.625
328,0.50390625
329,0.52734375
330,0.47265625
331,0.5234375
332,0.48046875
333,0.46484375
334,0.52734375
335,0.42578125
336,0.53515625
337,0.44921875
338,0.41015625
339,0.5390625
340,0.4765625
341,0.51171875
342,0.48828125
343,0.44140625
344,0.4921875
345,0.578125
346,0.44921875
347,0.53125
348,0.46484375
349,0.5
350,0.4765625
351,0.49609375
352,0.5
353,0.53125
354,0.52734375
355,0.5078125
356,0.52734375
357,0.53515625
358,0.45703125
359,0.4453125
360,0.5234375
361,0.53125
362,0.5234375
363,0.421875
364,0.4609375
365,0.4921875
366,0.47265625
367,0.54296875
368,0.51171875
369,0.46875
370,0.484375
371,0.484375
372,0.453125
373,0.5078125
374,0.46484375
375,0.48046875
376,0.421875
377,0.4609375
378,0.5234375
379,0.55859375
380,0.40234375
381,0.5390625
382,0.484375
383,0.49609375
384,0.57421875
385,0.4765625
386,0.46484375
387,0.47265625
388,0.5
389,0.45703125
390,0.5234375
391,0.5234375
392,0.53515625
393,0.5546875
394,0.53515625
395,0.4609375
396,0.46484375
397,0.50390625
398,0.453125
399,0.51953125
400,0.515625
401,0.484375
402,0.5
403,0.5703125
404,0.5390625
405,0.421875
406,0.5078125
407,0.52734375
408,0.51171875
409,0.45703125
410,0.515625
411,0.5390625
412,0.453125
413,0.49609375
414,0.46484375
415,0.4609375
416,0.5234375
417,0.609375
418,0.47265625
419,0.48828125
420,0.44921875
421,0.453125
422,0.5
423,0.5
424,0.48046875
425,0.484375
426,0.43359375
427,0.51171875
428,0.48046875
429,0.47265625
430,0.48828125
431,0.55078125
432,0.5703125
433,0.52734375
434,0.52734375
435,0.484375
436,0.453125
437,0.515625
438,0.546875
439,0.484375
440,0.46484375
441,0.49609375
442,0.5234375
443,0.47265625
444,0.56640625
445,0.47265625
446,0.42578125
447,0.4453125
448,0.4921875
449,0.45703125
450,0.49609375
451,0.484375
452,0.53125
453,0.44140625
454,0.5078125
455,0.58984375
456,0.5859375
457,0.40234375
458,0.515625
459,0.5546875
460,0.48828125
461,0.52734375
462,0.49609375
463,0.54296875
464,0.51953125
465,0.49609375
466,0.4453125
467,0.546875
468,0.48046875
469,0.484375
470,0.53515625
471,0.515625
472,0.53515625
473,0.51171875
474,0.47265625
475,0.546875
476,0.50390625
477,0.53125
478,0.5078125
479,0.515625
480,0.5234375
481,0.51171875
482,0.5078125
483,0.54296875
484,0.54296875
485,0.5390625
486,0.5
487,0.51953125
488,0.48046875
489,0.4140625
490,0.4921875
491,0.49609375
492,0.5703125
493,0.44921875
494,0.4609375
495,0.47265625
496,0.51953125
497,0.48828125
498,0.55859375
499,0.51171875
500,0.4765625
501,0.48828125
502,0.52734375
503,0.52734375
504,0.51171875
505,0.515625
506,0.4765625
507,0.52734375
508,0.45703125
509,0.4453125
510,0.4921875
511,0.45703125
512,0.44921875
513,0.5078125
514,0.5078125
515,0.4453125
516,0.51953125
517,0.44921875
518,0.50390625
519,0.515625
520,0.49609375
521,0.46875
522,0.4921875
523,0.53125
524,0.5546875
525,0.40625
526,0.49609375
527,0.5703125
528,0.546875
529,0.5078125
530,0.57421875
531,0.52734375
532,0.42578125
533,0.43359375
534,0.54296875
535,0.48046875
536,0.46875
537,0.50390625
538,0.515625
539,0.5390625
540,0.453125
541,0.54296875
542,0.46484375
543,0.51953125
544,0.49609375
545,0.5078125
546,0.4921875
547,0.5703125
548,0.4296875
549,0.4609375
550,0.50390625
551,0.5078125
552,0.4921875
553,0.46875
554,0.5234375
555,0.45703125
556,0.51171875
557,0.49609375
558,0.4921875
559,0.4375
560,0.49609375
561,0.48046875
562,0.48828125
563,0.47265625
564,0.5390625
565,0.55859375
566,0.53125
567,0.53515625
568,0.49609375
569,0.44140625
570,0.48046875
571,0.484375
572,0.5078125
573,0.453125
574,0.51953125
575,0.51171875
576,0.55859375
577,0.53125
578,0.50390625
579,0.54296875
580,0.515625
581,0.4453125
582,0.48828125
583,0.50390625
584,0.515625
585,0.53125
586,0.5234375
587,0.42578125
588,0.4609375
589,0.46875
590,0.5078125
591,0.44921875
592,0.5
593,0.46875
594,0.4765625
595,0.53515625
596,0.48046875
597,0.515625
598,0.515625
599,0.515625
600,0.453125
601,0.4921875
602,0.55859375
603,0.49609375
604,0.50390625
605,0.57421875
606,0.48828125
607,0.4453125
608,0.45703125
609,0.484375
610,0.421875
611,0.52734375
612,0.51953125
613,0.46875
614,0.54296875
615,0.4921875
616,0.5
617,0.55859375
618,0.421875
619,0.49609375
620,0.54296875
621,0.48046875
622,0.49609375
623,0.53125
624,0.55859375
625,0.4921875
626,0.49609375
627,0.4453125
628,0.51171875
629,0.4453125
630,0.4921875
631,0.48828125
632,0.5078125
633,0.5390625
634,0.53515625
635,0.49609375
636,0.5
637,0.46484375
638,0.48828125
639,0.5234375
640,0.51953125
641,0.484375
642,0.484375
643,0.43359375
644,0.51953125
645,0.4609375
646,0.51953125
647,0.50390625
648,0.5078125
649,0.515625
650,0.52734375
651,0.5234375
652,0.47265625
653,0.46484375
654,0.44921875
655,0.5078125
656,0.48046875
657,0.5078125
658,0.45703125
659,0.53125
660,0.5
661,0.52734375
662,0.453125
663,0.4921875
664,0.4921875
665,0.4921875
666,0.55078125
667,0.4453125
668,0.484375
669,0.57421875
670,0.4921875
671,0.50390625
672,0.546875
673,0.50390625
674,0.47265625
675,0.5859375
676,0.484375
677,0.5546875
678,0.48828125
679,0.5859375
680,0.47265625
681,0.4453125
682,0.5078125
683,0.546875
684,0.54296875
685,0.4765625
686,0.46484375
687,0.4921875
688,0.5390625
689,0.55078125
690,0.55859375
691,0.453125
692,0.51953125
693,0.46484375
694,0.5078125
695,0.546875
696,0.484375
697,0.484375
698,0.53515625
699,0.51171875
700,0.515625
701,0.48828125
702,0.53125
703,0.515625
704,0.5234375
705,0.5078125
706,0.44921875
707,0.4609375
708,0.5
709,0.4296875
710,0.4765625
711,0.46484375
712,0.50390625
713,0.48828125
714,0.51953125
715,0.48046875
716,0.546875
717,0.49609375
718,0.4453125
719,0.44921875
720,0.52734375
721,0.55859375
722,0.546875
723,0.4296875
724,0.5078125
725,0.5078125
726,0.46484375
727,0.453125
728,0.41796875
729,0.45703125
730,0.50390625
731,0.49609375
732,0.5390625
733,0.49609375
734,0.515625
735,0.54296875
736,0.48046875
737,0.515625
738,0.46484375
739,0.5625
740,0.46484375
741,0.49609375
742,0.41796875
743,0.484375
744,0.546875
745,0.58984375
746,0.515625
747,0.53515625
748,0.46875
749,0.45703125
750,0.51953125
751,0.55859375
752,0.45703125
753,0.51171875
754,0.43359375
755,0.4765625
756,0.4453125
757,0.484375
758,0.46875
759,0.48046875
760,0.51953125
761,0.51171875
762,0.5078125
763,0.51171875
764,0.54296875
765,0.5
766,0.5390625
767,0.49609375
768,0.5
769,0.50390625
770,0.53515625
771,0.5234375
772,0.5
773,0.46484375
774,0.4765625
775,0.484375
776,0.5234375
777,0.44140625
778,0.50390625
779,0.3984375
780,0.5234375
781,0.53515625
782,0.54296875
783,0.44921875
784,0.5390625
785,0.51171875
786,0.453125
787,0.4609375
788,0.55078125
789,0.4453125
790,0.48046875
791,0.48046875
792,0.515625
793,0.4140625
794,0.46875
795,0.5234375
796,0.55078125
797,0.43359375
798,0.48828125
799,0.47265625
800,0.484375
801,0.54296875
802,0.5078125
803,0.53515625
804,0.5546875
805,0.44140625
806,0.5234375
807,0.45703125
808,0.484375
809,0.48828125
810,0.4765625
811,0.5
812,0.52734375
813,0.4765625
814,0.44140625
815,0.4921875
816,0.5390625
817,0.44921875
818,0.546875
819,0.4921875
820,0.4375
821,0.4921875
822,0.52734375
823,0.45703125
824,0.4140625
825,0.48828125
826,0.4453125
827,0.4921875
828,0.50390625
829,0.53125
830,0.49609375
831,0.5625
832,0.47265625
833,0.49609375
834,0.5234375
835,0.56640625
836,0.515625
837,0.46875
838,0.50390625
839,0.4765625
840,0.4921875
841,0.50390625
842,0.53125
843,0.5078125
844,0.46875
845,0.5078125
846,0.51953125
847,0.51171875
848,0.5078125
849,0.51171875
850,0.515625
851,0.47265625
852,0.53515625
853,0.484375
854,0.5390625
855,0.4375
856,0.46484375
857,0.4609375
858,0.46875
859,0.5078125
860,0.53125
861,0.54296875
862,0.50390625
863,0.5
864,0.45703125
865,0.45703125
866,0.49609375
867,0.44921875
868,0.515625
869,0.5859375
870,0.4921875
871,0.4453125
872,0.45703125
873,0.4453125
874,0.51171875
875,0.4765625
876,0.4921875
877,0.52734375
878,0.44921875
879,0.5078125
880,0.5703125
881,0.55078125
882,0.5078125
883,0.53125
884,0.52734375
885,0.48828125
886,0.45703125
887,0.50390625
888,0.5390625
889,0.4765625
890,0.53125
891,0.49609375
892,0.46484375
893,0.48828125
894,0.51953125
895,0.48828125
896,0.51953125
897,0.48046875
898,0.50390625
899,0.40234375
900,0.515625
901,0.46484375
902,0.5703125
903,0.49609375
904,0.5
905,0.55078125
906,0.5078125
907,0.51171875
908,0.5625
909,0.5234375
910,0.484375
911,0.515625
912,0.47265625
913,0.5
914,0.45703125
915,0.5234375
916,0.50390625
917,0.5
918,0.43359375
919,0.50390625
920,0.48046875
921,0.4609375
922,0.48046875
923,0.51171875
924,0.43359375
925,0.546875
926,0.5
927,0.53125
928,0.421875
929,0.52734375
930,0.46484375
931,0.453125
932,0.46875
933,0.51171875
934,0.53515625
935,0.50390625
936,0.46875
937,0.5234375
938,0.53125
939,0.5703125
940,0.51953125
941,0.5
942,0.41796875
943,0.49609375
944,0.51171875
945,0.49609375
946,0.51171875
947,0.53125
948,0.5390625
949,0.54296875
950,0.4609375
951,0.546875
952,0.45703125
953,0.51953125
954,0.5078125
955,0.51953125
956,0.52734375
957,0.5703125
958,0.53125
959,0.421875
960,0.578125
961,0.5546875
962,0.578125
963,0.43359375
964,0.51953125
965,0.48828125
966,0.46484375
967,0.47265625
968,0.546875
969,0.53125
970,0.5078125
971,0.5078125
972,0.546875
973,0.53125
974,0.453125
975,0.5546875
976,0.49609375
977,0.51171875
978,0.51953125
979,0.53125
980,0.50390625
981,0.4765625
982,0.46875
983,0.4921875
984,0.50390625
985,0.53125
986,0.515625
987,0.4765625
988,0.51953125
989,0.46875
990,0.4296875
991,0.55078125
992,0.515625
993,0.4375
994,0.51953125
995,0.40625
996,0.4375
997,0.55859375
998,0.484375
999,0.53125
1000,0.49609375
1001,0.55859375
1002,0.43359375
1003,0.4921875
1004,0.5078125
1005,0.5
1006,0.484375
1007,0.48046875
1008,0.4140625
1009,0.51171875
1010,0.4609375
1011,0.48046875
1012,0.55859375
1013,0.5703125
1014,0.5078125
1015,0.5390625
1016,0.4453125
1017,0.5
1018,0.5234375
1019,0.52734375
1020,0.48828125
1021,0.4921875
1022,0.50390625
1023,0.5078125
1024,0.52734375
1025,0.54296875
1026,0.5078125
1027,0.4609375
1028,0.4375
1029,0.46875
1030,0.5078125
1031,0.5078125
1032,0.4609375
1033,0.40625
1034,0.4765625
1035,0.453125
1036,0.53515625
1037,0.51171875
1038,0.4765625
1039,0.44140625
1040,0.47265625
1041,0.54296875
1042,0.50390625
1043,0.51953125
1044,0.5
1045,0.4765625
1046,0.5078125
1047,0.46484375
1048,0.4609375
1049,0.50390625
1050,0.48828125
1051,0.4921875
1052,0.50390625
1053,0.52734375
1054,0.4609375
1055,0.50390625
1056,0.53515625
1057,0.5078125
1058,0.51953125
1059,0.51171875
1060,0.48046875
1061,0.5234375
1062,0.5
1063,0.48046875
1064,0.48046875
1065,0.4921875
1066,0.49609375
1067,0.5703125
1068,0.453125
1069,0.515625
1070,0.51171875
1071,0.44921875
1072,0.421875
1073,0.45703125
1074,0.546875
1075,0.53125
1076,0.47265625
1077,0.4921875
1078,0.5
1079,0.51953125
1080,0.5
1081,0.49609375
1082,0.53125
1083,0.49609375
1084,0.49609375
1085,0.48828125
1086,0.51171875
1087,0.4765625
1088,0.50390625
1089,0.48828125
1090,0.4609375
1091,0.4921875
1092,0.44921875
1093,0.44140625
1094,0.50390625
1095,0.5703125
1096,0.390625
1097,0.53125
1098,0.4609375
1099,0.41796875
1100,0.48828125
1101,0.50390625
1102,0.5
1103,0.48046875
1104,0.6015625
1105,0.50390625
1106,0.48828125
1107,0.5
1108,0.4765625
1109,0.484375
1110,0.49609375
1111,0.4921875
1112,0.43359375
1113,0.51953125
1114,0.50390625
1115,0.5234375
1116,0.50390625
1117,0.4921875
1118,0.50390625
1119,0.48828125
1120,0.49609375
1121,0.50390625
1122,0.4453125
1123,0.48828125
1124,0.49609375
1125,0.4921875
1126,0.4765625
1127,0.5078125
1128,0.46875
1129,0.5
1130,0.52734375
1131,0.56640625
1132,0.5078125
1133,0.4375
1134,0.49609375
1135,0.52734375
1136,0.546875
1137,0.515625
1138,0.45703125
1139,0.48046875
1140,0.5078125
1141,0.453125
1142,0.515625
1143,0.51171875
1144,0.58203125
1145,0.58203125
1146,0.5546875
1147,0.52734375
1148,0.46875
1149,0.5078125
1150,0.46875
1151,0.5234375
1152,0.5078125
1153,0.46484375
1154,0.4921875
1155,0.41015625
1156,0.47265625
1157,0.49609375
1158,0.52734375
1159,0.54296875
1160,0.48046875
1161,0.4453125
1162,0.50390625
1163,0.4765625
1164,0.484375
1165,0.515625
1166,0.49609375
1167,0.51171875
1168,0.46875
1169,0.56640625
1170,0.46875
1171,0.515625
1172,0.484375
1173,0.48828125
1174,0.48046875
1175,0.44921875
1176,0.53125
1177,0.625
1178,0.4375
1179,0.44140625
1180,0.53515625
1181,0.4453125
1182,0.53125
1183,0.51953125
1184,0.546875
1185,0.51171875
1186,0.47265625
1187,0.484375
1188,0.51171875
1189,0.55078125
1190,0.53515625
1191,0.49609375
1192,0.50390625
1193,0.4921875
1194,0.5546875
1195,0.484375
1196,0.484375
1197,0.484375
1198,0.48046875
1199,0.44921875
1200,0.44140625
1201,0.52734375
1202,0.5390625
1203,0.4921875
1204,0.515625
1205,0.45703125
1206,0.55859375
1207,0.44921875
1208,0.453125
1209,0.4609375
1210,0.5234375
1211,0.5390625
1212,0.5234375
1213,0.55078125
1214,0.47265625
1215,0.44921875
1216,0.49609375
1217,0.48828125
1218,0.48828125
1219,0.515625
1220,0.50390625
1221,0.4921875
1222,0.51171875
1223,0.50390625
1224,0.4609375
1225,0.4921875
1226,0.453125
1227,0.5625
1228,0.47265625
1229,0.484375
1230,0.52734375
1231,0.45703125
1232,0.51953125
1233,0.49609375
1234,0.53515625
1235,0.53125
1236,0.55078125
1237,0.47265625
1238,0.49609375
1239,0.53515625
1240,0.5234375
1241,0.5234375
1242,0.484375
1243,0.54296875
1244,0.41015625
1245,0.48046875
1246,0.53125
1247,0.453125
1248,0.515625
1249,0.5234375
1250,0.51953125
1251,0.43359375
1252,0.44921875
1253,0.546875
1254,0.51953125
1255,0.46484375
1256,0.4765625
1257,0.55078125
1258,0.51953125
1259,0.48046875
1260,0.44140625
1261,0.52734375
1262,0.5859375
1263,0.53125
1264,0.515625
1265,0.5
1266,0.44921875
1267,0.48046875
1268,0.52734375
1269,0.49609375
1270,0.4765625
1271,0.49609375
1272,0.5234375
1273,0.46875
1274,0.44921875
1275,0.484375
1276,0.515625
1277,0.51953125
1278,0.4375
1279,0.53125
1280,0.5234375
1281,0.44140625
1282,0.5234375
1283,0.51953125
1284,0.4609375
1285,0.45703125
1286,0.5703125
1287,0.453125
1288,0.5234375
1289,0.578125
1290,0.5
1291,0.46484375
1292,0.46484375
1293,0.50390625
1294,0.48828125
1295,0.4765625
1296,0.46484375
1297,0.546875
1298,0.515625
1299,0.46484375
1300,0.56640625
1301,0.44140625
1302,0.48046875
1303,0.51171875
1304,0.5234375
1305,0.5390625
1306,0.54296875
1307,0.47265625
1308,0.54296875
1309,0.49609375
1310,0.453125
1311,0.4921875
1312,0.54296875
1313,0.453125
1314,0.49609375
1315,0.49609375
1316,0.4609375
1317,0.46875
1318,0.51171875
1319,0.42578125
1320,0.5078125
1321,0.484375
1322,0.55078125
1323,0.5703125
1324,0.41015625
1325,0.50390625
1326,0.45703125
1327,0.4609375
1328,0.54296875
1329,0.52734375
1330,0.45703125
1331,0.4765625
1332,0.4765625
1333,0.51171875
1334,0.4453125
1335,0.5
1336,0.48046875
1337,0.45703125
1338,0.546875
1339,0.50390625
1340,0.43359375
1341,0.453125
1342,0.44140625
1343,0.47265625
1344,0.4921875
1345,0.5
1346,0.4921875
1347,0.4375
1348,0.46484375
1349,0.57421875
1350,0.44921875
1351,0.53515625
1352,0.484375
1353,0.44921875
1354,0.48828125
1355,0.53515625
1356,0.51171875
1357,0.48828125
1358,0.54296875
1359,0.484375
1360,0.44921875
1361,0.515625
1362,0.46875
1363,0.42578125
1364,0.53515625
1365,0.53515625
1366,0.45703125
1367,0.56640625
1368,0.53125
1369,0.51953125
1370,0.45703125
1371,0.58984375
1372,0.4453125
1373,0.52734375
1374,0.546875
1375,0.49609375
1376,0.51171875
1377,0.4609375
1378,0.53125
1379,0.54296875
1380,0.4765625
1381,0.45703125
1382,0.5078125
1383,0.453125
1384,0.5703125
1385,0.53515625
1386,0.5234375
1387,0.5078125
1388,0.45703125
1389,0.46484375
1390,0.39453125
1391,0.53125
1392,0.53125
1393,0.47265625
1394,0.4765625
1395,0.50390625
1396,0.51953125
1397,0.50390625
1398,0.484375
1399,0.5078125
1400,0.5234375
1401,0.4765625
1402,0.51171875
1403,0.48046875
1404,0.546875
1405,0.51953125
1406,0.49609375
1407,0.55078125
1408,0.51171875
1409,0.53125
1410,0.4921875
1411,0.48828125
1412,0.52734375
1413,0.47265625
1414,0.4609375
1415,0.4765625
1416,0.49609375
1417,0.50390625
1418,0.48046875
1419,0.51171875
1420,0.5859375
1421,0.4921875
1422,0.50390625
1423,0.44921875
1424,0.44140625
1425,0.46484375
1426,0.4296875
1427,0.5
1428,0.57421875
1429,0.50390625
1430,0.4921875
1431,0.51171875
1432,0.421875
1433,0.453125
1434,0.47265625
1435,0.5546875
1436,0.49609375
1437,0.48828125
1438,0.48828125
1439,0.51171875
1440,0.5234375
1441,0.48046875
1442,0.41015625
1443,0.5625
1444,0.55078125
1445,0.48046875
1446,0.484375
1447,0.43359375
1448,0.484375
1449,0.39453125
1450,0.53125
1451,0.53125
1452,0.4921875
1453,0.4921875
1454,0.48046875
1455,0.4765625
1456,0.515625
1457,0.5625
1458,0.4921875
1459,0.44140625
1460,0.4375
1461,0.5
1462,0.5546875
1463,0.5
1464,0.5625
1465,0.46484375
1466,0.4609375
1467,0.484375
1468,0.4296875
1469,0.48046875
1470,0.55078125
1471,0.4609375
1472,0.5
1473,0.453125
1474,0.53515625
1475,0.49609375
1476,0.453125
1477,0.390625
1478,0.4765625
1479,0.5625
1480,0.5234375
1481,0.5546875
1482,0.5234375
1483,0.49609375
1484,0.44921875
1485,0.52734375
1486,0.47265625
1487,0.5546875
1488,0.53515625
1489,0.58984375
1490,0.4609375
1491,0.48046875
1492,0.57421875
1493,0.5546875
1494,0.46875
1495,0.51953125
1496,0.50390625
1497,0.49609375
1498,0.48046875
1499,0.53515625
1500,0.51171875
1501,0.546875
1502,0.48828125
1503,0.51953125
1504,0.49609375
1505,0.5703125
1506,0.52734375
1507,0.5625
1508,0.50390625
1509,0.54296875
1510,0.44140625
1511,0.50390625
1512,0.49609375
1513,0.48828125
1514,0.4453125
1515,0.53125
1516,0.41796875
1517,0.48828125
1518,0.49609375
1519,0.46875
1520,0.46484375
1521,0.5234375
1522,0.55078125
1523,0.50390625
1524,0.51171875
1525,0.4921875
1526,0.4140625
1527,0.47265625
1528,0.515625
1529,0.49609375
1530,0.49609375
1531,0.48828125
1532,0.47265625
1533,0.53125
1534,0.4765625
1535,0.44140625
1536,0.4453125
1537,0.52734375
1538,0.52734375
1539,0.47265625
1540,0.4765625
1541,0.50390625
1542,0.5234375
1543,0.49609375
1544,0.55078125
1545,0.53125
1546,0.453125
1547,0.49609375
1548,0.50390625
1549,0.55859375
1550,0.48828125
1551,0.515625
1552,0.53515625
1553,0.53515625
1554,0.4765625
1555,0.51171875
1556,0.4453125
1557,0.46484375
1558,0.46484375
1559,0.50390625
1560,0.5078125
1561,0.4921875
1562,0.43359375
1563,0.48828125
1564,0.50390625
1565,0.51171875
1566,0.453125
1567,0.51171875
1568,0.5078125
1569,0.54296875
1570,0.609375
1571,0.4453125
1572,0.48046875
1573,0.52734375
1574,0.421875
1575,0.4453125
1576,0.42578125
1577,0.51171875
1578,0.51171875
1579,0.41796875
1580,0.546875
1581,0.4765625
1582,0.4921875
1583,0.43359375
1584,0.55859375
1585,0.546875
1586,0.41796875
1587,0.546875
1588,0.4453125
1589,0.5078125
1590,0.48828125
1591,0.4921875
1592,0.5234375
1593,0.52734375
1594,0.4609375
1595,0.50390625
1596,0.4609375
1597,0.52734375
1598,0.515625
1599,0.55859375
1600,0.51953125
1601,0.51953125
1602,0.51953125
1603,0.5625
1604,0.484375
1605,0.44921875
1606,0.49609375
1607,0.41796875
1608,0.46484375
1609,0.5078125
1610,0.49609375
1611,0.515625
1612,0.46875
1613,0.51171875
1614,0.48046875
1615,0.484375
1616,0.50390625
1617,0.4453125
1618,0.5390625
1619,0.53125
1620,0.4609375
1621,0.44140625
1622,0.44921875
1623,0.55078125
1624,0.484375
1625,0.52734375
1626,0.45703125
1627,0.46484375
1628,0.48046875
1629,0.53515625
1630,0.50390625
1631,0.5234375
1632,0.53125
1633,0.48828125
1634,0.48828125
1635,0.53125
1636,0.46875
1637,0.4453125
1638,0.45703125
1639,0.4296875
1640,0.54296875
1641,0.4921875
1642,0.53125
1643,0.4921875
1644,0.4765625
1645,0.4921875
1646,0.515625
1647,0.55078125
1648,0.54296875
1649,0.51953125
1650,0.46484375
1651,0.51953125
1652,0.45703125
1653,0.49609375
1654,0.52734375
1655,0.4921875
1656,0.4453125
1657,0.46484375
1658,0.4140625
1659,0.46484375
1660,0.4609375
1661,0.42578125
1662,0.48046875
1663,0.49609375
1664,0.42578125
1665,0.5390625
1666,0.5390625
1667,0.5234375
1668,0.46875
1669,0.5546875
1670,0.45703125
1671,0.546875
1672,0.52734375
1673,0.51953125
1674,0.54296875
1675,0.48046875
1676,0.515625
1677,0.53515625
1678,0.48828125
1679,0.45703125
1680,0.484375
1681,0.46484375
1682,0.4765625
1683,0.59375
1684,0.51953125
1685,0.48828125
1686,0.484375
1687,0.53125
1688,0.47265625
1689,0.53515625
1690,0.46484375
1691,0.4921875
1692,0.45703125
1693,0.45703125
1694,0.51953125
1695,0.44921875
1696,0.44921875
1697,0.5703125
1698,0.45703125
1699,0.453125
1700,0.4765625
1701,0.4453125
1702,0.48046875
1703,0.44921875
1704,0.46875
1705,0.4765625
1706,0.55859375
1707,0.4765625
1708,0.48046875
1709,0.5
1710,0.50390625
1711,0.5625
1712,0.44140625
1713,0.47265625
1714,0.53515625
1715,0.5390625
1716,0.484375
1717,0.4765625
1718,0.43359375
1719,0.5234375
1720,0.5
1721,0.484375
1722,0.60546875
1723,0.5078125
1724,0.45703125
1725,0.47265625
1726,0.50390625
1727,0.5078125
1728,0.48828125
1729,0.46484375
1730,0.5546875
1731,0.48046875
1732,0.48046875
1733,0.515625
1734,0.51953125
1735,0.40234375
1736,0.46875
1737,0.53125
1738,0.4609375
1739,0.54296875
1740,0.546875
1741,0.54296875
1742,0.46484375
1743,0.48828125
1744,0.47265625
1745,0.5
1746,0.51171875
1747,0.47265625
1748,0.48046875
1749,0.4609375
1750,0.47265625
1751,0.5
1752,0.47265625
1753,0.46484375
1754,0.51171875
1755,0.52734375
1756,0.49609375
1757,0.5078125
1758,0.5234375
1759,0.51953125
1760,0.48828125
1761,0.5078125
1762,0.45703125
1763,0.5234375
1764,0.5078125
1765,0.5234375
1766,0.45703125
1767,0.51953125
1768,0.49609375
1769,0.578125
1770,0.52734375
1771,0.55078125
1772,0.4921875
1773,0.4453125
1774,0.46875
1775,0.546875
1776,0.5
1777,0.51953125
1778,0.4296875
1779,0.44921875
1780,0.48828125
1781,0.515625
1782,0.51171875
1783,0.45703125
1784,0.4921875
1785,0.50390625
1786,0.4375
1787,0.5625
1788,0.4375
1789,0.49609375
1790,0.48046875
1791,0.46875
1792,0.47265625
1793,0.55859375
1794,0.48828125
1795,0.53515625
1796,0.4453125
1797,0.5546875
1798,0.41015625
1799,0.50390625
1800,0.44921875
1801,0.47265625
1802,0.49609375
1803,0.5078125
1804,0.54296875
1805,0.47265625
1806,0.5
1807,0.515625
1808,0.515625
1809,0.51953125
1810,0.52734375
1811,0.5234375
1812,0.58203125
1813,0.44921875
1814,0.44140625
1815,0.46484375
1816,0.48828125
1817,0.46484375
1818,0.4296875
1819,0.4921875
1820,0.48828125
1821,0.4921875
1822,0.5234375
1823,0.44140625
1824,0.52734375
1825,0.51171875
1826,0.51953125
1827,0.49609375
1828,0.4921875
1829,0.5
1830,0.515625
1831,0.5234375
1832,0.5390625
1833,0.54296875
1834,0.51171875
1835,0.53515625
1836,0.50390625
1837,0.453125
1838,0.49609375
1839,0.49609375
1840,0.44921875
1841,0.46875
1842,0.48828125
1843,0.45703125
1844,0.4921875
1845,0.4765625
1846,0.48046875
1847,0.4921875
1848,0.4921875
1849,0.51171875
1850,0.41796875
1851,0.56640625
1852,0.47265625
1853,0.5
1854,0.546875
1855,0.55078125
1856,0.5078125
1857,0.546875
1858,0.4453125
1859,0.5234375
1860,0.50390625
1861,0.4765625
1862,0.50390625
1863,0.5078125
1864,0.51953125
1865,0.4140625
1866,0.5
1867,0.48046875
1868,0.5390625
1869,0.5
1870,0.4140625
1871,0.47265625
1872,0.55078125
1873,0.48046875
1874,0.48046875
1875,0.546875
1876,0.484375
1877,0.51171875
1878,0.5234375
1879,0.515625
1880,0.4296875
1881,0.51171875
1882,0.453125
1883,0.49609375
1884,0.49609375
1885,0.53125
1886,0.49609375
1887,0.5390625
1888,0.46875
1889,0.51171875
1890,0.5078125
1891,0.4765625
1892,0.4609375
1893,0.48828125
1894,0.4921875
1895,0.47265625
1896,0.48828125
1897,0.51171875
1898,0.515625
1899,0.5390625
1900,0.55859375
1901,0.49609375
1902,0.6015625
1903,0.55859375
1904,0.46875
1905,0.5234375
1906,0.48046875
1907,0.54296875
1908,0.546875
1909,0.52734375
1910,0.42578125
1911,0.54296875
1912,0.5234375
1913,0.48046875
1914,0.44921875
1915,0.54296875
1916,0.5234375
1917,0.5
1918,0.5546875
1919,0.546875
1920,0.5703125
1921,0.4140625
1922,0.54296875
1923,0.53515625
1924,0.5078125
1925,0.48828125
1926,0.54296875
1927,0.52734375
1928,0.48046875
1929,0.52734375
1930,0.51171875
1931,0.58203125
1932,0.49609375
1933,0.45703125
1934,0.4765625
1935,0.50390625
1936,0.4765625
1937,0.50390625
1938,0.4765625
1939,0.46875
1940,0.54296875
1941,0.44921875
1942,0.4375
1943,0.48828125
1944,0.49609375
1945,0.515625
1946,0.4609375
1947,0.51953125
1948,0.46484375
1949,0.48828125
1950,0.46875
1951,0.484375
1952,0.46484375
1953,0.46875
1954,0.4765625
1955,0.5703125
1956,0.5234375
1957,0.4765625
1958,0.48046875
1959,0.49609375
1960,0.44921875
1961,0.578125
1962,0.484375
1963,0.4765625
1964,0.49609375
1965,0.4921875
1966,0.52734375
1967,0.4453125
1968,0.51953125
1969,0.53515625
1970,0.5078125
1971,0.53125
1972,0.56640625
1973,0.49609375
1974,0.5703125
1975,0.52734375
1976,0.4765625
1977,0.47265625
1978,0.484375
1979,0.47265625
1980,0.5234375
1981,0.5
1982,0.5
1983,0.5390625
1984,0.5390625
1985,0.46875
1986,0.5
1987,0.4140625
1988,0.52734375
1989,0.5390625
1990,0.453125
1991,0.51953125
1992,0.54296875
1993,0.5
1994,0.5703125
1995,0.5625
1996,0.49609375
1997,0.5078125
1998,0.44140625
1999,0.4921875
2000,0.5234375
2001,0.5859375
2002,0.53125
2003,0.43359375
2004,0.42578125
2005,0.49609375
2006,0.53125
2007,0.51171875
2008,0.51953125
2009,0.53515625
2010,0.48828125
2011,0.5078125
2012,0.5234375
2013,0.48046875
2014,0.50390625
2015,0.5625
2016,0.47265625
2017,0.515625
2018,0.5
2019,0.515625
2020,0.4921875
2021,0.53515625
2022,0.49609375
2023,0.484375
2024,0.515625
2025,0.48828125
2026,0.4921875
2027,0.484375
2028,0.5390625
2029,0.54296875
2030,0.47265625
2031,0.5
2032,0.53125
2033,0.44921875
2034,0.48828125
2035,0.45703125
2036,0.47265625
2037,0.5078125
2038,0.48046875
2039,0.52734375
2040,0.4375
2041,0.5546875
2042,0.50390625
2043,0.546875
2044,0.48046875
2045,0.453125
2046,0.46484375
2047,0.5
2048,0.47265625
2049,0.49609375
2050,0.57421875
2051,0.48046875
2052,0.4921875
2053,0.4765625
2054,0.50390625
2055,0.53125
2056,0.49609375
2057,0.50390625
2058,0.5546875
2059,0.46484375
2060,0.4609375
2061,0.53515625
2062,0.46875
2063,0.52734375
2064,0.49609375
2065,0.5625
2066,0.4921875
2067,0.41796875
2068,0.4609375
2069,0.4765625
2070,0.46484375
2071,0.49609375
2072,0.50390625
2073,0.52734375
2074,0.4921875
2075,0.52734375
2076,0.515625
2077,0.5078125
2078,0.5
2079,0.51953125
2080,0.5234375
2081,0.44140625
2082,0.50390625
2083,0.49609375
2084,0.453125
2085,0.484375
2086,0.5
2087,0.5078125
2088,0.484375
2089,0.4453125
2090,0.45703125
2091,0.54296875
2092,0.53125
2093,0.515625
2094,0.515625
2095,0.5078125
2096,0.5234375
2097,0.53515625
2098,0.484375
2099,0.4296875
2100,0.5
2101,0.49609375
2102,0.58984375
2103,0.57421875
2104,0.50390625
2105,0.46875
2106,0.4921875
2107,0.4609375
2108,0.51171875
2109,0.4453125
2110,0.5078125
2111,0.43359375
2112,0.515625
2113,0.46484375
2114,0.515625
2115,0.53125
2116,0.50390625
2117,0.49609375
2118,0.55859375
2119,0.5078125
2120,0.56640625
2121,0.51953125
2122,0.5
2123,0.5234375
2124,0.46875
2125,0.51171875
2126,0.4296875
2127,0.484375
2128,0.46875
2129,0.48046875
2130,0.49609375
2131,0.53515625
2132,0.421875
2133,0.47265625
2134,0.45703125
2135,0.55078125
2136,0.515625
2137,0.546875
2138,0.4453125
2139,0.55078125
2140,0.4375
2141,0.43359375
2142,0.4765625
2143,0.515625
2144,0.421875
2145,0.52734375
2146,0.5
2147,0.53515625
2148,0.47265625
2149,0.48828125
2150,0.52734375
2151,0.5
2152,0.51171875
2153,0.59765625
2154,0.50390625
2155,0.453125
2156,0.53515625
2157,0.47265625
2158,0.46875
2159,0.5234375
2160,0.484375
2161,0.4921875
2162,0.5
2163,0.5078125
2164,0.52734375
2165,0.49609375
2166,0.4921875
2167,0.48828125
2168,0.55078125
2169,0.484375
2170,0.5
2171,0.46875
2172,0.50390625
2173,0.46875
2174,0.45703125
2175,0.54296875
2176,0.5390625
2177,0.48046875
2178,0.484375
2179,0.49609375
2180,0.57421875
2181,0.484375
2182,0.484375
2183,0.46484375
2184,0.51953125
2185,0.49609375
2186,0.46484375
2187,0.515625
2188,0.515625
2189,0.48828125
2190,0.5625
2191,0.49609375
2192,0.51171875
2193,0.54296875
2194,0.48046875
2195,0.51171875
2196,0.4765625
2197,0.484375
2198,0.58984375
2199,0.5
2200,0.55859375
2201,0.46484375
2202,0.4921875
2203,0.48828125
2204,0.515625
2205,0.453125
2206,0.515625
2207,0.42578125
2208,0.49609375
2209,0.4609375
2210,0.5078125
2211,0.48828125
2212,0.47265625
2213,0.48046875
2214,0.49609375
2215,0.51171875
2216,0.46875
2217,0.5078125
2218,0.58203125
2219,0.5234375
2220,0.515625
2221,0.51953125
2222,0.48828125
2223,0.4765625
2224,0.46875
2225,0.53125
2226,0.44921875
2227,0.5078125
2228,0.49609375
2229,0.47265625
2230,0.55078125
2231,0.51953125
2232,0.46875
2233,0.546875
2234,0.53125
2235,0.578125
2236,0.51171875
2237,0.5078125
2238,0.51171875
2239,0.5390625
2240,0.4921875
2241,0.51171875
2242,0.50390625
2243,0.55078125
2244,0.52734375
2245,0.53125
2246,0.48046875
2247,0.54296875
2248,0.48046875
2249,0.5546875
2250,0.53125
2251,0.47265625
2252,0.48828125
2253,0.52734375
2254,0.515625
2255,0.50390625
2256,0.50390625
2257,0.453125
2258,0.51953125
2259,0.45703125
2260,0.45703125
2261,0.50390625
2262,0.48046875
2263,0.46875
2264,0.48828125
2265,0.43359375
2266,0.4921875
2267,0.49609375
2268,0.44921875
2269,0.55859375
2270,0.546875
2271,0.45703125
2272,0.5390625
2273,0.48828125
2274,0.5
2275,0.5078125
2276,0.53125
2277,0.48828125
2278,0.5234375
2279,0.57421875
2280,0.55078125
2281,0.52734375
2282,0.4140625
2283,0.48046875
2284,0.52734375
2285,0.43359375
2286,0.46875
2287,0.5
2288,0.51953125
2289,0.5703125
2290,0.484375
2291,0.4921875
2292,0.515625
2293,0.46484375
2294,0.4453125
2295,0.5
2296,0.5078125
2297,0.5
2298,0.5078125
2299,0.4609375
2300,0.5390625
2301,0.5
2302,0.54296875
2303,0.5234375
2304,0.49609375
2305,0.515625
2306,0.5078125
2307,0.55859375
2308,0.5234375
2309,0.484375
2310,0.49609375
2311,0.4921875
2312,0.5078125
2313,0.49609375
2314,0.51171875
2315,0.51171875
2316,0.5546875
2317,0.51953125
2318,0.51171875
2319,0.44140625
2320,0.5
2321,0.5078125
2322,0.51953125
2323,0.46484375
2324,0.52734375
2325,0.5234375
2326,0.48046875
2327,0.484375
2328,0.453125
2329,0.515625
2330,0.5
2331,0.44140625
2332,0.5546875
2333,0.4921875
2334,0.41015625
2335,0.48046875
2336,0.48046875
2337,0.5390625
2338,0.51171875
2339,0.44921875
2340,0.5
2341,0.55078125
2342,0.54296875
2343,0.51171875
2344,0.4609375
2345,0.515625
2346,0.50390625
2347,0.46875
2348,0.46484375
2349,0.5078125
2350,0.54296875
2351,0.4921875
2352,0.51171875
2353,0.5078125
2354,0.50390625
2355,0.53515625
2356,0.45703125
2357,0.45703125
2358,0.53125
2359,0.51953125
2360,0.48828125
2361,0.4609375
2362,0.5
2363,0.4921875
2364,0.5390625
2365,0.5625
2366,0.5
2367,0.453125
2368,0.46875
2369,0.46484375
2370,0.52734375
2371,0.56640625
2372,0.43359375
2373,0.49609375
2374,0.48046875
2375,0.53125
2376,0.5625
2377,0.52734375
2378,0.484375
2379,0.49609375
2380,0.4921875
2381,0.47265625
2382,0.47265625
2383,0.4453125
2384,0.4921875
2385,0.50390625
2386,0.484375
2387,0.5
2388,0.546875
2389,0.51953125
2390,0.515625
2391,0.5078125
2392,0.46875
2393,0.4375
2394,0.4921875
2395,0.5234375
2396,0.5078125
2397,0.53515625
2398,0.48828125
2399,0.515625
2400,0.5234375
2401,0.53515625
2402,0.46875
2403,0.50390625
2404,0.53125
2405,0.5234375
2406,0.47265625
2407,0.515625
2408,0.484375
2409,0.47265625
2410,0.53125
2411,0.484375
2412,0.44921875
2413,0.484375
2414,0.5390625
2415,0.48046875
2416,0.52734375
2417,0.52734375
2418,0.53515625
2419,0.40234375
2420,0.484375
2421,0.53125
2422,0.5625
2423,0.5390625
2424,0.5390625
2425,0.53125
2426,0.47265625
2427,0.4765625
2428,0.43359375
2429,0.49609375
2430,0.4765625
2431,0.5078125
2432,0.47265625
2433,0.57421875
2434,0.52734375
2435,0.48046875
2436,0.53125
2437,0.56640625
2438,0.55078125
2439,0.51953125
2440,0.453125
2441,0.55078125
2442,0.48828125
2443,0.45703125
2444,0.51953125
2445,0.51171875
2446,0.48828125
2447,0.47265625
2448,0.48046875
2449,0.46484375
2450,0.5
2451,0.48046875
2452,0.43359375
2453,0.51953125
2454,0.4609375
2455,0.48828125
2456,0.54296875
2457,0.5
2458,0.4296875
2459,0.49609375
2460,0.546875
2461,0.51953125
2462,0.54296875
2463,0.484375
2464,0.47265625
2465,0.54296875
2466,0.46484375
2467,0.47265625
2468,0.4765625
2469,0.515625
2470,0.4609375
2471,0.515625
2472,0.46484375
2473,0.5546875
2474,0.5703125
2475,0.4453125
2476,0.53515625
2477,0.50390625
2478,0.51953125
2479,0.5
2480,0.50390625
2481,0.48828125
2482,0.4921875
2483,0.4921875
2484,0.4375
2485,0.4921875
2486,0.5078125
2487,0.53125
2488,0.53125
2489,0.5
2490,0.4765625
2491,0.49609375
2492,0.49609375
2493,0.51953125
2494,0.5546875
2495,0.4296875
2496,0.50390625
2497,0.50390625
2498,0.51171875
2499,0.44921875
2500,0.54296875
2501,0.49609375
2502,0.421875
2503,0.5234375
2504,0.51171875
2505,0.48828125
2506,0.56640625
2507,0.5078125
2508,0.48046875
2509,0.53125
2510,0.4765625
2511,0.5390625
2512,0.4921875
2513,0.50390625
2514,0.55078125
2515,0.5078125
2516,0.5703125
2517,0.48046875
2518,0.46484375
2519,0.4609375
2520,0.48046875
2521,0.51953125
2522,0.54296875
2523,0.4765625
2524,0.5703125
2525,0.53515625
2526,0.53515625
2527,0.48828125
2528,0.4609375
2529,0.5
2530,0.46484375
2531,0.52734375
2532,0.46484375
2533,0.43359375
2534,0.50390625
2535,0.5390625
2536,0.515625
2537,0.5390625
2538,0.4765625
2539,0.5078125
2540,0.4921875
2541,0.52734375
2542,0.515625
2543,0.50390625
2544,0.49609375
2545,0.5390625
2546,0.47265625
2547,0.51171875
2548,0.4921875
2549,0.54296875
2550,0.53515625
2551,0.5859375
2552,0.45703125
2553,0.4375
2554,0.53515625
2555,0.48046875
2556,0.49609375
2557,0.4609375
2558,0.46875
2559,0.484375
2560,0.5078125
2561,0.52734375
2562,0.51953125
2563,0.55078125
2564,0.45703125
2565,0.53125
2566,0.5234375
2567,0.484375
2568,0.55078125
2569,0.47265625
2570,0.48046875
2571,0.55859375
2572,0.55859375
2573,0.453125
2574,0.4296875
2575,0.515625
2576,0.52734375
2577,0.53125
2578,0.50390625
2579,0.4765625
2580,0.5546875
2581,0.47265625
2582,0.51953125
2583,0.46875
2584,0.4453125
2585,0.46484375
2586,0.53125
2587,0.515625
2588,0.515625
2589,0.45703125
2590,0.46484375
2591,0.48828125
2592,0.49609375
2593,0.53125
2594,0.4921875
2595,0.5390625
2596,0.48828125
2597,0.51171875
2598,0.55078125
2599,0.546875
2600,0.4921875
2601,0.51953125
2602,0.515625
2603,0.4765625
2604,0.5
2605,0.50390625
2606,0.55078125
2607,0.5390625
2608,0.51953125
2609,0.45703125
2610,0.44921875
2611,0.484375
2612,0.56640625
2613,0.45703125
2614,0.51953125
2615,0.5234375
2616,0.515625
2617,0.5
2618,0.5078125
2619,0.53515625
2620,0.5234375
2621,0.5078125
2622,0.46484375
2623,0.46484375
2624,0.48046875
2625,0.51171875
2626,0.51171875
2627,0.43359375
2628,0.4765625
2629,0.53125
2630,0.54296875
2631,0.50390625
2632,0.44921875
2633,0.48828125
2634,0.46484375
2635,0.5234375
2636,0.515625
2637,0.5546875
2638,0.45703125
2639,0.5078125
2640,0.53515625
2641,0.5390625
2642,0.4765625
2643,0.4609375
2644,0.53125
2645,0.6015625
2646,0.5
2647,0.4921875
2648,0.51953125
2649,0.50390625
2650,0.4609375
2651,0.484375
2652,0.4921875
2653,0.48828125
2654,0.53125
2655,0.56640625
2656,0.484375
2657,0.4765625
2658,0.5234375
2659,0.453125
2660,0.4609375
2661,0.5390625
2662,0.44921875
2663,0.4453125
2664,0.46484375
2665,0.453125
2666,0.515625
2667,0.5703125
2668,0.5
2669,0.48828125
2670,0.51953125
2671,0.51171875
2672,0.49609375
2673,0.49609375
2674,0.50390625
2675,0.515625
2676,0.48046875
2677,0.5078125
2678,0.5078125
2679,0.48046875
2680,0.4609375
2681,0.484375
2682,0.50390625
2683,0.5390625
2684,0.5390625
2685,0.48046875
2686,0.49609375
2687,0.50390625
2688,0.46484375
2689,0.4765625
2690,0.44140625
2691,0.59765625
2692,0.48046875
2693,0.5
2694,0.4453125
2695,0.58203125
2696,0.4921875
2697,0.51953125
2698,0.42578125
2699,0.48828125
2700,0.5234375
2701,0.50390625
2702,0.46875
2703,0.484375
2704,0.51171875
2705,0.49609375
2706,0.46484375
2707,0.51171875
2708,0.53125
2709,0.51953125
2710,0.53515625
2711,0.5
2712,0.46875
2713,0.46484375
2714,0.4609375
2715,0.4921875
2716,0.53125
2717,0.515625
2718,0.51953125
2719,0.40625
2720,0.50390625
2721,0.48046875
2722,0.47265625
2723,0.515625
2724,0.55078125
2725,0.484375
2726,0.4765625
2727,0.55859375
2728,0.51171875
2729,0.5
2730,0.54296875
2731,0.52734375
2732,0.52734375
2733,0.5078125
2734,0.44921875
2735,0.47265625
2736,0.47265625
2737,0.4921875
2738,0.51953125
2739,0.48046875
2740,0.47265625
2741,0.44921875
2742,0.48828125
2743,0.47265625
2744,0.53125
2745,0.47265625
2746,0.56640625
2747,0.45703125
2748,0.55859375
2749,0.52734375
2750,0.48828125
2751,0.51171875
2752,0.55078125
2753,0.5703125
2754,0.51171875
2755,0.55078125
2756,0.453125
2757,0.49609375
2758,0.4453125
2759,0.51953125
2760,0.46875
2761,0.5234375
2762,0.4765625
2763,0.55859375
2764,0.53515625
2765,0.55078125
2766,0.5078125
2767,0.46875
2768,0.48828125
2769,0.45703125
2770,0.546875
2771,0.51171875
2772,0.44921875
2773,0.4921875
2774,0.46875
2775,0.50390625
2776,0.5
2777,0.49609375
2778,0.47265625
2779,0.47265625
2780,0.5
2781,0.53515625
2782,0.4921875
2783,0.4296875
2784,0.52734375
2785,0.515625
2786,0.51953125
2787,0.5234375
2788,0.53125
2789,0.48828125
2790,0.53125
2791,0.44921875
2792,0.51171875
2793,0.53125
2794,0.58984375
2795,0.55078125
2796,0.52734375
2797,0.5703125
2798,0.4609375
2799,0.4765625
2800,0.5546875
2801,0.48046875
2802,0.5078125
2803,0.48828125
2804,0.4453125
2805,0.52734375
2806,0.40234375
2807,0.5
2808,0.5078125
2809,0.484375
2810,0.5
2811,0.4921875
2812,0.4921875
2813,0.48828125
2814,0.46484375
2815,0.546875
2816,0.50390625
2817,0.5234375
2818,0.4296875
2819,0.47265625
2820,0.51171875
2821,0.4765625
2822,0.515625
2823,0.5390625
2824,0.48046875
2825,0.4765625
2826,0.515625
2827,0.49609375
2828,0.51171875
2829,0.46875
2830,0.55859375
2831,0.46484375
2832,0.46484375
2833,0.515625
2834,0.55078125
2835,0.484375
2836,0.421875
2837,0.484375
2838,0.43359375
2839,0.515625
2840,0.484375
2841,0.55859375
2842,0.546875
2843,0.4921875
2844,0.5
2845,0.5546875
2846,0.484375
2847,0.5078125
2848,0.4765625
2849,0.48828125
2850,0.4921875
2851,0.53125
2852,0.58203125
2853,0.45703125
2854,0.5234375
2855,0.55078125
2856,0.5390625
2857,0.4375
2858,0.5078125
2859,0.5078125
2860,0.51953125
2861,0.52734375
2862,0.55078125
2863,0.48828125
2864,0.546875
2865,0.55859375
2866,0.53515625
2867,0.54296875
2868,0.5
2869,0.57421875
2870,0.546875
2871,0.50390625
2872,0.57421875
2873,0.5078125
2874,0.46875
2875,0.51953125
2876,0.46484375
2877,0.48046875
2878,0.49609375
2879,0.53125
2880,0.484375
2881,0.4609375
2882,0.53125
2883,0.4375
2884,0.51953125
2885,0.46484375
2886,0.4765625
2887,0.45703125
2888,0.56640625
2889,0.5
2890,0.484375
2891,0.4921875
2892,0.4921875
2893,0.56640625
2894,0.47265625
2895,0.45703125
2896,0.5234375
2897,0.49609375
2898,0.51171875
2899,0.5234375
2900,0.55078125
2901,0.53125
2902,0.48046875
2903,0.4609375
2904,0.4921875
2905,0.46484375
2906,0.51171875
2907,0.484375
2908,0.484375
2909,0.5
2910,0.55859375
2911,0.44921875
2912,0.47265625
2913,0.51171875
2914,0.5703125
2915,0.48046875
2916,0.44140625
2917,0.5390625
2918,0.4609375
2919,0.46484375
2920,0.52734375
2921,0.52734375
2922,0.49609375
2923,0.44921875
2924,0.55078125
2925,0.484375
2926,0.51953125
2927,0.5078125
2928,0.5703125
2929,0.47265625
2930,0.53125
2931,0.4921875
2932,0.55859375
2933,0.46875
2934,0.515625
2935,0.50390625
2936,0.4921875
2937,0.44921875
2938,0.44921875
2939,0.5234375
2940,0.52734375
2941,0.453125
2942,0.55859375
2943,0.55859375
2944,0.56640625
2945,0.4609375
2946,0.5546875
2947,0.53125
2948,0.49609375
2949,0.55859375
2950,0.453125
2951,0.5234375
2952,0.51171875
2953,0.515625
2954,0.5078125
2955,0.4765625
2956,0.4375
2957,0.48828125
2958,0.4921875
2959,0.5703125
2960,0.5078125
2961,0.53515625
2962,0.48828125
2963,0.47265625
2964,0.4765625
2965,0.51953125
2966,0.47265625
2967,0.54296875
2968,0.5703125
2969,0.47265625
2970,0.53515625
2971,0.53125
2972,0.49609375
2973,0.40234375
2974,0.47265625
2975,0.46484375
2976,0.50390625
2977,0.4765625
2978,0.48046875
2979,0.4609375
2980,0.47265625
2981,0.546875
2982,0.4140625
2983,0.46484375
2984,0.546875
2985,0.49609375
2986,0.4453125
2987,0.53515625
2988,0.4921875
2989,0.5625
2990,0.4140625
2991,0.42578125
2992,0.45703125
2993,0.5
2994,0.5234375
2995,0.4765625
2996,0.4921875
2997,0.484375
2998,0.54296875
2999,0.51953125
3000,0.52734375
3001,0.546875
3002,0.53125
3003,0.46484375
3004,0.53515625
3005,0.51171875
3006,0.48828125
3007,0.4453125
3008,0.48828125
3009,0.5703125
3010,0.54296875
3011,0.48828125
3012,0.51171875
3013,0.48828125
3014,0.50390625
3015,0.5078125
3016,0.46875
3017,0.52734375
3018,0.47265625
3019,0.5390625
3020,0.53125
3021,0.52734375
3022,0.515625
3023,0.5390625
3024,0.5
3025,0.52734375
3026,0.546875
3027,0.44140625
3028,0.48828125
3029,0.5234375
3030,0.50390625
3031,0.484375
3032,0.48046875
3033,0.49609375
3034,0.53515625
3035,0.515625
3036,0.56640625
3037,0.42578125
3038,0.51953125
3039,0.5078125
3040,0.51953125
3041,0.4921875
3042,0.4765625
3043,0.42578125
3044,0.48046875
3045,0.4921875
3046,0.55078125
3047,0.5234375
3048,0.5078125
3049,0.51953125
3050,0.46875
3051,0.45703125
3052,0.44921875
3053,0.53125
3054,0.484375
3055,0.4765625
3056,0.515625
3057,0.48828125
3058,0.51953125
3059,0.48828125
3060,0.515625
3061,0.48828125
3062,0.4765625
3063,0.46875
3064,0.4453125
3065,0.52734375
3066,0.47265625
3067,0.51171875
3068,0.4765625
3069,0.46484375
3070,0.50390625
3071,0.46484375
3072,0.47265625
3073,0.54296875
3074,0.47265625
3075,0.515625
3076,0.5078125
3077,0.4921875
3078,0.4921875
3079,0.46484375
3080,0.55859375
3081,0.546875
3082,0.5
3083,0.54296875
3084,0.4921875
3085,0.53515625
3086,0.5546875
3087,0.53125
3088,0.48828125
3089,0.546875
3090,0.4921875
3091,0.54296875
3092,0.515625
3093,0.51953125
3094,0.47265625
3095,0.4140625
3096,0.5
3097,0.51171875
3098,0.46484375
3099,0.50390625
3100,0.51171875
3101,0.515625
3102,0.45703125
3103,0.52734375
3104,0.51171875
3105,0.52734375
3106,0.48828125
3107,0.5
3108,0.5234375
3109,0.47265625
3110,0.48046875
3111,0.4375
3112,0.49609375
3113,0.46875
3114,0.51953125
3115,0.51953125
3116,0.52734375
3117,0.51171875
3118,0.46875
3119,0.56640625
3120,0.4765625
3121,0.515625
3122,0.484375
3123,0.4921875
3124,0.546875
3125,0.51171875
3126,0.55078125
3127,0.45703125
3128,0.453125
3129,0.46484375
3130,0.53515625
3131,0.5234375
3132,0.52734375
3133,0.51953125
3134,0.453125
3135,0.51953125
3136,0.57421875
3137,0.5234375
3138,0.48046875
3139,0.55078125
3140,0.55078125
3141,0.50390625
3142,0.4921875
3143,0.4921875
3144,0.51171875
3145,0.55859375
3146,0.453125
3147,0.4921875
3148,0.46484375
3149,0.5390625
3150,0.54296875
3151,0.5390625
3152,0.5234375
3153,0.44140625
3154,0.51171875
3155,0.5234375
3156,0.52734375
3157,0.4609375
3158,0.51953125
3159,0.48828125
3160,0.5234375
3161,0.51953125
3162,0.5078125
3163,0.42578125
3164,0.5234375
3165,0.5234375
3166,0.5
3167,0.47265625
3168,0.546875
3169,0.51171875
3170,0.58203125
3171,0.53515625
3172,0.4921875
3173,0.50390625
3174,0.48046875
3175,0.45703125
3176,0.4921875
3177,0.5546875
3178,0.546875
3179,0.48828125
3180,0.55859375
3181,0.5546875
3182,0.4765625
3183,0.46875
3184,0.5625
3185,0.53515625
3186,0.4921875
3187,0.49609375
3188,0.515625
3189,0.49609375
3190,0.44921875
3191,0.53515625
3192,0.51171875
3193,0.53515625
3194,0.55859375
3195,0.5234375
3196,0.50390625
3197,0.51953125
3198,0.53125
3199,0.4765625
3200,0.48828125
3201,0.5546875
3202,0.5
3203,0.53125
3204,0.5
3205,0.50390625
3206,0.45703125
3207,0.4921875
3208,0.546875
3209,0.53515625
3210,0.47265625
3211,0.50390625
3212,0.5390625
3213,0.4765625
3214,0.515625
3215,0.515625
3216,0.5078125
3217,0.41796875
3218,0.46484375
3219,0.51953125
3220,0.5234375
3221,0.55859375
3222,0.45703125
3223,0.51171875
3224,0.4921875
3225,0.4296875
3226,0.5
3227,0.5
3228,0.51953125
3229,0.4921875
3230,0.5234375
3231,0.515625
3232,0.48828125
3233,0.4921875
3234,0.546875
3235,0.4765625
3236,0.55078125
3237,0.45703125
3238,0.5390625
3239,0.52734375
3240,0.50390625
3241,0.52734375
3242,0.4921875
3243,0.52734375
3244,0.51953125
3245,0.5625
3246,0.4375
3247,0.546875
3248,0.484375
3249,0.4765625
3250,0.5078125
3251,0.55078125
3252,0.47265625
3253,0.515625
3254,0.56640625
3255,0.45703125
3256,0.515625
3257,0.46875
3258,0.54296875
3259,0.54296875
3260,0.546875
3261,0.53125
3262,0.55859375
3263,0.48046875
3264,0.4609375
3265,0.5078125
3266,0.57421875
3267,0.52734375
3268,0.5078125
3269,0.51171875
3270,0.5
3271,0.421875
3272,0.484375
3273,0.5234375
3274,0.48046875
3275,0.50390625
3276,0.51953125
3277,0.51171875
3278,0.53125
3279,0.5234375
3280,0.46484375
3281,0.4765625
3282,0.48046875
3283,0.49609375
3284,0.484375
3285,0.5
3286,0.48828125
3287,0.47265625
3288,0.48046875
3289,0.5078125
3290,0.50390625
3291,0.5
3292,0.49609375
3293,0.55859375
3294,0.5234375
3295,0.5703125
3296,0.5078125
3297,0.5
3298,0.5078125
3299,0.53125
3300,0.484375
3301,0.49609375
3302,0.52734375
3303,0.5390625
3304,0.4296875
3305,0.47265625
3306,0.48046875
3307,0.51171875
3308,0.46875
3309,0.51953125
3310,0.484375
3311,0.48828125
3312,0.51953125
3313,0.4921875
3314,0.48828125
3315,0.54296875
3316,0.49609375
3317,0.49609375
3318,0.5
3319,0.50390625
3320,0.53515625
3321,0.5390625
3322,0.5234375
3323,0.5078125
3324,0.48046875
3325,0.54296875
3326,0.453125
3327,0.48828125
3328,0.4765625
3329,0.46484375
3330,0.5234375
3331,0.50390625
3332,0.484375
3333,0.484375
3334,0.54296875
3335,0.4453125
3336,0.4921875
3337,0.5
3338,0.54296875
3339,0.4921875
3340,0.5390625
3341,0.5546875
3342,0.4921875
3343,0.4609375
3344,0.4609375
3345,0.5390625
3346,0.5546875
3347,0.4765625
3348,0.50390625
3349,0.46875
3350,0.48046875
3351,0.515625
3352,0.53515625
3353,0.5546875
3354,0.5625
3355,0.49609375
3356,0.578125
3357,0.5390625
3358,0.5546875
3359,0.48046875
3360,0.51171875
3361,0.52734375
3362,0.4921875
3363,0.49609375
3364,0.4453125
3365,0.48046875
3366,0.41796875
3367,0.46875
3368,0.48046875
3369,0.53515625
3370,0.5234375
3371,0.515625
3372,0.546875
3373,0.515625
3374,0.4453125
3375,0.45703125
3376,0.52734375
3377,0.50390625
3378,0.50390625
3379,0.52734375
3380,0.51953125
3381,0.46875
3382,0.44140625
3383,0.53125
3384,0.46484375
3385,0.54296875
3386,0.453125
3387,0.54296875
3388,0.546875
3389,0.48828125
3390,0.53125
3391,0.4765625
3392,0.48046875
3393,0.4453125
3394,0.51953125
3395,0.4921875
3396,0.4765625
3397,0.50390625
3398,0.515625
3399,0.50390625
3400,0.54296875
3401,0.51171875
3402,0.4765625
3403,0.52734375
3404,0.453125
3405,0.5546875
3406,0.48828125
3407,0.53515625
3408,0.5390625
3409,0.49609375
3410,0.53125
3411,0.53515625
3412,0.43359375
3413,0.51171875
3414,0.53125
3415,0.48046875
3416,0.51953125
3417,0.4765625
3418,0.48828125
3419,0.5625
3420,0.484375
3421,0.46484375
3422,0.5234375
3423,0.484375
3424,0.55078125
3425,0.46484375
3426,0.44921875
3427,0.54296875
3428,0.52734375
3429,0.515625
3430,0.5078125
3431,0.54296875
3432,0.50390625
3433,0.5
3434,0.42578125
3435,0.51171875
3436,0.47265625
3437,0.54296875
3438,0.5078125
3439,0.44921875
3440,0.49609375
3441,0.48046875
3442,0.5703125
3443,0.4921875
3444,0.46875
3445,0.48828125
3446,0.52734375
3447,0.53515625
3448,0.47265625
3449,0.53515625
3450,0.5546875
3451,0.51171875
3452,0.50390625
3453,0.484375
3454,0.48828125
3455,0.48828125
3456,0.4765625
3457,0.49609375
3458,0.5
3459,0.46484375
3460,0.484375
3461,0.46484375
3462,0.546875
3463,0.49609375
3464,0.515625
3465,0.51953125
3466,0.5078125
3467,0.4921875
3468,0.5234375
3469,0.54296875
3470,0.5234375
3471,0.46875
3472,0.55859375
3473,0.5
3474,0.4921875
3475,0.55078125
3476,0.5
3477,0.54296875
3478,0.54296875
3479,0.5
3480,0.5390625
3481,0.46875
3482,0.55078125
3483,0.5078125
3484,0.51171875
3485,0.51171875
3486,0.4921875
3487,0.52734375
3488,0.48828125
3489,0.546875
3490,0.49609375
3491,0.48046875
3492,0.49609375
3493,0.5546875
3494,0.53515625
3495,0.53515625
3496,0.5078125
3497,0.484375
3498,0.51171875
3499,0.484375
3500,0.53125
3501,0.49609375
3502,0.5234375
3503,0.49609375
3504,0.46484375
3505,0.5390625
3506,0.48828125
3507,0.4765625
3508,0.51953125
3509,0.44140625
3510,0.47265625
3511,0.47265625
3512,0.48828125
3513,0.515625
3514,0.48828125
3515,0.421875
3516,0.53125
3517,0.4921875
3518,0.46875
3519,0.47265625
3520,0.5
3521,0.4921875
3522,0.4609375
3523,0.48828125
3524,0.53125
3525,0.5078125
3526,0.48046875
3527,0.49609375
3528,0.51171875
3529,0.45703125
3530,0.5703125
3531,0.53125
3532,0.52734375
3533,0.5703125
3534,0.5
3535,0.484375
3536,0.50390625
3537,0.48828125
3538,0.47265625
3539,0.50390625
3540,0.48046875
3541,0.453125
3542,0.5078125
3543,0.44140625
3544,0.5
3545,0.47265625
3546,0.50390625
3547,0.50390625
3548,0.43359375
3549,0.5
3550,0.4765625
3551,0.55078125
3552,0.51953125
3553,0.46875
3554,0.5078125
3555,0.5078125
3556,0.44140625
3557,0.4765625
3558,0.4921875
3559,0.53125
3560,0.47265625
3561,0.453125
3562,0.484375
3563,0.54296875
3564,0.484375
3565,0.5546875
3566,0.4921875
3567,0.4765625
3568,0.5078125
3569,0.4765625
3570,0.53125
3571,0.50390625
3572,0.48828125
3573,0.50390625
3574,0.48828125
3575,0.453125
3576,0.57421875
3577,0.5234375
3578,0.45703125
3579,0.54296875
3580,0.4921875
3581,0.484375
3582,0.4609375
3583,0.453125
3584,0.49609375
3585,0.5
3586,0.39453125
3587,0.47265625
3588,0.4765625
3589,0.54296875
3590,0.515625
3591,0.484375
3592,0.5390625
3593,0.5234375
3594,0.4765625
3595,0.484375
3596,0.49609375
3597,0.48828125
3598,0.53125
3599,0.46875
3600,0.53515625
3601,0.4765625
3602,0.4609375
3603,0.51171875
3604,0.47265625
3605,0.49609375
3606,0.51953125
3607,0.5234375
3608,0.5078125
3609,0.51171875
3610,0.5625
3611,0.5078125
3612,0.5078125
3613,0.46875
3614,0.515625
3615,0.48828125
3616,0.45703125
3617,0.4375
3618,0.5234375
3619,0.53125
3620,0.609375
3621,0.5234375
3622,0.51953125
3623,0.5234375
3624,0.47265625
3625,0.51171875
3626,0.46875
3627,0.5546875
3628,0.421875
3629,0.44921875
3630,0.56640625
3631,0.46875
3632,0.48828125
3633,0.51953125
3634,0.52734375
3635,0.51953125
3636,0.46875
3637,0.4375
3638,0.5
3639,0.46875
3640,0.45703125
3641,0.54296875
3642,0.5546875
3643,0.5078125
3644,0.47265625
3645,0.48046875
3646,0.453125
3647,0.5234375
3648,0.45703125
3649,0.51171875
3650,0.41796875
3651,0.51953125
3652,0.52734375
3653,0.52734375
3654,0.48046875
3655,0.5
3656,0.48046875
3657,0.5
3658,0.48046875
3659,0.5390625
3660,0.4609375
3661,0.4765625
3662,0.5078125
3663,0.5390625
3664,0.4140625
3665,0.48046875
3666,0.4765625
3667,0.546875
3668,0.55859375
3669,0.4453125
3670,0.45703125
3671,0.54296875
3672,0.49609375
3673,0.51953125
3674,0.48828125
3675,0.484375
3676,0.50390625
3677,0.52734375
3678,0.4609375
3679,0.48828125
3680,0.484375
3681,0.5078125
3682,0.51953125
3683,0.44140625
3684,0.53125
3685,0.5
3686,0.47265625
3687,0.45703125
3688,0.49609375
3689,0.51171875
3690,0.5234375
3691,0.50390625
3692,0.5078125
3693,0.515625
3694,0.43359375
3695,0.49609375
3696,0.51953125
3697,0.5078125
3698,0.49609375
3699,0.53515625
3700,0.5234375
3701,0.50390625
3702,0.5234375
3703,0.421875
3704,0.52734375
3705,0.50390625
3706,0.50390625
3707,0.51171875
3708,0.4765625
3709,0.44140625
3710,0.5234375
3711,0.4609375
3712,0.51953125
3713,0.48046875
3714,0.52734375
3715,0.4453125
3716,0.4765625
3717,0.46484375
3718,0.48828125
3719,0.5703125
3720,0.484375
3721,0.484375
3722,0.484375
3723,0.50390625
3724,0.49609375
3725,0.546875
3726,0.51953125
3727,0.41796875
3728,0.49609375
3729,0.53515625
3730,0.4765625
3731,0.49609375
3732,0.515625
3733,0.44921875
3734,0.52734375
3735,0.5703125
3736,0.56640625
3737,0.56640625
3738,0.53125
3739,0.51171875
3740,0.51171875
3741,0.47265625
3742,0.48046875
3743,0.5
3744,0.4765625
3745,0.515625
3746,0.5625
3747,0.5390625
3748,0.43359375
3749,0.48828125
3750,0.46875
3751,0.50390625
3752,0.56640625
3753,0.49609375
3754,0.50390625
3755,0.49609375
3756,0.48046875
3757,0.45703125
3758,0.53125
3759,0.53125
3760,0.52734375
3761,0.53125
3762,0.53515625
3763,0.51953125
3764,0.51953125
3765,0.42578125
3766,0.55078125
3767,0.48828125
3768,0.5078125
3769,0.453125
3770,0.4375
3771,0.46484375
3772,0.5390625
3773,0.53125
3774,0.5
3775,0.51171875
3776,0.48046875
3777,0.4765625
3778,0.5
3779,0.5234375
3780,0.46875
3781,0.48828125
3782,0.55859375
3783,0.48828125
3784,0.5390625
3785,0.4765625
3786,0.57421875
3787,0.49609375
3788,0.49609375
3789,0.52734375
3790,0.48828125
3791,0.47265625
3792,0.546875
3793,0.5234375
3794,0.56640625
3795,0.53125
3796,0.48046875
3797,0.51171875
3798,0.5546875
3799,0.45703125
3800,0.4921875
3801,0.484375
3802,0.52734375
3803,0.46875
3804,0.546875
3805,0.5
3806,0.51953125
3807,0.49609375
3808,0.59375
3809,0.54296875
3810,0.49609375
3811,0.484375
3812,0.44921875
3813,0.51953125
3814,0.4921875
3815,0.51171875
3816,0.421875
3817,0.53125
3818,0.51953125
3819,0.50390625
3820,0.4921875
3821,0.57421875
3822,0.5390625
3823,0.515625
3824,0.51171875
3825,0.4921875
3826,0.484375
3827,0.5078125
3828,0.5234375
3829,0.46484375
3830,0.51171875
3831,0.51953125
3832,0.46484375
3833,0.5625
3834,0.4921875
3835,0.453125
3836,0.484375
3837,0.45703125
3838,0.46875
3839,0.484375
3840,0.46875
3841,0.5078125
3842,0.47265625
3843,0.48828125
3844,0.48046875
3845,0.54296875
3846,0.55859375
3847,0.48828125
3848,0.4609375
3849,0.43359375
3850,0.50390625
3851,0.4765625
3852,0.5078125
3853,0.4453125
3854,0.546875
3855,0.484375
3856,0.46875
3857,0.5
3858,0.47265625
3859,0.5078125
3860,0.4453125
3861,0.4765625
3862,0.48828125
3863,0.5078125
3864,0.484375
3865,0.4921875
3866,0.46875
3867,0.51171875
3868,0.49609375
3869,0.46875
3870,0.44921875
3871,0.546875
3872,0.546875
3873,0.53125
3874,0.46484375
3875,0.484375
3876,0.55859375
3877,0.50390625
3878,0.4453125
3879,0.5
3880,0.45703125
3881,0.51171875
3882,0.5703125
3883,0.46875
3884,0.49609375
3885,0.5234375
3886,0.484375
3887,0.51953125
3888,0.47265625
3889,0.4765625
3890,0.53515625
3891,0.44921875
3892,0.484375
3893,0.53515625
3894,0.47265625
3895,0.44140625
3896,0.5
3897,0.5234375
3898,0.546875
3899,0.52734375
3900,0.4453125
3901,0.51953125
3902,0.46875
3903,0.484375
3904,0.48828125
3905,0.4609375
3906,0.55859375
3907,0.52734375
3908,0.453125
3909,0.5078125
3910,0.53125
3911,0.515625
3912,0.48046875
3913,0.52734375
3914,0.49609375
3915,0.51953125
3916,0.484375
3917,0.55859375
3918,0.46484375
3919,0.515625
3920,0.53515625
3921,0.53515625
3922,0.51953125
3923,0.48828125
3924,0.47265625
3925,0.5078125
3926,0.5234375
3927,0.515625
3928,0.5703125
3929,0.51171875
3930,0.4765625
3931,0.5078125
3932,0.4765625
3933,0.46875
3934,0.47265625
3935,0.453125
3936,0.43359375
3937,0.421875
3938,0.5
3939,0.51953125
3940,0.5625
3941,0.48046875
3942,0.453125
3943,0.5
3944,0.54296875
3945,0.52734375
3946,0.47265625
3947,0.44921875
3948,0.5390625
3949,0.50390625
3950,0.55078125
3951,0.51953125
3952,0.52734375
3953,0.5
3954,0.44921875
3955,0.50390625
3956,0.47265625
3957,0.48046875
3958,0.484375
3959,0.55859375
3960,0.50390625
3961,0.51171875
3962,0.48046875
3963,0.5234375
3964,0.48828125
3965,0.47265625
3966,0.48828125
3967,0.453125
3968,0.51953125
3969,0.51953125
3970,0.546875
3971,0.4453125
3972,0.46484375
3973,0.5234375
3974,0.4296875
3975,0.44140625
3976,0.5078125
3977,0.46484375
3978,0.55078125
3979,0.48046875
3980,0.4921875
3981,0.51171875
3982,0.53125
3983,0.49609375
3984,0.50390625
3985,0.5
3986,0.49609375
3987,0.515625
3988,0.48046875
3989,0.48828125
3990,0.50390625
3991,0.50390625
3992,0.51953125
3993,0.48828125
3994,0.5
3995,0.5
3996,0.515625
3997,0.51171875
3998,0.53515625
3999,0.5
4000,0.51171875
4001,0.4921875
4002,0.4765625
4003,0.5078125
4004,0.5234375
4005,0.49609375
4006,0.44921875
4007,0.43359375
4008,0.45703125
4009,0.53125
4010,0.5234375
4011,0.50390625
4012,0.5859375
4013,0.51953125
4014,0.4765625
4015,0.5390625
4016,0.5
4017,0.53125
4018,0.4921875
4019,0.46484375
4020,0.53515625
4021,0.48046875
4022,0.4375
4023,0.47265625
4024,0.4453125
4025,0.4296875
4026,0.3984375
4027,0.49609375
4028,0.515625
4029,0.55078125
4030,0.5078125
4031,0.48046875
4032,0.4609375
4033,0.5
4034,0.47265625
4035,0.4609375
4036,0.48828125
4037,0.50390625
4038,0.515625
4039,0.53515625
4040,0.50390625
4041,0.390625
4042,0.46484375
4043,0.5390625
4044,0.4609375
4045,0.53125
4046,0.5078125
4047,0.5
4048,0.52734375
4049,0.5
4050,0.51953125
4051,0.51953125
4052,0.46484375
4053,0.5078125
4054,0.515625
4055,0.4609375
4056,0.5078125
4057,0.48046875
4058,0.50390625
4059,0.48828125
4060,0.48828125
4061,0.53515625
4062,0.484375
4063,0.48046875
4064,0.54296875
4065,0.546875
4066,0.47265625
4067,0.46484375
4068,0.53515625
4069,0.48828125
4070,0.4765625
4071,0.54296875
4072,0.484375
4073,0.49609375
4074,0.45703125
4075,0.484375
4076,0.51171875
4077,0.4921875
4078,0.52734375
4079,0.5234375
4080,0.55859375
4081,0.484375
4082,0.47265625
4083,0.4453125
4084,0.51953125
4085,0.5
4086,0.5078125
4087,0.50390625
4088,0.54296875
4089,0.515625
4090,0.53125
4091,0.51953125
4092,0.45703125
4093,0.5
4094,0.49609375
4095,0.46875
4096,0.515625
4097,0.4921875
4098,0.4453125
4099,0.53125
4100,0.51953125
4101,0.46875
4102,0.453125
4103,0.4921875
4104,0.453125
4105,0.55078125
4106,0.50390625
4107,0.41015625
4108,0.4765625
4109,0.5625
4110,0.44140625
4111,0.46484375
4112,0.54296875
4113,0.578125
4114,0.4765625
4115,0.50390625
4116,0.50390625
4117,0.4921875
4118,0.51171875
4119,0.49609375
4120,0.47265625
4121,0.578125
4122,0.5625
4123,0.47265625
4124,0.48046875
4125,0.55078125
4126,0.5546875
4127,0.4609375
4128,0.484375
4129,0.515625
4130,0.4453125
4131,0.51953125
4132,0.48828125
4133,0.53125
4134,0.51953125
4135,0.484375
4136,0.5
4137,0.48828125
4138,0.5078125
4139,0.453125
4140,0.546875
4141,0.390625
4142,0.51953125
4143,0.5078125
4144,0.45703125
4145,0.45703125
4146,0.5078125
4147,0.52734375
4148,0.4453125
4149,0.57421875
4150,0.5078125
4151,0.49609375
4152,0.5078125
4153,0.484375
4154,0.4765625
4155,0.4921875
4156,0.47265625
4157,0.56640625
4158,0.52734375
4159,0.46875
4160,0.45703125
4161,0.46875
4162,0.5234375
4163,0.51171875
4164,0.53515625
4165,0.4453125
4166,0.47265625
4167,0.54296875
4168,0.4765625
4169,0.50390625
4170,0.546875
4171,0.48828125
4172,0.51953125
4173,0.53125
4174,0.50390625
4175,0.515625
4176,0.5078125
4177,0.51953125
4178,0.53125
4179,0.54296875
4180,0.421875
4181,0.52734375
4182,0.515625
4183,0.51953125
4184,0.46875
4185,0.5390625
4186,0.453125
4187,0.546875
4188,0.484375
4189,0.4921875
4190,0.55859375
4191,0.51953125
4192,0.50390625
4193,0.5390625
4194,0.48828125
4195,0.484375
4196,0.4453125
4197,0.515625
4198,0.515625
4199,0.4765625
4200,0.46875
4201,0.4765625
4202,0.484375
4203,0.56640625
4204,0.421875
4205,0.5234375
4206,0.4453125
4207,0.484375
4208,0.55078125
4209,0.546875
4210,0.45703125
4211,0.55078125
4212,0.5
4213,0.50390625
4214,0.58203125
4215,0.5234375
4216,0.5
4217,0.52734375
4218,0.51953125
4219,0.55859375
4220,0.4765625
4221,0.5078125
4222,0.43359375
4223,0.53125
4224,0.55859375
4225,0.52734375
4226,0.46875
4227,0.4609375
4228,0.52734375
4229,0.49609375
4230,0.48828125
4231,0.52734375
4232,0.47265625
4233,0.45703125
4234,0.56640625
4235,0.5078125
4236,0.48046875
4237,0.48828125
4238,0.52734375
4239,0.5703125
4240,0.5
4241,0.47265625
4242,0.57421875
4243,0.53515625
4244,0.54296875
4245,0.51171875
4246,0.484375
4247,0.53515625
4248,0.4765625
4249,0.48046875
4250,0.48046875
4251,0.421875
4252,0.421875
4253,0.51171875
4254,0.46875
4255,0.45703125
4256,0.47265625
4257,0.421875
4258,0.4609375
4259,0.53515625
4260,0.453125
4261,0.5078125
4262,0.46875
4263,0.48046875
4264,0.45703125
4265,0.46484375
4266,0.43359375
4267,0.5234375
4268,0.51953125
4269,0.46875
4270,0.47265625
4271,0.53515625
4272,0.4453125
4273,0.55859375
4274,0.5078125
4275,0.4921875
4276,0.5
4277,0.33984375
4278,0.54296875
4279,0.58984375
4280,0.4765625
4281,0.578125
4282,0.5
4283,0.5234375
4284,0.52734375
4285,0.50390625
4286,0.43359375
4287,0.48046875
4288,0.44140625
4289,0.51953125
4290,0.52734375
4291,0.50390625
4292,0.515625
4293,0.515625
4294,0.5078125
4295,0.42578125
4296,0.50390625
4297,0.49609375
4298,0.4765625
4299,0.40234375
4300,0.44140625
4301,0.57421875
4302,0.50390625
4303,0.54296875
4304,0.48828125
4305,0.46484375
4306,0.484375
4307,0.5078125
4308,0.5234375
4309,0.51953125
4310,0.4453125
4311,0.58203125
4312,0.5703125
4313,0.53125
4314,0.453125
4315,0.54296875
4316,0.51171875
4317,0.5078125
4318,0.52734375
4319,0.50390625
4320,0.50390625
4321,0.50390625
4322,0.46875
4323,0.4453125
4324,0.5625
4325,0.52734375
4326,0.48046875
4327,0.4296875
4328,0.5703125
4329,0.52734375
4330,0.5078125
4331,0.52734375
4332,0.5234375
4333,0.5078125
4334,0.52734375
4335,0.4765625
4336,0.49609375
4337,0.52734375
4338,0.453125
4339,0.5234375
4340,0.5546875
4341,0.4609375
4342,0.5390625
4343,0.578125
4344,0.59375
4345,0.4765625
4346,0.50390625
4347,0.515625
4348,0.52734375
4349,0.55078125
4350,0.5546875
4351,0.46875
4352,0.4921875
4353,0.5078125
4354,0.4609375
4355,0.484375
4356,0.51953125
4357,0.50390625
4358,0.4609375
4359,0.48046875
4360,0.5078125
4361,0.453125
4362,0.47265625
4363,0.53125
4364,0.48828125
4365,0.46484375
4366,0.49609375
4367,0.49609375
4368,0.55078125
4369,0.56640625
4370,0.59375
4371,0.453125
4372,0.44140625
4373,0.50390625
4374,0.484375
4375,0.48046875
4376,0.45703125
4377,0.53125
4378,0.52734375
4379,0.53125
4380,0.4765625
4381,0.47265625
4382,0.50390625
4383,0.38671875
4384,0.40625
4385,0.53515625
4386,0.4921875
4387,0.5625
4388,0.48828125
4389,0.5234375
4390,0.50390625
4391,0.46484375
4392,0.453125
4393,0.5546875
4394,0.48046875
4395,0.59375
4396,0.49609375
4397,0.5234375
4398,0.44140625
4399,0.515625
4400,0.51171875
4401,0.578125
4402,0.5
4403,0.4765625
4404,0.5390625
4405,0.51953125
4406,0.4375
4407,0.51171875
4408,0.46875
4409,0.4609375
4410,0.53125
4411,0.453125
4412,0.50390625
4413,0.46484375
4414,0.50390625
4415,0.46875
4416,0.546875
4417,0.46484375
4418,0.4375
4419,0.41796875
4420,0.51171875
4421,0.484375
4422,0.484375
4423,0.5390625
4424,0.46875
4425,0.4609375
4426,0.5390625
4427,0.484375
4428,0.515625
4429,0.5078125
4430,0.47265625
4431,0.55078125
4432,0.5390625
4433,0.5625
4434,0.55859375
4435,0.48046875
4436,0.48828125
4437,0.56640625
4438,0.5703125
4439,0.44140625
4440,0.421875
4441,0.54296875
4442,0.52734375
4443,0.515625
4444,0.5234375
4445,0.484375
4446,0.55078125
4447,0.4765625
4448,0.49609375
4449,0.484375
4450,0.64453125
4451,0.57421875
4452,0.55859375
4453,0.50390625
4454,0.45703125
4455,0.53515625
4456,0.41796875
4457,0.4921875
4458,0.5390625
4459,0.4921875
4460,0.48046875
4461,0.5078125
4462,0.53125
4463,0.4140625
4464,0.56640625
4465,0.5078125
4466,0.4453125
4467,0.5
4468,0.421875
4469,0.53515625
4470,0.4921875
4471,0.41015625
4472,0.5625
4473,0.5234375
4474,0.56640625
4475,0.453125
4476,0.453125
4477,0.48046875
4478,0.4609375
4479,0.4921875
4480,0.5
4481,0.56640625
4482,0.421875
4483,0.48046875
4484,0.50390625
4485,0.52734375
4486,0.5234375
4487,0.52734375
4488,0.54296875
4489,0.48828125
4490,0.4921875
4491,0.5
4492,0.51171875
4493,0.5234375
4494,0.48828125
4495,0.515625
4496,0.52734375
4497,0.5
4498,0.5390625
4499,0.4140625
4500,0.4453125
4501,0.44921875
4502,0.53125
4503,0.5078125
4504,0.5078125
4505,0.578125
4506,0.44921875
4507,0.53125
4508,0.515625
4509,0.48828125
4510,0.54296875
4511,0.45703125
4512,0.51171875
4513,0.50390625
4514,0.5703125
4515,0.41015625
4516,0.47265625
4517,0.46875
4518,0.4375
4519,0.4296875
4520,0.5078125
4521,0.48828125
4522,0.453125
4523,0.48828125
4524,0.56640625
4525,0.44921875
4526,0.4375
4527,0.49609375
4528,0.53515625
4529,0.48046875
4530,0.4453125
4531,0.4921875
4532,0.6015625
4533,0.515625
4534,0.515625
4535,0.51953125
4536,0.421875
4537,0.5625
4538,0.44921875
4539,0.51171875
4540,0.484375
4541,0.5
4542,0.56640625
4543,0.5234375
4544,0.515625
4545,0.44921875
4546,0.53515625
4547,0.4921875
4548,0.546875
4549,0.4765625
4550,0.4921875
4551,0.5390625
4552,0.58203125
4553,0.5234375
4554,0.40625
4555,0.46875
4556,0.48828125
4557,0.44921875
4558,0.5234375
4559,0.4921875
4560,0.45703125
4561,0.50390625
4562,0.4609375
4563,0.484375
4564,0.5
4565,0.57421875
4566,0.515625
4567,0.48046875
4568,0.48828125
4569,0.453125
4570,0.5703125
4571,0.5390625
4572,0.51171875
4573,0.48828125
4574,0.58984375
4575,0.47265625
4576,0.45703125
4577,0.58203125
4578,0.4765625
4579,0.48828125
4580,0.5
4581,0.50390625
4582,0.48828125
4583,0.53125
4584,0.42578125
4585,0.48046875
4586,0.48828125
4587,0.48046875
4588,0.49609375
4589,0.5
4590,0.54296875
4591,0.49609375
4592,0.48828125
4593,0.46875
4594,0.53125
4595,0.5
4596,0.46484375
4597,0.53125
4598,0.515625
4599,0.52734375
4600,0.4609375
4601,0.546875
4602,0.5625
4603,0.44140625
4604,0.46484375
4605,0.5
4606,0.55859375
4607,0.42578125
4608,0.48828125
4609,0.42578125
4610,0.578125
4611,0.5546875
4612,0.546875
4613,0.45703125
4614,0.44921875
4615,0.453125
4616,0.50390625
4617,0.51953125
4618,0.55078125
4619,0.49609375
4620,0.53125
4621,0.515625
4622,0.50390625
4623,0.53515625
4624,0.5234375
4625,0.54296875
4626,0.5
4627,0.5625
4628,0.4453125
4629,0.45703125
4630,0.4921875
4631,0.484375
4632,0.50390625
4633,0.5
4634,0.484375
4635,0.49609375
4636,0.5390625
4637,0.40234375
4638,0.5390625
4639,0.578125
4640,0.46875
4641,0.5
4642,0.453125
4643,0.51171875
4644,0.48828125
4645,0.44140625
4646,0.5546875
4647,0.48046875
4648,0.5
4649,0.47265625
4650,0.53125
4651,0.484375
4652,0.4609375
4653,0.515625
4654,0.46875
4655,0.48046875
4656,0.546875
4657,0.4921875
4658,0.5
4659,0.54296875
4660,0.53125
4661,0.50390625
4662,0.546875
4663,0.515625
4664,0.51953125
4665,0.55078125
4666,0.48828125
4667,0.53125
4668,0.4375
4669,0.51171875
4670,0.546875
4671,0.45703125
4672,0.4921875
4673,0.52734375
4674,0.515625
4675,0.4765625
4676,0.4765625
4677,0.4765625
4678,0.46875
4679,0.49609375
4680,0.48828125
4681,0.625
4682,0.47265625
4683,0.42578125
4684,0.50390625
4685,0.5078125
4686,0.53515625
4687,0.50390625
4688,0.54296875
4689,0.5390625
4690,0.546875
4691,0.5078125
4692,0.5390625
4693,0.5
4694,0.4921875
4695,0.51171875
4696,0.53125
4697,0.48046875
4698,0.49609375
4699,0.5
4700,0.50390625
4701,0.54296875
4702,0.4453125
4703,0.4453125
4704,0.5234375
4705,0.4453125
4706,0.5078125
4707,0.53125
4708,0.5234375
4709,0.484375
4710,0.41796875
4711,0.51171875
4712,0.52734375
4713,0.46484375
4714,0.4609375
4715,0.44140625
4716,0.546875
4717,0.5390625
4718,0.515625
4719,0.4921875
4720,0.46484375
4721,0.453125
4722,0.46875
4723,0.53125
4724,0.53515625
4725,0.48828125
4726,0.5390625
4727,0.3984375
4728,0.6015625
4729,0.49609375
4730,0.51171875
4731,0.51171875
4732,0.5
4733,0.51953125
4734,0.5078125
4735,0.47265625
4736,0.49609375
4737,0.44921875
4738,0.53515625
4739,0.51953125
4740,0.51953125
4741,0.46484375
4742,0.50390625
4743,0.51953125
4744,0.5703125
4745,0.5390625
4746,0.4375
4747,0.47265625
4748,0.46484375
4749,0.48828125
4750,0.5390625
4751,0.53125
4752,0.53125
4753,0.4921875
4754,0.46875
4755,0.51953125
4756,0.44140625
4757,0.50390625
4758,0.50390625
4759,0.484375
4760,0.4609375
4761,0.515625
4762,0.49609375
4763,0.56640625
4764,0.55859375
4765,0.5546875
4766,0.453125
4767,0.5
4768,0.484375
4769,0.5
4770,0.49609375
4771,0.48046875
4772,0.5
4773,0.4921875
4774,0.49609375
4775,0.5859375
4776,0.4921875
4777,0.515625
4778,0.48828125
4779,0.5078125
4780,0.45703125
4781,0.5625
4782,0.5546875
4783,0.53125
4784,0.49609375
4785,0.56640625
4786,0.47265625
4787,0.51171875
4788,0.48046875
4789,0.5546875
4790,0.57421875
4791,0.53515625
4792,0.50390625
4793,0.53125
4794,0.51953125
4795,0.4921875
4796,0.53125
4797,0.5
4798,0.55859375
4799,0.48046875
4800,0.5078125
4801,0.48828125
4802,0.48046875
4803,0.43359375
4804,0.55859375
4805,0.5625
4806,0.4765625
4807,0.4765625
4808,0.5
4809,0.54296875
4810,0.57421875
4811,0.51953125
4812,0.48046875
4813,0.48828125
4814,0.52734375
4815,0.53515625
4816,0.45703125
4817,0.46484375
4818,0.5078125
4819,0.5234375
4820,0.4765625
4821,0.484375
4822,0.44921875
4823,0.484375
4824,0.546875
4825,0.5625
4826,0.4375
4827,0.49609375
4828,0.48046875
4829,0.51171875
4830,0.55859375
4831,0.515625
4832,0.5078125
4833,0.48828125
4834,0.51953125
4835,0.41015625
4836,0.53515625
4837,0.51953125
4838,0.484375
4839,0.46875
4840,0.47265625
4841,0.46875
4842,0.4921875
4843,0.51171875
4844,0.52734375
4845,0.5234375
4846,0.5390625
4847,0.5625
4848,0.5078125
4849,0.609375
4850,0.48046875
4851,0.453125
4852,0.515625
4853,0.46875
4854,0.515625
4855,0.5234375
4856,0.46875
4857,0.55859375
4858,0.5390625
4859,0.44921875
4860,0.546875
4861,0.50390625
4862,0.4453125
4863,0.5390625
4864,0.49609375
4865,0.48828125
4866,0.484375
4867,0.515625
4868,0.48828125
4869,0.51953125
4870,0.4765625
4871,0.5
4872,0.4296875
4873,0.48046875
4874,0.53125
4875,0.484375
4876,0.4765625
4877,0.453125
4878,0.4453125
4879,0.48828125
4880,0.50390625
4881,0.51171875
4882,0.46875
4883,0.4296875
4884,0.53125
4885,0.54296875
4886,0.44921875
4887,0.53515625
4888,0.49609375
4889,0.45703125
4890,0.48828125
4891,0.41796875
4892,0.4921875
4893,0.5
4894,0.5234375
4895,0.44921875
4896,0.546875
4897,0.5078125
4898,0.5390625
4899,0.50390625
4900,0.4921875
4901,0.48828125
4902,0.52734375
4903,0.5703125
4904,0.53125
4905,0.46484375
4906,0.45703125
4907,0.5546875
4908,0.50390625
4909,0.5
4910,0.4453125
4911,0.46484375
4912,0.54296875
4913,0.53515625
4914,0.53515625
4915,0.5546875
4916,0.47265625
4917,0.484375
4918,0.5625
4919,0.44921875
4920,0.52734375
4921,0.5
4922,0.40625
4923,0.5390625
4924,0.5234375
4925,0.5234375
4926,0.47265625
4927,0.421875
4928,0.45703125
4929,0.57421875
4930,0.53125
4931,0.421875
4932,0.5546875
4933,0.46484375
4934,0.5390625
4935,0.5546875
4936,0.46484375
4937,0.5546875
4938,0.4296875
4939,0.5703125
4940,0.44921875
4941,0.48046875
4942,0.55078125
4943,0.4765625
4944,0.546875
4945,0.453125
4946,0.46484375
4947,0.4765625
4948,0.4765625
4949,0.5859375
4950,0.484375
4951,0.54296875
4952,0.4609375
4953,0.5234375
4954,0.45703125
4955,0.515625
4956,0.4765625
4957,0.51171875
4958,0.546875
4959,0.53515625
4960,0.5234375
4961,0.46484375
4962,0.4765625
4963,0.46484375
4964,0.53515625
4965,0.47265625
4966,0.54296875
4967,0.49609375
4968,0.51953125
4969,0.53515625
4970,0.4921875
4971,0.55078125
4972,0.55859375
4973,0.4921875
4974,0.46484375
4975,0.4921875
4976,0.4921875
4977,0.50390625
4978,0.421875
4979,0.53125
4980,0.42578125
4981,0.46875
4982,0.42578125
4983,0.5625
4984,0.4609375
4985,0.52734375
4986,0.53515625
4987,0.46875
4988,0.5390625
4989,0.46875
4990,0.49609375
4991,0.52734375
4992,0.53515625
4993,0.51171875
4994,0.5234375
4995,0.55078125
4996,0.484375
4997,0.4140625
4998,0.5625
4999,0.4609375
5000,0.47265625
5001,0.44921875
5002,0.4609375
5003,0.4921875
5004,0.53515625
5005,0.55859375
5006,0.56640625
5007,0.515625
5008,0.53125
5009,0.53515625
5010,0.4921875
5011,0.48828125
5012,0.51953125
5013,0.5078125
5014,0.546875
5015,0.484375
5016,0.51171875
5017,0.47265625
5018,0.58984375
5019,0.56640625
5020,0.5234375
5021,0.54296875
5022,0.57421875
5023,0.4296875
5024,0.4140625
5025,0.47265625
5026,0.42578125
5027,0.52734375
5028,0.4765625
5029,0.484375
5030,0.53515625
5031,0.515625
5032,0.4375
5033,0.53515625
5034,0.4375
5035,0.45703125
5036,0.484375
5037,0.46875
5038,0.4453125
5039,0.42578125
5040,0.51953125
5041,0.5
5042,0.5
5043,0.4765625
5044,0.5625
5045,0.4609375
5046,0.54296875
5047,0.4609375
5048,0.44140625
5049,0.54296875
5050,0.50390625
5051,0.46484375
5052,0.49609375
5053,0.4609375
5054,0.45703125
5055,0.5390625
5056,0.546875
5057,0.52734375
5058,0.5234375
5059,0.5
5060,0.58203125
5061,0.52734375
5062,0.5703125
5063,0.5546875
5064,0.47265625
5065,0.4921875
5066,0.5703125
5067,0.49609375
5068,0.515625
5069,0.58203125
5070,0.45703125
5071,0.5078125
5072,0.5
5073,0.4453125
5074,0.51953125
5075,0.4296875
5076,0.51953125
5077,0.5390625
5078,0.43359375
5079,0.42578125
5080,0.6171875
5081,0.4453125
5082,0.5234375
5083,0.47265625
5084,0.51171875
5085,0.51171875
5086,0.48828125
5087,0.44921875
5088,0.54296875
5089,0.484375
5090,0.51953125
5091,0.4921875
5092,0.43359375
5093,0.4609375
5094,0.44921875
5095,0.390625
5096,0.45703125
5097,0.5
5098,0.546875
5099,0.44921875
5100,0.53515625
5101,0.4609375
5102,0.484375
5103,0.453125
5104,0.515625
5105,0.47265625
5106,0.51171875
5107,0.5
5108,0.56640625
5109,0.46484375
5110,0.4296875
5111,0.4296875
5112,0.50390625
5113,0.51953125
5114,0.50390625
5115,0.41796875
5116,0.5
5117,0.55078125
5118,0.45703125
5119,0.51171875
5120,0.5390625
5121,0.51953125
5122,0.51171875
5123,0.578125
5124,0.47265625
5125,0.46484375
5126,0.53515625
5127,0.4609375
5128,0.484375
5129,0.58984375
5130,0.51171875
5131,0.47265625
5132,0.4453125
5133,0.43359375
5134,0.53125
5135,0.44921875
5136,0.453125
5137,0.51953125
5138,0.484375
5139,0.50390625
5140,0.48828125
5141,0.48046875
5142,0.55078125
5143,0.4765625
5144,0.4609375
5145,0.50390625
5146,0.55859375
5147,0.4609375
5148,0.48828125
5149,0.5
5150,0.515625
5151,0.515625
5152,0.5546875
5153,0.515625
5154,0.55078125
5155,0.53125
5156,0.51171875
5157,0.45703125
5158,0.515625
5159,0.50390625
5160,0.47265625
5161,0.59765625
5162,0.453125
5163,0.4921875
5164,0.546875
5165,0.53125
5166,0.53125
5167,0.4140625
5168,0.546875
5169,0.515625
5170,0.4765625
5171,0.47265625
5172,0.55859375
5173,0.52734375
5174,0.515625
5175,0.4765625
5176,0.48046875
5177,0.50390625
5178,0.51171875
5179,0.5
5180,0.50390625
5181,0.5234375
5182,0.53515625
5183,0.51171875
5184,0.4921875
5185,0.48046875
5186,0.50390625
5187,0.546875
5188,0.50390625
5189,0.4609375
5190,0.5078125
5191,0.5390625
5192,0.4921875
5193,0.53515625
5194,0.46875
5195,0.484375
5196,0.4375
5197,0.48828125
5198,0.484375
5199,0.5234375
5200,0.4765625
5201,0.60546875
5202,0.50390625
5203,0.45703125
5204,0.5078125
5205,0.5078125
5206,0.546875
5207,0.4765625
5208,0.4453125
5209,0.50390625
5210,0.55078125
5211,0.47265625
5212,0.484375
5213,0.55078125
5214,0.47265625
5215,0.484375
5216,0.44140625
5217,0.5703125
5218,0.45703125
5219,0.4609375
5220,0.49609375
5221,0.52734375
5222,0.47265625
5223,0.5234375
5224,0.47265625
5225,0.50390625
5226,0.4296875
5227,0.47265625
5228,0.48046875
5229,0.47265625
5230,0.51171875
5231,0.44921875
5232,0.453125
5233,0.5390625
5234,0.55078125
5235,0.4921875
5236,0.44140625
5237,0.46484375
5238,0.50390625
5239,0.58984375
5240,0.53515625
5241,0.52734375
5242,0.46875
5243,0.484375
5244,0.45703125
5245,0.46875
5246,0.4765625
5247,0.44921875
5248,0.48828125
5249,0.47265625
5250,0.44140625
5251,0.40234375
5252,0.515625
5253,0.4921875
5254,0.53515625
5255,0.51953125
5256,0.5078125
5257,0.55078125
5258,0.48828125
5259,0.4765625
5260,0.50390625
5261,0.53125
5262,0.515625
5263,0.53515625
5264,0.5078125
5265,0.48046875
5266,0.4921875
5267,0.46484375
5268,0.49609375
5269,0.4453125
5270,0.41796875
5271,0.4765625
5272,0.5546875
5273,0.57421875
5274,0.53515625
5275,0.5
5276,0.4765625
5277,0.4765625
5278,0.5234375
5279,0.47265625
5280,0.4921875
5281,0.37890625
5282,0.44140625
5283,0.53125
5284,0.5859375
5285,0.53515625
5286,0.4296875
5287,0.5390625
5288,0.5546875
5289,0.47265625
5290,0.45703125
5291,0.48828125
5292,0.53125
5293,0.56640625
5294,0.48828125
5295,0.5234375
5296,0.3984375
5297,0.51953125
5298,0.5546875
5299,0.49609375
5300,0.40625
5301,0.52734375
5302,0.5234375
5303,0.48046875
5304,0.484375
5305,0.52734375
5306,0.48046875
5307,0.5
5308,0.5390625
5309,0.55078125
5310,0.515625
5311,0.41796875
5312,0.57421875
5313,0.45703125
5314,0.484375
5315,0.56640625
5316,0.50390625
5317,0.53515625
5318,0.47265625
5319,0.4453125
5320,0.4921875
5321,0.52734375
5322,0.39453125
5323,0.55078125
5324,0.4375
5325,0.46484375
5326,0.48828125
5327,0.49609375
5328,0.4921875
5329,0.53125
5330,0.453125
5331,0.51171875
5332,0.4921875
5333,0.4609375
5334,0.46875
5335,0.4140625
5336,0.6328125
5337,0.4765625
5338,0.50390625
5339,0.51953125
5340,0.40234375
5341,0.52734375
5342,0.4609375
5343,0.46484375
5344,0.48046875
5345,0.54296875
5346,0.43359375
5347,0.4765625
5348,0.53125
5349,0.52734375
5350,0.4375
5351,0.52734375
5352,0.47265625
5353,0.4609375
5354,0.54296875
5355,0.4453125
5356,0.46484375
5357,0.515625
5358,0.546875
5359,0.5234375
5360,0.39453125
5361,0.51171875
5362,0.45703125
5363,0.54296875
5364,0.48828125
5365,0.53125
5366,0.4921875
5367,0.48046875
5368,0.5078125
5369,0.4921875
5370,0.54296875
5371,0.52734375
5372,0.4765625
5373,0.4375
5374,0.53125
5375,0.52734375
5376,0.50390625
5377,0.4921875
5378,0.53125
5379,0.4765625
5380,0.53125
5381,0.47265625
5382,0.484375
5383,0.4921875
5384,0.5390625
5385,0.50390625
5386,0.4296875
5387,0.43359375
5388,0.48046875
5389,0.53515625
5390,0.51171875
5391,0.46875
5392,0.4921875
5393,0.55078125
5394,0.43359375
5395,0.4765625
5396,0.55859375
5397,0.47265625
5398,0.50390625
5399,0.50390625
5400,0.47265625
5401,0.51953125
5402,0.48046875
5403,0.484375
5404,0.44921875
5405,0.49609375
5406,0.47265625
5407,0.55859375
5408,0.53125
5409,0.46875
5410,0.53125
5411,0.5390625
5412,0.50390625
5413,0.56640625
5414,0.453125
5415,0.54296875
5416,0.50390625
5417,0.46484375
5418,0.484375
5419,0.51953125
5420,0.44921875
5421,0.5546875
5422,0.421875
5423,0.4921875
5424,0.56640625
5425,0.4609375
5426,0.4765625
5427,0.44921875
5428,0.515625
5429,0.5078125
5430,0.52734375
5431,0.4375
5432,0.4296875
5433,0.4921875
5434,0.4609375
5435,0.50390625
5436,0.60546875
5437,0.53125
5438,0.5
5439,0.515625
5440,0.48046875
5441,0.546875
5442,0.5625
5443,0.5078125
5444,0.5078125
5445,0.4296875
5446,0.5078125
5447,0.4765625
5448,0.5234375
5449,0.48046875
5450,0.41796875
5451,0.515625
5452,0.51171875
5453,0.44140625
5454,0.47265625
5455,0.5078125
5456,0.4921875
5457,0.5234375
5458,0.52734375
5459,0.46484375
5460,0.5078125
5461,0.55078125
5462,0.51171875
5463,0.5625
5464,0.46484375
5465,0.51953125
5466,0.38671875
5467,0.52734375
5468,0.5
5469,0.4765625
5470,0.58984375
5471,0.5
5472,0.53515625
5473,0.50390625
5474,0.52734375
5475,0.5390625
5476,0.44140625
5477,0.54296875
5478,0.50390625
5479,0.4921875
5480,0.5546875
5481,0.5078125
5482,0.48046875
5483,0.4609375
5484,0.50390625
5485,0.53125
5486,0.46875
5487,0.52734375
5488,0.48828125
5489,0.4921875
5490,0.4921875
5491,0.5078125
5492,0.52734375
5493,0.46484375
5494,0.49609375
5495,0.47265625
5496,0.4375
5497,0.44140625
5498,0.53125
5499,0.5234375
5500,0.44921875
5501,0.484375
5502,0.46484375
5503,0.49609375
5504,0.4609375
5505,0.47265625
5506,0.4765625
5507,0.53515625
5508,0.51171875
5509,0.5703125
5510,0.5859375
5511,0.51171875
5512,0.5234375
5513,0.53125
5514,0.484375
5515,0.515625
5516,0.5703125
5517,0.5234375
5518,0.51953125
5519,0.51171875
5520,0.453125
5521,0.51171875
5522,0.49609375
5523,0.484375
5524,0.5
5525,0.49609375
5526,0.4921875
5527,0.5234375
5528,0.484375
5529,0.5078125
5530,0.51953125
5531,0.46484375
5532,0.484375
5533,0.4921875
5534,0.5859375
5535,0.3671875
5536,0.47265625
5537,0.46875
5538,0.49609375
5539,0.58984375
5540,0.50390625
5541,0.4921875
5542,0.4765625
5543,0.46484375
5544,0.4453125
5545,0.49609375
5546,0.52734375
5547,0.50390625
5548,0.5234375
5549,0.44140625
5550,0.484375
5551,0.4921875
5552,0.4375
5553,0.45703125
5554,0.5
5555,0.6015625
5556,0.51171875
5557,0.50390625
5558,0.48828125
5559,0.5234375
5560,0.421875
5561,0.61328125
5562,0.5703125
5563,0.44921875
5564,0.44140625
5565,0.51171875
5566,0.49609375
5567,0.4375
5568,0.5
5569,0.44921875
5570,0.5
5571,0.4765625
5572,0.4609375
5573,0.51171875
5574,0.5
5575,0.4765625
5576,0.4765625
5577,0.453125
5578,0.53515625
5579,0.50390625
5580,0.44921875
5581,0.52734375
5582,0.55078125
5583,0.5078125
5584,0.55078125
5585,0.41796875
5586,0.47265625
5587,0.4921875
5588,0.46484375
5589,0.44140625
5590,0.50390625
5591,0.48046875
5592,0.40625
5593,0.4765625
5594,0.53125
5595,0.546875
5596,0.43359375
5597,0.3984375
5598,0.4921875
5599,0.484375
5600,0.484375
5601,0.4765625
5602,0.55078125
5603,0.45703125
5604,0.5234375
5605,0.5390625
5606,0.515625
5607,0.484375
5608,0.40625
5609,0.578125
5610,0.48046875
5611,0.4453125
5612,0.55078125
5613,0.55859375
5614,0.46484375
5615,0.46484375
5616,0.4609375
5617,0.47265625
5618,0.55078125
5619,0.55859375
5620,0.44921875
5621,0.58984375
5622,0.515625
5623,0.48046875
5624,0.49609375
5625,0.50390625
5626,0.48046875
5627,0.4765625
5628,0.50390625
5629,0.51171875
5630,0.53515625
5631,0.4921875
5632,0.5078125
5633,0.5390625
5634,0.5
5635,0.48828125
5636,0.5078125
5637,0.5390625
5638,0.5078125
5639,0.5
5640,0.4921875
5641,0.44921875
5642,0.53125
5643,0.5234375
5644,0.5390625
5645,0.47265625
5646,0.484375
5647,0.51953125
5648,0.50390625
5649,0.43359375
5650,0.50390625
5651,0.5
5652,0.48828125
5653,0.5859375
5654,0.546875
5655,0.45703125
5656,0.515625
5657,0.57421875
5658,0.5390625
5659,0.5234375
5660,0.3984375
5661,0.53125
5662,0.53125
5663,0.546875
5664,0.56640625
5665,0.4140625
5666,0.48046875
5667,0.515625
5668,0.453125
5669,0.4375
5670,0.453125
5671,0.43359375
5672,0.43359375
5673,0.578125
5674,0.49609375
5675,0.6015625
5676,0.55078125
5677,0.50390625
5678,0.484375
5679,0.49609375
5680,0.5234375
5681,0.5390625
5682,0.54296875
5683,0.45703125
5684,0.453125
5685,0.4609375
5686,0.47265625
5687,0.57421875
5688,0.55078125
5689,0.44921875
5690,0.46875
5691,0.55859375
5692,0.48046875
5693,0.5
5694,0.48046875
5695,0.46875
5696,0.51953125
5697,0.54296875
5698,0.4921875
5699,0.4375
5700,0.5390625
5701,0.59375
5702,0.58203125
5703,0.46484375
5704,0.45703125
5705,0.5625
5706,0.48046875
5707,0.515625
5708,0.49609375
5709,0.5078125
5710,0.5078125
5711,0.5234375
5712,0.4609375
5713,0.48046875
5714,0.5078125
5715,0.4921875
5716,0.51953125
5717,0.50390625
5718,0.51171875
5719,0.44140625
5720,0.5
5721,0.4296875
5722,0.55859375
5723,0.51953125
5724,0.4921875
5725,0.49609375
5726,0.51953125
5727,0.50390625
5728,0.46484375
5729,0.47265625
5730,0.4375
5731,0.4921875
5732,0.45703125
5733,0.4375
5734,0.50390625
5735,0.42578125
5736,0.5
5737,0.41796875
5738,0.48046875
5739,0.5
5740,0.515625
5741,0.54296875
5742,0.58984375
5743,0.48046875
5744,0.453125
5745,0.50390625
5746,0.44921875
5747,0.5078125
5748,0.484375
5749,0.53515625
5750,0.4609375
5751,0.4453125
5752,0.546875
5753,0.4765625
5754,0.4765625
5755,0.4921875
5756,0.55078125
5757,0.41015625
5758,0.5390625
5759,0.53515625
5760,0.54296875
5761,0.43359375
5762,0.48828125
5763,0.5625
5764,0.46484375
5765,0.51171875
5766,0.484375
5767,0.484375
5768,0.41796875
5769,0.55078125
5770,0.41796875
5771,0.4375
5772,0.44140625
5773,0.5078125
5774,0.421875
5775,0.48046875
5776,0.5234375
5777,0.52734375
5778,0.46875
5779,0.44921875
5780,0.48828125
5781,0.47265625
5782,0.46484375
5783,0.5546875
5784,0.51171875
5785,0.4140625
5786,0.38671875
5787,0.55859375
5788,0.4921875
5789,0.51171875
5790,0.48046875
5791,0.5546875
5792,0.453125
5793,0.52734375
5794,0.54296875
5795,0.51171875
5796,0.46484375
5797,0.515625
5798,0.42578125
5799,0.50390625
5800,0.47265625
5801,0.5546875
5802,0.421875
5803,0.5078125
5804,0.4609375
5805,0.4765625
5806,0.5234375
5807,0.5
5808,0.47265625
5809,0.56640625
5810,0.54296875
5811,0.51171875
5812,0.52734375
5813,0.5234375
5814,0.53515625
5815,0.53515625
5816,0.4921875
5817,0.546875
5818,0.546875
5819,0.45703125
5820,0.47265625
5821,0.5625
5822,0.44140625
5823,0.5625
5824,0.50390625
5825,0.484375
5826,0.51171875
5827,0.55078125
5828,0.5078125
5829,0.45703125
5830,0.53125
5831,0.5
5832,0.515625
5833,0.5
5834,0.453125
5835,0.50390625
5836,0.46875
5837,0.53515625
5838,0.48046875
5839,0.4921875
5840,0.4453125
5841,0.58984375
5842,0.5390625
5843,0.46484375
5844,0.4921875
5845,0.53125
5846,0.5
5847,0.484375
5848,0.4765625
5849,0.421875
5850,0.4609375
5851,0.5625
5852,0.515625
5853,0.4765625
5854,0.5234375
5855,0.578125
5856,0.4375
5857,0.5546875
5858,0.515625
5859,0.5
5860,0.4765625
5861,0.4921875
5862,0.515625
5863,0.48828125
5864,0.4921875
5865,0.49609375
5866,0.53515625
5867,0.515625
5868,0.51953125
5869,0.515625
5870,0.44921875
5871,0.47265625
5872,0.5625
5873,0.4609375
5874,0.51953125
5875,0.53125
5876,0.5
5877,0.48828125
5878,0.55859375
5879,0.515625
5880,0.4765625
5881,0.5078125
5882,0.40625
5883,0.5
5884,0.51171875
5885,0.44921875
5886,0.47265625
5887,0.48046875
5888,0.515625
5889,0.48046875
5890,0.3984375
5891,0.53515625
5892,0.51171875
5893,0.453125
5894,0.49609375
5895,0.5625
5896,0.46875
5897,0.4453125
5898,0.49609375
5899,0.5390625
5900,0.47265625
5901,0.53515625
5902,0.41015625
5903,0.4765625
5904,0.453125
5905,0.49609375
5906,0.53515625
5907,0.40234375
5908,0.54296875
5909,0.55078125
5910,0.5
5911,0.5
5912,0.47265625
5913,0.5
5914,0.4453125
5915,0.50390625
5916,0.4609375
5917,0.421875
5918,0.47265625
5919,0.55078125
5920,0.4765625
5921,0.54296875
5922,0.546875
5923,0.44921875
5924,0.51171875
5925,0.4921875
5926,0.51953125
5927,0.50390625
5928,0.5703125
5929,0.4765625
5930,0.48828125
5931,0.50390625
5932,0.421875
5933,0.5
5934,0.515625
5935,0.4765625
5936,0.56640625
5937,0.53125
5938,0.46484375
5939,0.5703125
5940,0.5234375
5941,0.55078125
5942,0.47265625
5943,0.45703125
5944,0.54296875
5945,0.49609375
5946,0.484375
5947,0.4453125
5948,0.48828125
5949,0.53125
5950,0.515625
5951,0.4609375
5952,0.46484375
5953,0.48046875
5954,0.4453125
5955,0.53125
5956,0.5390625
5957,0.4765625
5958,0.40234375
5959,0.48828125
5960,0.4453125
5961,0.55078125
5962,0.46875
5963,0.47265625
5964,0.515625
5965,0.50390625
5966,0.55078125
5967,0.5546875
5968,0.51171875
5969,0.5078125
5970,0.40625
5971,0.50390625
5972,0.515625
5973,0.515625
5974,0.390625
5975,0.46484375
5976,0.46875
5977,0.5390625
5978,0.4921875
5979,0.51953125
5980,0.4765625
5981,0.484375
5982,0.59765625
5983,0.5625
5984,0.55078125
5985,0.4921875
5986,0.51171875
5987,0.4765625
5988,0.45703125
5989,0.48046875
5990,0.48828125
5991,0.51171875
5992,0.58984375
5993,0.4609375
5994,0.515625
5995,0.484375
5996,0.5234375
5997,0.51171875
5998,0.4609375
5999,0.5
6000,0.49609375
6001,0.46875
6002,0.49609375
6003,0.50390625
6004,0.49609375
6005,0.44140625
6006,0.48046875
6007,0.48046875
6008,0.484375
6009,0.48828125
6010,0.5
6011,0.58203125
6012,0.57421875
6013,0.53515625
6014,0.4921875
6015,0.515625
6016,0.44921875
6017,0.51171875
6018,0.4296875
6019,0.4765625
6020,0.484375
6021,0.5390625
6022,0.546875
6023,0.4921875
6024,0.44140625
6025,0.5234375
6026,0.4296875
6027,0.55078125
6028,0.58984375
6029,0.5
6030,0.47265625
6031,0.53125
6032,0.52734375
6033,0.56640625
6034,0.53515625
6035,0.5390625
6036,0.484375
6037,0.6328125
6038,0.50390625
6039,0.5
6040,0.52734375
6041,0.46875
6042,0.48828125
6043,0.5
6044,0.546875
6045,0.54296875
6046,0.5859375
6047,0.49609375
6048,0.5
6049,0.57421875
6050,0.5625
6051,0.51953125
6052,0.52734375
6053,0.47265625
6054,0.5078125
6055,0.484375
6056,0.47265625
6057,0.4296875
6058,0.4765625
6059,0.4453125
6060,0.46875
6061,0.453125
6062,0.44140625
6063,0.49609375
6064,0.46484375
6065,0.5546875
6066,0.484375
6067,0.578125
6068,0.44140625
6069,0.5234375
6070,0.48828125
6071,0.5
6072,0.49609375
6073,0.51953125
6074,0.515625
6075,0.4921875
6076,0.54296875
6077,0.57421875
6078,0.42578125
6079,0.5234375
6080,0.41796875
6081,0.52734375
6082,0.4921875
6083,0.5390625
6084,0.46484375
6085,0.5078125
6086,0.5078125
6087,0.46484375
6088,0.515625
6089,0.51953125
6090,0.49609375
6091,0.4765625
6092,0.5
6093,0.50390625
6094,0.49609375
6095,0.546875
6096,0.50390625
6097,0.50390625
6098,0.51953125
6099,0.46484375
6100,0.5390625
6101,0.53125
6102,0.5234375
6103,0.5
6104,0.5546875
6105,0.5625
6106,0.44140625
6107,0.44140625
6108,0.50390625
6109,0.4453125
6110,0.49609375
6111,0.51953125
6112,0.51953125
6113,0.6015625
6114,0.53125
6115,0.5078125
6116,0.4375
6117,0.48046875
6118,0.515625
6119,0.5390625
6120,0.48828125
6121,0.546875
6122,0.52734375
6123,0.55859375
6124,0.5234375
6125,0.46484375
6126,0.42578125
6127,0.5078125
6128,0.4921875
6129,0.5078125
6130,0.47265625
6131,0.4453125
6132,0.55859375
6133,0.52734375
6134,0.49609375
6135,0.4453125
6136,0.46875
6137,0.5078125
6138,0.55078125
6139,0.48046875
6140,0.5
6141,0.52734375
6142,0.4609375
6143,0.42578125
6144,0.53125
6145,0.53125
6146,0.53515625
6147,0.49609375
6148,0.50390625
6149,0.48046875
6150,0.515625
6151,0.546875
6152,0.48828125
6153,0.52734375
6154,0.5078125
6155,0.484375
6156,0.5078125
6157,0.5703125
6158,0.48046875
6159,0.51171875
6160,0.46484375
6161,0.53125
6162,0.46484375
6163,0.48046875
6164,0.45703125
6165,0.50390625
6166,0.52734375
6167,0.5390625
6168,0.4296875
6169,0.51171875
6170,0.48046875
6171,0.45703125
6172,0.484375
6173,0.4375
6174,0.51171875
6175,0.55859375
6176,0.51171875
6177,0.4609375
6178,0.42578125
6179,0.59375
6180,0.57421875
6181,0.50390625
6182,0.546875
6183,0.5
6184,0.5390625
6185,0.55859375
6186,0.4375
6187,0.45703125
6188,0.53125
6189,0.5078125
6190,0.48046875
6191,0.4375
6192,0.46875
6193,0.58203125
6194,0.46484375
6195,0.49609375
6196,0.51171875
6197,0.48046875
6198,0.5
6199,0.515625
6200,0.50390625
6201,0.46484375
6202,0.421875
6203,0.41796875
6204,0.5
6205,0.4453125
6206,0.5234375
6207,0.5078125
6208,0.546875
6209,0.51171875
6210,0.515625
6211,0.51171875
6212,0.484375
6213,0.4375
6214,0.47265625
6215,0.5625
6216,0.5390625
6217,0.53515625
6218,0.52734375
6219,0.546875
6220,0.48828125
6221,0.48046875
6222,0.53515625
6223,0.5
6224,0.5390625
6225,0.44921875
6226,0.46484375
6227,0.4453125
6228,0.46875
6229,0.52734375
6230,0.5234375
6231,0.5234375
6232,0.50390625
6233,0.53515625
6234,0.5859375
6235,0.4921875
6236,0.515625
6237,0.4765625
6238,0.55078125
6239,0.4453125
6240,0.45703125
6241,0.53515625
6242,0.55859375
6243,0.46875
6244,0.51953125
6245,0.53515625
6246,0.51953125
6247,0.48046875
6248,0.4609375
6249,0.56640625
6250,0.51171875
6251,0.4921875
6252,0.52734375
6253,0.5
6254,0.46875
6255,0.48046875
6256,0.4921875
6257,0.5625
6258,0.54296875
6259,0.51171875
6260,0.51171875
6261,0.51953125
6262,0.5234375
6263,0.48046875
6264,0.46484375
6265,0.46875
6266,0.5234375
6267,0.4609375
6268,0.5078125
6269,0.421875
6270,0.4765625
6271,0.57421875
6272,0.56640625
6273,0.4609375
6274,0.51171875
6275,0.47265625
6276,0.46484375
6277,0.53125
6278,0.515625
6279,0.375
6280,0.47265625
6281,0.546875
6282,0.53515625
6283,0.51953125
6284,0.4921875
6285,0.4140625
6286,0.48828125
6287,0.44921875
6288,0.55078125
6289,0.4609375
6290,0.4609375
6291,0.4921875
6292,0.515625
6293,0.42578125
6294,0.51953125
6295,0.50390625
6296,0.4296875
6297,0.5234375
6298,0.49609375
6299,0.484375
6300,0.5390625
6301,0.5078125
6302,0.40234375
6303,0.41796875
6304,0.52734375
6305,0.46875
6306,0.44921875
6307,0.546875
6308,0.48046875
6309,0.53515625
6310,0.4453125
6311,0.51171875
6312,0.48828125
6313,0.4609375
6314,0.52734375
6315,0.5
6316,0.46484375
6317,0.48828125
6318,0.53125
6319,0.47265625
6320,0.5703125
6321,0.54296875
6322,0.4375
6323,0.50390625
6324,0.46875
6325,0.484375
6326,0.49609375
6327,0.5
6328,0.51171875
6329,0.50390625
6330,0.5078125
6331,0.45703125
6332,0.4921875
6333,0.53515625
6334,0.53515625
6335,0.51171875
6336,0.50390625
6337,0.48828125
6338,0.52734375
6339,0.46484375
6340,0.484375
6341,0.40625
6342,0.53125
6343,0.48046875
6344,0.4765625
6345,0.5078125
6346,0.49609375
6347,0.47265625
6348,0.49609375
6349,0.5546875
6350,0.515625
6351,0.52734375
6352,0.5
6353,0.45703125
6354,0.46875
6355,0.46875
6356,0.4375
6357,0.60546875
6358,0.55078125
6359,0.4609375
6360,0.48828125
6361,0.484375
6362,0.47265625
6363,0.42578125
6364,0.52734375
6365,0.515625
6366,0.48828125
6367,0.53125
6368,0.42578125
6369,0.54296875
6370,0.44140625
6371,0.49609375
6372,0.45703125
6373,0.48828125
6374,0.515625
6375,0.453125
6376,0.48046875
6377,0.50390625
6378,0.53125
6379,0.515625
6380,0.515625
6381,0.484375
6382,0.53515625
6383,0.48046875
6384,0.484375
6385,0.5390625
6386,0.55078125
6387,0.47265625
6388,0.453125
6389,0.5234375
6390,0.50390625
6391,0.45703125
6392,0.44140625
6393,0.49609375
6394,0.50390625
6395,0.48828125
6396,0.4609375
6397,0.48828125
6398,0.48046875
6399,0.46875
6400,0.5
6401,0.4296875
6402,0.53515625
6403,0.46875
6404,0.43359375
6405,0.51171875
6406,0.48828125
6407,0.4453125
6408,0.59765625
6409,0.50390625
6410,0.4609375
6411,0.45703125
6412,0.51171875
6413,0.4609375
6414,0.50390625
6415,0.48828125
6416,0.45703125
6417,0.5078125
6418,0.46484375
6419,0.515625
6420,0.50390625
6421,0.51171875
6422,0.4609375
6423,0.49609375
6424,0.484375
6425,0.5
6426,0.546875
6427,0.484375
6428,0.4609375
6429,0.453125
6430,0.49609375
6431,0.41796875
6432,0.42578125
6433,0.52734375
6434,0.51171875
6435,0.5625
6436,0.5078125
6437,0.4453125
6438,0.49609375
6439,0.4921875
6440,0.5234375
6441,0.5625
6442,0.48828125
6443,0.5234375
6444,0.484375
6445,0.44140625
6446,0.49609375
6447,0.52734375
6448,0.4765625
6449,0.46484375
6450,0.5
6451,0.4375
6452,0.48046875
6453,0.5078125
6454,0.51171875
6455,0.5234375
6456,0.49609375
6457,0.52734375
6458,0.48046875
6459,0.515625
6460,0.48046875
6461,0.53515625
6462,0.47265625
6463,0.53125
6464,0.4453125
6465,0.53125
6466,0.47265625
6467,0.48828125
6468,0.55078125
6469,0.484375
6470,0.4921875
6471,0.48046875
6472,0.546875
6473,0.46875
6474,0.56640625
6475,0.5546875
6476,0.50390625
6477,0.44140625
6478,0.4453125
6479,0.5703125
6480,0.4375
6481,0.53125
6482,0.51953125
6483,0.46484375
6484,0.49609375
6485,0.49609375
6486,0.50390625
6487,0.5625
6488,0.5234375
6489,0.48046875
6490,0.4609375
6491,0.5234375
6492,0.484375
6493,0.5234375
6494,0.484375
6495,0.48828125
6496,0.5390625
6497,0.49609375
6498,0.453125
6499,0.5234375
6500,0.4453125
6501,0.54296875
6502,0.51953125
6503,0.51953125
6504,0.54296875
6505,0.48046875
6506,0.53125
6507,0.5078125
6508,0.44921875
6509,0.53125
6510,0.47265625
6511,0.50390625
6512,0.515625
6513,0.4921875
6514,0.56640625
6515,0.52734375
6516,0.47265625
6517,0.4921875
6518,0.5
6519,0.5546875
6520,0.51171875
6521,0.46875
6522,0.47265625
6523,0.51953125
6524,0.46875
6525,0.4765625
6526,0.48046875
6527,0.48046875
6528,0.515625
6529,0.52734375
6530,0.5234375
6531,0.48046875
6532,0.51953125
6533,0.4453125
6534,0.50390625
6535,0.51953125
6536,0.5390625
6537,0.55078125
6538,0.4609375
6539,0.453125
6540,0.52734375
6541,0.5078125
6542,0.48046875
6543,0.5390625
6544,0.4765625
6545,0.48046875
6546,0.4921875
6547,0.46875
6548,0.47265625
6549,0.54296875
6550,0.4765625
6551,0.53125
6552,0.4375
6553,0.5
6554,0.50390625
6555,0.48046875
6556,0.47265625
6557,0.50390625
6558,0.546875
6559,0.484375
6560,0.52734375
6561,0.47265625
6562,0.5
6563,0.53125
6564,0.48046875
6565,0.49609375
6566,0.4921875
6567,0.5234375
6568,0.5390625
6569,0.484375
6570,0.515625
6571,0.48828125
6572,0.55078125
6573,0.44140625
6574,0.5
6575,0.40234375
6576,0.5625
6577,0.5
6578,0.47265625
6579,0.55078125
6580,0.54296875
6581,0.4609375
6582,0.51953125
6583,0.4921875
6584,0.45703125
6585,0.546875
6586,0.5546875
6587,0.52734375
6588,0.546875
6589,0.54296875
6590,0.54296875
6591,0.5078125
6592,0.4921875
6593,0.5
6594,0.49609375
6595,0.43359375
6596,0.4609375
6597,0.4921875
6598,0.48828125
6599,0.47265625
6600,0.4921875
6601,0.5546875
6602,0.51171875
6603,0.57421875
6604,0.48046875
6605,0.546875
6606,0.48046875
6607,0.53125
6608,0.49609375
6609,0.56640625
6610,0.46875
6611,0.4921875
6612,0.48828125
6613,0.4765625
6614,0.46484375
6615,0.48828125
6616,0.46484375
6617,0.5390625
6618,0.55078125
6619,0.51953125
6620,0.484375
6621,0.47265625
6622,0.50390625
6623,0.5234375
6624,0.5390625
6625,0.51171875
6626,0.4921875
6627,0.484375
6628,0.4765625
6629,0.46484375
6630,0.54296875
6631,0.4921875
6632,0.453125
6633,0.5390625
6634,0.546875
6635,0.515625
6636,0.5078125
6637,0.48828125
6638,0.5234375
6639,0.47265625
6640,0.5234375
6641,0.54296875
6642,0.4921875
6643,0.4296875
6644,0.48046875
6645,0.546875
6646,0.47265625
6647,0.53515625
6648,0.44140625
6649,0.54296875
6650,0.50390625
6651,0.52734375
6652,0.50390625
6653,0.48828125
6654,0.5
6655,0.51171875
6656,0.55859375
6657,0.5390625
6658,0.51953125
6659,0.51171875
6660,0.53125
6661,0.50390625
6662,0.49609375
6663,0.48828125
6664,0.52734375
6665,0.47265625
6666,0.484375
6667,0.45703125
6668,0.4609375
6669,0.51171875
6670,0.50390625
6671,0.47265625
6672,0.515625
6673,0.55078125
6674,0.515625
6675,0.4296875
6676,0.48046875
6677,0.52734375
6678,0.5703125
6679,0.44140625
6680,0.55078125
6681,0.515625
6682,0.5390625
6683,0.4765625
6684,0.5390625
6685,0.49609375
6686,0.51171875
6687,0.49609375
6688,0.4765625
6689,0.51171875
6690,0.48828125
6691,0.4609375
6692,0.47265625
6693,0.45703125
6694,0.515625
6695,0.49609375
6696,0.50390625
6697,0.40625
6698,0.49609375
6699,0.47265625
6700,0.47265625
6701,0.4921875
6702,0.4609375
6703,0.50390625
6704,0.515625
6705,0.46484375
6706,0.4453125
6707,0.5625
6708,0.5
6709,0.515625
6710,0.5234375
6711,0.54296875
6712,0.484375
6713,0.5234375
6714,0.49609375
6715,0.546875
6716,0.44140625
6717,0.4375
6718,0.58203125
6719,0.45703125
6720,0.49609375
6721,0.50390625
6722,0.51171875
6723,0.43359375
6724,0.51953125
6725,0.48046875
6726,0.4921875
6727,0.42578125
6728,0.49609375
6729,0.51171875
6730,0.4609375
6731,0.421875
6732,0.43359375
6733,0.55078125
6734,0.5
6735,0.453125
6736,0.4921875
6737,0.50390625
6738,0.50390625
6739,0.51953125
6740,0.44921875
6741,0.4921875
6742,0.4921875
6743,0.484375
6744,0.5390625
6745,0.41015625
6746,0.51171875
6747,0.4765625
6748,0.47265625
6749,0.46484375
6750,0.5234375
6751,0.5390625
6752,0.5
6753,0.46484375
6754,0.55078125
6755,0.5546875
6756,0.4609375
6757,0.54296875
6758,0.55859375
6759,0.546875
6760,0.546875
6761,0.51953125
6762,0.50390625
6763,0.46484375
6764,0.50390625
6765,0.421875
6766,0.4921875
6767,0.4609375
6768,0.51953125
6769,0.45703125
6770,0.48828125
6771,0.546875
6772,0.5
6773,0.53125
6774,0.44921875
6775,0.53515625
6776,0.5
6777,0.51171875
6778,0.5
6779,0.5078125
6780,0.45703125
6781,0.515625
6782,0.5
6783,0.50390625
6784,0.453125
6785,0.4921875
6786,0.4296875
6787,0.4296875
6788,0.5703125
6789,0.5
6790,0.53125
6791,0.46484375
6792,0.5
6793,0.48828125
6794,0.5234375
6795,0.4765625
6796,0.48828125
6797,0.4140625
6798,0.5546875
6799,0.5625
6800,0.48046875
6801,0.48046875
6802,0.4921875
6803,0.47265625
6804,0.51171875
6805,0.52734375
6806,0.50390625
6807,0.546875
6808,0.5
6809,0.515625
6810,0.47265625
6811,0.4765625
6812,0.4375
6813,0.44921875
6814,0.47265625
6815,0.46875
6816,0.46875
6817,0.41796875
6818,0.5
6819,0.46875
6820,0.42578125
6821,0.39453125
6822,0.51953125
6823,0.44140625
6824,0.4921875
6825,0.4765625
6826,0.5234375
6827,0.52734375
6828,0.4921875
6829,0.4609375
6830,0.51171875
6831,0.49609375
6832,0.53125
6833,0.48828125
6834,0.4765625
6835,0.4921875
6836,0.53515625
6837,0.52734375
6838,0.5078125
6839,0.48828125
6840,0.53515625
6841,0.53515625
6842,0.515625
6843,0.5390625
6844,0.50390625
6845,0.5546875
6846,0.53515625
6847,0.52734375
6848,0.44921875
6849,0.52734375
6850,0.53515625
6851,0.515625
6852,0.5390625
6853,0.46484375
6854,0.51171875
6855,0.546875
6856,0.46875
6857,0.484375
6858,0.4296875
6859,0.515625
6860,0.5625
6861,0.50390625
6862,0.51171875
6863,0.54296875
6864,0.484375
6865,0.45703125
6866,0.5
6867,0.5
6868,0.48046875
6869,0.51953125
6870,0.4375
6871,0.5078125
6872,0.45703125
6873,0.50390625
6874,0.484375
6875,0.40234375
6876,0.51953125
6877,0.49609375
6878,0.49609375
6879,0.5234375
6880,0.53125
6881,0.4453125
6882,0.46484375
6883,0.515625
6884,0.44921875
6885,0.484375
6886,0.47265625
6887,0.4609375
6888,0.46875
6889,0.51953125
6890,0.49609375
6891,0.515625
6892,0.5
6893,0.50390625
6894,0.49609375
6895,0.52734375
6896,0.453125
6897,0.5234375
6898,0.51953125
6899,0.4609375
6900,0.484375
6901,0.54296875
6902,0.5234375
6903,0.46484375
6904,0.50390625
6905,0.4609375
6906,0.51171875
6907,0.453125
6908,0.4453125
6909,0.41015625
6910,0.52734375
6911,0.50390625
6912,0.44921875
6913,0.57421875
6914,0.46484375
6915,0.5625
6916,0.48046875
6917,0.546875
6918,0.5
6919,0.51953125
6920,0.5390625
6921,0.45703125
6922,0.4765625
6923,0.46875
6924,0.5390625
6925,0.4765625
6926,0.47265625
6927,0.5234375
6928,0.52734375
6929,0.5078125
6930,0.48828125
6931,0.5390625
6932,0.50390625
6933,0.4921875
6934,0.50390625
6935,0.53125
6936,0.5078125
6937,0.46875
6938,0.51953125
6939,0.5078125
6940,0.47265625
6941,0.49609375
6942,0.4375
6943,0.50390625
6944,0.5
6945,0.50390625
6946,0.58984375
6947,0.48046875
6948,0.4921875
6949,0.49609375
6950,0.5390625
6951,0.51953125
6952,0.49609375
6953,0.53125
6954,0.5390625
6955,0.59765625
6956,0.4375
6957,0.5
6958,0.5
6959,0.4765625
6960,0.4921875
6961,0.48828125
6962,0.5625
6963,0.50390625
6964,0.54296875
6965,0.51953125
6966,0.484375
6967,0.515625
6968,0.5234375
6969,0.5078125
6970,0.5234375
6971,0.49609375
6972,0.546875
6973,0.49609375
6974,0.5390625
6975,0.5
6976,0.4765625
6977,0.4921875
6978,0.4609375
6979,0.5546875
6980,0.453125
6981,0.53515625
6982,0.5859375
6983,0.5
6984,0.51953125
6985,0.53515625
6986,0.4375
6987,0.45703125
6988,0.4765625
6989,0.45703125
6990,0.51953125
6991,0.42578125
6992,0.44921875
6993,0.51953125
6994,0.51171875
6995,0.44140625
6996,0.40234375
6997,0.44921875
6998,0.5
6999,0.51953125
7000,0.546875
7001,0.5
7002,0.46484375
7003,0.53515625
7004,0.5859375
7005,0.58984375
7006,0.55078125
7007,0.4765625
7008,0.515625
7009,0.51171875
7010,0.56640625
7011,0.546875
7012,0.49609375
7013,0.421875
7014,0.43359375
7015,0.4921875
7016,0.47265625
7017,0.515625
7018,0.49609375
7019,0.515625
7020,0.5234375
7021,0.48046875
7022,0.515625
7023,0.55078125
7024,0.4453125
7025,0.5234375
7026,0.4609375
7027,0.5390625
7028,0.5546875
7029,0.515625
7030,0.515625
7031,0.54296875
7032,0.49609375
7033,0.46875
7034,0.5
7035,0.5078125
7036,0.47265625
7037,0.51171875
7038,0.47265625
7039,0.47265625
7040,0.50390625
7041,0.49609375
7042,0.4765625
7043,0.54296875
7044,0.50390625
7045,0.49609375
7046,0.48046875
7047,0.47265625
7048,0.50390625
7049,0.515625
7050,0.4921875
7051,0.48828125
7052,0.4921875
7053,0.51171875
7054,0.515625
7055,0.47265625
7056,0.44140625
7057,0.51953125
7058,0.52734375
7059,0.4375
7060,0.43359375
7061,0.51171875
7062,0.50390625
7063,0.58203125
7064,0.4609375
7065,0.48046875
7066,0.4765625
7067,0.42578125
7068,0.45703125
7069,0.5390625
7070,0.53515625
7071,0.51953125
7072,0.4609375
7073,0.48828125
7074,0.4609375
7075,0.5
7076,0.53515625
7077,0.51171875
7078,0.48046875
7079,0.4765625
7080,0.5234375
7081,0.47265625
7082,0.44140625
7083,0.5078125
7084,0.51953125
7085,0.53515625
7086,0.48828125
7087,0.5390625
7088,0.45703125
7089,0.51953125
7090,0.43359375
7091,0.4921875
7092,0.5078125
7093,0.484375
7094,0.48828125
7095,0.453125
7096,0.4921875
7097,0.49609375
7098,0.5234375
7099,0.47265625
7100,0.515625
7101,0.515625
7102,0.54296875
7103,0.44140625
7104,0.58984375
7105,0.46875
7106,0.48828125
7107,0.49609375
7108,0.484375
7109,0.49609375
7110,0.484375
7111,0.546875
7112,0.53515625
7113,0.57421875
7114,0.46484375
7115,0.57421875
7116,0.55859375
7117,0.53125
7118,0.546875
7119,0.5
7120,0.4765625
7121,0.50390625
7122,0.578125
7123,0.53515625
7124,0.5390625
7125,0.5234375
7126,0.58203125
7127,0.48828125
7128,0.43359375
7129,0.5390625
7130,0.51171875
7131,0.41796875
7132,0.484375
7133,0.515625
7134,0.51171875
7135,0.5234375
7136,0.50390625
7137,0.5
7138,0.4296875
7139,0.5625
7140,0.56640625
7141,0.56640625
7142,0.46484375
7143,0.4609375
7144,0.56640625
7145,0.48046875
7146,0.49609375
7147,0.44140625
7148,0.5234375
7149,0.484375
7150,0.515625
7151,0.5078125
7152,0.56640625
7153,0.53515625
7154,0.4765625
7155,0.53515625
7156,0.46875
7157,0.47265625
7158,0.5234375
7159,0.50390625
7160,0.50390625
7161,0.5
7162,0.4765625
7163,0.60546875
7164,0.4609375
7165,0.48046875
7166,0.5390625
7167,0.5390625
7168,0.45703125
7169,0.51171875
7170,0.609375
7171,0.515625
7172,0.46875
7173,0.50390625
7174,0.47265625
7175,0.47265625
7176,0.4453125
7177,0.5234375
7178,0.48828125
7179,0.5546875
7180,0.48828125
7181,0.41796875
7182,0.484375
7183,0.453125
7184,0.53515625
7185,0.4765625
7186,0.484375
7187,0.5390625
7188,0.44140625
7189,0.52734375
7190,0.484375
7191,0.4765625
7192,0.49609375
7193,0.5234375
7194,0.453125
7195,0.53515625
7196,0.45703125
7197,0.46875
7198,0.51171875
7199,0.49609375
7200,0.4765625
7201,0.48046875
7202,0.54296875
7203,0.5
7204,0.5234375
7205,0.44921875
7206,0.5390625
7207,0.5078125
7208,0.51171875
7209,0.515625
7210,0.5
7211,0.546875
7212,0.5390625
7213,0.53515625
7214,0.52734375
7215,0.44140625
7216,0.55078125
7217,0.48828125
7218,0.48046875
7219,0.51953125
7220,0.56640625
7221,0.4765625
7222,0.44921875
7223,0.546875
7224,0.46875
7225,0.4609375
7226,0.4765625
7227,0.4609375
7228,0.5234375
7229,0.484375
7230,0.46875
7231,0.5078125
7232,0.47265625
7233,0.484375
7234,0.50390625
7235,0.49609375
7236,0.45703125
7237,0.5234375
7238,0.41796875
7239,0.3984375
7240,0.50390625
7241,0.48046875
7242,0.48828125
7243,0.5390625
7244,0.5625
7245,0.4375
7246,0.3671875
7247,0.47265625
7248,0.484375
7249,0.44140625
7250,0.5234375
7251,0.51171875
7252,0.55078125
7253,0.53515625
7254,0.52734375
7255,0.50390625
7256,0.49609375
7257,0.55859375
7258,0.5234375
7259,0.515625
7260,0.55078125
7261,0.52734375
7262,0.484375
7263,0.484375
7264,0.5
7265,0.57421875
7266,0.51171875
7267,0.51171875
7268,0.48828125
7269,0.52734375
7270,0.5234375
7271,0.546875
7272,0.48046875
7273,0.47265625
7274,0.4375
7275,0.48828125
7276,0.48046875
7277,0.5
7278,0.546875
7279,0.484375
7280,0.54296875
7281,0.51953125
7282,0.57421875
7283,0.5234375
7284,0.48046875
7285,0.53125
7286,0.45703125
7287,0.53515625
7288,0.44921875
7289,0.52734375
7290,0.4140625
7291,0.49609375
7292,0.5546875
7293,0.5234375
7294,0.44921875
7295,0.5
7296,0.5234375
7297,0.4765625
7298,0.5
7299,0.46875
7300,0.515625
7301,0.5546875
7302,0.515625
7303,0.55078125
7304,0.53125
7305,0.43359375
7306,0.45703125
7307,0.4765625
7308,0.484375
7309,0.51171875
7310,0.46875
7311,0.4921875
7312,0.53125
7313,0.4921875
7314,0.49609375
7315,0.5234375
7316,0.53515625
7317,0.546875
7318,0.47265625
7319,0.51171875
7320,0.4609375
7321,0.46875
7322,0.53125
7323,0.48046875
7324,0.45703125
7325,0.50390625
7326,0.53125
7327,0.52734375
7328,0.46875
7329,0.53125
7330,0.515625
7331,0.51953125
7332,0.484375
7333,0.46484375
7334,0.4765625
7335,0.50390625
7336,0.44921875
7337,0.5078125
7338,0.43359375
7339,0.5
7340,0.54296875
7341,0.44140625
7342,0.46484375
7343,0.48046875
7344,0.44140625
7345,0.453125
7346,0.55859375
7347,0.44140625
7348,0.4609375
7349,0.5390625
7350,0.5234375
7351,0.5078125
7352,0.4921875
7353,0.53515625
7354,0.4765625
7355,0.484375
7356,0.4921875
7357,0.52734375
7358,0.4765625
7359,0.46484375
7360,0.5234375
7361,0.5078125
7362,0.50390625
7363,0.546875
7364,0.49609375
7365,0.5078125
7366,0.52734375
7367,0.53515625
7368,0.5390625
7369,0.44921875
7370,0.4921875
7371,0.546875
7372,0.48046875
7373,0.515625
7374,0.5
7375,0.49609375
7376,0.46484375
7377,0.484375
7378,0.51171875
7379,0.45703125
7380,0.47265625
7381,0.5
7382,0.56640625
7383,0.5390625
7384,0.46875
7385,0.5703125
7386,0.54296875
7387,0.44921875
7388,0.546875
7389,0.5703125
7390,0.453125
7391,0.51953125
7392,0.4453125
7393,0.53515625
7394,0.4921875
7395,0.4375
7396,0.53515625
7397,0.47265625
7398,0.5859375
7399,0.5
7400,0.5234375
7401,0.49609375
7402,0.52734375
7403,0.53125
7404,0.515625
7405,0.453125
7406,0.484375
7407,0.48046875
7408,0.49609375
7409,0.5
7410,0.515625
7411,0.46875
7412,0.48046875
7413,0.46875
7414,0.484375
7415,0.4921875
7416,0.484375
7417,0.48046875
7418,0.53125
7419,0.484375
7420,0.4453125
7421,0.54296875
7422,0.421875
7423,0.48828125
7424,0.53125
7425,0.484375
7426,0.5234375
7427,0.54296875
7428,0.52734375
7429,0.56640625
7430,0.4609375
7431,0.5
7432,0.48046875
7433,0.46484375
7434,0.515625
7435,0.5390625
7436,0.453125
7437,0.47265625
7438,0.5078125
7439,0.546875
7440,0.49609375
7441,0.4921875
7442,0.54296875
7443,0.4453125
7444,0.52734375
7445,0.4921875
7446,0.5
7447,0.5234375
7448,0.5390625
7449,0.4765625
7450,0.4609375
7451,0.54296875
7452,0.54296875
7453,0.5078125
7454,0.55859375
7455,0.484375
7456,0.41796875
7457,0.51953125
7458,0.44921875
7459,0.48046875
7460,0.47265625
7461,0.546875
7462,0.4375
7463,0.4921875
7464,0.44921875
7465,0.50390625
7466,0.51953125
7467,0.4765625
7468,0.56640625
7469,0.47265625
7470,0.52734375
7471,0.53125
7472,0.515625
7473,0.53515625
7474,0.50390625
7475,0.53125
7476,0.5
7477,0.484375
7478,0.4140625
7479,0.48828125
7480,0.5234375
7481,0.546875
7482,0.43359375
7483,0.5234375
7484,0.53125
7485,0.484375
7486,0.4609375
7487,0.53515625
7488,0.46484375
7489,0.5078125
7490,0.47265625
7491,0.5078125
7492,0.5078125
7493,0.51171875
7494,0.55078125
7495,0.484375
7496,0.49609375
7497,0.53125
7498,0.44921875
7499,0.484375
7500,0.49609375
7501,0.5078125
7502,0.390625
7503,0.4453125
7504,0.4921875
7505,0.4765625
7506,0.484375
7507,0.484375
7508,0.44140625
7509,0.51953125
7510,0.53125
7511,0.53125
7512,0.53515625
7513,0.5234375
7514,0.46875
7515,0.48828125
7516,0.47265625
7517,0.5390625
7518,0.48046875
7519,0.4921875
7520,0.46875
7521,0.53515625
7522,0.48046875
7523,0.54296875
7524,0.51953125
7525,0.47265625
7526,0.50390625
7527,0.46484375
7528,0.48046875
7529,0.46875
7530,0.46875
7531,0.515625
7532,0.5
7533,0.515625
7534,0.515625
7535,0.50390625
7536,0.46484375
7537,0.4296875
7538,0.55859375
7539,0.546875
7540,0.51953125
7541,0.51171875
7542,0.4765625
7543,0.43359375
7544,0.48046875
7545,0.46875
7546,0.49609375
7547,0.46875
7548,0.4609375
7549,0.50390625
7550,0.5234375
7551,0.43359375
7552,0.5625
7553,0.5078125
7554,0.50390625
7555,0.51953125
7556,0.4921875
7557,0.46484375
7558,0.4609375
7559,0.44921875
7560,0.453125
7561,0.5390625
7562,0.51171875
7563,0.53515625
7564,0.49609375
7565,0.53515625
7566,0.53515625
7567,0.50390625
7568,0.54296875
7569,0.4921875
7570,0.5625
7571,0.4765625
7572,0.453125
7573,0.48046875
7574,0.5078125
7575,0.5078125
7576,0.51953125
7577,0.51953125
7578,0.515625
7579,0.5
7580,0.453125
7581,0.484375
7582,0.52734375
7583,0.51953125
7584,0.48046875
7585,0.515625
7586,0.4765625
7587,0.53125
7588,0.4609375
7589,0.390625
7590,0.55859375
7591,0.51953125
7592,0.5078125
7593,0.45703125
7594,0.43359375
7595,0.421875
7596,0.4453125
7597,0.49609375
7598,0.54296875
7599,0.484375
7600,0.48046875
7601,0.52734375
7602,0.52734375
7603,0.48828125
7604,0.46484375
7605,0.44921875
7606,0.52734375
7607,0.4765625
7608,0.4375
7609,0.5390625
7610,0.546875
7611,0.4453125
7612,0.44140625
7613,0.453125
7614,0.4140625
7615,0.453125
7616,0.49609375
7617,0.51953125
7618,0.52734375
7619,0.53515625
7620,0.5078125
7621,0.53125
7622,0.5625
7623,0.49609375
7624,0.484375
7625,0.51171875
7626,0.50390625
7627,0.46875
7628,0.51171875
7629,0.47265625
7630,0.50390625
7631,0.5625
7632,0.44921875
7633,0.546875
7634,0.46484375
7635,0.453125
7636,0.5234375
7637,0.51953125
7638,0.46875
7639,0.5
7640,0.50390625
7641,0.47265625
7642,0.56640625
7643,0.51171875
7644,0.46484375
7645,0.53515625
7646,0.55859375
7647,0.5078125
7648,0.4140625
7649,0.4765625
7650,0.51171875
7651,0.5546875
7652,0.46484375
7653,0.5234375
7654,0.51953125
7655,0.5625
7656,0.53125
7657,0.54296875
7658,0.5
7659,0.4921875
7660,0.5859375
7661,0.48828125
7662,0.515625
7663,0.55078125
7664,0.55078125
7665,0.5
7666,0.51953125
7667,0.484375
7668,0.41796875
7669,0.4765625
7670,0.4921875
7671,0.54296875
7672,0.50390625
7673,0.5
7674,0.54296875
7675,0.515625
7676,0.53515625
7677,0.55859375
7678,0.4765625
7679,0.5390625
7680,0.5234375
7681,0.5234375
7682,0.5625
7683,0.4765625
7684,0.46875
7685,0.53125
7686,0.4921875
7687,0.484375
7688,0.47265625
7689,0.5859375
7690,0.50390625
7691,0.4921875
7692,0.46875
7693,0.54296875
7694,0.54296875
7695,0.4921875
7696,0.5234375
7697,0.515625
7698,0.53125
7699,0.515625
7700,0.546875
7701,0.5625
7702,0.46875
7703,0.5859375
7704,0.48046875
7705,0.52734375
7706,0.484375
7707,0.484375
7708,0.5
7709,0.48046875
7710,0.5078125
7711,0.46484375
7712,0.48828125
7713,0.49609375
7714,0.578125
7715,0.546875
7716,0.515625
7717,0.52734375
7718,0.49609375
7719,0.56640625
7720,0.453125
7721,0.6015625
7722,0.5546875
7723,0.53515625
7724,0.4765625
7725,0.53515625
7726,0.453125
7727,0.47265625
7728,0.5
7729,0.4453125
7730,0.453125
7731,0.46875
7732,0.421875
7733,0.50390625
7734,0.5234375
7735,0.5234375
7736,0.4921875
7737,0.49609375
7738,0.48828125
7739,0.48828125
7740,0.55859375
7741,0.484375
7742,0.55078125
7743,0.48828125
7744,0.49609375
7745,0.53515625
7746,0.4921875
7747,0.50390625
7748,0.5625
7749,0.5546875
7750,0.47265625
7751,0.5390625
7752,0.4453125
7753,0.49609375
7754,0.4921875
7755,0.54296875
7756,0.42578125
7757,0.47265625
7758,0.546875
7759,0.49609375
7760,0.515625
7761,0.45703125
7762,0.46484375
7763,0.51953125
7764,0.48046875
7765,0.47265625
7766,0.5078125
7767,0.46484375
7768,0.51953125
7769,0.640625
7770,0.5
7771,0.421875
7772,0.52734375
7773,0.44921875
7774,0.46875
7775,0.5546875
7776,0.4765625
7777,0.5234375
7778,0.45703125
7779,0.484375
7780,0.5
7781,0.50390625
7782,0.50390625
7783,0.52734375
7784,0.49609375
7785,0.421875
7786,0.484375
7787,0.44921875
7788,0.4453125
7789,0.4453125
7790,0.51953125
7791,0.4921875
7792,0.47265625
7793,0.48046875
7794,0.4765625
7795,0.48046875
7796,0.484375
7797,0.4453125
7798,0.52734375
7799,0.5
7800,0.453125
7801,0.5703125
7802,0.51953125
7803,0.45703125
7804,0.4296875
7805,0.46875
7806,0.5
7807,0.515625
7808,0.484375
7809,0.484375
7810,0.48828125
7811,0.46484375
7812,0.4609375
7813,0.50390625
7814,0.52734375
7815,0.5234375
7816,0.515625
7817,0.48828125
7818,0.49609375
7819,0.47265625
7820,0.48828125
7821,0.578125
7822,0.53125
7823,0.5390625
7824,0.53515625
7825,0.4453125
7826,0.46875
7827,0.48046875
7828,0.45703125
7829,0.5078125
7830,0.515625
7831,0.4921875
7832,0.484375
7833,0.44140625
7834,0.4765625
7835,0.48828125
7836,0.5390625
7837,0.5
7838,0.55078125
7839,0.47265625
7840,0.46484375
7841,0.53125
7842,0.5546875
7843,0.4375
7844,0.48046875
7845,0.546875
7846,0.5390625
7847,0.4140625
7848,0.4765625
7849,0.5390625
7850,0.453125
7851,0.51171875
7852,0.51953125
7853,0.53515625
7854,0.52734375
7855,0.46875
7856,0.52734375
7857,0.5703125
7858,0.5234375
7859,0.5078125
7860,0.53515625
7861,0.515625
7862,0.5
7863,0.5
7864,0.45703125
7865,0.40234375
7866,0.49609375
7867,0.46875
7868,0.53125
7869,0.54296875
7870,0.4921875
7871,0.421875
7872,0.51953125
7873,0.49609375
7874,0.5859375
7875,0.484375
7876,0.515625
7877,0.53515625
7878,0.48046875
7879,0.46484375
7880,0.515625
7881,0.53515625
7882,0.5
7883,0.53125
7884,0.515625
7885,0.51953125
7886,0.58203125
7887,0.53125
7888,0.47265625
7889,0.51171875
7890,0.46484375
7891,0.48828125
7892,0.48828125
7893,0.55078125
7894,0.44140625
7895,0.484375
7896,0.46875
7897,0.42578125
7898,0.5
7899,0.57421875
7900,0.51953125
7901,0.4765625
7902,0.55078125
7903,0.40234375
7904,0.4765625
7905,0.5703125
7906,0.4453125
7907,0.5390625
7908,0.47265625
7909,0.47265625
7910,0.546875
7911,0.46875
7912,0.46875
7913,0.53125
7914,0.4921875
7915,0.55859375
7916,0.484375
7917,0.44921875
7918,0.49609375
7919,0.52734375
7920,0.4921875
7921,0.5078125
7922,0.56640625
7923,0.4609375
7924,0.48828125
7925,0.453125
7926,0.484375
7927,0.46484375
7928,0.49609375
7929,0.51953125
7930,0.484375
7931,0.51953125
7932,0.47265625
7933,0.4765625
7934,0.46484375
7935,0.5
7936,0.484375
7937,0.4375
7938,0.52734375
7939,0.5
7940,0.40234375
7941,0.53515625
7942,0.4453125
7943,0.4921875
7944,0.4921875
7945,0.5234375
7946,0.5625
7947,0.44140625
7948,0.49609375
7949,0.56640625
7950,0.46484375
7951,0.515625
7952,0.4921875
7953,0.51171875
7954,0.50390625
7955,0.484375
7956,0.48828125
7957,0.4765625
7958,0.51171875
7959,0.46875
7960,0.5
7961,0.46875
7962,0.44140625
7963,0.546875
7964,0.546875
7965,0.484375
7966,0.4921875
7967,0.48046875
7968,0.5625
7969,0.484375
7970,0.53515625
7971,0.51953125
7972,0.49609375
7973,0.44921875
7974,0.515625
7975,0.51171875
7976,0.5
7977,0.54296875
7978,0.5078125
7979,0.5546875
7980,0.50390625
7981,0.53125
7982,0.5078125
7983,0.546875
7984,0.46875
7985,0.4609375
7986,0.51171875
7987,0.54296875
7988,0.46875
7989,0.5625
7990,0.43359375
7991,0.546875
7992,0.4375
7993,0.54296875
7994,0.47265625
7995,0.515625
7996,0.53515625
7997,0.515625
7998,0.515625
7999,0.4765625
8000,0.5
8001,0.53125
8002,0.49609375
8003,0.47265625
8004,0.45703125
8005,0.46484375
8006,0.56640625
8007,0.4609375
8008,0.5078125
8009,0.4765625
8010,0.4453125
8011,0.4375
8012,0.50390625
8013,0.50390625
8014,0.46875
8015,0.453125
8016,0.51171875
8017,0.53515625
8018,0.55078125
8019,0.51953125
8020,0.49609375
8021,0.4921875
8022,0.55078125
8023,0.4609375
8024,0.546875
8025,0.48828125
8026,0.46484375
8027,0.421875
8028,0.4609375
8029,0.47265625
8030,0.5234375
8031,0.51171875
8032,0.515625
8033,0.515625
8034,0.49609375
8035,0.50390625
8036,0.5
8037,0.5
8038,0.53515625
8039,0.48828125
8040,0.47265625
8041,0.4765625
8042,0.5
8043,0.5234375
8044,0.51171875
8045,0.55078125
8046,0.56640625
8047,0.44921875
8048,0.52734375
8049,0.48828125
8050,0.51171875
8051,0.48046875
8052,0.4609375
8053,0.4765625
8054,0.52734375
8055,0.43359375
8056,0.421875
8057,0.55859375
8058,0.421875
8059,0.5703125
8060,0.4765625
8061,0.5546875
8062,0.515625
8063,0.5234375
8064,0.4609375
8065,0.47265625
8066,0.5703125
8067,0.51953125
8068,0.5
8069,0.4609375
8070,0.546875
8071,0.5859375
8072,0.41015625
8073,0.45703125
8074,0.5
8075,0.5234375
8076,0.4921875
8077,0.53125
8078,0.48828125
8079,0.5390625
8080,0.51953125
8081,0.484375
8082,0.51953125
8083,0.5234375
8084,0.51171875
8085,0.515625
8086,0.4765625
8087,0.4453125
8088,0.5
8089,0.55859375
8090,0.55078125
8091,0.5234375
8092,0.45703125
8093,0.453125
8094,0.4765625
8095,0.50390625
8096,0.546875
8097,0.5078125
8098,0.5234375
8099,0.421875
8100,0.5
8101,0.44140625
8102,0.515625
8103,0.5234375
8104,0.47265625
8105,0.54296875
8106,0.53515625
8107,0.47265625
8108,0.48046875
8109,0.57421875
8110,0.55859375
8111,0.4296875
8112,0.4921875
8113,0.609375
8114,0.55078125
8115,0.46875
8116,0.49609375
8117,0.5
8118,0.55078125
8119,0.47265625
8120,0.484375
8121,0.47265625
8122,0.55078125
8123,0.44140625
8124,0.453125
8125,0.484375
8126,0.4453125
8127,0.4921875
8128,0.4921875
8129,0.4921875
8130,0.546875
8131,0.546875
8132,0.515625
8133,0.5078125
8134,0.48828125
8135,0.47265625
8136,0.5078125
8137,0.5234375
8138,0.51171875
8139,0.4609375
8140,0.546875
8141,0.47265625
8142,0.4375
8143,0.51953125
8144,0.46875
8145,0.4921875
8146,0.49609375
8147,0.453125
8148,0.48828125
8149,0.40625
8150,0.47265625
8151,0.51953125
8152,0.50390625
8153,0.50390625
8154,0.47265625
8155,0.4609375
8156,0.50390625
8157,0.4765625
8158,0.484375
8159,0.46875
8160,0.4765625
8161,0.49609375
8162,0.515625
8163,0.453125
8164,0.4921875
8165,0.48828125
8166,0.49609375
8167,0.4921875
8168,0.50390625
8169,0.50390625
8170,0.515625
8171,0.5390625
8172,0.5078125
8173,0.53125
8174,0.5078125
8175,0.53125
8176,0.50390625
8177,0.5
8178,0.4921875
8179,0.515625
8180,0.53125
8181,0.54296875
8182,0.48828125
8183,0.48046875
8184,0.48046875
8185,0.53515625
8186,0.50390625
8187,0.53515625
8188,0.5625
8189,0.4765625
8190,0.55078125
8191,0.56640625
8192,0.50390625
8193,0.53515625
8194,0.4375
8195,0.55078125
8196,0.4375
8197,0.54296875
8198,0.515625
8199,0.51171875
8200,0.546875
8201,0.5390625
8202,0.515625
8203,0.45703125
8204,0.5859375
8205,0.48828125
8206,0.59375
8207,0.515625
8208,0.52734375
8209,0.484375
8210,0.47265625
8211,0.4921875
8212,0.57421875
8213,0.53515625
8214,0.50390625
8215,0.5
8216,0.46484375
8217,0.46484375
8218,0.46875
8219,0.51171875
8220,0.47265625
8221,0.51953125
8222,0.46484375
8223,0.484375
8224,0.51953125
8225,0.515625
8226,0.44921875
8227,0.54296875
8228,0.5390625
8229,0.53125
8230,0.51171875
8231,0.45703125
8232,0.5390625
8233,0.5
8234,0.43359375
8235,0.453125
8236,0.4453125
8237,0.48828125
8238,0.5
8239,0.51171875
8240,0.5234375
8241,0.49609375
8242,0.49609375
8243,0.49609375
8244,0.49609375
8245,0.53515625
8246,0.453125
8247,0.43359375
8248,0.5234375
8249,0.5859375
8250,0.48046875
8251,0.46875
8252,0.52734375
8253,0.53515625
8254,0.4609375
8255,0.53515625
8256,0.53125
8257,0.46484375
8258,0.51953125
8259,0.43359375
8260,0.51171875
8261,0.4921875
8262,0.5703125
8263,0.5234375
8264,0.5390625
8265,0.57421875
8266,0.49609375
8267,0.51171875
8268,0.55078125
8269,0.5078125
8270,0.4765625
8271,0.47265625
8272,0.5234375
8273,0.43359375
8274,0.53515625
8275,0.515625
8276,0.45703125
8277,0.4765625
8278,0.5390625
8279,0.515625
8280,0.46875
8281,0.5078125
8282,0.48046875
8283,0.484375
8284,0.46484375
8285,0.4765625
8286,0.5234375
8287,0.49609375
8288,0.5234375
8289,0.453125
8290,0.44140625
8291,0.5
8292,0.5234375
8293,0.4609375
8294,0.44921875
8295,0.51171875
8296,0.515625
8297,0.5
8298,0.484375
8299,0.4453125
8300,0.51953125
8301,0.49609375
8302,0.52734375
8303,0.48046875
8304,0.52734375
8305,0.5703125
8306,0.453125
8307,0.45703125
8308,0.48046875
8309,0.51953125
8310,0.48828125
8311,0.54296875
8312,0.4921875
8313,0.42578125
8314,0.51171875
8315,0.4375
8316,0.5234375
8317,0.5
8318,0.484375
8319,0.49609375
8320,0.58984375
8321,0.50390625
8322,0.49609375
8323,0.4375
8324,0.48046875
8325,0.47265625
8326,0.44921875
8327,0.40234375
8328,0.5390625
8329,0.515625
8330,0.46484375
8331,0.47265625
8332,0.484375
8333,0.51953125
8334,0.45703125
8335,0.46875
8336,0.53515625
8337,0.5859375
8338,0.5546875
8339,0.5234375
8340,0.43359375
8341,0.5234375
8342,0.55078125
8343,0.48046875
8344,0.5
8345,0.5
8346,0.51953125
8347,0.4765625
8348,0.53515625
8349,0.515625
8350,0.46484375
8351,0.44140625
8352,0.5234375
8353,0.53515625
8354,0.5
8355,0.4765625
8356,0.48828125
8357,0.51953125
8358,0.50390625
8359,0.53125
8360,0.51171875
8361,0.53515625
8362,0.46484375
8363,0.53515625
8364,0.50390625
8365,0.49609375
8366,0.47265625
8367,0.46484375
8368,0.5
8369,0.4609375
8370,0.43359375
8371,0.55859375
8372,0.5234375
8373,0.48828125
8374,0.46875
8375,0.5234375
8376,0.5546875
8377,0.4453125
8378,0.49609375
8379,0.46484375
8380,0.4921875
8381,0.4609375
8382,0.48828125
8383,0.4296875
8384,0.5
8385,0.46484375
8386,0.47265625
8387,0.515625
8388,0.5234375
8389,0.5078125
8390,0.46875
8391,0.5078125
8392,0.51953125
8393,0.5
8394,0.46875
8395,0.55078125
8396,0.48828125
8397,0.4765625
8398,0.53125
8399,0.4921875
8400,0.51171875
8401,0.5
8402,0.50390625
8403,0.46484375
8404,0.4609375
8405,0.47265625
8406,0.484375
8407,0.42578125
8408,0.4921875
8409,0.46484375
8410,0.4765625
8411,0.484375
8412,0.5
8413,0.52734375
8414,0.52734375
8415,0.45703125
8416,0.49609375
8417,0.5078125
8418,0.56640625
8419,0.5703125
8420,0.453125
8421,0.57421875
8422,0.4921875
8423,0.48046875
8424,0.4453125
8425,0.49609375
8426,0.52734375
8427,0.5234375
8428,0.4609375
8429,0.5
8430,0.4765625
8431,0.5078125
8432,0.484375
8433,0.51171875
8434,0.50390625
8435,0.44140625
8436,0.42578125
8437,0.4765625
8438,0.5234375
8439,0.50390625
8440,0.53515625
8441,0.55859375
8442,0.48046875
8443,0.453125
8444,0.4921875
8445,0.453125
8446,0.49609375
8447,0.50390625
8448,0.421875
8449,0.47265625
8450,0.5078125
8451,0.5
8452,0.5078125
8453,0.51171875
8454,0.52734375
8455,0.59375
8456,0.5078125
8457,0.44140625
8458,0.46875
8459,0.47265625
8460,0.51171875
8461,0.46484375
8462,0.484375
8463,0.5234375
8464,0.51953125
8465,0.4921875
8466,0.5
8467,0.45703125
8468,0.49609375
8469,0.5625
8470,0.50390625
8471,0.5
8472,0.484375
8473,0.53515625
8474,0.51171875
8475,0.52734375
8476,0.5
8477,0.42578125
8478,0.5234375
8479,0.55078125
8480,0.5078125
8481,0.453125
8482,0.50390625
8483,0.5546875
8484,0.53125
8485,0.48828125
8486,0.51171875
8487,0.421875
8488,0.53515625
8489,0.54296875
8490,0.51953125
8491,0.5703125
8492,0.5078125
8493,0.484375
8494,0.47265625
8495,0.4765625
8496,0.53515625
8497,0.55859375
8498,0.453125
8499,0.4609375
8500,0.4609375
8501,0.51953125
8502,0.53125
8503,0.5625
8504,0.58984375
8505,0.48046875
8506,0.51171875
8507,0.54296875
8508,0.5546875
8509,0.47265625
8510,0.44921875
8511,0.5
8512,0.46875
8513,0.49609375
8514,0.484375
8515,0.484375
8516,0.515625
8517,0.58203125
8518,0.45703125
8519,0.484375
8520,0.51953125
8521,0.4765625
8522,0.46875
8523,0.49609375
8524,0.4765625
8525,0.52734375
8526,0.49609375
8527,0.4921875
8528,0.45703125
8529,0.5234375
8530,0.4609375
8531,0.5234375
8532,0.51171875
8533,0.46875
8534,0.52734375
8535,0.4765625
8536,0.56640625
8537,0.546875
8538,0.4453125
8539,0.56640625
8540,0.4609375
8541,0.51171875
8542,0.46875
8543,0.52734375
8544,0.52734375
8545,0.51171875
8546,0.453125
8547,0.49609375
8548,0.50390625
8549,0.4375
8550,0.578125
8551,0.4921875
8552,0.51953125
8553,0.625
8554,0.49609375
8555,0.51953125
8556,0.5546875
8557,0.484375
8558,0.4765625
8559,0.57421875
8560,0.5703125
8561,0.45703125
8562,0.5078125
8563,0.4453125
8564,0.4453125
8565,0.51171875
8566,0.48828125
8567,0.5234375
8568,0.4921875
8569,0.4140625
8570,0.51953125
8571,0.546875
8572,0.515625
8573,0.53515625
8574,0.51171875
8575,0.51953125
8576,0.46875
8577,0.4765625
8578,0.55859375
8579,0.4609375
8580,0.5234375
8581,0.47265625
8582,0.4921875
8583,0.51171875
8584,0.5234375
8585,0.44140625
8586,0.515625
8587,0.46484375
8588,0.56640625
8589,0.45703125
8590,0.5390625
8591,0.46484375
8592,0.44921875
8593,0.5234375
8594,0.5
8595,0.5390625
8596,0.5
8597,0.5703125
8598,0.49609375
8599,0.50390625
8600,0.4609375
8601,0.484375
8602,0.48046875
8603,0.52734375
8604,0.48828125
8605,0.53125
8606,0.5078125
8607,0.50390625
8608,0.52734375
8609,0.4140625
8610,0.46875
8611,0.55078125
8612,0.5
8613,0.5
8614,0.5390625
8615,0.41015625
8616,0.453125
8617,0.54296875
8618,0.40625
8619,0.52734375
8620,0.453125
8621,0.50390625
8622,0.4296875
8623,0.5
8624,0.453125
8625,0.44921875
8626,0.5625
8627,0.5234375
8628,0.56640625
8629,0.5390625
8630,0.51953125
8631,0.5234375
8632,0.5546875
8633,0.54296875
8634,0.44140625
8635,0.515625
8636,0.52734375
8637,0.48046875
8638,0.41015625
8639,0.49609375
8640,0.44921875
8641,0.4921875
8642,0.5546875
8643,0.48828125
8644,0.47265625
8645,0.515625
8646,0.49609375
8647,0.5078125
8648,0.55078125
8649,0.51171875
8650,0.484375
8651,0.42578125
8652,0.5234375
8653,0.53125
8654,0.49609375
8655,0.41796875
8656,0.50390625
8657,0.50390625
8658,0.53515625
8659,0.50390625
8660,0.48046875
8661,0.47265625
8662,0.46484375
8663,0.4609375
8664,0.4921875
8665,0.5234375
8666,0.55859375
8667,0.5078125
8668,0.4921875
8669,0.51953125
8670,0.52734375
8671,0.50390625
8672,0.51953125
8673,0.5234375
8674,0.51171875
8675,0.54296875
8676,0.5390625
8677,0.46875
8678,0.515625
8679,0.55078125
8680,0.4375
8681,0.5
8682,0.5390625
8683,0.49609375
8684,0.52734375
8685,0.47265625
8686,0.5234375
8687,0.52734375
8688,0.49609375
8689,0.484375
8690,0.515625
8691,0.50390625
8692,0.48828125
8693,0.44140625
8694,0.5078125
8695,0.49609375
8696,0.453125
8697,0.5234375
8698,0.50390625
8699,0.515625
8700,0.51171875
8701,0.51171875
8702,0.4921875
8703,0.46875
8704,0.609375
8705,0.5234375
8706,0.5234375
8707,0.54296875
8708,0.60546875
8709,0.484375
8710,0.5
8711,0.44921875
8712,0.44140625
8713,0.48828125
8714,0.50390625
8715,0.53515625
8716,0.5390625
8717,0.40625
8718,0.515625
8719,0.49609375
8720,0.4453125
8721,0.54296875
8722,0.453125
8723,0.515625
8724,0.5078125
8725,0.51171875
8726,0.48046875
8727,0.53515625
8728,0.484375
8729,0.4296875
8730,0.4921875
8731,0.4609375
8732,0.51171875
8733,0.49609375
8734,0.5
8735,0.48046875
8736,0.49609375
8737,0.5
8738,0.4609375
8739,0.45703125
8740,0.50390625
8741,0.53125
8742,0.53515625
8743,0.5234375
8744,0.51171875
8745,0.55078125
8746,0.4921875
8747,0.5078125
8748,0.51171875
8749,0.5078125
8750,0.4921875
8751,0.46875
8752,0.50390625
8753,0.4453125
8754,0.4765625
8755,0.4453125
8756,0.4609375
8757,0.48828125
8758,0.52734375
8759,0.4921875
8760,0.49609375
8761,0.5390625
8762,0.41796875
8763,0.50390625
8764,0.51953125
8765,0.4375
8766,0.5234375
8767,0.51171875
8768,0.515625
8769,0.5
8770,0.46484375
8771,0.5546875
8772,0.53125
8773,0.48828125
8774,0.47265625
8775,0.4765625
8776,0.5
8777,0.4765625
8778,0.4921875
8779,0.45703125
8780,0.546875
8781,0.51171875
8782,0.4140625
8783,0.4140625
8784,0.5078125
8785,0.54296875
8786,0.5390625
8787,0.51953125
8788,0.44921875
8789,0.49609375
8790,0.55078125
8791,0.49609375
8792,0.49609375
8793,0.46875
8794,0.48046875
8795,0.5546875
8796,0.4921875
8797,0.46484375
8798,0.5234375
8799,0.46484375
8800,0.42578125
8801,0.546875
8802,0.5078125
8803,0.515625
8804,0.5625
8805,0.4921875
8806,0.47265625
8807,0.53515625
8808,0.53125
8809,0.53125
8810,0.51171875
8811,0.453125
8812,0.5078125
8813,0.40234375
8814,0.51953125
8815,0.55859375
8816,0.5
8817,0.5234375
8818,0.49609375
8819,0.53515625
8820,0.50390625
8821,0.5625
8822,0.44921875
8823,0.453125
8824,0.4765625
8825,0.45703125
8826,0.44140625
8827,0.48046875
8828,0.4765625
8829,0.53515625
8830,0.4921875
8831,0.54296875
8832,0.51953125
8833,0.54296875
8834,0.5
8835,0.578125
8836,0.53515625
8837,0.46484375
8838,0.48046875
8839,0.45703125
8840,0.51953125
8841,0.5546875
8842,0.48828125
8843,0.5
8844,0.5
8845,0.45703125
8846,0.53515625
8847,0.51171875
8848,0.5078125
8849,0.46875
8850,0.44140625
8851,0.546875
8852,0.53125
8853,0.53125
8854,0.5546875
8855,0.5390625
8856,0.51953125
8857,0.50390625
8858,0.51171875
8859,0.5
8860,0.46875
8861,0.4765625
8862,0.4921875
8863,0.5
8864,0.4453125
8865,0.45703125
8866,0.53125
8867,0.515625
8868,0.53515625
8869,0.546875
8870,0.46875
8871,0.51171875
8872,0.5078125
8873,0.4921875
8874,0.5
8875,0.51171875
8876,0.4765625
8877,0.51171875
8878,0.51953125
8879,0.55078125
8880,0.51171875
8881,0.515625
8882,0.48046875
8883,0.5078125
8884,0.53125
8885,0.53125
8886,0.5390625
8887,0.484375
8888,0.46484375
8889,0.48828125
8890,0.51171875
8891,0.4375
8892,0.48828125
8893,0.45703125
8894,0.46875
8895,0.47265625
8896,0.5
8897,0.4609375
8898,0.54296875
8899,0.53515625
8900,0.52734375
8901,0.48828125
8902,0.5
8903,0.47265625
8904,0.4921875
8905,0.48046875
8906,0.46484375
8907,0.48046875
8908,0.5546875
8909,0.546875
8910,0.59765625
8911,0.46484375
8912,0.4921875
8913,0.42578125
8914,0.46484375
8915,0.50390625
8916,0.453125
8917,0.5
8918,0.53125
8919,0.56640625
8920,0.515625
8921,0.4921875
8922,0.46875
8923,0.45703125
8924,0.5390625
8925,0.51171875
8926,0.45703125
8927,0.5390625
8928,0.51171875
8929,0.53515625
8930,0.50390625
8931,0.51953125
8932,0.484375
8933,0.54296875
8934,0.55078125
8935,0.546875
8936,0.5
8937,0.47265625
8938,0.48828125
8939,0.49609375
8940,0.515625
8941,0.44921875
8942,0.51953125
8943,0.4140625
8944,0.57421875
8945,0.44140625
8946,0.47265625
8947,0.46875
8948,0.48828125
8949,0.5234375
8950,0.4375
8951,0.546875
8952,0.484375
8953,0.58203125
8954,0.51171875
8955,0.421875
8956,0.546875
8957,0.54296875
8958,0.46484375
8959,0.4921875
8960,0.56640625
8961,0.4375
8962,0.52734375
8963,0.4375
8964,0.58203125
8965,0.4609375
8966,0.51171875
8967,0.51953125
8968,0.51171875
8969,0.484375
8970,0.45703125
8971,0.453125
8972,0.5
8973,0.4296875
8974,0.53515625
8975,0.55859375
8976,0.4453125
8977,0.50390625
8978,0.53125
8979,0.5
8980,0.53125
8981,0.54296875
8982,0.53515625
8983,0.45703125
8984,0.484375
8985,0.484375
8986,0.48046875
8987,0.51171875
8988,0.546875
8989,0.56640625
8990,0.48046875
8991,0.48828125
8992,0.5078125
8993,0.50390625
8994,0.5234375
8995,0.4921875
8996,0.49609375
8997,0.5390625
8998,0.44140625
8999,0.48828125
9000,0.5859375
9001,0.51953125
9002,0.5546875
9003,0.5234375
9004,0.46875
9005,0.5078125
9006,0.53515625
9007,0.50390625
9008,0.4765625
9009,0.47265625
9010,0.55859375
9011,0.54296875
9012,0.49609375
9013,0.47265625
9014,0.484375
9015,0.515625
9016,0.49609375
9017,0.49609375
9018,0.55078125
9019,0.55078125
9020,0.5390625
9021,0.47265625
9022,0.484375
9023,0.52734375
9024,0.5234375
9025,0.5390625
9026,0.4375
9027,0.4921875
9028,0.46875
9029,0.53125
9030,0.48828125
9031,0.52734375
9032,0.5234375
9033,0.5
9034,0.44921875
9035,0.4453125
9036,0.515625
9037,0.5
9038,0.5546875
9039,0.453125
9040,0.4765625
9041,0.47265625
9042,0.46484375
9043,0.5390625
9044,0.49609375
9045,0.5234375
9046,0.5390625
9047,0.46484375
9048,0.546875
9049,0.50390625
9050,0.40625
9051,0.51171875
9052,0.49609375
9053,0.46875
9054,0.4296875
9055,0.50390625
9056,0.546875
9057,0.4609375
9058,0.48828125
9059,0.48046875
9060,0.515625
9061,0.51171875
9062,0.44921875
9063,0.47265625
9064,0.51171875
9065,0.53515625
9066,0.55859375
9067,0.44921875
9068,0.51171875
9069,0.5546875
9070,0.53125
9071,0.4375
9072,0.50390625
9073,0.48046875
9074,0.58203125
9075,0.48828125
9076,0.5
9077,0.4453125
9078,0.51953125
9079,0.5234375
9080,0.484375
9081,0.515625
9082,0.48828125
9083,0.47265625
9084,0.4609375
9085,0.52734375
9086,0.515625
9087,0.5703125
9088,0.51953125
9089,0.5078125
9090,0.515625
9091,0.4765625
9092,0.47265625
9093,0.4921875
9094,0.55859375
9095,0.515625
9096,0.546875
9097,0.5234375
9098,0.53515625
9099,0.453125
9100,0.44140625
9101,0.51171875
9102,0.51171875
9103,0.4453125
9104,0.48828125
9105,0.4609375
9106,0.5390625
9107,0.50390625
9108,0.44140625
9109,0.50390625
9110,0.48046875
9111,0.53515625
9112,0.4921875
9113,0.45703125
9114,0.51171875
9115,0.4609375
9116,0.4375
9117,0.52734375
9118,0.4921875
9119,0.5234375
9120,0.4609375
9121,0.45703125
9122,0.58203125
9123,0.53515625
9124,0.51171875
9125,0.5
9126,0.48828125
9127,0.51171875
9128,0.484375
9129,0.484375
9130,0.453125
9131,0.4609375
9132,0.52734375
9133,0.42578125
9134,0.55078125
9135,0.52734375
9136,0.4765625
9137,0.515625
9138,0.48046875
9139,0.52734375
9140,0.54296875
9141,0.4921875
9142,0.484375
9143,0.53515625
9144,0.5234375
9145,0.51953125
9146,0.51171875
9147,0.4765625
9148,0.45703125
9149,0.5234375
9150,0.51953125
9151,0.48828125
9152,0.5234375
9153,0.45703125
9154,0.5078125
9155,0.4609375
9156,0.4921875
9157,0.50390625
9158,0.48046875
9159,0.5234375
9160,0.4765625
9161,0.48828125
9162,0.53125
9163,0.4609375
9164,0.41015625
9165,0.50390625
9166,0.43359375
9167,0.46484375
9168,0.5859375
9169,0.52734375
9170,0.54296875
9171,0.4921875
9172,0.484375
9173,0.45703125
9174,0.52734375
9175,0.54296875
9176,0.4609375
9177,0.47265625
9178,0.5078125
9179,0.4921875
9180,0.4765625
9181,0.51953125
9182,0.5078125
9183,0.51171875
9184,0.515625
9185,0.51171875
9186,0.49609375
9187,0.4296875
9188,0.49609375
9189,0.48046875
9190,0.4765625
9191,0.5
9192,0.4921875
9193,0.51953125
9194,0.46484375
9195,0.4921875
9196,0.5625
9197,0.56640625
9198,0.51171875
9199,0.55859375
9200,0.56640625
9201,0.515625
9202,0.48046875
9203,0.58984375
9204,0.4375
9205,0.5390625
9206,0.54296875
9207,0.45703125
9208,0.5078125
9209,0.44140625
9210,0.45703125
9211,0.55078125
9212,0.484375
9213,0.5546875
9214,0.49609375
9215,0.45703125
9216,0.50390625
9217,0.51171875
9218,0.53125
9219,0.53515625
9220,0.51953125
9221,0.484375
9222,0.55078125
9223,0.44921875
9224,0.51171875
9225,0.48828125
9226,0.546875
9227,0.48828125
9228,0.50390625
9229,0.5
9230,0.5859375
9231,0.484375
9232,0.54296875
9233,0.48828125
9234,0.52734375
9235,0.47265625
9236,0.48828125
9237,0.53515625
9238,0.5546875
9239,0.53515625
9240,0.53125
9241,0.484375
9242,0.53125
9243,0.46484375
9244,0.46875
9245,0.45703125
9246,0.44921875
9247,0.5078125
9248,0.50390625
9249,0.43359375
9250,0.46875
9251,0.51171875
9252,0.52734375
9253,0.48828125
9254,0.52734375
9255,0.5078125
9256,0.515625
9257,0.4765625
9258,0.5078125
9259,0.49609375
9260,0.46484375
9261,0.47265625
9262,0.5078125
9263,0.48828125
9264,0.52734375
9265,0.48046875
9266,0.5
9267,0.50390625
9268,0.4921875
9269,0.515625
9270,0.4921875
9271,0.515625
9272,0.5078125
9273,0.5
9274,0.51171875
9275,0.5078125
9276,0.5390625
9277,0.48046875
9278,0.48828125
9279,0.5078125
9280,0.48046875
9281,0.48828125
9282,0.48828125
9283,0.46484375
9284,0.48046875
9285,0.51171875
9286,0.453125
9287,0.55078125
9288,0.46875
9289,0.53125
9290,0.4765625
9291,0.47265625
9292,0.45703125
9293,0.47265625
9294,0.4765625
9295,0.5234375
9296,0.49609375
9297,0.49609375
9298,0.52734375
9299,0.51953125
9300,0.5234375
9301,0.53515625
9302,0.51953125
9303,0.47265625
9304,0.51171875
9305,0.48828125
9306,0.5234375
9307,0.4765625
9308,0.57421875
9309,0.4765625
9310,0.5234375
9311,0.484375
9312,0.45703125
9313,0.50390625
9314,0.41796875
9315,0.50390625
9316,0.56640625
9317,0.47265625
9318,0.51953125
9319,0.53125
9320,0.52734375
9321,0.55859375
9322,0.3984375
9323,0.515625
9324,0.5546875
9325,0.52734375
9326,0.5234375
9327,0.546875
9328,0.5
9329,0.46484375
9330,0.51953125
9331,0.484375
9332,0.515625
9333,0.515625
9334,0.484375
9335,0.52734375
9336,0.5234375
9337,0.48046875
9338,0.58203125
9339,0.6015625
9340,0.4609375
9341,0.4453125
9342,0.48828125
9343,0.515625
9344,0.453125
9345,0.48046875
9346,0.4296875
9347,0.45703125
9348,0.515625
9349,0.5390625
9350,0.44140625
9351,0.4921875
9352,0.54296875
9353,0.546875
9354,0.5703125
9355,0.5078125
9356,0.5234375
9357,0.51953125
9358,0.53125
9359,0.4609375
9360,0.47265625
9361,0.515625
9362,0.49609375
9363,0.4765625
9364,0.4453125
9365,0.5859375
9366,0.47265625
9367,0.5234375
9368,0.4765625
9369,0.484375
9370,0.53515625
9371,0.484375
9372,0.49609375
9373,0.51171875
9374,0.515625
9375,0.51171875
9376,0.4296875
9377,0.4765625
9378,0.578125
9379,0.52734375
9380,0.47265625
9381,0.4921875
9382,0.51171875
9383,0.484375
9384,0.45703125
9385,0.50390625
9386,0.48046875
9387,0.4609375
9388,0.5234375
9389,0.46875
9390,0.5078125
9391,0.5
9392,0.51171875
9393,0.49609375
9394,0.515625
9395,0.4921875
9396,0.52734375
9397,0.5390625
9398,0.4921875
9399,0.58203125
9400,0.52734375
9401,0.4375
9402,0.4375
9403,0.48828125
9404,0.47265625
9405,0.51953125
9406,0.48046875
9407,0.453125
9408,0.4921875
9409,0.47265625
9410,0.4765625
9411,0.46875
9412,0.51171875
9413,0.5234375
9414,0.48046875
9415,0.515625
9416,0.45703125
9417,0.484375
9418,0.4609375
9419,0.51953125
9420,0.53515625
9421,0.4921875
9422,0.41796875
9423,0.484375
9424,0.51953125
9425,0.515625
9426,0.54296875
9427,0.51171875
9428,0.4140625
9429,0.54296875
9430,0.50390625
9431,0.4609375
9432,0.5078125
9433,0.51953125
9434,0.53515625
9435,0.51953125
9436,0.4453125
9437,0.515625
9438,0.5390625
9439,0.55078125
9440,0.484375
9441,0.44921875
9442,0.54296875
9443,0.625
9444,0.53125
9445,0.5
9446,0.47265625
9447,0.546875
9448,0.48828125
9449,0.53515625
9450,0.484375
9451,0.515625
9452,0.484375
9453,0.48828125
9454,0.47265625
9455,0.484375
9456,0.48828125
9457,0.51953125
9458,0.578125
9459,0.48046875
9460,0.54296875
9461,0.47265625
9462,0.578125
9463,0.4765625
9464,0.52734375
9465,0.52734375
9466,0.47265625
9467,0.5859375
9468,0.4765625
9469,0.55859375
9470,0.45703125
9471,0.44140625
9472,0.56640625
9473,0.50390625
9474,0.546875
9475,0.48046875
9476,0.53125
9477,0.47265625
9478,0.57421875
9479,0.41015625
9480,0.5234375
9481,0.46484375
9482,0.4765625
9483,0.515625
9484,0.453125
9485,0.484375
9486,0.48828125
9487,0.515625
9488,0.55078125
9489,0.4921875
9490,0.484375
9491,0.4609375
9492,0.52734375
9493,0.5
9494,0.4921875
9495,0.51171875
9496,0.5234375
9497,0.48046875
9498,0.546875
9499,0.5078125
9500,0.484375
9501,0.546875
9502,0.4921875
9503,0.4765625
9504,0.49609375
9505,0.484375
9506,0.45703125
9507,0.5234375
9508,0.48828125
9509,0.4375
9510,0.49609375
9511,0.46875
9512,0.5078125
9513,0.484375
9514,0.51953125
9515,0.48828125
9516,0.4921875
9517,0.46484375
9518,0.50390625
9519,0.5625
9520,0.4921875
9521,0.48828125
9522,0.53125
9523,0.48046875
9524,0.46875
9525,0.55078125
9526,0.49609375
9527,0.50390625
9528,0.453125
9529,0.50390625
9530,0.45703125
9531,0.55078125
9532,0.546875
9533,0.48828125
9534,0.5234375
9535,0.54296875
9536,0.546875
9537,0.50390625
9538,0.53125
9539,0.47265625
9540,0.4765625
9541,0.5390625
9542,0.43359375
9543,0.48828125
9544,0.47265625
9545,0.48828125
9546,0.421875
9547,0.5390625
9548,0.47265625
9549,0.4453125
9550,0.54296875
9551,0.4921875
9552,0.53125
9553,0.5234375
9554,0.43359375
9555,0.484375
9556,0.55859375
9557,0.48828125
9558,0.5390625
9559,0.49609375
9560,0.50390625
9561,0.4765625
9562,0.4921875
9563,0.51953125
9564,0.49609375
9565,0.546875
9566,0.51171875
9567,0.5
9568,0.4921875
9569,0.484375
9570,0.48828125
9571,0.515625
9572,0.53515625
9573,0.5
9574,0.515625
9575,0.5859375
9576,0.49609375
9577,0.54296875
9578,0.5390625
9579,0.5703125
9580,0.51953125
9581,0.453125
9582,0.47265625
9583,0.57421875
9584,0.5078125
9585,0.609375
9586,0.53125
9587,0.5234375
9588,0.44140625
9589,0.52734375
9590,0.49609375
9591,0.4765625
9592,0.49609375
9593,0.55078125
9594,0.52734375
9595,0.44921875
9596,0.48046875
9597,0.47265625
9598,0.51171875
9599,0.4765625
9600,0.54296875
9601,0.47265625
9602,0.5390625
9603,0.5546875
9604,0.3984375
9605,0.484375
9606,0.546875
9607,0.48046875
9608,0.4921875
9609,0.46875
9610,0.53515625
9611,0.52734375
9612,0.44140625
9613,0.53515625
9614,0.49609375
9615,0.41796875
9616,0.55078125
9617,0.53125
9618,0.50390625
9619,0.4765625
9620,0.53125
9621,0.39453125
9622,0.44921875
9623,0.4921875
9624,0.51171875
9625,0.5
9626,0.453125
9627,0.546875
9628,0.48046875
9629,0.51953125
9630,0.5078125
9631,0.4765625
9632,0.484375
9633,0.51171875
9634,0.4375
9635,0.5703125
9636,0.4609375
9637,0.53125
9638,0.4921875
9639,0.5234375
9640,0.53125
9641,0.5390625
9642,0.47265625
9643,0.51171875
9644,0.515625
9645,0.546875
9646,0.5546875
9647,0.5
9648,0.4140625
9649,0.5078125
9650,0.5625
9651,0.54296875
9652,0.48046875
9653,0.54296875
9654,0.51953125
9655,0.5390625
9656,0.51171875
9657,0.51953125
9658,0.44921875
9659,0.53515625
9660,0.58984375
9661,0.49609375
9662,0.55859375
9663,0.515625
9664,0.50390625
9665,0.4921875
9666,0.5625
9667,0.515625
9668,0.50390625
9669,0.546875
9670,0.5234375
9671,0.5390625
9672,0.453125
9673,0.53125
9674,0.48828125
9675,0.48828125
9676,0.3984375
9677,0.48828125
9678,0.53515625
9679,0.484375
9680,0.51171875
9681,0.55078125
9682,0.4375
9683,0.4765625
9684,0.515625
9685,0.46484375
9686,0.47265625
9687,0.5078125
9688,0.5390625
9689,0.46875
9690,0.49609375
9691,0.46875
9692,0.47265625
9693,0.47265625
9694,0.46875
9695,0.4765625
9696,0.5234375
9697,0.53515625
9698,0.515625
9699,0.44921875
9700,0.49609375
9701,0.46484375
9702,0.48046875
9703,0.54296875
9704,0.5
9705,0.48046875
9706,0.44921875
9707,0.4921875
9708,0.4609375
9709,0.484375
9710,0.45703125
9711,0.5078125
9712,0.5
9713,0.46484375
9714,0.484375
9715,0.46875
9716,0.5078125
9717,0.5390625
9718,0.46875
9719,0.52734375
9720,0.52734375
9721,0.4609375
9722,0.5078125
9723,0.47265625
9724,0.49609375
9725,0.515625
9726,0.453125
9727,0.56640625
9728,0.4765625
9729,0.52734375
9730,0.55859375
9731,0.4765625
9732,0.4765625
9733,0.47265625
9734,0.50390625
9735,0.45703125
9736,0.484375
9737,0.51953125
9738,0.484375
9739,0.49609375
9740,0.51171875
9741,0.48046875
9742,0.546875
9743,0.5
9744,0.52734375
9745,0.51171875
9746,0.51171875
9747,0.5703125
9748,0.46875
9749,0.484375
9750,0.484375
9751,0.55078125
9752,0.5546875
9753,0.484375
9754,0.484375
9755,0.50390625
9756,0.49609375
9757,0.5078125
9758,0.55078125
9759,0.5234375
9760,0.4765625
9761,0.45703125
9762,0.42578125
9763,0.4921875
9764,0.5
9765,0.51953125
9766,0.53125
9767,0.484375
9768,0.4453125
9769,0.4296875
9770,0.53125
9771,0.484375
9772,0.5078125
9773,0.5078125
9774,0.55078125
9775,0.48828125
9776,0.46484375
9777,0.47265625
9778,0.4921875
9779,0.51171875
9780,0.44921875
9781,0.51953125
9782,0.453125
9783,0.421875
9784,0.45703125
9785,0.484375
9786,0.51171875
9787,0.47265625
9788,0.54296875
9789,0.5
9790,0.4765625
9791,0.4921875
9792,0.5
9793,0.484375
9794,0.53515625
9795,0.5
9796,0.515625
9797,0.52734375
9798,0.48828125
9799,0.4921875
9800,0.484375
9801,0.48046875
9802,0.47265625
9803,0.53125
9804,0.546875
9805,0.54296875
9806,0.515625
9807,0.48828125
9808,0.4765625
9809,0.5390625
9810,0.515625
9811,0.48828125
9812,0.47265625
9813,0.5703125
9814,0.51953125
9815,0.48046875
9816,0.4140625
9817,0.5703125
9818,0.4921875
9819,0.5
9820,0.5078125
9821,0.46484375
9822,0.5
9823,0.56640625
9824,0.47265625
9825,0.484375
9826,0.49609375
9827,0.4921875
9828,0.453125
9829,0.4609375
9830,0.46875
9831,0.48046875
9832,0.48828125
9833,0.4921875
9834,0.5078125
9835,0.47265625
9836,0.53125
9837,0.46484375
9838,0.4921875
9839,0.4375
9840,0.484375
9841,0.45703125
9842,0.5078125
9843,0.55078125
9844,0.43359375
9845,0.51953125
9846,0.48828125
9847,0.5
9848,0.5078125
9849,0.4921875
9850,0.5078125
9851,0.484375
9852,0.51171875
9853,0.45703125
9854,0.46875
9855,0.49609375
9856,0.46875
9857,0.48046875
9858,0.55859375
9859,0.45703125
9860,0.5234375
9861,0.5234375
9862,0.5
9863,0.43359375
9864,0.4296875
9865,0.48828125
9866,0.53515625
9867,0.4921875
9868,0.48046875
9869,0.52734375
9870,0.48046875
9871,0.4921875
9872,0.5
9873,0.58984375
9874,0.51953125
9875,0.546875
9876,0.48046875
9877,0.51171875
9878,0.56640625
9879,0.52734375
9880,0.49609375
9881,0.4765625
9882,0.546875
9883,0.46875
9884,0.515625
9885,0.42578125
9886,0.4765625
9887,0.48828125
9888,0.44921875
9889,0.53125
9890,0.48828125
9891,0.49609375
9892,0.484375
9893,0.46484375
9894,0.4765625
9895,0.54296875
9896,0.47265625
9897,0.5078125
9898,0.484375
9899,0.46875
9900,0.453125
9901,0.50390625
9902,0.47265625
9903,0.4453125
9904,0.50390625
9905,0.4453125
9906,0.55859375
9907,0.52734375
9908,0.51171875
9909,0.5078125
9910,0.4765625
9911,0.5078125
9912,0.4375
9913,0.46875
9914,0.48828125
9915,0.46875
9916,0.453125
9917,0.51953125
9918,0.50390625
9919,0.51953125
9920,0.5078125
9921,0.48828125
9922,0.50390625
9923,0.50390625
9924,0.53515625
9925,0.484375
9926,0.484375
9927,0.52734375
9928,0.4765625
9929,0.546875
9930,0.51171875
9931,0.55078125
9932,0.5234375
9933,0.47265625
9934,0.5625
9935,0.55078125
9936,0.46484375
9937,0.484375
9938,0.5390625
9939,0.484375
9940,0.53515625
9941,0.5546875
9942,0.4296875
9943,0.51171875
9944,0.4765625
9945,0.52734375
9946,0.55859375
9947,0.5078125
9948,0.4921875
9949,0.44140625
9950,0.47265625
9951,0.54296875
9952,0.5078125
9953,0.484375
9954,0.5078125
9955,0.4921875
9956,0.45703125
9957,0.5234375
9958,0.52734375
9959,0.46484375
9960,0.46875
9961,0.52734375
9962,0.41796875
9963,0.4921875
9964,0.4453125
9965,0.47265625
9966,0.48828125
9967,0.53125
9968,0.49609375
9969,0.5078125
9970,0.5703125
9971,0.5234375
9972,0.5078125
9973,0.50390625
9974,0.484375
9975,0.546875
9976,0.49609375
9977,0.52734375
9978,0.4921875
9979,0.4921875
9980,0.4921875
9981,0.4921875
9982,0.5703125
9983,0.45703125
9984,0.4609375
9985,0.515625
9986,0.5
9987,0.52734375
9988,0.4921875
9989,0.46484375
9990,0.515625
9991,0.5234375
9992,0.4765625
9993,0.51171875
9994,0.5
9995,0.453125
9996,0.515625
9997,0.5
9998,0.4375
9999,0.578125
10000,0.50390625
10001,0.5390625
10002,0.4296875
10003,0.5078125
10004,0.47265625
10005,0.52734375
10006,0.45703125
10007,0.46875
10008,0.5234375
10009,0.4609375
10010,0.54296875
10011,0.515625
10012,0.4375
10013,0.4765625
10014,0.51171875
10015,0.5546875
10016,0.4921875
10017,0.5
10018,0.46875
10019,0.49609375
10020,0.51171875
10021,0.44921875
10022,0.515625
10023,0.5390625
10024,0.44140625
10025,0.46875
10026,0.44921875
10027,0.44921875
10028,0.5234375
10029,0.48046875
10030,0.51953125
10031,0.53125
10032,0.46484375
10033,0.53515625
10034,0.5546875
10035,0.53515625
10036,0.4765625
10037,0.5078125
10038,0.49609375
10039,0.51953125
10040,0.51171875
10041,0.51171875
10042,0.4375
10043,0.4921875
10044,0.46875
10045,0.53515625
10046,0.5234375
10047,0.453125
10048,0.515625
10049,0.48828125
10050,0.4609375
10051,0.5234375
10052,0.5078125
10053,0.44921875
10054,0.5078125
10055,0.4921875
10056,0.53125
10057,0.49609375
10058,0.50390625
10059,0.5234375
10060,0.515625
10061,0.484375
10062,0.47265625
10063,0.5546875
10064,0.5234375
10065,0.5
10066,0.50390625
10067,0.5390625
10068,0.40234375
10069,0.515625
10070,0.48046875
10071,0.46875
10072,0.47265625
10073,0.42578125
10074,0.46875
10075,0.46875
10076,0.49609375
10077,0.515625
10078,0.4765625
10079,0.46875
10080,0.48828125
10081,0.5234375
10082,0.44140625
10083,0.484375
10084,0.52734375
10085,0.52734375
10086,0.45703125
10087,0.5078125
10088,0.52734375
10089,0.4609375
10090,0.48828125
10091,0.53515625
10092,0.5546875
10093,0.46875
10094,0.50390625
10095,0.4921875
10096,0.48046875
10097,0.5390625
10098,0.51171875
10099,0.46875
10100,0.5390625
10101,0.5234375
10102,0.515625
10103,0.53125
10104,0.51171875
10105,0.53515625
10106,0.51171875
10107,0.4921875
10108,0.49609375
10109,0.5703125
10110,0.51171875
10111,0.5234375
10112,0.5078125
10113,0.55078125
10114,0.45703125
10115,0.53125
10116,0.44921875
10117,0.61328125
10118,0.5546875
10119,0.52734375
10120,0.53125
10121,0.515625
10122,0.44140625
10123,0.453125
10124,0.51171875
10125,0.44921875
10126,0.48828125
10127,0.5078125
10128,0.4921875
10129,0.5078125
10130,0.41796875
10131,0.48046875
10132,0.50390625
10133,0.4453125
10134,0.51171875
10135,0.48828125
10136,0.515625
10137,0.52734375
10138,0.5078125
10139,0.52734375
10140,0.51171875
10141,0.57421875
10142,0.515625
10143,0.51171875
10144,0.53125
10145,0.44921875
10146,0.48046875
10147,0.51953125
10148,0.484375
10149,0.5234375
10150,0.48828125
10151,0.46875
10152,0.453125
10153,0.48828125
10154,0.5703125
10155,0.4609375
10156,0.57421875
10157,0.515625
10158,0.484375
10159,0.5
10160,0.51171875
10161,0.51171875
10162,0.5390625
10163,0.5546875
10164,0.48046875
10165,0.4609375
10166,0.5234375
10167,0.4921875
10168,0.48828125
10169,0.4453125
10170,0.49609375
10171,0.515625
10172,0.48828125
10173,0.47265625
10174,0.59765625
10175,0.5078125
10176,0.51953125
10177,0.5078125
10178,0.52734375
10179,0.4765625
10180,0.515625
10181,0.43359375
10182,0.42578125
10183,0.51953125
10184,0.4765625
10185,0.5625
10186,0.51953125
10187,0.53125
10188,0.56640625
10189,0.5234375
10190,0.5078125
10191,0.47265625
10192,0.54296875
10193,0.48828125
10194,0.49609375
10195,0.54296875
10196,0.51953125
10197,0.58984375
10198,0.50390625
10199,0.6015625
10200,0.44140625
10201,0.51953125
10202,0.56640625
10203,0.48046875
10204,0.4609375
10205,0.515625
10206,0.49609375
10207,0.46875
10208,0.44921875
10209,0.46875
10210,0.48046875
10211,0.5546875
10212,0.453125
10213,0.58984375
10214,0.53125
10215,0.46484375
10216,0.5078125
10217,0.5078125
10218,0.55078125
10219,0.51953125
10220,0.484375
10221,0.49609375
10222,0.49609375
10223,0.46875
10224,0.4921875
10225,0.53515625
10226,0.45703125
10227,0.51171875
10228,0.5625
10229,0.4921875
10230,0.4765625
10231,0.48828125
10232,0.55078125
10233,0.48828125
10234,0.546875
10235,0.453125
10236,0.46484375
10237,0.48828125
10238,0.515625
10239,0.5
10240,0.5
10241,0.4609375
10242,0.4453125
10243,0.546875
10244,0.4296875
10245,0.4765625
10246,0.53515625
10247,0.5703125
10248,0.4375
10249,0.4609375
10250,0.51171875
10251,0.59765625
10252,0.50390625
10253,0.48828125
10254,0.4765625
10255,0.48046875
10256,0.51953125
10257,0.53125
10258,0.4375
10259,0.47265625
10260,0.4921875
10261,0.4921875
10262,0.453125
10263,0.5078125
10264,0.5
10265,0.48828125
10266,0.5390625
10267,0.49609375
10268,0.5
10269,0.45703125
10270,0.50390625
10271,0.48828125
10272,0.52734375
10273,0.5546875
10274,0.46484375
10275,0.5234375
10276,0.5
10277,0.4765625
10278,0.4375
10279,0.46875
10280,0.4921875
10281,0.53515625
10282,0.4609375
10283,0.50390625
10284,0.48828125
10285,0.51953125
10286,0.51171875
10287,0.51953125
10288,0.53125
10289,0.484375
10290,0.46484375
10291,0.46875
10292,0.546875
10293,0.5
10294,0.484375
10295,0.48046875
10296,0.57421875
10297,0.484375
10298,0.46875
10299,0.53125
10300,0.5703125
10301,0.49609375
10302,0.48828125
10303,0.51953125
10304,0.5234375
10305,0.49609375
10306,0.55859375
10307,0.54296875
10308,0.515625
10309,0.5078125
10310,0.5078125
10311,0.48046875
10312,0.51953125
10313,0.4921875
10314,0.53515625
10315,0.484375
10316,0.4453125
10317,0.5234375
10318,0.515625
10319,0.50390625
10320,0.50390625
10321,0.53515625
10322,0.515625
10323,0.515625
10324,0.57421875
10325,0.484375
10326,0.50390625
10327,0.46875
10328,0.51171875
10329,0.50390625
10330,0.5078125
10331,0.51953125
10332,0.5234375
10333,0.546875
10334,0.5546875
10335,0.48046875
10336,0.47265625
10337,0.55859375
10338,0.484375
10339,0.4609375
10340,0.453125
10341,0.44140625
10342,0.49609375
10343,0.46875
10344,0.51171875
10345,0.5390625
10346,0.47265625
10347,0.44921875
10348,0.5
10349,0.46875
10350,0.45703125
10351,0.47265625
10352,0.4765625
10353,0.49609375
10354,0.46484375
10355,0.46875
10356,0.484375
10357,0.51953125
10358,0.4609375
10359,0.5078125
10360,0.48046875
10361,0.42578125
10362,0.5
10363,0.47265625
10364,0.46484375
10365,0.47265625
10366,0.5078125
10367,0.484375
10368,0.55078125
10369,0.5078125
10370,0.54296875
10371,0.44921875
10372,0.5078125
10373,0.515625
10374,0.49609375
10375,0.44140625
10376,0.5078125
10377,0.5078125
10378,0.54296875
10379,0.51171875
10380,0.46875
10381,0.44921875
10382,0.5546875
10383,0.5390625
10384,0.4921875
10385,0.53515625
10386,0.5234375
10387,0.52734375
10388,0.45703125
10389,0.47265625
10390,0.484375
10391,0.53515625
10392,0.46875
10393,0.4765625
10394,0.48046875
10395,0.4453125
10396,0.5
10397,0.53125
10398,0.484375
10399,0.51171875
10400,0.57421875
10401,0.515625
10402,0.453125
10403,0.46484375
10404,0.46484375
10405,0.56640625
10406,0.515625
10407,0.47265625
10408,0.4375
10409,0.53125
10410,0.484375
10411,0.578125
10412,0.484375
10413,0.5625
10414,0.51953125
10415,0.51171875
10416,0.55078125
10417,0.46484375
10418,0.46875
10419,0.4921875
10420,0.4765625
10421,0.578125
10422,0.50390625
10423,0.4921875
10424,0.4609375
10425,0.53125
10426,0.51171875
10427,0.48828125
10428,0.51953125
10429,0.51953125
10430,0.4765625
10431,0.53515625
10432,0.515625
10433,0.5
10434,0.48828125
10435,0.578125
10436,0.49609375
10437,0.5
10438,0.55078125
10439,0.546875
10440,0.44921875
10441,0.484375
10442,0.484375
10443,0.5625
10444,0.50390625
10445,0.50390625
10446,0.54296875
10447,0.515625
10448,0.5
10449,0.48828125
10450,0.47265625
10451,0.53125
10452,0.47265625
10453,0.48046875
10454,0.4609375
10455,0.4609375
10456,0.5
10457,0.4453125
10458,0.44921875
10459,0.5703125
10460,0.4375
10461,0.53125
10462,0.44140625
10463,0.53125
10464,0.484375
10465,0.47265625
10466,0.484375
10467,0.546875
10468,0.51953125
10469,0.48828125
10470,0.5546875
10471,0.5078125
10472,0.515625
10473,0.45703125
10474,0.49609375
10475,0.5078125
10476,0.515625
10477,0.578125
10478,0.625
10479,0.53125
10480,0.515625
10481,0.52734375
10482,0.4921875
10483,0.4453125
10484,0.4921875
10485,0.4609375
10486,0.4765625
10487,0.4765625
10488,0.4921875
10489,0.5078125
10490,0.48046875
10491,0.53515625
10492,0.453125
10493,0.44921875
10494,0.46484375
10495,0.48828125
10496,0.5
10497,0.4921875
10498,0.51953125
10499,0.48828125
10500,0.4296875
10501,0.51953125
10502,0.4921875
10503,0.5234375
10504,0.5390625
10505,0.49609375
10506,0.5234375
10507,0.5
10508,0.56640625
10509,0.48828125
10510,0.515625
10511,0.5234375
10512,0.50390625
10513,0.4921875
10514,0.5703125
10515,0.49609375
10516,0.5234375
10517,0.43359375
10518,0.49609375
10519,0.48046875
10520,0.515625
10521,0.50390625
10522,0.53515625
10523,0.4296875
10524,0.5703125
10525,0.46875
10526,0.4921875
10527,0.546875
10528,0.4609375
10529,0.453125
10530,0.44921875
10531,0.53515625
10532,0.3828125
10533,0.51171875
10534,0.43359375
10535,0.4453125
10536,0.5078125
10537,0.54296875
10538,0.50390625
10539,0.49609375
10540,0.46484375
10541,0.5078125
10542,0.5859375
10543,0.5
10544,0.53125
10545,0.55859375
10546,0.546875
10547,0.53125
10548,0.54296875
10549,0.47265625
10550,0.51953125
10551,0.4921875
10552,0.49609375
10553,0.48828125
10554,0.49609375
10555,0.5625
10556,0.546875
10557,0.50390625
10558,0.484375
10559,0.47265625
10560,0.4765625
10561,0.50390625
10562,0.50390625
10563,0.42578125
10564,0.46484375
10565,0.5078125
10566,0.4765625
10567,0.4921875
10568,0.55078125
10569,0.45703125
10570,0.54296875
10571,0.5703125
10572,0.52734375
10573,0.5546875
10574,0.51171875
10575,0.546875
10576,0.54296875
10577,0.44140625
10578,0.53125
10579,0.4609375
10580,0.49609375
10581,0.5
10582,0.51953125
10583,0.48046875
10584,0.4453125
10585,0.5234375
10586,0.45703125
10587,0.47265625
10588,0.515625
10589,0.48828125
10590,0.4375
10591,0.58203125
10592,0.5
10593,0.5078125
10594,0.6015625
10595,0.4140625
10596,0.44140625
10597,0.51953125
10598,0.53125
10599,0.52734375
10600,0.4375
10601,0.55859375
10602,0.47265625
10603,0.55078125
10604,0.47265625
10605,0.52734375
10606,0.5078125
10607,0.45703125
10608,0.5546875
10609,0.515625
10610,0.5390625
10611,0.453125
10612,0.5390625
10613,0.484375
10614,0.48046875
10615,0.5703125
10616,0.5390625
10617,0.48828125
10618,0.484375
10619,0.55078125
10620,0.47265625
10621,0.48046875
10622,0.54296875
10623,0.55078125
10624,0.49609375
10625,0.4765625
10626,0.49609375
10627,0.5078125
10628,0.453125
10629,0.56640625
10630,0.4765625
10631,0.46484375
10632,0.49609375
10633,0.55078125
10634,0.41015625
10635,0.53515625
10636,0.5234375
10637,0.515625
10638,0.51953125
10639,0.515625
10640,0.54296875
10641,0.49609375
10642,0.5859375
10643,0.53125
10644,0.515625
10645,0.55859375
10646,0.4921875
10647,0.453125
10648,0.55859375
10649,0.5390625
10650,0.46484375
10651,0.5703125
10652,0.4609375
10653,0.46484375
10654,0.5234375
10655,0.578125
10656,0.5859375
10657,0.50390625
10658,0.515625
10659,0.54296875
10660,0.44921875
10661,0.47265625
10662,0.48046875
10663,0.48046875
10664,0.5
10665,0.50390625
10666,0.58203125
10667,0.57421875
10668,0.52734375
10669,0.5546875
10670,0.5546875
10671,0.5625
10672,0.56640625
10673,0.4453125
10674,0.546875
10675,0.47265625
10676,0.48828125
10677,0.47265625
10678,0.51953125
10679,0.46875
10680,0.44140625
10681,0.4140625
10682,0.44921875
10683,0.51953125
10684,0.4296875
10685,0.58203125
10686,0.51171875
10687,0.51953125
10688,0.4296875
10689,0.453125
10690,0.51171875
10691,0.5859375
10692,0.546875
10693,0.48828125
10694,0.51953125
10695,0.46875
10696,0.52734375
10697,0.44921875
10698,0.4609375
10699,0.484375
10700,0.3984375
10701,0.4765625
10702,0.5
10703,0.53515625
10704,0.46875
10705,0.4609375
10706,0.4765625
10707,0.48828125
10708,0.50390625
10709,0.48046875
10710,0.5078125
10711,0.49609375
10712,0.5234375
10713,0.51171875
10714,0.5
10715,0.5390625
10716,0.453125
10717,0.5390625
10718,0.43359375
10719,0.48046875
10720,0.4375
10721,0.48828125
10722,0.4375
10723,0.4609375
10724,0.46484375
10725,0.60546875
10726,0.4921875
10727,0.51171875
10728,0.55859375
10729,0.51171875
10730,0.50390625
10731,0.55078125
10732,0.51953125
10733,0.47265625
10734,0.46875
10735,0.453125
10736,0.5234375
10737,0.50390625
10738,0.55859375
10739,0.5234375
10740,0.4453125
10741,0.5703125
10742,0.5078125
10743,0.46875
10744,0.51953125
10745,0.5234375
10746,0.49609375
10747,0.5
10748,0.46484375
10749,0.48046875
10750,0.5234375
10751,0.4453125
10752,0.5
10753,0.4453125
10754,0.515625
10755,0.48828125
10756,0.4921875
10757,0.45703125
10758,0.5
10759,0.55859375
10760,0.5390625
10761,0.46484375
10762,0.46875
10763,0.4296875
10764,0.578125
10765,0.546875
10766,0.50390625
10767,0.4375
10768,0.50390625
10769,0.48828125
10770,0.5
10771,0.5078125
10772,0.45703125
10773,0.5703125
10774,0.46875
10775,0.46875
10776,0.45703125
10777,0.48046875
10778,0.48828125
10779,0.55078125
10780,0.5078125
10781,0.515625
10782,0.40234375
10783,0.50390625
10784,0.484375
10785,0.42578125
10786,0.51171875
10787,0.48046875
10788,0.421875
10789,0.4453125
10790,0.5625
10791,0.53515625
10792,0.50390625
10793,0.484375
10794,0.4609375
10795,0.50390625
10796,0.48828125
10797,0.4375
10798,0.54296875
10799,0.54296875
10800,0.453125
10801,0.5
10802,0.51953125
10803,0.484375
10804,0.51953125
10805,0.546875
10806,0.453125
10807,0.58203125
10808,0.44140625
10809,0.4765625
10810,0.43359375
10811,0.5
10812,0.46484375
10813,0.53125
10814,0.578125
10815,0.51953125
10816,0.4609375
10817,0.5
10818,0.5703125
10819,0.5703125
10820,0.4921875
10821,0.43359375
10822,0.55078125
10823,0.53125
10824,0.5
10825,0.50390625
10826,0.4765625
10827,0.54296875
10828,0.53515625
10829,0.5
10830,0.5390625
10831,0.48046875
10832,0.45703125
10833,0.5390625
10834,0.5546875
10835,0.53515625
10836,0.46484375
10837,0.4921875
10838,0.51171875
10839,0.54296875
10840,0.52734375
10841,0.49609375
10842,0.49609375
10843,0.51953125
10844,0.49609375
10845,0.4921875
10846,0.45703125
10847,0.41015625
10848,0.5078125
10849,0.4921875
10850,0.5390625
10851,0.46875
10852,0.55078125
10853,0.46875
10854,0.52734375
10855,0.421875
10856,0.46484375
10857,0.55859375
10858,0.48046875
10859,0.52734375
10860,0.3828125
10861,0.515625
10862,0.42578125
10863,0.53515625
10864,0.4453125
10865,0.49609375
10866,0.53125
10867,0.56640625
10868,0.52734375
10869,0.5
10870,0.44921875
10871,0.48828125
10872,0.5078125
10873,0.515625
10874,0.48046875
10875,0.453125
10876,0.51171875
10877,0.55078125
10878,0.578125
10879,0.53515625
10880,0.51171875
10881,0.50390625
10882,0.44921875
10883,0.56640625
10884,0.51953125
10885,0.44140625
10886,0.48046875
10887,0.5390625
10888,0.50390625
10889,0.43359375
10890,0.55078125
10891,0.58203125
10892,0.52734375
10893,0.48046875
10894,0.4609375
10895,0.51953125
10896,0.47265625
10897,0.515625
10898,0.49609375
10899,0.56640625
10900,0.50390625
10901,0.4453125
10902,0.49609375
10903,0.546875
10904,0.50390625
10905,0.50390625
10906,0.4765625
10907,0.51171875
10908,0.5390625
10909,0.55859375
10910,0.51953125
10911,0.51953125
10912,0.48828125
10913,0.421875
10914,0.4921875
10915,0.4765625
10916,0.4765625
10917,0.53515625
10918,0.4453125
10919,0.48828125
10920,0.5703125
10921,0.4765625
10922,0.515625
10923,0.46875
10924,0.5390625
10925,0.51171875
10926,0.51171875
10927,0.5390625
10928,0.50390625
10929,0.4921875
10930,0.52734375
10931,0.46875
10932,0.46875
10933,0.453125
10934,0.56640625
10935,0.48046875
10936,0.51171875
10937,0.47265625
10938,0.5234375
10939,0.52734375
10940,0.5703125
10941,0.51171875
10942,0.48828125
10943,0.546875
10944,0.4765625
10945,0.5390625
10946,0.56640625
10947,0.5
10948,0.4453125
10949,0.46875
10950,0.5546875
10951,0.48828125
10952,0.51953125
10953,0.53125
10954,0.453125
10955,0.51953125
10956,0.53125
10957,0.5078125
10958,0.5078125
10959,0.5234375
10960,0.4296875
10961,0.484375
10962,0.484375
10963,0.57421875
10964,0.4375
10965,0.5078125
10966,0.50390625
10967,0.515625
10968,0.46484375
10969,0.46484375
10970,0.44921875
10971,0.40234375
10972,0.49609375
10973,0.484375
10974,0.4921875
10975,0.44140625
10976,0.51953125
10977,0.50390625
10978,0.53125
10979,0.47265625
10980,0.51171875
10981,0.55078125
10982,0.55078125
10983,0.515625
10984,0.4609375
10985,0.55859375
10986,0.51171875
10987,0.4453125
10988,0.640625
10989,0.48828125
10990,0.515625
10991,0.49609375
10992,0.51171875
10993,0.48046875
10994,0.50390625
10995,0.55078125
10996,0.546875
10997,0.453125
10998,0.4921875
10999,0.54296875
11000,0.44921875
11001,0.48828125
11002,0.5859375
11003,0.53125
11004,0.50390625
11005,0.4609375
11006,0.578125
11007,0.4765625
11008,0.453125
11009,0.640625
11010,0.49609375
11011,0.47265625
11012,0.51953125
11013,0.51953125
11014,0.59765625
11015,0.4765625
11016,0.53515625
11017,0.53125
11018,0.48046875
11019,0.49609375
11020,0.47265625
11021,0.53125
11022,0.5390625
11023,0.52734375
11024,0.4921875
11025,0.53125
11026,0.484375
11027,0.4140625
11028,0.53125
11029,0.4453125
11030,0.515625
11031,0.546875
11032,0.546875
11033,0.4765625
11034,0.52734375
11035,0.4765625
11036,0.44921875
11037,0.52734375
11038,0.453125
11039,0.57421875
11040,0.4765625
11041,0.50390625
11042,0.44921875
11043,0.4609375
11044,0.53125
11045,0.4921875
11046,0.40625
11047,0.51953125
11048,0.52734375
11049,0.53125
11050,0.4609375
11051,0.51171875
11052,0.51171875
11053,0.44921875
11054,0.50390625
11055,0.50390625
11056,0.5
11057,0.453125
11058,0.4765625
11059,0.48828125
11060,0.50390625
11061,0.42578125
11062,0.5234375
11063,0.4765625
11064,0.44921875
11065,0.484375
11066,0.54296875
11067,0.5
11068,0.51171875
11069,0.45703125
11070,0.47265625
11071,0.45703125
11072,0.48828125
11073,0.60546875
11074,0.56640625
11075,0.53125
11076,0.4765625
11077,0.54296875
11078,0.546875
11079,0.5390625
11080,0.484375
11081,0.49609375
11082,0.4921875
11083,0.5234375
11084,0.5
11085,0.453125
11086,0.46484375
11087,0.55859375
11088,0.4765625
11089,0.44921875
11090,0.5
11091,0.5546875
11092,0.484375
11093,0.45703125
11094,0.46875
11095,0.5234375
11096,0.52734375
11097,0.51171875
11098,0.5234375
11099,0.53125
11100,0.46484375
11101,0.484375
11102,0.4609375
11103,0.515625
11104,0.49609375
11105,0.5390625
11106,0.48828125
11107,0.4609375
11108,0.5078125
11109,0.4609375
11110,0.5
11111,0.55859375
11112,0.484375
11113,0.5546875
11114,0.47265625
11115,0.484375
11116,0.5234375
11117,0.5
11118,0.51953125
11119,0.51171875
11120,0.45703125
11121,0.52734375
11122,0.49609375
11123,0.56640625
11124,0.5546875
11125,0.4921875
11126,0.43359375
11127,0.5546875
11128,0.546875
11129,0.49609375
11130,0.5625
11131,0.44921875
11132,0.515625
11133,0.546875
11134,0.44921875
11135,0.52734375
11136,0.51171875
11137,0.48828125
11138,0.5234375
11139,0.4921875
11140,0.52734375
11141,0.38671875
11142,0.47265625
11143,0.50390625
11144,0.4609375
11145,0.51953125
11146,0.4453125
11147,0.51953125
11148,0.5078125
11149,0.45703125
11150,0.52734375
11151,0.5078125
11152,0.48828125
11153,0.45703125
11154,0.39453125
11155,0.58984375
11156,0.5234375
11157,0.5
11158,0.5078125
11159,0.53515625
11160,0.5234375
11161,0.515625
11162,0.48828125
11163,0.53515625
11164,0.44140625
11165,0.4609375
11166,0.53125
11167,0.54296875
11168,0.44921875
11169,0.51953125
11170,0.5234375
11171,0.54296875
11172,0.57421875
11173,0.57421875
11174,0.48046875
11175,0.44921875
11176,0.4921875
11177,0.47265625
11178,0.55078125
11179,0.5390625
11180,0.46875
11181,0.48046875
11182,0.55859375
11183,0.46875
11184,0.48046875
11185,0.40625
11186,0.51171875
11187,0.5390625
11188,0.49609375
11189,0.46484375
11190,0.51953125
11191,0.5390625
11192,0.41796875
11193,0.47265625
11194,0.50390625
11195,0.5
11196,0.5625
11197,0.53515625
11198,0.52734375
11199,0.5
11200,0.54296875
11201,0.46875
11202,0.49609375
11203,0.48046875
11204,0.4453125
11205,0.46484375
11206,0.49609375
11207,0.54296875
11208,0.46875
11209,0.5625
11210,0.5078125
11211,0.4609375
11212,0.49609375
11213,0.51171875
11214,0.515625
11215,0.484375
11216,0.48828125
11217,0.48046875
11218,0.5
11219,0.45703125
11220,0.453125
11221,0.4453125
11222,0.5
11223,0.48828125
11224,0.5390625
11225,0.4375
11226,0.5078125
11227,0.546875
11228,0.5703125
11229,0.54296875
11230,0.58984375
11231,0.515625
11232,0.45703125
11233,0.5078125
11234,0.53125
11235,0.46875
11236,0.56640625
11237,0.48046875
11238,0.41796875
11239,0.49609375
11240,0.421875
11241,0.5078125
11242,0.50390625
11243,0.5859375
11244,0.58203125
11245,0.5234375
11246,0.5234375
11247,0.46875
11248,0.5859375
11249,0.515625
11250,0.44140625
11251,0.44140625
11252,0.4296875
11253,0.51171875
11254,0.5
11255,0.49609375
11256,0.515625
11257,0.51171875
11258,0.5234375
11259,0.55859375
11260,0.51171875
11261,0.56640625
11262,0.5078125
11263,0.47265625
11264,0.5234375
11265,0.421875
11266,0.46875
11267,0.51953125
11268,0.484375
11269,0.49609375
11270,0.4296875
11271,0.55859375
11272,0.51171875
11273,0.52734375
11274,0.5234375
11275,0.50390625
11276,0.46484375
11277,0.546875
11278,0.50390625
11279,0.44140625
11280,0.51953125
11281,0.5078125
11282,0.45703125
11283,0.5078125
11284,0.55859375
11285,0.48828125
11286,0.52734375
11287,0.5390625
11288,0.515625
11289,0.4921875
11290,0.4609375
11291,0.3984375
11292,0.5
11293,0.44921875
11294,0.41015625
11295,0.52734375
11296,0.46484375
11297,0.55078125
11298,0.484375
11299,0.5703125
11300,0.5234375
11301,0.44140625
11302,0.5078125
11303,0.54296875
11304,0.4375
11305,0.51953125
11306,0.49609375
11307,0.51171875
11308,0.5234375
11309,0.4921875
11310,0.5546875
11311,0.4375
11312,0.515625
11313,0.52734375
11314,0.46875
11315,0.51171875
11316,0.51171875
11317,0.5390625
11318,0.5703125
11319,0.4609375
11320,0.4921875
11321,0.5703125
11322,0.5
11323,0.46484375
11324,0.52734375
11325,0.5078125
11326,0.51171875
11327,0.5078125
11328,0.52734375
11329,0.52734375
11330,0.53515625
11331,0.52734375
11332,0.6328125
11333,0.46875
11334,0.453125
11335,0.515625
11336,0.48046875
11337,0.5
11338,0.6171875
11339,0.55859375
11340,0.5
11341,0.51953125
11342,0.46875
11343,0.5
11344,0.48828125
11345,0.5546875
11346,0.53515625
11347,0.48828125
11348,0.5625
11349,0.47265625
11350,0.4921875
11351,0.4921875
11352,0.515625
11353,0.5546875
11354,0.546875
11355,0.55078125
11356,0.5234375
11357,0.4921875
11358,0.5703125
11359,0.50390625
11360,0.546875
11361,0.46875
11362,0.5078125
11363,0.4609375
11364,0.55078125
11365,0.4609375
11366,0.4765625
11367,0.5078125
11368,0.47265625
11369,0.48828125
11370,0.5390625
11371,0.50390625
11372,0.4765625
11373,0.41796875
11374,0.45703125
11375,0.45703125
11376,0.51171875
11377,0.4921875
11378,0.51953125
11379,0.55078125
11380,0.484375
11381,0.4765625
11382,0.58984375
11383,0.53515625
11384,0.49609375
11385,0.52734375
11386,0.453125
11387,0.48828125
11388,0.52734375
11389,0.4375
11390,0.47265625
11391,0.47265625
11392,0.46484375
11393,0.50390625
11394,0.41015625
11395,0.4921875
11396,0.49609375
11397,0.49609375
11398,0.46484375
11399,0.51953125
11400,0.51953125
11401,0.484375
11402,0.53125
11403,0.41015625
11404,0.58203125
11405,0.48046875
11406,0.5625
11407,0.50390625
11408,0.47265625
11409,0.515625
11410,0.5234375
11411,0.5078125
11412,0.4921875
11413,0.46484375
11414,0.4375
11415,0.51953125
11416,0.49609375
11417,0.5234375
11418,0.515625
11419,0.46484375
11420,0.484375
11421,0.46875
11422,0.5234375
11423,0.5625
11424,0.48046875
11425,0.4453125
11426,0.50390625
11427,0.48828125
11428,0.47265625
11429,0.48046875
11430,0.4453125
11431,0.47265625
11432,0.55078125
11433,0.48828125
11434,0.54296875
11435,0.48046875
11436,0.44921875
11437,0.52734375
11438,0.4765625
11439,0.6015625
11440,0.4921875
11441,0.44140625
11442,0.52734375
11443,0.51953125
11444,0.52734375
11445,0.46484375
11446,0.52734375
11447,0.40234375
11448,0.44921875
11449,0.46875
11450,0.484375
11451,0.578125
11452,0.484375
11453,0.50390625
11454,0.5546875
11455,0.515625
11456,0.5078125
11457,0.4765625
11458,0.46484375
11459,0.4765625
11460,0.58203125
11461,0.50390625
11462,0.49609375
11463,0.45703125
11464,0.5078125
11465,0.5
11466,0.4765625
11467,0.51953125
11468,0.5078125
11469,0.49609375
11470,0.484375
11471,0.51171875
11472,0.51171875
11473,0.51171875
11474,0.5234375
11475,0.5078125
11476,0.5390625
11477,0.4609375
11478,0.5234375
11479,0.4375
11480,0.57421875
11481,0.6015625
11482,0.5390625
11483,0.515625
11484,0.5390625
11485,0.53125
11486,0.484375
11487,0.4296875
11488,0.48828125
11489,0.51171875
11490,0.484375
11491,0.484375
11492,0.53125
11493,0.5078125
11494,0.50390625
11495,0.5078125
11496,0.53125
11497,0.53515625
11498,0.47265625
11499,0.51953125
11500,0.5078125
11501,0.5234375
11502,0.55078125
11503,0.4765625
11504,0.46484375
11505,0.51953125
11506,0.46484375
11507,0.45703125
11508,0.484375
11509,0.57421875
11510,0.484375
11511,0.51953125
11512,0.48828125
11513,0.5
11514,0.4609375
11515,0.48828125
11516,0.42578125
11517,0.4765625
11518,0.47265625
11519,0.484375
11520,0.4765625
11521,0.48046875
11522,0.5
11523,0.5078125
11524,0.48828125
11525,0.5859375
11526,0.5078125
11527,0.4921875
11528,0.48046875
11529,0.5703125
11530,0.5
11531,0.4921875
11532,0.44140625
11533,0.5234375
11534,0.49609375
11535,0.50390625
11536,0.46484375
11537,0.453125
11538,0.53125
11539,0.46484375
11540,0.55859375
11541,0.6015625
11542,0.4921875
11543,0.4609375
11544,0.4921875
11545,0.52734375
11546,0.5390625
11547,0.51171875
11548,0.4921875
11549,0.47265625
11550,0.47265625
11551,0.59375
11552,0.46484375
11553,0.47265625
11554,0.53125
11555,0.58203125
11556,0.46875
11557,0.5234375
11558,0.46875
11559,0.46484375
11560,0.578125
11561,0.5234375
11562,0.515625
11563,0.53515625
11564,0.515625
11565,0.53515625
11566,0.5078125
11567,0.53515625
11568,0.484375
11569,0.5625
11570,0.4921875
11571,0.5078125
11572,0.44921875
11573,0.4765625
11574,0.4609375
11575,0.4921875
11576,0.5546875
11577,0.46875
11578,0.4765625
11579,0.4296875
11580,0.44140625
11581,0.54296875
11582,0.51171875
11583,0.4765625
11584,0.51171875
11585,0.48828125
11586,0.50390625
11587,0.51171875
11588,0.515625
11589,0.53515625
11590,0.484375
11591,0.54296875
11592,0.484375
11593,0.47265625
11594,0.4140625
11595,0.57421875
11596,0.37890625
11597,0.55078125
11598,0.52734375
11599,0.46875
11600,0.53515625
11601,0.4609375
11602,0.55859375
11603,0.55078125
11604,0.515625
11605,0.4921875
11606,0.47265625
11607,0.44140625
11608,0.5390625
11609,0.47265625
11610,0.5390625
11611,0.453125
11612,0.515625
11613,0.5234375
11614,0.4921875
11615,0.48046875
11616,0.45703125
11617,0.421875
11618,0.4921875
11619,0.47265625
11620,0.42578125
11621,0.50390625
11622,0.44921875
11623,0.55078125
11624,0.54296875
11625,0.46875
11626,0.421875
11627,0.453125
11628,0.40625
11629,0.47265625
11630,0.453125
11631,0.484375
11632,0.49609375
11633,0.421875
11634,0.4453125
11635,0.4453125
11636,0.55859375
11637,0.5078125
11638,0.48828125
11639,0.57421875
11640,0.53125
11641,0.45703125
11642,0.4453125
11643,0.51171875
11644,0.47265625
11645,0.57421875
11646,0.4296875
11647,0.48828125
11648,0.48046875
11649,0.48046875
11650,0.484375
11651,0.58203125
11652,0.578125
11653,0.546875
11654,0.5234375
11655,0.5546875
11656,0.5
11657,0.46484375
11658,0.4609375
11659,0.453125
11660,0.53515625
11661,0.484375
11662,0.52734375
11663,0.4921875
11664,0.546875
11665,0.546875
11666,0.6015625
11667,0.50390625
11668,0.421875
11669,0.46484375
11670,0.51953125
11671,0.52734375
11672,0.515625
11673,0.48828125
11674,0.4453125
11675,0.53125
11676,0.515625
11677,0.5078125
11678,0.515625
11679,0.453125
11680,0.484375
11681,0.4609375
11682,0.5625
11683,0.47265625
11684,0.58984375
11685,0.48828125
11686,0.515625
11687,0.48046875
11688,0.5
11689,0.515625
11690,0.51953125
11691,0.515625
11692,0.4921875
11693,0.48828125
11694,0.54296875
11695,0.49609375
11696,0.47265625
11697,0.43359375
11698,0.50390625
11699,0.51171875
11700,0.48046875
11701,0.54296875
11702,0.484375
11703,0.4765625
11704,0.5625
11705,0.4609375
11706,0.53125
11707,0.515625
11708,0.5859375
11709,0.51171875
11710,0.48046875
11711,0.44140625
11712,0.4921875
11713,0.4140625
11714,0.5078125
11715,0.52734375
11716,0.55859375
11717,0.40234375
11718,0.44140625
11719,0.48828125
11720,0.55078125
11721,0.515625
11722,0.49609375
11723,0.53515625
11724,0.515625
11725,0.47265625
11726,0.46484375
11727,0.47265625
11728,0.51953125
11729,0.49609375
11730,0.515625
11731,0.5390625
11732,0.515625
11733,0.5234375
11734,0.4609375
11735,0.55078125
11736,0.49609375
11737,0.5078125
11738,0.49609375
11739,0.5703125
11740,0.54296875
11741,0.5078125
11742,0.52734375
11743,0.53515625
11744,0.49609375
11745,0.4921875
11746,0.44140625
11747,0.46875
11748,0.46875
11749,0.4921875
11750,0.546875
11751,0.51171875
11752,0.515625
11753,0.4453125
11754,0.4921875
11755,0.5078125
11756,0.48046875
11757,0.48828125
11758,0.52734375
11759,0.40625
11760,0.53125
11761,0.5
11762,0.4921875
11763,0.5234375
11764,0.50390625
11765,0.52734375
11766,0.53125
11767,0.5390625
11768,0.54296875
11769,0.44140625
11770,0.51953125
11771,0.4375
11772,0.515625
11773,0.4765625
11774,0.47265625
11775,0.5234375
11776,0.55859375
11777,0.43359375
11778,0.51171875
11779,0.484375
11780,0.44140625
11781,0.53125
11782,0.48828125
11783,0.48046875
11784,0.51953125
11785,0.43359375
11786,0.48828125
11787,0.5078125
11788,0.51953125
11789,0.5
11790,0.54296875
11791,0.4921875
11792,0.59375
11793,0.5078125
11794,0.453125
11795,0.52734375
11796,0.5
11797,0.46484375
11798,0.484375
11799,0.5625
11800,0.4609375
11801,0.5
11802,0.55078125
11803,0.48828125
11804,0.46875
11805,0.51171875
11806,0.5078125
11807,0.4609375
11808,0.5
11809,0.4921875
11810,0.5390625
11811,0.54296875
11812,0.375
11813,0.4609375
11814,0.46484375
11815,0.53125
11816,0.56640625
11817,0.49609375
11818,0.46875
11819,0.54296875
11820,0.52734375
11821,0.46875
11822,0.390625
11823,0.48046875
11824,0.4921875
11825,0.55078125
11826,0.51171875
11827,0.54296875
11828,0.51171875
11829,0.4453125
11830,0.50390625
11831,0.46484375
11832,0.48828125
11833,0.578125
11834,0.515625
11835,0.4609375
11836,0.52734375
11837,0.4453125
11838,0.52734375
11839,0.51171875
11840,0.45703125
11841,0.5859375
11842,0.45703125
11843,0.4921875
11844,0.5234375
11845,0.55859375
11846,0.47265625
11847,0.48828125
11848,0.51953125
11849,0.4609375
11850,0.51953125
11851,0.49609375
11852,0.44921875
11853,0.54296875
11854,0.52734375
11855,0.55078125
11856,0.4296875
11857,0.46484375
11858,0.5078125
11859,0.59375
11860,0.4765625
11861,0.50390625
11862,0.48046875
11863,0.53125
11864,0.484375
11865,0.484375
11866,0.4921875
11867,0.51953125
11868,0.484375
11869,0.37890625
11870,0.45703125
11871,0.47265625
11872,0.52734375
11873,0.546875
11874,0.5
11875,0.47265625
11876,0.44921875
11877,0.48828125
11878,0.56640625
11879,0.54296875
11880,0.453125
11881,0.5546875
11882,0.453125
11883,0.5
11884,0.5
11885,0.4375
11886,0.5078125
11887,0.5
11888,0.55078125
11889,0.5390625
11890,0.45703125
11891,0.46875
11892,0.46875
11893,0.515625
11894,0.48046875
11895,0.46875
11896,0.5
11897,0.48046875
11898,0.5078125
11899,0.4765625
11900,0.62890625
11901,0.4453125
11902,0.47265625
11903,0.453125
11904,0.5234375
11905,0.5390625
11906,0.48046875
11907,0.49609375
11908,0.51953125
11909,0.60546875
11910,0.515625
11911,0.51171875
11912,0.5703125
11913,0.5
11914,0.41796875
11915,0.546875
11916,0.46484375
11917,0.47265625
11918,0.4609375
11919,0.5
11920,0.53125
11921,0.6015625
11922,0.52734375
11923,0.5
11924,0.48046875
11925,0.44140625
11926,0.5234375
11927,0.390625
11928,0.5390625
11929,0.51953125
11930,0.5
11931,0.4921875
11932,0.484375
11933,0.52734375
11934,0.44921875
11935,0.4765625
11936,0.53125
11937,0.484375
11938,0.5859375
11939,0.515625
11940,0.5390625
11941,0.55859375
11942,0.52734375
11943,0.48046875
11944,0.421875
11945,0.421875
11946,0.4375
11947,0.52734375
11948,0.47265625
11949,0.49609375
11950,0.484375
11951,0.49609375
11952,0.41796875
11953,0.51953125
11954,0.46484375
11955,0.51953125
11956,0.50390625
11957,0.4921875
11958,0.546875
11959,0.609375
11960,0.6328125
11961,0.515625
11962,0.47265625
11963,0.5234375
11964,0.50390625
11965,0.515625
11966,0.45703125
11967,0.55859375
11968,0.53125
11969,0.515625
11970,0.51953125
11971,0.51171875
11972,0.4609375
11973,0.515625
11974,0.5234375
11975,0.50390625
11976,0.44140625
11977,0.49609375
11978,0.52734375
11979,0.5546875
11980,0.48046875
11981,0.375
11982,0.49609375
11983,0.48828125
11984,0.44921875
11985,0.48046875
11986,0.46875
11987,0.453125
11988,0.5078125
11989,0.49609375
11990,0.4765625
11991,0.4375
11992,0.40234375
11993,0.45703125
11994,0.515625
11995,0.52734375
11996,0.453125
11997,0.453125
11998,0.515625
11999,0.54296875
12000,0.46484375
12001,0.51171875
12002,0.4296875
12003,0.4453125
12004,0.57421875
12005,0.4375
12006,0.4609375
12007,0.54296875
12008,0.50390625
12009,0.5390625
12010,0.5234375
12011,0.4765625
12012,0.421875
12013,0.5234375
12014,0.546875
12015,0.51953125
12016,0.484375
12017,0.49609375
12018,0.484375
12019,0.484375
12020,0.56640625
12021,0.54296875
12022,0.44921875
12023,0.49609375
12024,0.53515625
12025,0.4921875
12026,0.52734375
12027,0.51171875
12028,0.50390625
12029,0.4921875
12030,0.515625
12031,0.52734375
12032,0.4765625
12033,0.48828125
12034,0.54296875
12035,0.44921875
12036,0.46484375
12037,0.48046875
12038,0.52734375
12039,0.5703125
12040,0.50390625
12041,0.4609375
12042,0.46875
12043,0.43359375
12044,0.49609375
12045,0.45703125
12046,0.48828125
12047,0.453125
12048,0.52734375
12049,0.5078125
12050,0.49609375
12051,0.48828125
12052,0.4765625
12053,0.5390625
12054,0.5
12055,0.5546875
12056,0.5
12057,0.515625
12058,0.5859375
12059,0.54296875
12060,0.515625
12061,0.4140625
12062,0.46484375
12063,0.4921875
12064,0.484375
12065,0.49609375
12066,0.53515625
12067,0.53515625
12068,0.5078125
12069,0.5
12070,0.54296875
12071,0.45703125
12072,0.484375
12073,0.4375
12074,0.4921875
12075,0.48828125
12076,0.50390625
12077,0.4921875
12078,0.52734375
12079,0.515625
12080,0.50390625
12081,0.57421875
12082,0.47265625
12083,0.46875
12084,0.546875
12085,0.6015625
12086,0.49609375
12087,0.4453125
12088,0.484375
12089,0.51953125
12090,0.53125
12091,0.46875
12092,0.5390625
12093,0.48828125
12094,0.5546875
12095,0.52734375
12096,0.5234375
12097,0.52734375
12098,0.46484375
12099,0.484375
12100,0.58984375
12101,0.50390625
12102,0.5
12103,0.54296875
12104,0.5234375
12105,0.484375
12106,0.51953125
12107,0.55859375
12108,0.47265625
12109,0.55078125
12110,0.45703125
12111,0.4921875
12112,0.515625
12113,0.453125
12114,0.5546875
12115,0.55078125
12116,0.44921875
12117,0.453125
12118,0.51171875
12119,0.5234375
12120,0.49609375
12121,0.453125
12122,0.46484375
12123,0.45703125
12124,0.546875
12125,0.4921875
12126,0.5
12127,0.484375
12128,0.51953125
12129,0.5390625
12130,0.46484375
12131,0.45703125
12132,0.515625
12133,0.5
12134,0.484375
12135,0.48828125
12136,0.4609375
12137,0.50390625
12138,0.5625
12139,0.5859375
12140,0.51953125
12141,0.51171875
12142,0.5234375
12143,0.52734375
12144,0.53125
12145,0.515625
12146,0.50390625
12147,0.54296875
12148,0.48046875
12149,0.46875
12150,0.52734375
12151,0.45703125
12152,0.5078125
12153,0.54296875
12154,0.48828125
12155,0.546875
12156,0.484375
12157,0.4609375
12158,0.5703125
12159,0.48828125
12160,0.4375
12161,0.46875
12162,0.515625
12163,0.4921875
12164,0.54296875
12165,0.46875
12166,0.5390625
12167,0.52734375
12168,0.5390625
12169,0.546875
12170,0.53125
12171,0.5546875
12172,0.453125
12173,0.5234375
12174,0.57421875
12175,0.5234375
12176,0.4921875
12177,0.48046875
12178,0.546875
12179,0.46875
12180,0.5234375
12181,0.47265625
12182,0.56640625
12183,0.46484375
12184,0.4609375
12185,0.4609375
12186,0.46484375
12187,0.546875
12188,0.47265625
12189,0.4765625
12190,0.53515625
12191,0.55078125
12192,0.53515625
12193,0.49609375
12194,0.4765625
12195,0.4921875
12196,0.54296875
12197,0.4453125
12198,0.546875
12199,0.5625
12200,0.5078125
12201,0.56640625
12202,0.44921875
12203,0.46484375
12204,0.47265625
12205,0.4453125
12206,0.46484375
12207,0.45703125
12208,0.4609375
12209,0.46484375
12210,0.515625
12211,0.5625
12212,0.49609375
12213,0.45703125
12214,0.48046875
12215,0.4453125
12216,0.45703125
12217,0.50390625
12218,0.49609375
12219,0.453125
12220,0.50390625
12221,0.53515625
12222,0.53515625
12223,0.44921875
12224,0.51953125
12225,0.453125
12226,0.5
12227,0.48046875
12228,0.484375
12229,0.484375
12230,0.49609375
12231,0.4921875
12232,0.47265625
12233,0.59375
12234,0.44921875
12235,0.43359375
12236,0.52734375
12237,0.5
12238,0.578125
12239,0.4765625
12240,0.46875
12241,0.52734375
12242,0.44140625
12243,0.42578125
12244,0.4765625
12245,0.4765625
12246,0.5234375
12247,0.53125
12248,0.4765625
12249,0.51953125
12250,0.5
12251,0.578125
12252,0.4453125
12253,0.5
12254,0.48046875
12255,0.55078125
12256,0.453125
12257,0.51953125
12258,0.45703125
12259,0.48046875
12260,0.5390625
12261,0.47265625
12262,0.4296875
12263,0.55078125
12264,0.4375
12265,0.453125
12266,0.51171875
12267,0.515625
12268,0.52734375
12269,0.49609375
12270,0.5625
12271,0.53125
12272,0.51953125
12273,0.5
12274,0.55859375
12275,0.52734375
12276,0.515625
12277,0.5078125
12278,0.51171875
12279,0.5625
12280,0.515625
12281,0.51953125
12282,0.56640625
12283,0.48828125
12284,0.4921875
12285,0.44921875
12286,0.5234375
12287,0.48046875
12288,0.58203125
12289,0.5546875
12290,0.50390625
12291,0.4609375
12292,0.48828125
12293,0.51171875
12294,0.53125
12295,0.546875
12296,0.55859375
12297,0.5625
12298,0.46484375
12299,0.484375
12300,0.48828125
12301,0.484375
12302,0.56640625
12303,0.46484375
12304,0.53515625
12305,0.51171875
12306,0.46875
12307,0.44921875
12308,0.52734375
12309,0.56640625
12310,0.4765625
12311,0.49609375
12312,0.4765625
12313,0.53125
12314,0.5234375
12315,0.46875
12316,0.53125
12317,0.5
12318,0.38671875
12319,0.45703125
12320,0.5234375
12321,0.5078125
12322,0.48828125
12323,0.484375
12324,0.453125
12325,0.5078125
12326,0.45703125
12327,0.453125
12328,0.47265625
12329,0.54296875
12330,0.5234375
12331,0.46484375
12332,0.52734375
12333,0.53515625
12334,0.41796875
12335,0.51171875
12336,0.515625
12337,0.4765625
12338,0.44921875
12339,0.55078125
12340,0.5078125
12341,0.5
12342,0.5390625
12343,0.421875
12344,0.5234375
12345,0.4609375
12346,0.4375
12347,0.63671875
12348,0.48046875
12349,0.4765625
12350,0.4140625
12351,0.51171875
12352,0.55078125
12353,0.4921875
12354,0.5703125
12355,0.546875
12356,0.4296875
12357,0.453125
12358,0.59375
12359,0.52734375
12360,0.4765625
12361,0.5390625
12362,0.53515625
12363,0.49609375
12364,0.46484375
12365,0.51171875
12366,0.49609375
12367,0.57421875
12368,0.484375
12369,0.52734375
12370,0.48828125
12371,0.546875
12372,0.50390625
12373,0.52734375
12374,0.46484375
12375,0.49609375
12376,0.48828125
12377,0.453125
12378,0.45703125
12379,0.453125
12380,0.5390625
12381,0.5
12382,0.5078125
12383,0.515625
12384,0.49609375
12385,0.52734375
12386,0.51171875
12387,0.47265625
12388,0.46484375
12389,0.53125
12390,0.51171875
12391,0.4375
12392,0.4609375
12393,0.53515625
12394,0.47265625
12395,0.5078125
12396,0.4375
12397,0.4765625
12398,0.53515625
12399,0.46484375
12400,0.4921875
12401,0.5390625
12402,0.4609375
12403,0.625
12404,0.484375
12405,0.5546875
12406,0.53125
12407,0.4921875
12408,0.48046875
12409,0.50390625
12410,0.5078125
12411,0.51171875
12412,0.55078125
12413,0.48828125
12414,0.5625
12415,0.46484375
12416,0.4375
12417,0.5234375
12418,0.5234375
12419,0.4609375
12420,0.53125
12421,0.54296875
12422,0.45703125
12423,0.5390625
12424,0.53515625
12425,0.46484375
12426,0.44921875
12427,0.47265625
12428,0.546875
12429,0.484375
12430,0.51953125
12431,0.54296875
12432,0.44921875
12433,0.5
12434,0.44140625
12435,0.453125
12436,0.52734375
12437,0.4609375
12438,0.4140625
12439,0.5390625
12440,0.48828125
12441,0.5234375
12442,0.53515625
12443,0.51171875
12444,0.48828125
12445,0.50390625
12446,0.48046875
12447,0.5234375
12448,0.51171875
12449,0.5078125
12450,0.46484375
12451,0.50390625
12452,0.46484375
12453,0.5625
12454,0.48046875
12455,0.5078125
12456,0.47265625
12457,0.5
12458,0.5078125
12459,0.5625
12460,0.5546875
12461,0.44921875
12462,0.48046875
12463,0.5
12464,0.54296875
12465,0.4609375
12466,0.47265625
12467,0.44140625
12468,0.484375
12469,0.44921875
12470,0.48828125
12471,0.484375
12472,0.4609375
12473,0.53125
12474,0.54296875
12475,0.54296875
12476,0.5
12477,0.51171875
12478,0.48828125
12479,0.484375
12480,0.54296875
12481,0.5234375
12482,0.44921875
12483,0.53125
12484,0.5546875
12485,0.48828125
12486,0.50390625
12487,0.53515625
12488,0.5234375
12489,0.546875
12490,0.49609375
12491,0.5234375
12492,0.484375
12493,0.44140625
12494,0.515625
12495,0.50390625
12496,0.49609375
12497,0.4921875
12498,0.5625
12499,0.4765625
12500,0.53515625
12501,0.46484375
12502,0.49609375
12503,0.5234375
12504,0.49609375
12505,0.48828125
12506,0.48046875
12507,0.4375
12508,0.53515625
12509,0.453125
12510,0.46875
12511,0.48046875
12512,0.46484375
12513,0.49609375
12514,0.515625
12515,0.53125
12516,0.53125
12517,0.484375
12518,0.51953125
12519,0.5625
12520,0.3984375
12521,0.5078125
12522,0.46875
12523,0.4375
12524,0.5703125
12525,0.5078125
12526,0.45703125
12527,0.51953125
12528,0.50390625
12529,0.49609375
12530,0.51171875
12531,0.51171875
12532,0.56640625
12533,0.453125
12534,0.48046875
12535,0.51953125
12536,0.46875
12537,0.46875
12538,0.4453125
12539,0.51171875
12540,0.484375
12541,0.4375
12542,0.5546875
12543,0.52734375
12544,0.49609375
12545,0.4921875
12546,0.5546875
12547,0.41796875
12548,0.45703125
12549,0.515625
12550,0.51953125
12551,0.47265625
12552,0.45703125
12553,0.53125
12554,0.421875
12555,0.4609375
12556,0.5
12557,0.484375
12558,0.43359375
12559,0.40234375
12560,0.51171875
12561,0.48828125
12562,0.546875
12563,0.546875
12564,0.57421875
12565,0.44140625
12566,0.48828125
12567,0.48046875
12568,0.47265625
12569,0.5
12570,0.4921875
12571,0.55078125
12572,0.6015625
12573,0.47265625
12574,0.5078125
12575,0.5234375
12576,0.53125
12577,0.5078125
12578,0.48046875
12579,0.53515625
12580,0.47265625
12581,0.48828125
12582,0.484375
12583,0.5703125
12584,0.5
12585,0.4921875
12586,0.48046875
12587,0.55859375
12588,0.46484375
12589,0.47265625
12590,0.52734375
12591,0.5078125
12592,0.4921875
12593,0.4921875
12594,0.515625
12595,0.5546875
12596,0.4765625
12597,0.421875
12598,0.57421875
12599,0.5234375
12600,0.5
12601,0.47265625
12602,0.56640625
12603,0.48828125
12604,0.51171875
12605,0.46875
12606,0.59375
12607,0.453125
12608,0.4921875
12609,0.48046875
12610,0.5078125
12611,0.48828125
12612,0.51171875
12613,0.48828125
12614,0.51953125
12615,0.515625
12616,0.47265625
12617,0.484375
12618,0.50390625
12619,0.5078125
12620,0.53125
12621,0.484375
12622,0.4375
12623,0.4609375
12624,0.4765625
12625,0.4921875
12626,0.4609375
12627,0.5390625
12628,0.49609375
12629,0.51171875
12630,0.46875
12631,0.5
12632,0.453125
12633,0.5546875
12634,0.46875
12635,0.5625
12636,0.51953125
12637,0.54296875
12638,0.55078125
12639,0.50390625
12640,0.5234375
12641,0.46875
12642,0.55078125
12643,0.56640625
12644,0.5546875
12645,0.52734375
12646,0.51171875
12647,0.5546875
12648,0.5625
12649,0.46875
12650,0.4921875
12651,0.46484375
12652,0.546875
12653,0.484375
12654,0.5234375
12655,0.47265625
12656,0.58203125
12657,0.5390625
12658,0.5234375
12659,0.50390625
12660,0.49609375
12661,0.58203125
12662,0.4453125
12663,0.4453125
12664,0.46484375
12665,0.48828125
12666,0.41796875
12667,0.484375
12668,0.52734375
12669,0.4453125
12670,0.49609375
12671,0.56640625
12672,0.5234375
12673,0.4609375
12674,0.4453125
12675,0.46484375
12676,0.50390625
12677,0.5078125
12678,0.45703125
12679,0.5546875
12680,0.453125
12681,0.51171875
12682,0.5234375
12683,0.58984375
12684,0.45703125
12685,0.46484375
12686,0.5390625
12687,0.5234375
12688,0.53125
12689,0.46875
12690,0.51953125
12691,0.609375
12692,0.48046875
12693,0.50390625
12694,0.4453125
12695,0.53125
12696,0.4609375
12697,0.51953125
12698,0.45703125
12699,0.41015625
12700,0.5078125
12701,0.55859375
12702,0.5625
12703,0.5
12704,0.4921875
12705,0.4609375
12706,0.5234375
12707,0.5078125
12708,0.51953125
12709,0.44921875
12710,0.51953125
12711,0.49609375
12712,0.48046875
12713,0.49609375
12714,0.49609375
12715,0.453125
12716,0.484375
12717,0.515625
12718,0.4296875
12719,0.46875
12720,0.49609375
12721,0.515625
12722,0.47265625
12723,0.421875
12724,0.4140625
12725,0.4765625
12726,0.4921875
12727,0.48046875
12728,0.51953125
12729,0.53515625
12730,0.54296875
12731,0.51171875
12732,0.59765625
12733,0.4921875
12734,0.45703125
12735,0.47265625
12736,0.52734375
12737,0.5234375
12738,0.49609375
12739,0.5546875
12740,0.484375
12741,0.484375
12742,0.53515625
12743,0.50390625
12744,0.48828125
12745,0.5390625
12746,0.53515625
12747,0.44140625
12748,0.51953125
12749,0.51171875
12750,0.44921875
12751,0.4296875
12752,0.453125
12753,0.5
12754,0.49609375
12755,0.54296875
12756,0.49609375
12757,0.53125
12758,0.484375
12759,0.44140625
12760,0.48828125
12761,0.55859375
12762,0.5703125
12763,0.53125
12764,0.5
12765,0.40625
12766,0.54296875
12767,0.48046875
12768,0.49609375
12769,0.55078125
12770,0.5078125
12771,0.5390625
12772,0.44140625
12773,0.52734375
12774,0.484375
12775,0.52734375
12776,0.49609375
12777,0.5
12778,0.4765625
12779,0.50390625
12780,0.4375
12781,0.5234375
12782,0.57421875
12783,0.52734375
12784,0.4453125
12785,0.44140625
12786,0.515625
12787,0.5078125
12788,0.55859375
12789,0.44921875
12790,0.484375
12791,0.43359375
12792,0.4765625
12793,0.48046875
12794,0.57421875
12795,0.4375
12796,0.44140625
12797,0.54296875
12798,0.49609375
12799,0.5
12800,0.5234375
12801,0.54296875
12802,0.546875
12803,0.4765625
12804,0.51171875
12805,0.46875
12806,0.51171875
12807,0.53515625
12808,0.49609375
12809,0.41796875
12810,0.5390625
12811,0.50390625
12812,0.4765625
12813,0.453125
12814,0.51171875
12815,0.4765625
12816,0.453125
12817,0.5
12818,0.5859375
12819,0.50390625
12820,0.50390625
12821,0.52734375
12822,0.5390625
12823,0.44140625
12824,0.51953125
12825,0.484375
12826,0.43359375
12827,0.5
12828,0.46484375
12829,0.546875
12830,0.44140625
12831,0.4765625
12832,0.52734375
12833,0.51953125
12834,0.46875
12835,0.5078125
12836,0.45703125
12837,0.453125
12838,0.5703125
12839,0.44921875
12840,0.48828125
12841,0.46875
12842,0.46875
12843,0.43359375
12844,0.41015625
12845,0.58203125
12846,0.515625
12847,0.4375
12848,0.52734375
12849,0.50390625
12850,0.5859375
12851,0.4453125
12852,0.51953125
12853,0.47265625
12854,0.51171875
12855,0.55859375
12856,0.5078125
12857,0.50390625
12858,0.4921875
12859,0.47265625
12860,0.546875
12861,0.54296875
12862,0.48828125
12863,0.42578125
12864,0.5625
12865,0.5703125
12866,0.515625
12867,0.48828125
12868,0.515625
12869,0.61328125
12870,0.4921875
12871,0.578125
12872,0.4609375
12873,0.5390625
12874,0.61328125
12875,0.46875
12876,0.44921875
12877,0.55078125
12878,0.5078125
12879,0.546875
12880,0.53125
12881,0.4921875
12882,0.52734375
12883,0.59765625
12884,0.52734375
12885,0.52734375
12886,0.4765625
12887,0.55859375
12888,0.546875
12889,0.4609375
12890,0.53125
12891,0.546875
12892,0.4453125
12893,0.53125
12894,0.57421875
12895,0.49609375
12896,0.55078125
12897,0.56640625
12898,0.48828125
12899,0.45703125
12900,0.4609375
12901,0.6015625
12902,0.5078125
12903,0.5234375
12904,0.484375
12905,0.46875
12906,0.5625
12907,0.52734375
12908,0.51171875
12909,0.50390625
12910,0.515625
12911,0.59765625
12912,0.5078125
12913,0.40625
12914,0.50390625
12915,0.55078125
12916,0.52734375
12917,0.44921875
12918,0.51171875
12919,0.5390625
12920,0.43359375
12921,0.44921875
12922,0.49609375
12923,0.6640625
12924,0.4765625
12925,0.48046875
12926,0.46484375
12927,0.48828125
12928,0.515625
12929,0.49609375
12930,0.53515625
12931,0.546875
12932,0.5390625
12933,0.49609375
12934,0.47265625
12935,0.49609375
12936,0.5859375
12937,0.53125
12938,0.59765625
12939,0.53515625
12940,0.50390625
12941,0.5078125
12942,0.5078125
12943,0.48046875
12944,0.48828125
12945,0.51171875
12946,0.45703125
12947,0.51953125
12948,0.51953125
12949,0.4765625
12950,0.34375
12951,0.43359375
12952,0.484375
12953,0.55078125
12954,0.5625
12955,0.50390625
12956,0.46484375
12957,0.5078125
12958,0.47265625
12959,0.51953125
12960,0.5234375
12961,0.453125
12962,0.5390625
12963,0.47265625
12964,0.515625
12965,0.5078125
12966,0.484375
12967,0.49609375
12968,0.4765625
12969,0.49609375
12970,0.48046875
12971,0.5390625
12972,0.4765625
12973,0.46875
12974,0.4296875
12975,0.52734375
12976,0.4921875
12977,0.47265625
12978,0.515625
12979,0.48046875
12980,0.515625
12981,0.46875
12982,0.53125
12983,0.46875
12984,0.50390625
12985,0.578125
12986,0.44921875
12987,0.546875
12988,0.51171875
12989,0.51171875
12990,0.4765625
12991,0.4296875
12992,0.4765625
12993,0.47265625
12994,0.5
12995,0.4296875
12996,0.57421875
12997,0.4609375
12998,0.484375
12999,0.5078125
13000,0.54296875
13001,0.5390625
13002,0.46875
13003,0.51953125
13004,0.43359375
13005,0.51171875
13006,0.55078125
13007,0.5078125
13008,0.4921875
13009,0.48828125
13010,0.515625
13011,0.49609375
13012,0.55078125
13013,0.4609375
13014,0.53515625
13015,0.4375
13016,0.4375
13017,0.4296875
13018,0.45703125
13019,0.55859375
13020,0.484375
13021,0.5078125
13022,0.421875
13023,0.5234375
13024,0.47265625
13025,0.4765625
13026,0.51171875
13027,0.4765625
13028,0.49609375
13029,0.5234375
13030,0.47265625
13031,0.53125
13032,0.5
13033,0.50390625
13034,0.51171875
13035,0.53125
13036,0.5
13037,0.4453125
13038,0.48828125
13039,0.58984375
13040,0.47265625
13041,0.5390625
13042,0.46484375
13043,0.5234375
13044,0.48828125
13045,0.5234375
13046,0.55078125
13047,0.62109375
13048,0.51171875
13049,0.49609375
13050,0.55078125
13051,0.49609375
13052,0.43359375
13053,0.515625
13054,0.52734375
13055,0.484375
13056,0.52734375
13057,0.5390625
13058,0.55078125
13059,0.4609375
13060,0.546875
13061,0.40234375
13062,0.5390625
13063,0.5078125
13064,0.5
13065,0.44140625
13066,0.46484375
13067,0.5
13068,0.48046875
13069,0.55859375
13070,0.41796875
13071,0.59765625
13072,0.48828125
13073,0.49609375
13074,0.45703125
13075,0.5
13076,0.46875
13077,0.484375
13078,0.48828125
13079,0.5078125
13080,0.3984375
13081,0.50390625
13082,0.43359375
13083,0.4765625
13084,0.52734375
13085,0.48046875
13086,0.38671875
13087,0.48046875
13088,0.5
13089,0.48046875
13090,0.4921875
13091,0.421875
13092,0.44140625
13093,0.51171875
13094,0.5546875
13095,0.46875
13096,0.58984375
13097,0.52734375
13098,0.46484375
13099,0.4765625
13100,0.54296875
13101,0.5078125
13102,0.48828125
13103,0.515625
13104,0.44140625
13105,0.47265625
13106,0.45703125
13107,0.5078125
13108,0.46875
13109,0.4609375
13110,0.41015625
13111,0.53515625
13112,0.484375
13113,0.51171875
13114,0.5703125
13115,0.49609375
13116,0.48828125
13117,0.52734375
13118,0.52734375
13119,0.515625
13120,0.4921875
13121,0.546875
13122,0.56640625
13123,0.5
13124,0.515625
13125,0.48046875
13126,0.625
13127,0.5
13128,0.5
13129,0.546875
13130,0.4296875
13131,0.5546875
13132,0.46875
13133,0.51171875
13134,0.49609375
13135,0.4765625
13136,0.453125
13137,0.54296875
13138,0.54296875
13139,0.5390625
13140,0.515625
13141,0.515625
13142,0.4921875
13143,0.53125
13144,0.5
13145,0.53125
13146,0.4765625
13147,0.43359375
13148,0.54296875
13149,0.50390625
13150,0.51953125
13151,0.484375
13152,0.4375
13153,0.54296875
13154,0.48828125
13155,0.5546875
13156,0.52734375
13157,0.53515625
13158,0.5078125
13159,0.49609375
13160,0.60546875
13161,0.55859375
13162,0.54296875
13163,0.546875
13164,0.4609375
13165,0.4765625
13166,0.41796875
13167,0.546875
13168,0.4296875
13169,0.4921875
13170,0.4609375
13171,0.546875
13172,0.54296875
13173,0.53515625
13174,0.48828125
13175,0.421875
13176,0.5
13177,0.45703125
13178,0.45703125
13179,0.5
13180,0.4453125
13181,0.53515625
13182,0.5
13183,0.546875
13184,0.49609375
13185,0.50390625
13186,0.48046875
13187,0.4765625
13188,0.48828125
13189,0.55078125
13190,0.46875
13191,0.43359375
13192,0.48828125
13193,0.515625
13194,0.59765625
13195,0.5
13196,0.42578125
13197,0.5390625
13198,0.47265625
13199,0.546875
13200,0.46484375
13201,0.44140625
13202,0.4609375
13203,0.49609375
13204,0.54296875
13205,0.4921875
13206,0.55078125
13207,0.50390625
13208,0.578125
13209,0.48046875
13210,0.46484375
13211,0.41015625
13212,0.46484375
13213,0.484375
13214,0.3984375
13215,0.50390625
13216,0.52734375
13217,0.5
13218,0.52734375
13219,0.4453125
13220,0.484375
13221,0.54296875
13222,0.46875
13223,0.48828125
13224,0.48046875
13225,0.48828125
13226,0.51171875
13227,0.61328125
13228,0.47265625
13229,0.46484375
13230,0.46484375
13231,0.51953125
13232,0.515625
13233,0.48828125
13234,0.578125
13235,0.5625
13236,0.53515625
13237,0.53515625
13238,0.50390625
13239,0.390625
13240,0.515625
13241,0.40234375
13242,0.46875
13243,0.56640625
13244,0.43359375
13245,0.48828125
13246,0.515625
13247,0.58203125
13248,0.546875
13249,0.41796875
13250,0.51171875
13251,0.46875
13252,0.41796875
13253,0.45703125
13254,0.53515625
13255,0.47265625
13256,0.51953125
13257,0.48828125
13258,0.390625
13259,0.5390625
13260,0.51953125
13261,0.55078125
13262,0.51953125
13263,0.515625
13264,0.4921875
13265,0.54296875
13266,0.46875
13267,0.50390625
13268,0.48046875
13269,0.49609375
13270,0.50390625
13271,0.54296875
13272,0.5703125
13273,0.5390625
13274,0.47265625
13275,0.4375
13276,0.5234375
13277,0.5390625
13278,0.47265625
13279,0.5078125
13280,0.51171875
13281,0.546875
13282,0.5703125
13283,0.51171875
13284,0.453125
13285,0.42578125
13286,0.53515625
13287,0.3984375
13288,0.5
13289,0.56640625
13290,0.5
13291,0.53515625
13292,0.4921875
13293,0.46484375
13294,0.44140625
13295,0.4296875
13296,0.58984375
13297,0.49609375
13298,0.48828125
13299,0.48828125
13300,0.54296875
13301,0.50390625
13302,0.55078125
13303,0.47265625
13304,0.40234375
13305,0.5234375
13306,0.42578125
13307,0.51171875
13308,0.5546875
13309,0.48828125
13310,0.51171875
13311,0.46875
13312,0.4921875
13313,0.5
13314,0.54296875
13315,0.48828125
13316,0.52734375
13317,0.515625
13318,0.5234375
13319,0.4296875
13320,0.51953125
13321,0.51171875
13322,0.5
13323,0.6015625
13324,0.48046875
13325,0.54296875
13326,0.5390625
13327,0.4921875
13328,0.45703125
13329,0.51171875
13330,0.59375
13331,0.46875
13332,0.4921875
13333,0.44140625
13334,0.5390625
13335,0.453125
13336,0.4921875
13337,0.59375
13338,0.5
13339,0.4609375
13340,0.4765625
13341,0.48046875
13342,0.49609375
13343,0.5078125
13344,0.47265625
13345,0.50390625
13346,0.4375
13347,0.45703125
13348,0.45703125
13349,0.453125
13350,0.43359375
13351,0.51171875
13352,0.49609375
13353,0.48046875
13354,0.46875
13355,0.4609375
13356,0.48828125
13357,0.4609375
13358,0.51171875
13359,0.47265625
13360,0.53125
13361,0.46484375
13362,0.4765625
13363,0.375
13364,0.5546875
13365,0.48828125
13366,0.42578125
13367,0.51171875
13368,0.53125
13369,0.5390625
13370,0.5
13371,0.51171875
13372,0.50390625
13373,0.484375
13374,0.4453125
13375,0.4765625
13376,0.5
13377,0.49609375
13378,0.4609375
13379,0.49609375
13380,0.50390625
13381,0.55859375
13382,0.5703125
13383,0.4609375
13384,0.40625
13385,0.50390625
13386,0.48828125
13387,0.48828125
13388,0.546875
13389,0.4765625
13390,0.56640625
13391,0.51171875
13392,0.49609375
13393,0.4921875
13394,0.4609375
13395,0.484375
13396,0.54296875
13397,0.5234375
13398,0.484375
13399,0.54296875
13400,0.5625
13401,0.46875
13402,0.54296875
13403,0.52734375
13404,0.4921875
13405,0.5
13406,0.51171875
13407,0.45703125
13408,0.47265625
13409,0.5078125
13410,0.5546875
13411,0.421875
13412,0.46875
13413,0.53125
13414,0.6015625
13415,0.47265625
13416,0.5234375
13417,0.50390625
13418,0.4609375
13419,0.50390625
13420,0.41796875
13421,0.5390625
13422,0.4453125
13423,0.48046875
13424,0.546875
13425,0.4765625
13426,0.453125
13427,0.4765625
13428,0.50390625
13429,0.52734375
13430,0.48046875
13431,0.5
13432,0.4921875
13433,0.4921875
13434,0.5546875
13435,0.50390625
13436,0.48046875
13437,0.49609375
13438,0.5234375
13439,0.5078125
13440,0.44921875
13441,0.48046875
13442,0.48046875
13443,0.58203125
13444,0.53515625
13445,0.51171875
13446,0.4921875
13447,0.48828125
13448,0.56640625
13449,0.5
13450,0.46875
13451,0.53515625
13452,0.55078125
13453,0.44921875
13454,0.4765625
13455,0.46875
13456,0.51171875
13457,0.5
13458,0.4453125
13459,0.5859375
13460,0.53515625
13461,0.45703125
13462,0.5234375
13463,0.4296875
13464,0.46875
13465,0.57421875
13466,0.50390625
13467,0.5625
13468,0.48828125
13469,0.609375
13470,0.52734375
13471,0.47265625
13472,0.46875
13473,0.46875
13474,0.4921875
13475,0.515625
13476,0.4921875
13477,0.47265625
13478,0.4921875
13479,0.46484375
13480,0.51953125
13481,0.53125
13482,0.49609375
13483,0.44140625
13484,0.5390625
13485,0.4765625
13486,0.4921875
13487,0.51953125
13488,0.5
13489,0.59765625
13490,0.4609375
13491,0.484375
13492,0.53125
13493,0.5390625
13494,0.44140625
13495,0.390625
13496,0.453125
13497,0.43359375
13498,0.625
13499,0.51171875
13500,0.5234375
13501,0.44140625
13502,0.484375
13503,0.44921875
13504,0.484375
13505,0.42578125
13506,0.453125
13507,0.48046875
13508,0.48828125
13509,0.46875
13510,0.484375
13511,0.578125
13512,0.44140625
13513,0.44140625
13514,0.48828125
13515,0.4765625
13516,0.4609375
13517,0.46484375
13518,0.53515625
13519,0.43359375
13520,0.4765625
13521,0.55078125
13522,0.47265625
13523,0.484375
13524,0.41015625
13525,0.51953125
13526,0.4453125
13527,0.51953125
13528,0.4375
13529,0.51171875
13530,0.51171875
13531,0.46875
13532,0.48828125
13533,0.5703125
13534,0.5546875
13535,0.48046875
13536,0.5234375
13537,0.45703125
13538,0.45703125
13539,0.50390625
13540,0.48828125
13541,0.53125
13542,0.52734375
13543,0.44140625
13544,0.57421875
13545,0.4296875
13546,0.4453125
13547,0.50390625
13548,0.46484375
13549,0.54296875
13550,0.5390625
13551,0.49609375
13552,0.4765625
13553,0.46875
13554,0.54296875
13555,0.484375
13556,0.57421875
13557,0.43359375
13558,0.58984375
13559,0.42578125
13560,0.59765625
13561,0.5234375
13562,0.49609375
13563,0.4140625
13564,0.546875
13565,0.4375
13566,0.515625
13567,0.60546875
13568,0.484375
13569,0.47265625
13570,0.5546875
13571,0.53125
13572,0.54296875
13573,0.55859375
13574,0.48828125
13575,0.55078125
13576,0.50390625
13577,0.5625
13578,0.4921875
13579,0.4609375
13580,0.4296875
13581,0.453125
13582,0.453125
13583,0.5
13584,0.5234375
13585,0.49609375
13586,0.5
13587,0.55078125
13588,0.47265625
13589,0.48046875
13590,0.44921875
13591,0.4921875
13592,0.47265625
13593,0.5234375
13594,0.515625
13595,0.51171875
13596,0.484375
13597,0.515625
13598,0.5078125
13599,0.5546875
13600,0.4453125
13601,0.51953125
13602,0.4453125
13603,0.39453125
13604,0.453125
13605,0.546875
13606,0.453125
13607,0.45703125
13608,0.42578125
13609,0.48046875
13610,0.515625
13611,0.48828125
13612,0.5
13613,0.46875
13614,0.5
13615,0.53125
13616,0.5390625
13617,0.49609375
13618,0.4453125
13619,0.54296875
13620,0.515625
13621,0.5
13622,0.49609375
13623,0.47265625
13624,0.5390625
13625,0.51171875
13626,0.5
13627,0.48828125
13628,0.5078125
13629,0.45703125
13630,0.48828125
13631,0.43359375
13632,0.46875
13633,0.51171875
13634,0.48828125
13635,0.6015625
13636,0.515625
13637,0.5078125
13638,0.484375
13639,0.5390625
13640,0.515625
13641,0.46484375
13642,0.515625
13643,0.55859375
13644,0.49609375
13645,0.4453125
13646,0.5078125
13647,0.51171875
13648,0.46484375
13649,0.45703125
13650,0.48828125
13651,0.47265625
13652,0.484375
13653,0.51953125
13654,0.43359375
13655,0.51171875
13656,0.48828125
13657,0.49609375
13658,0.4765625
13659,0.58203125
13660,0.48046875
13661,0.4765625
13662,0.5
13663,0.5
13664,0.54296875
13665,0.4609375
13666,0.5546875
13667,0.53515625
13668,0.4375
13669,0.48046875
13670,0.50390625
13671,0.3671875
13672,0.453125
13673,0.53515625
13674,0.5078125
13675,0.5
13676,0.53515625
13677,0.546875
13678,0.44921875
13679,0.51171875
13680,0.46484375
13681,0.50390625
13682,0.5390625
13683,0.53515625
13684,0.5546875
13685,0.43359375
13686,0.515625
13687,0.546875
13688,0.484375
13689,0.46484375
13690,0.44921875
13691,0.5234375
13692,0.52734375
13693,0.4296875
13694,0.46484375
13695,0.5625
13696,0.52734375
13697,0.5
13698,0.49609375
13699,0.5
13700,0.5546875
13701,0.47265625
13702,0.5
13703,0.4609375
13704,0.5234375
13705,0.47265625
13706,0.4609375
13707,0.5078125
13708,0.44140625
13709,0.45703125
13710,0.4921875
13711,0.46484375
13712,0.54296875
13713,0.53125
13714,0.47265625
13715,0.4921875
13716,0.5
13717,0.44921875
13718,0.4765625
13719,0.51953125
13720,0.55859375
13721,0.52734375
13722,0.5078125
13723,0.50390625
13724,0.55859375
13725,0.4765625
13726,0.484375
13727,0.5078125
13728,0.55078125
13729,0.52734375
13730,0.453125
13731,0.41015625
13732,0.46875
13733,0.5546875
13734,0.45703125
13735,0.46484375
13736,0.48046875
13737,0.51171875
13738,0.5078125
13739,0.5546875
13740,0.47265625
13741,0.45703125
13742,0.4765625
13743,0.43359375
13744,0.45703125
13745,0.46484375
13746,0.44140625
13747,0.49609375
13748,0.50390625
13749,0.4140625
13750,0.54296875
13751,0.45703125
13752,0.51171875
13753,0.5
13754,0.5546875
13755,0.41015625
13756,0.484375
13757,0.5078125
13758,0.52734375
13759,0.51953125
13760,0.4453125
13761,0.48828125
13762,0.51171875
13763,0.48828125
13764,0.48046875
13765,0.46875
13766,0.5
13767,0.52734375
13768,0.50390625
13769,0.55078125
13770,0.48046875
13771,0.4765625
13772,0.54296875
13773,0.546875
13774,0.44921875
13775,0.55078125
13776,0.4765625
13777,0.5546875
13778,0.4765625
13779,0.453125
13780,0.51171875
13781,0.4921875
13782,0.4140625
13783,0.5859375
13784,0.56640625
13785,0.55078125
13786,0.58984375
13787,0.45703125
13788,0.5546875
13789,0.56640625
13790,0.578125
13791,0.52734375
13792,0.51171875
13793,0.515625
13794,0.47265625
13795,0.47265625
13796,0.5546875
13797,0.49609375
13798,0.40234375
13799,0.47265625
13800,0.4921875
13801,0.53515625
13802,0.5
13803,0.57421875
13804,0.4453125
13805,0.4765625
13806,0.44921875
13807,0.53125
13808,0.4296875
13809,0.5234375
13810,0.46484375
13811,0.53515625
13812,0.51171875
13813,0.46484375
13814,0.59375
13815,0.47265625
13816,0.515625
13817,0.48828125
13818,0.48046875
13819,0.5390625
13820,0.53125
13821,0.47265625
13822,0.4375
13823,0.53125
13824,0.48828125
13825,0.4609375
13826,0.48046875
13827,0.6171875
13828,0.47265625
13829,0.53515625
13830,0.546875
13831,0.54296875
13832,0.5546875
13833,0.5234375
13834,0.55078125
13835,0.546875
13836,0.46875
13837,0.5078125
13838,0.515625
13839,0.546875
13840,0.44921875
13841,0.55859375
13842,0.55078125
13843,0.4453125
13844,0.40625
13845,0.53515625
13846,0.48828125
13847,0.47265625
13848,0.48828125
13849,0.49609375
13850,0.515625
13851,0.45703125
13852,0.46875
13853,0.46875
13854,0.52734375
13855,0.44140625
13856,0.51171875
13857,0.43359375
13858,0.484375
13859,0.44921875
13860,0.50390625
13861,0.46484375
13862,0.46875
13863,0.5390625
13864,0.54296875
13865,0.5
13866,0.53125
13867,0.484375
13868,0.5703125
13869,0.48828125
13870,0.51953125
13871,0.5
13872,0.51953125
13873,0.51171875
13874,0.5078125
13875,0.51171875
13876,0.546875
13877,0.453125
13878,0.52734375
13879,0.52734375
13880,0.515625
13881,0.5234375
13882,0.46484375
13883,0.4765625
13884,0.5703125
13885,0.5
13886,0.4296875
13887,0.5546875
13888,0.48046875
13889,0.484375
13890,0.52734375
13891,0.53125
13892,0.484375
13893,0.48828125
13894,0.46484375
13895,0.57421875
13896,0.51953125
13897,0.48828125
13898,0.51171875
13899,0.51953125
13900,0.5
13901,0.51953125
13902,0.4375
13903,0.46484375
13904,0.49609375
13905,0.53125
13906,0.40234375
13907,0.50390625
13908,0.515625
13909,0.41015625
13910,0.4921875
13911,0.51953125
13912,0.55859375
13913,0.5
13914,0.53515625
13915,0.515625
13916,0.48828125
13917,0.5234375
13918,0.46484375
13919,0.4765625
13920,0.59375
13921,0.5078125
13922,0.53515625
13923,0.53515625
13924,0.5546875
13925,0.57421875
13926,0.484375
13927,0.44140625
13928,0.44140625
13929,0.56640625
13930,0.53125
13931,0.4765625
13932,0.51953125
13933,0.46484375
13934,0.50390625
13935,0.46875
13936,0.5390625
13937,0.37109375
13938,0.5
13939,0.52734375
13940,0.57421875
13941,0.54296875
13942,0.5390625
13943,0.48046875
13944,0.421875
13945,0.48828125
13946,0.53125
13947,0.44140625
13948,0.4921875
13949,0.5234375
13950,0.5546875
13951,0.484375
13952,0.56640625
13953,0.50390625
13954,0.53515625
13955,0.5234375
13956,0.46484375
13957,0.453125
13958,0.49609375
13959,0.49609375
13960,0.51171875
13961,0.4453125
13962,0.53515625
13963,0.56640625
13964,0.4375
13965,0.53515625
13966,0.49609375
13967,0.5
13968,0.42578125
13969,0.40234375
13970,0.5078125
13971,0.4765625
13972,0.46875
13973,0.44921875
13974,0.55078125
13975,0.53515625
13976,0.5078125
13977,0.53515625
13978,0.42578125
13979,0.44921875
13980,0.48046875
13981,0.51953125
13982,0.46875
13983,0.41015625
13984,0.578125
13985,0.51953125
13986,0.58984375
13987,0.5390625
13988,0.4609375
13989,0.48828125
13990,0.39453125
13991,0.46875
13992,0.4296875
13993,0.5
13994,0.4765625
13995,0.46484375
13996,0.48828125
13997,0.46484375
13998,0.49609375
13999,0.5234375
14000,0.52734375
14001,0.453125
14002,0.484375
14003,0.53125
14004,0.48046875
14005,0.44921875
14006,0.5625
14007,0.51171875
14008,0.484375
14009,0.5234375
14010,0.55859375
14011,0.48046875
14012,0.515625
14013,0.46875
14014,0.390625
14015,0.5
14016,0.5234375
14017,0.57421875
14018,0.40625
14019,0.515625
14020,0.50390625
14021,0.484375
14022,0.48046875
14023,0.40234375
14024,0.47265625
14025,0.453125
14026,0.484375
14027,0.515625
14028,0.515625
14029,0.4375
14030,0.55859375
14031,0.49609375
14032,0.51953125
14033,0.48828125
14034,0.56640625
14035,0.578125
14036,0.56640625
14037,0.5859375
14038,0.51171875
14039,0.48046875
14040,0.48046875
14041,0.5078125
14042,0.50390625
14043,0.47265625
14044,0.4609375
14045,0.51953125
14046,0.59765625
14047,0.4765625
14048,0.53125
14049,0.51953125
14050,0.4921875
14051,0.5
14052,0.515625
14053,0.4921875
14054,0.43359375
14055,0.49609375
14056,0.47265625
14057,0.453125
14058,0.46484375
14059,0.46875
14060,0.48828125
14061,0.5703125
14062,0.51171875
14063,0.51171875
14064,0.51171875
14065,0.4765625
14066,0.50390625
14067,0.55859375
14068,0.49609375
14069,0.52734375
14070,0.4609375
14071,0.4453125
14072,0.51953125
14073,0.6328125
14074,0.51953125
14075,0.5625
14076,0.4921875
14077,0.5390625
14078,0.55859375
14079,0.546875
14080,0.5390625
14081,0.55078125
14082,0.53125
14083,0.515625
14084,0.5078125
14085,0.55078125
14086,0.40234375
14087,0.44921875
14088,0.6015625
14089,0.5
14090,0.546875
14091,0.63671875
14092,0.5
14093,0.49609375
14094,0.4296875
14095,0.53125
14096,0.44140625
14097,0.43359375
14098,0.56640625
14099,0.5
14100,0.5390625
14101,0.4921875
14102,0.5234375
14103,0.48828125
14104,0.48046875
14105,0.44140625
14106,0.48046875
14107,0.54296875
14108,0.46484375
14109,0.50390625
14110,0.546875
14111,0.53515625
14112,0.45703125
14113,0.4609375
14114,0.48828125
14115,0.52734375
14116,0.43359375
14117,0.5234375
14118,0.5234375
14119,0.421875
14120,0.5390625
14121,0.546875
14122,0.453125
14123,0.43359375
14124,0.55078125
14125,0.4765625
14126,0.4609375
14127,0.55078125
14128,0.43359375
14129,0.48828125
14130,0.5078125
14131,0.55859375
14132,0.52734375
14133,0.48828125
14134,0.46484375
14135,0.4375
14136,0.44140625
14137,0.48046875
14138,0.61328125
14139,0.46875
14140,0.57421875
14141,0.51953125
14142,0.4765625
14143,0.4765625
14144,0.52734375
14145,0.50390625
14146,0.41015625
14147,0.49609375
14148,0.52734375
14149,0.4140625
14150,0.4921875
14151,0.453125
14152,0.45703125
14153,0.44140625
14154,0.5625
14155,0.56640625
14156,0.4765625
14157,0.42578125
14158,0.49609375
14159,0.51171875
14160,0.44921875
14161,0.44140625
14162,0.5
14163,0.53515625
14164,0.48828125
14165,0.51953125
14166,0.515625
14167,0.578125
14168,0.51171875
14169,0.56640625
14170,0.50390625
14171,0.48046875
14172,0.5625
14173,0.4609375
14174,0.53515625
14175,0.546875
14176,0.51171875
14177,0.4140625
14178,0.4375
14179,0.4453125
14180,0.5234375
14181,0.546875
14182,0.4609375
14183,0.46484375
14184,0.48828125
14185,0.48046875
14186,0.5390625
14187,0.48046875
14188,0.46484375
14189,0.48046875
14190,0.4140625
14191,0.5234375
14192,0.41796875
14193,0.46484375
14194,0.48046875
14195,0.47265625
14196,0.51953125
14197,0.55859375
14198,0.5234375
14199,0.46875
14200,0.5078125
14201,0.546875
14202,0.52734375
14203,0.5
14204,0.46484375
14205,0.51953125
14206,0.53515625
14207,0.484375
14208,0.48828125
14209,0.5625
14210,0.51171875
14211,0.52734375
14212,0.5234375
14213,0.421875
14214,0.5390625
14215,0.46875
14216,0.44140625
14217,0.5
14218,0.4765625
14219,0.4296875
14220,0.453125
14221,0.51953125
14222,0.5546875
14223,0.58203125
14224,0.4296875
14225,0.5546875
14226,0.44921875
14227,0.49609375
14228,0.53515625
14229,0.55859375
14230,0.5625
14231,0.44921875
14232,0.5234375
14233,0.46484375
14234,0.5
14235,0.5546875
14236,0.546875
14237,0.40625
14238,0.5078125
14239,0.45703125
14240,0.4296875
14241,0.3984375
14242,0.51171875
14243,0.484375
14244,0.38671875
14245,0.5078125
14246,0.44921875
14247,0.45703125
14248,0.53515625
14249,0.54296875
14250,0.44921875
14251,0.49609375
14252,0.46484375
14253,0.43359375
14254,0.4765625
14255,0.48046875
14256,0.42578125
14257,0.5078125
14258,0.484375
14259,0.43359375
14260,0.5625
14261,0.50390625
14262,0.5390625
14263,0.51953125
14264,0.51953125
14265,0.48046875
14266,0.48046875
14267,0.4765625
14268,0.49609375
14269,0.5390625
14270,0.546875
14271,0.55859375
14272,0.4453125
14273,0.48046875
14274,0.4765625
14275,0.51953125
14276,0.5
14277,0.48828125
14278,0.51171875
14279,0.578125
14280,0.56640625
14281,0.50390625
14282,0.5078125
14283,0.48046875
14284,0.578125
14285,0.515625
14286,0.49609375
14287,0.453125
14288,0.5078125
14289,0.515625
14290,0.46484375
14291,0.4609375
14292,0.4609375
14293,0.45703125
14294,0.49609375
14295,0.484375
14296,0.453125
14297,0.4609375
14298,0.50390625
14299,0.546875
14300,0.54296875
14301,0.54296875
14302,0.5234375
14303,0.50390625
14304,0.55859375
14305,0.4921875
14306,0.47265625
14307,0.484375
14308,0.48828125
14309,0.4921875
14310,0.53125
14311,0.57421875
14312,0.578125
14313,0.40625
14314,0.51171875
14315,0.453125
14316,0.51953125
14317,0.48828125
14318,0.51953125
14319,0.5
14320,0.46484375
14321,0.4921875
14322,0.4765625
14323,0.60546875
14324,0.5703125
14325,0.52734375
14326,0.42578125
14327,0.5703125
14328,0.55859375
14329,0.55078125
14330,0.56640625
14331,0.45703125
14332,0.51953125
14333,0.40234375
14334,0.53515625
14335,0.49609375
14336,0.50390625
14337,0.515625
14338,0.41796875
14339,0.4921875
14340,0.46875
14341,0.4921875
14342,0.53515625
14343,0.5390625
14344,0.4765625
14345,0.4609375
14346,0.53125
14347,0.47265625
14348,0.44921875
14349,0.515625
14350,0.578125
14351,0.421875
14352,0.51171875
14353,0.5
14354,0.51953125
14355,0.47265625
14356,0.48828125
14357,0.53515625
14358,0.49609375
14359,0.4921875
14360,0.5234375
14361,0.51171875
14362,0.52734375
14363,0.48828125
14364,0.46875
14365,0.43359375
14366,0.4609375
14367,0.44921875
14368,0.46484375
14369,0.48828125
14370,0.5078125
14371,0.4921875
14372,0.53515625
14373,0.47265625
14374,0.5078125
14375,0.5390625
14376,0.5546875
14377,0.5625
14378,0.48828125
14379,0.5078125
14380,0.4609375
14381,0.48828125
14382,0.4765625
14383,0.53125
14384,0.42578125
14385,0.56640625
14386,0.5
14387,0.53125
14388,0.50390625
14389,0.4609375
14390,0.50390625
14391,0.453125
14392,0.4609375
14393,0.50390625
14394,0.52734375
14395,0.546875
14396,0.46875
14397,0.5234375
14398,0.48828125
14399,0.484375
14400,0.4453125
14401,0.53515625
14402,0.42578125
14403,0.50390625
14404,0.58984375
14405,0.55078125
14406,0.4921875
14407,0.4609375
14408,0.5234375
14409,0.48046875
14410,0.49609375
14411,0.453125
14412,0.3828125
14413,0.484375
14414,0.49609375
14415,0.421875
14416,0.546875
14417,0.40234375
14418,0.51953125
14419,0.49609375
14420,0.48046875
14421,0.515625
14422,0.515625
14423,0.515625
14424,0.5234375
14425,0.5234375
14426,0.54296875
14427,0.48046875
14428,0.48828125
14429,0.46484375
14430,0.55078125
14431,0.53125
14432,0.4765625
14433,0.52734375
14434,0.5390625
14435,0.453125
14436,0.53515625
14437,0.54296875
14438,0.5390625
14439,0.5859375
14440,0.56640625
14441,0.51953125
14442,0.48828125
14443,0.5
14444,0.43359375
14445,0.44921875
14446,0.4765625
14447,0.42578125
14448,0.48828125
14449,0.54296875
14450,0.54296875
14451,0.5
14452,0.48828125
14453,0.48046875
14454,0.54296875
14455,0.49609375
14456,0.51171875
14457,0.51171875
14458,0.46875
14459,0.546875
14460,0.5625
14461,0.4921875
14462,0.51953125
14463,0.55859375
14464,0.5546875
14465,0.5
14466,0.484375
14467,0.515625
14468,0.52734375
14469,0.51953125
14470,0.5234375
14471,0.5078125
14472,0.53515625
14473,0.46875
14474,0.484375
14475,0.62109375
14476,0.47265625
14477,0.52734375
14478,0.5390625
14479,0.484375
14480,0.45703125
14481,0.46875
14482,0.53125
14483,0.48046875
14484,0.546875
14485,0.48828125
14486,0.5
14487,0.42578125
14488,0.50390625
14489,0.453125
14490,0.4453125
14491,0.43359375
14492,0.546875
14493,0.4921875
14494,0.53125
14495,0.4375
14496,0.43359375
14497,0.5
14498,0.50390625
14499,0.51953125
14500,0.5234375
14501,0.44140625
14502,0.38671875
14503,0.5625
14504,0.5703125
14505,0.54296875
14506,0.37890625
14507,0.5
14508,0.5
14509,0.5546875
14510,0.50390625
14511,0.44140625
14512,0.44921875
14513,0.4375
14514,0.52734375
14515,0.5078125
14516,0.51953125
14517,0.52734375
14518,0.48828125
14519,0.55078125
14520,0.43359375
14521,0.484375
14522,0.5
14523,0.515625
14524,0.58203125
14525,0.44140625
14526,0.6328125
14527,0.44140625
14528,0.546875
14529,0.515625
14530,0.53125
14531,0.50390625
14532,0.484375
14533,0.51171875
14534,0.4921875
14535,0.453125
14536,0.44921875
14537,0.51171875
14538,0.44921875
14539,0.5
14540,0.5
14541,0.4921875
14542,0.50390625
14543,0.51953125
14544,0.44921875
14545,0.52734375
14546,0.55859375
14547,0.421875
14548,0.5
14549,0.5625
14550,0.48828125
14551,0.54296875
14552,0.4375
14553,0.4140625
14554,0.54296875
14555,0.5625
14556,0.57421875
14557,0.546875
14558,0.46875
14559,0.54296875
14560,0.53515625
14561,0.53515625
14562,0.484375
14563,0.50390625
14564,0.4765625
14565,0.41015625
14566,0.59765625
14567,0.5546875
14568,0.50390625
14569,0.5234375
14570,0.51953125
14571,0.4921875
14572,0.47265625
14573,0.5
14574,0.50390625
14575,0.53515625
14576,0.421875
14577,0.48046875
14578,0.4375
14579,0.53515625
14580,0.4921875
14581,0.484375
14582,0.55859375
14583,0.5234375
14584,0.4921875
14585,0.54296875
14586,0.50390625
14587,0.5234375
14588,0.46484375
14589,0.546875
14590,0.52734375
14591,0.4765625
14592,0.51171875
14593,0.52734375
14594,0.54296875
14595,0.5625
14596,0.4765625
14597,0.51171875
14598,0.5546875
14599,0.46484375
14600,0.46875
14601,0.49609375
14602,0.5625
14603,0.4296875
14604,0.52734375
14605,0.4375
14606,0.5234375
14607,0.51953125
14608,0.49609375
14609,0.52734375
14610,0.5234375
14611,0.59375
14612,0.546875
14613,0.40234375
14614,0.4375
14615,0.48046875
14616,0.5546875
14617,0.48828125
14618,0.5234375
14619,0.4453125
14620,0.46484375
14621,0.578125
14622,0.5078125
14623,0.4765625
14624,0.421875
14625,0.51171875
14626,0.53515625
14627,0.51171875
14628,0.53125
14629,0.48046875
14630,0.41796875
14631,0.5234375
14632,0.53515625
14633,0.5390625
14634,0.5390625
14635,0.43359375
14636,0.4921875
14637,0.453125
14638,0.4921875
14639,0.49609375
14640,0.4375
14641,0.49609375
14642,0.50390625
14643,0.50390625
14644,0.50390625
14645,0.49609375
14646,0.484375
14647,0.42578125
14648,0.51171875
14649,0.54296875
14650,0.5
14651,0.4921875
14652,0.4765625
14653,0.5234375
14654,0.51953125
14655,0.55859375
14656,0.5234375
14657,0.4765625
14658,0.51171875
14659,0.56640625
14660,0.47265625
14661,0.44921875
14662,0.51171875
14663,0.49609375
14664,0.49609375
14665,0.51171875
14666,0.52734375
14667,0.52734375
14668,0.46875
14669,0.484375
14670,0.53515625
14671,0.45703125
14672,0.48046875
14673,0.5
14674,0.48046875
14675,0.50390625
14676,0.5078125
14677,0.4375
14678,0.515625
14679,0.4921875
14680,0.44140625
14681,0.515625
14682,0.47265625
14683,0.515625
14684,0.5703125
14685,0.4453125
14686,0.52734375
14687,0.5078125
14688,0.49609375
14689,0.52734375
14690,0.53125
14691,0.5
14692,0.53515625
14693,0.5078125
14694,0.48046875
14695,0.5390625
14696,0.51171875
14697,0.4921875
14698,0.4921875
14699,0.54296875
14700,0.47265625
14701,0.4375
14702,0.5078125
14703,0.55078125
14704,0.484375
14705,0.5078125
14706,0.41015625
14707,0.51953125
14708,0.5
14709,0.53125
14710,0.515625
14711,0.53125
14712,0.46875
14713,0.5703125
14714,0.4453125
14715,0.47265625
14716,0.53515625
14717,0.47265625
14718,0.4453125
14719,0.453125
14720,0.53125
14721,0.53515625
14722,0.53515625
14723,0.54296875
14724,0.5
14725,0.55859375
14726,0.48828125
14727,0.50390625
14728,0.4453125
14729,0.53125
14730,0.49609375
14731,0.46484375
14732,0.51171875
14733,0.44921875
14734,0.53515625
14735,0.47265625
14736,0.44921875
14737,0.43359375
14738,0.5546875
14739,0.4921875
14740,0.4921875
14741,0.4765625
14742,0.54296875
14743,0.53125
14744,0.4765625
14745,0.453125
14746,0.48046875
14747,0.50390625
14748,0.45703125
14749,0.46875
14750,0.52734375
14751,0.48046875
14752,0.46875
14753,0.53515625
14754,0.4921875
14755,0.51171875
14756,0.55859375
14757,0.50390625
14758,0.4453125
14759,0.47265625
14760,0.5234375
14761,0.45703125
14762,0.49609375
14763,0.5390625
14764,0.48046875
14765,0.53125
14766,0.546875
14767,0.53515625
14768,0.52734375
14769,0.46484375
14770,0.5625
14771,0.5234375
14772,0.578125
14773,0.46484375
14774,0.5078125
14775,0.5
14776,0.44140625
14777,0.578125
14778,0.53125
14779,0.578125
14780,0.45703125
14781,0.51171875
14782,0.51171875
14783,0.53515625
14784,0.48046875
14785,0.5078125
14786,0.54296875
14787,0.484375
14788,0.43359375
14789,0.61328125
14790,0.45703125
14791,0.546875
14792,0.49609375
14793,0.5078125
14794,0.55078125
14795,0.48046875
14796,0.53125
14797,0.546875
14798,0.5
14799,0.58203125
14800,0.4609375
14801,0.53515625
14802,0.48046875
14803,0.47265625
14804,0.48046875
14805,0.50390625
14806,0.5078125
14807,0.484375
14808,0.4609375
14809,0.484375
14810,0.453125
14811,0.46484375
14812,0.4609375
14813,0.56640625
14814,0.48828125
14815,0.5234375
14816,0.47265625
14817,0.48828125
14818,0.47265625
14819,0.5078125
14820,0.546875
14821,0.5390625
14822,0.4609375
14823,0.4921875
14824,0.4765625
14825,0.546875
14826,0.49609375
14827,0.5390625
14828,0.5
14829,0.5
14830,0.546875
14831,0.50390625
14832,0.4921875
14833,0.49609375
14834,0.453125
14835,0.51953125
14836,0.51953125
14837,0.53515625
14838,0.484375
14839,0.484375
14840,0.52734375
14841,0.48046875
14842,0.51171875
14843,0.55078125
14844,0.41015625
14845,0.5
14846,0.58203125
14847,0.46875
14848,0.51953125
14849,0.4921875
14850,0.5
14851,0.578125
14852,0.51953125
14853,0.53515625
14854,0.49609375
14855,0.51171875
14856,0.57421875
14857,0.51171875
14858,0.53515625
14859,0.44140625
14860,0.50390625
14861,0.51171875
14862,0.47265625
14863,0.53125
14864,0.43359375
14865,0.515625
14866,0.49609375
14867,0.4921875
14868,0.453125
14869,0.4609375
14870,0.51171875
14871,0.453125
14872,0.5546875
14873,0.515625
14874,0.49609375
14875,0.44140625
14876,0.51953125
14877,0.4375
14878,0.453125
14879,0.4609375
14880,0.53515625
14881,0.515625
14882,0.51953125
14883,0.47265625
14884,0.5
14885,0.53515625
14886,0.5234375
14887,0.4296875
14888,0.55078125
14889,0.47265625
14890,0.5
14891,0.51953125
14892,0.51953125
14893,0.50390625
14894,0.484375
14895,0.453125
14896,0.484375
14897,0.48046875
14898,0.52734375
14899,0.484375
14900,0.53515625
14901,0.484375
14902,0.4453125
14903,0.5390625
14904,0.47265625
14905,0.51171875
14906,0.51953125
14907,0.4921875
14908,0.58203125
14909,0.48828125
14910,0.515625
14911,0.46484375
14912,0.53515625
14913,0.453125
14914,0.44140625
14915,0.49609375
14916,0.48828125
14917,0.53125
14918,0.54296875
14919,0.4375
14920,0.55859375
14921,0.51171875
14922,0.54296875
14923,0.52734375
14924,0.4921875
14925,0.5546875
14926,0.4609375
14927,0.5546875
14928,0.4296875
14929,0.48046875
14930,0.46484375
14931,0.5546875
14932,0.453125
14933,0.5703125
14934,0.52734375
14935,0.48046875
14936,0.5078125
14937,0.5859375
14938,0.43359375
14939,0.515625
14940,0.51953125
14941,0.53515625
14942,0.4140625
14943,0.5625
14944,0.51953125
14945,0.51171875
14946,0.51171875
14947,0.4375
14948,0.4921875
14949,0.48046875
14950,0.51171875
14951,0.48828125
14952,0.48046875
14953,0.4375
14954,0.44140625
14955,0.4609375
14956,0.53125
14957,0.4140625
14958,0.5390625
14959,0.44921875
14960,0.4609375
14961,0.50390625
14962,0.5234375
14963,0.4453125
14964,0.56640625
14965,0.4921875
14966,0.5546875
14967,0.56640625
14968,0.41796875
14969,0.484375
14970,0.49609375
14971,0.51171875
14972,0.51953125
14973,0.46875
14974,0.53125
14975,0.484375
14976,0.50390625
14977,0.5234375
14978,0.5234375
14979,0.5
14980,0.49609375
14981,0.515625
14982,0.47265625
14983,0.53125
14984,0.47265625
14985,0.46875
14986,0.4765625
14987,0.4765625
14988,0.48828125
14989,0.4375
14990,0.5
14991,0.4375
14992,0.484375
14993,0.4375
14994,0.5
14995,0.50390625
14996,0.5390625
14997,0.51171875
14998,0.4765625
14999,0.46875
15000,0.5546875
15001,0.52734375
15002,0.515625
15003,0.58203125
15004,0.47265625
15005,0.46875
15006,0.41796875
15007,0.52734375
15008,0.484375
15009,0.46875
15010,0.4296875
15011,0.5
15012,0.52734375
15013,0.4609375
15014,0.51171875
15015,0.54296875
15016,0.4296875
15017,0.55078125
15018,0.5546875
15019,0.484375
15020,0.5
15021,0.54296875
15022,0.50390625
15023,0.5859375
15024,0.5
15025,0.46484375
15026,0.5
15027,0.51953125
15028,0.55078125
15029,0.46484375
15030,0.49609375
15031,0.5078125
15032,0.45703125
15033,0.4765625
15034,0.48828125
15035,0.4375
15036,0.46875
15037,0.55078125
15038,0.5390625
15039,0.546875
15040,0.46484375
15041,0.4765625
15042,0.55078125
15043,0.5234375
15044,0.50390625
15045,0.48046875
15046,0.5546875
15047,0.515625
15048,0.49609375
15049,0.5
15050,0.4609375
15051,0.515625
15052,0.5078125
15053,0.60546875
15054,0.50390625
15055,0.5234375
15056,0.5
15057,0.51171875
15058,0.5625
15059,0.4453125
15060,0.51171875
15061,0.4921875
15062,0.5
15063,0.4921875
15064,0.53125
15065,0.49609375
15066,0.4296875
15067,0.49609375
15068,0.50390625
15069,0.4765625
15070,0.5078125
15071,0.5234375
15072,0.46484375
15073,0.515625
15074,0.4609375
15075,0.5234375
15076,0.484375
15077,0.44921875
15078,0.55078125
15079,0.57421875
15080,0.484375
15081,0.515625
15082,0.5625
15083,0.46484375
15084,0.46484375
15085,0.44921875
15086,0.51171875
15087,0.58203125
15088,0.4765625
15089,0.46875
15090,0.515625
15091,0.54296875
15092,0.5703125
15093,0.4453125
15094,0.4609375
15095,0.53125
15096,0.46875
15097,0.55078125
15098,0.421875
15099,0.4296875
15100,0.55859375
15101,0.4921875
15102,0.5078125
15103,0.55078125
15104,0.55859375
15105,0.47265625
15106,0.5546875
15107,0.5390625
15108,0.5
15109,0.609375
15110,0.4765625
15111,0.50390625
15112,0.53515625
15113,0.5078125
15114,0.54296875
15115,0.55078125
15116,0.4375
15117,0.46875
15118,0.48046875
15119,0.5625
15120,0.48046875
15121,0.5
15122,0.4140625
15123,0.43359375
15124,0.48828125
15125,0.49609375
15126,0.5
15127,0.59765625
15128,0.4765625
15129,0.4765625
15130,0.5234375
15131,0.49609375
15132,0.48828125
15133,0.43359375
15134,0.48828125
15135,0.53515625
15136,0.55859375
15137,0.515625
15138,0.53125
15139,0.4453125
15140,0.5078125
15141,0.4921875
15142,0.58203125
15143,0.51953125
15144,0.55078125
15145,0.4453125
15146,0.4765625
15147,0.48046875
15148,0.51171875
15149,0.53515625
15150,0.4765625
15151,0.50390625
15152,0.55859375
15153,0.56640625
15154,0.46875
15155,0.50390625
15156,0.515625
15157,0.53515625
15158,0.48828125
15159,0.515625
15160,0.4921875
15161,0.453125
15162,0.5234375
15163,0.50390625
15164,0.515625
15165,0.49609375
15166,0.53515625
15167,0.53515625
15168,0.546875
15169,0.44140625
15170,0.51171875
15171,0.53515625
15172,0.546875
15173,0.484375
15174,0.546875
15175,0.484375
15176,0.44140625
15177,0.48828125
15178,0.50390625
15179,0.46875
15180,0.515625
15181,0.4921875
15182,0.46875
15183,0.4765625
15184,0.42578125
15185,0.53515625
15186,0.40234375
15187,0.47265625
15188,0.55078125
15189,0.515625
15190,0.48046875
15191,0.4765625
15192,0.46875
15193,0.5078125
15194,0.40234375
15195,0.47265625
15196,0.5546875
15197,0.49609375
15198,0.46484375
15199,0.53515625
15200,0.51953125
15201,0.5546875
15202,0.52734375
15203,0.5234375
15204,0.48046875
15205,0.5546875
15206,0.4765625
15207,0.515625
15208,0.5078125
15209,0.4453125
15210,0.4921875
15211,0.4921875
15212,0.546875
15213,0.45703125
15214,0.55078125
15215,0.54296875
15216,0.4921875
15217,0.54296875
15218,0.46875
15219,0.52734375
15220,0.546875
15221,0.46484375
15222,0.44921875
15223,0.50390625
15224,0.42578125
15225,0.4765625
15226,0.5234375
15227,0.46484375
15228,0.5
15229,0.5
15230,0.48046875
15231,0.46484375
15232,0.48828125
15233,0.46484375
15234,0.46875
15235,0.51953125
15236,0.40234375
15237,0.44140625
15238,0.46875
15239,0.4765625
15240,0.5390625
15241,0.51953125
15242,0.4921875
15243,0.484375
15244,0.5
15245,0.50390625
15246,0.5
15247,0.5546875
15248,0.51953125
15249,0.55078125
15250,0.4609375
15251,0.50390625
15252,0.546875
15253,0.48828125
15254,0.4921875
15255,0.52734375
15256,0.53125
15257,0.5234375
15258,0.5
15259,0.515625
15260,0.5078125
15261,0.48046875
15262,0.51171875
15263,0.55078125
15264,0.50390625
15265,0.484375
15266,0.4765625
15267,0.5546875
15268,0.5390625
15269,0.46875
15270,0.46484375
15271,0.46875
15272,0.515625
15273,0.57421875
15274,0.56640625
15275,0.4921875
15276,0.48828125
15277,0.546875
15278,0.52734375
15279,0.4921875
15280,0.43359375
15281,0.45703125
15282,0.44921875
15283,0.5234375
15284,0.50390625
15285,0.5078125
15286,0.46875
15287,0.53515625
15288,0.46484375
15289,0.4609375
15290,0.484375
15291,0.48046875
15292,0.515625
15293,0.453125
15294,0.51953125
15295,0.4765625
15296,0.44140625
15297,0.47265625
15298,0.51953125
15299,0.4609375
15300,0.49609375
15301,0.546875
15302,0.5078125
15303,0.4921875
15304,0.484375
15305,0.48828125
15306,0.46484375
15307,0.4921875
15308,0.49609375
15309,0.515625
15310,0.546875
15311,0.55859375
15312,0.55859375
15313,0.50390625
15314,0.57421875
15315,0.5546875
15316,0.48828125
15317,0.48828125
15318,0.52734375
15319,0.50390625
15320,0.5234375
15321,0.58984375
15322,0.48046875
15323,0.44921875
15324,0.49609375
15325,0.5078125
15326,0.54296875
15327,0.5390625
15328,0.53125
15329,0.484375
15330,0.48828125
15331,0.48046875
15332,0.453125
15333,0.46875
15334,0.51953125
15335,0.53125
15336,0.51953125
15337,0.49609375
15338,0.46484375
15339,0.52734375
15340,0.48828125
15341,0.53515625
15342,0.46875
15343,0.53125
15344,0.56640625
15345,0.55078125
15346,0.5234375
15347,0.5390625
15348,0.50390625
15349,0.4765625
15350,0.4921875
15351,0.5
15352,0.5625
15353,0.50390625
15354,0.48828125
15355,0.50390625
15356,0.5078125
15357,0.484375
15358,0.515625
15359,0.5078125
15360,0.50390625
15361,0.421875
15362,0.55078125
15363,0.51171875
15364,0.48828125
15365,0.5078125
15366,0.5546875
15367,0.51953125
15368,0.51171875
15369,0.484375
15370,0.48828125
15371,0.44921875
15372,0.3984375
15373,0.515625
15374,0.56640625
15375,0.47265625
15376,0.4921875
15377,0.515625
15378,0.4609375
15379,0.5
15380,0.4765625
15381,0.453125
15382,0.5
15383,0.46484375
15384,0.53125
15385,0.53515625
15386,0.546875
15387,0.4765625
15388,0.51171875
15389,0.515625
15390,0.4609375
15391,0.4609375
15392,0.5
15393,0.515625
15394,0.49609375
15395,0.48046875
15396,0.45703125
15397,0.4140625
15398,0.4765625
15399,0.54296875
15400,0.48046875
15401,0.4921875
15402,0.4609375
15403,0.53515625
15404,0.48828125
15405,0.453125
15406,0.51171875
15407,0.6015625
15408,0.50390625
15409,0.4609375
15410,0.515625
15411,0.46875
15412,0.5078125
15413,0.50390625
15414,0.47265625
15415,0.4296875
15416,0.48828125
15417,0.52734375
15418,0.48828125
15419,0.53125
15420,0.49609375
15421,0.5390625
15422,0.49609375
15423,0.49609375
15424,0.4609375
15425,0.390625
15426,0.5859375
15427,0.53515625
15428,0.42578125
15429,0.52734375
15430,0.4140625
15431,0.50390625
15432,0.47265625
15433,0.5
15434,0.50390625
15435,0.50390625
15436,0.53125
15437,0.5703125
15438,0.5
15439,0.484375
15440,0.4765625
15441,0.5625
15442,0.5078125
15443,0.49609375
15444,0.44140625
15445,0.453125
15446,0.50390625
15447,0.515625
15448,0.4921875
15449,0.4765625
15450,0.48046875
15451,0.52734375
15452,0.4921875
15453,0.546875
15454,0.5234375
15455,0.44921875
15456,0.53515625
15457,0.4453125
15458,0.5625
15459,0.4140625
15460,0.5
15461,0.46484375
15462,0.57421875
15463,0.52734375
15464,0.50390625
15465,0.5390625
15466,0.44921875
15467,0.5703125
15468,0.48828125
15469,0.4921875
15470,0.51953125
15471,0.48828125
15472,0.515625
15473,0.5390625
15474,0.5
15475,0.5
15476,0.5625
15477,0.515625
15478,0.48046875
15479,0.49609375
15480,0.5703125
15481,0.515625
15482,0.5078125
15483,0.54296875
15484,0.578125
15485,0.52734375
15486,0.46875
15487,0.53515625
15488,0.60546875
15489,0.5
15490,0.58203125
15491,0.46484375
15492,0.48046875
15493,0.47265625
15494,0.546875
15495,0.5
15496,0.4609375
15497,0.47265625
15498,0.453125
15499,0.51953125
15500,0.5078125
15501,0.46875
15502,0.484375
15503,0.546875
15504,0.5234375
15505,0.47265625
15506,0.44140625
15507,0.47265625
15508,0.515625
15509,0.5234375
15510,0.50390625
15511,0.5625
15512,0.54296875
15513,0.54296875
15514,0.4921875
15515,0.50390625
15516,0.484375
15517,0.53125
15518,0.546875
15519,0.51953125
15520,0.53515625
15521,0.50390625
15522,0.51953125
15523,0.51171875
15524,0.546875
15525,0.4765625
15526,0.4765625
15527,0.46484375
15528,0.48046875
15529,0.5546875
15530,0.58203125
15531,0.51953125
15532,0.4453125
15533,0.5234375
15534,0.49609375
15535,0.5234375
15536,0.48828125
15537,0.5078125
15538,0.5546875
15539,0.48046875
15540,0.515625
15541,0.5078125
15542,0.5
15543,0.39453125
15544,0.55078125
15545,0.51953125
15546,0.4609375
15547,0.4609375
15548,0.53515625
15549,0.5
15550,0.53125
15551,0.53125
15552,0.50390625
15553,0.4296875
15554,0.546875
15555,0.546875
15556,0.5078125
15557,0.48828125
15558,0.421875
15559,0.484375
15560,0.546875
15561,0.46875
15562,0.48828125
15563,0.5078125
15564,0.50390625
15565,0.5625
15566,0.51953125
15567,0.5
15568,0.45703125
15569,0.5390625
15570,0.50390625
15571,0.45703125
15572,0.5546875
15573,0.5
15574,0.5234375
15575,0.4296875
15576,0.51171875
15577,0.42578125
15578,0.5078125
15579,0.515625
15580,0.453125
15581,0.5078125
15582,0.49609375
15583,0.453125
15584,0.57421875
15585,0.50390625
15586,0.4296875
15587,0.52734375
15588,0.54296875
15589,0.515625
15590,0.44921875
15591,0.56640625
15592,0.5
15593,0.5078125
15594,0.4453125
15595,0.46875
15596,0.54296875
15597,0.5390625
15598,0.47265625
15599,0.5078125
15600,0.5234375
15601,0.48828125
15602,0.48046875
15603,0.5625
15604,0.47265625
15605,0.5234375
15606,0.4375
15607,0.4765625
15608,0.50390625
15609,0.51953125
15610,0.515625
15611,0.4921875
15612,0.5078125
15613,0.53125
15614,0.48828125
15615,0.4765625
15616,0.51171875
15617,0.60546875
15618,0.47265625
15619,0.48046875
15620,0.50390625
15621,0.45703125
15622,0.484375
15623,0.5390625
15624,0.43359375
15625,0.421875
15626,0.5078125
15627,0.51171875
15628,0.5
15629,0.5390625
15630,0.51171875
15631,0.5234375
15632,0.484375
15633,0.5078125
15634,0.58984375
15635,0.48046875
15636,0.49609375
15637,0.40234375
15638,0.48046875
15639,0.5078125
15640,0.5
15641,0.484375
15642,0.54296875
15643,0.5546875
15644,0.50390625
15645,0.53515625
15646,0.4375
15647,0.58203125
15648,0.48046875
15649,0.48046875
15650,0.4765625
15651,0.4921875
15652,0.5
15653,0.5078125
15654,0.47265625
15655,0.46875
15656,0.53515625
15657,0.56640625
15658,0.52734375
15659,0.48046875
15660,0.50390625
15661,0.43359375
15662,0.56640625
15663,0.4765625
15664,0.49609375
15665,0.57421875
15666,0.515625
15667,0.5546875
15668,0.48046875
15669,0.47265625
15670,0.5234375
15671,0.48828125
15672,0.5234375
15673,0.50390625
15674,0.4609375
15675,0.48828125
15676,0.4765625
15677,0.48828125
15678,0.46484375
15679,0.54296875
15680,0.55859375
15681,0.53125
15682,0.4921875
15683,0.44921875
15684,0.54296875
15685,0.5078125
15686,0.53515625
15687,0.4765625
15688,0.50390625
15689,0.50390625
15690,0.47265625
15691,0.51171875
15692,0.4921875
15693,0.515625
15694,0.4765625
15695,0.54296875
15696,0.56640625
15697,0.4765625
15698,0.5546875
15699,0.54296875
15700,0.515625
15701,0.47265625
15702,0.50390625
15703,0.4765625
15704,0.5234375
15705,0.43359375
15706,0.44140625
15707,0.48046875
15708,0.4765625
15709,0.54296875
15710,0.50390625
15711,0.515625
15712,0.5234375
15713,0.4921875
15714,0.44140625
15715,0.55859375
15716,0.51953125
15717,0.4765625
15718,0.5546875
15719,0.4296875
15720,0.46484375
15721,0.44921875
15722,0.5078125
15723,0.46875
15724,0.4765625
15725,0.50390625
15726,0.48046875
15727,0.45703125
15728,0.4296875
15729,0.46875
15730,0.44921875
15731,0.484375
15732,0.5625
15733,0.546875
15734,0.5
15735,0.4765625
15736,0.5625
15737,0.47265625
15738,0.546875
15739,0.52734375
15740,0.5234375
15741,0.44921875
15742,0.5078125
15743,0.48828125
15744,0.46484375
15745,0.49609375
15746,0.5234375
15747,0.49609375
15748,0.5
15749,0.45703125
15750,0.50390625
15751,0.4921875
15752,0.4375
15753,0.62109375
15754,0.546875
15755,0.5078125
15756,0.4296875
15757,0.515625
15758,0.5078125
15759,0.51171875
15760,0.58203125
15761,0.48046875
15762,0.52734375
15763,0.42578125
15764,0.453125
15765,0.48828125
15766,0.47265625
15767,0.50390625
15768,0.44921875
15769,0.48046875
15770,0.4375
15771,0.48828125
15772,0.46484375
15773,0.40625
15774,0.49609375
15775,0.53515625
15776,0.53515625
15777,0.51171875
15778,0.484375
15779,0.48046875
15780,0.4765625
15781,0.48828125
15782,0.46875
15783,0.5
15784,0.4765625
15785,0.4296875
15786,0.4921875
15787,0.4921875
15788,0.4921875
15789,0.45703125
15790,0.515625
15791,0.5
15792,0.53515625
15793,0.51171875
15794,0.5078125
15795,0.49609375
15796,0.54296875
15797,0.51953125
15798,0.48828125
15799,0.484375
15800,0.51171875
15801,0.484375
15802,0.54296875
15803,0.5234375
15804,0.4375
15805,0.53125
15806,0.47265625
15807,0.48046875
15808,0.59765625
15809,0.5390625
15810,0.515625
15811,0.50390625
15812,0.51953125
15813,0.51953125
15814,0.55078125
15815,0.53125
15816,0.46875
15817,0.5390625
15818,0.4609375
15819,0.46875
15820,0.5078125
15821,0.53125
15822,0.53125
15823,0.4609375
15824,0.5078125
15825,0.5078125
15826,0.50390625
15827,0.46484375
15828,0.49609375
15829,0.51953125
15830,0.43359375
15831,0.5078125
15832,0.453125
15833,0.49609375
15834,0.49609375
15835,0.484375
15836,0.45703125
15837,0.5078125
15838,0.453125
15839,0.453125
15840,0.51953125
15841,0.50390625
15842,0.48828125
15843,0.54296875
15844,0.48828125
15845,0.48046875
15846,0.5
15847,0.51171875
15848,0.59375
15849,0.57421875
15850,0.5
15851,0.515625
15852,0.55859375
15853,0.4609375
15854,0.48828125
15855,0.52734375
15856,0.44140625
15857,0.5
15858,0.53515625
15859,0.4921875
15860,0.5
15861,0.546875
15862,0.55859375
15863,0.50390625
15864,0.5078125
15865,0.59375
15866,0.484375
15867,0.4765625
15868,0.52734375
15869,0.48828125
15870,0.47265625
15871,0.5078125
15872,0.55078125
15873,0.5
15874,0.484375
15875,0.39453125
15876,0.4609375
15877,0.5
15878,0.484375
15879,0.515625
15880,0.46875
15881,0.4609375
15882,0.5546875
15883,0.484375
15884,0.5078125
15885,0.44921875
15886,0.5234375
15887,0.45703125
15888,0.5234375
15889,0.4296875
15890,0.5390625
15891,0.41015625
15892,0.46875
15893,0.45703125
15894,0.484375
15895,0.46484375
15896,0.49609375
15897,0.46875
15898,0.56640625
15899,0.50390625
15900,0.53125
15901,0.5078125
15902,0.52734375
15903,0.421875
15904,0.53125
15905,0.4765625
15906,0.4921875
15907,0.515625
15908,0.5546875
15909,0.53515625
15910,0.49609375
15911,0.4765625
15912,0.49609375
15913,0.51953125
15914,0.4609375
15915,0.50390625
15916,0.4609375
15917,0.48828125
15918,0.48828125
15919,0.53125
15920,0.5390625
15921,0.49609375
15922,0.5
15923,0.453125
15924,0.4375
15925,0.51171875
15926,0.4453125
15927,0.45703125
15928,0.49609375
15929,0.40234375
15930,0.5390625
15931,0.46484375
15932,0.4453125
15933,0.4921875
15934,0.421875
15935,0.51953125
15936,0.546875
15937,0.5546875
15938,0.4296875
15939,0.5
15940,0.546875
15941,0.4765625
15942,0.5078125
15943,0.52734375
15944,0.5546875
15945,0.45703125
15946,0.5234375
15947,0.4921875
15948,0.5234375
15949,0.4453125
15950,0.52734375
15951,0.47265625
15952,0.41015625
15953,0.515625
15954,0.4765625
15955,0.546875
15956,0.56640625
15957,0.45703125
15958,0.5703125
15959,0.52734375
15960,0.546875
15961,0.53125
15962,0.515625
15963,0.4765625
15964,0.4765625
15965,0.52734375
15966,0.53125
15967,0.51171875
15968,0.44140625
15969,0.484375
15970,0.5
15971,0.51953125
15972,0.546875
15973,0.50390625
15974,0.51171875
15975,0.51953125
15976,0.5
15977,0.5234375
15978,0.4375
15979,0.45703125
15980,0.4765625
15981,0.50390625
15982,0.5390625
15983,0.4765625
15984,0.5
15985,0.44921875
15986,0.4140625
15987,0.4921875
15988,0.49609375
15989,0.4921875
15990,0.53125
15991,0.44140625
15992,0.46875
15993,0.44921875
15994,0.51171875
15995,0.41796875
15996,0.48828125
15997,0.49609375
15998,0.5
15999,0.54296875
16000,0.4765625
16001,0.44140625
16002,0.52734375
16003,0.44921875
16004,0.49609375
16005,0.43359375
16006,0.53515625
16007,0.53515625
16008,0.46875
16009,0.484375
16010,0.47265625
16011,0.5078125
16012,0.45703125
16013,0.51171875
16014,0.5390625
16015,0.4609375
16016,0.515625
16017,0.49609375
16018,0.5
16019,0.5234375
16020,0.4453125
16021,0.51171875
16022,0.44140625
16023,0.484375
16024,0.52734375
16025,0.52734375
16026,0.453125
16027,0.4453125
16028,0.48828125
16029,0.5859375
16030,0.44921875
16031,0.48828125
16032,0.453125
16033,0.5078125
16034,0.484375
16035,0.49609375
16036,0.43359375
16037,0.44921875
16038,0.51171875
16039,0.5546875
16040,0.49609375
16041,0.53125
16042,0.48828125
16043,0.4765625
16044,0.44140625
16045,0.4765625
16046,0.4375
16047,0.48828125
16048,0.51953125
16049,0.51171875
16050,0.55859375
16051,0.46875
16052,0.5
16053,0.5078125
16054,0.5
16055,0.46875
16056,0.4921875
16057,0.4609375
16058,0.5703125
16059,0.56640625
16060,0.49609375
16061,0.53515625
16062,0.48046875
16063,0.5546875
16064,0.5625
16065,0.578125
16066,0.515625
16067,0.546875
16068,0.5546875
16069,0.53515625
16070,0.45703125
16071,0.44140625
16072,0.546875
16073,0.50390625
16074,0.48046875
16075,0.53515625
16076,0.44140625
16077,0.58984375
16078,0.46484375
16079,0.515625
16080,0.5546875
16081,0.48828125
16082,0.4765625
16083,0.453125
16084,0.53515625
16085,0.421875
16086,0.4453125
16087,0.55859375
16088,0.4296875
16089,0.46875
16090,0.4609375
16091,0.45703125
16092,0.46484375
16093,0.45703125
16094,0.5
16095,0.49609375
16096,0.453125
16097,0.5234375
16098,0.46875
16099,0.53125
16100,0.47265625
16101,0.51953125
16102,0.5234375
16103,0.515625
16104,0.4921875
16105,0.4921875
16106,0.48046875
16107,0.50390625
16108,0.51953125
16109,0.4765625
16110,0.484375
16111,0.4765625
16112,0.484375
16113,0.4765625
16114,0.421875
16115,0.42578125
16116,0.56640625
16117,0.52734375
16118,0.47265625
16119,0.5078125
16120,0.50390625
16121,0.453125
16122,0.49609375
16123,0.5
16124,0.5546875
16125,0.4453125
16126,0.52734375
16127,0.4921875
16128,0.51953125
16129,0.51953125
16130,0.48046875
16131,0.54296875
16132,0.5078125
16133,0.515625
16134,0.55078125
16135,0.4921875
16136,0.56640625
16137,0.51171875
16138,0.4609375
16139,0.48828125
16140,0.515625
16141,0.5234375
16142,0.51953125
16143,0.546875
16144,0.45703125
16145,0.53515625
16146,0.41796875
16147,0.44921875
16148,0.45703125
16149,0.4765625
16150,0.48828125
16151,0.55859375
16152,0.5625
16153,0.46484375
16154,0.515625
16155,0.4375
16156,0.5390625
16157,0.56640625
16158,0.49609375
16159,0.53515625
16160,0.44921875
16161,0.5
16162,0.48046875
16163,0.55859375
16164,0.48046875
16165,0.515625
16166,0.40234375
16167,0.5078125
16168,0.46875
16169,0.51953125
16170,0.5234375
16171,0.44921875
16172,0.515625
16173,0.48828125
16174,0.45703125
16175,0.4609375
16176,0.5390625
16177,0.5859375
16178,0.515625
16179,0.52734375
16180,0.48828125
16181,0.484375
16182,0.52734375
16183,0.49609375
16184,0.5234375
16185,0.4921875
16186,0.49609375
16187,0.45703125
16188,0.49609375
16189,0.4765625
16190,0.4375
16191,0.53125
16192,0.5390625
16193,0.578125
16194,0.5234375
16195,0.484375
16196,0.453125
16197,0.4765625
16198,0.5
16199,0.484375
16200,0.4921875
16201,0.44921875
16202,0.5
16203,0.5546875
16204,0.51953125
16205,0.5
16206,0.48828125
16207,0.41015625
16208,0.5078125
16209,0.5
16210,0.55078125
16211,0.5234375
16212,0.515625
16213,0.44140625
16214,0.4453125
16215,0.515625
16216,0.4609375
16217,0.50390625
16218,0.48046875
16219,0.515625
16220,0.5234375
16221,0.4921875
16222,0.5
16223,0.53125
16224,0.46484375
16225,0.53125
16226,0.47265625
16227,0.4609375
16228,0.48828125
16229,0.50390625
16230,0.48046875
16231,0.453125
16232,0.4375
16233,0.484375
16234,0.4921875
16235,0.51171875
16236,0.51171875
16237,0.5
16238,0.54296875
16239,0.4453125
16240,0.5
16241,0.50390625
16242,0.50390625
16243,0.45703125
16244,0.5234375
16245,0.46875
16246,0.4765625
16247,0.5546875
16248,0.52734375
16249,0.55078125
16250,0.54296875
16251,0.52734375
16252,0.47265625
16253,0.5234375
16254,0.49609375
16255,0.49609375
16256,0.49609375
16257,0.4921875
16258,0.44921875
16259,0.46875
16260,0.5625
16261,0.546875
16262,0.484375
16263,0.4609375
16264,0.47265625
16265,0.4765625
16266,0.5078125
16267,0.515625
16268,0.45703125
16269,0.49609375
16270,0.4765625
16271,0.5
16272,0.51171875
16273,0.48828125
16274,0.52734375
16275,0.58203125
16276,0.48046875
16277,0.5078125
16278,0.48046875
16279,0.47265625
16280,0.48828125
16281,0.484375
16282,0.5078125
16283,0.43359375
16284,0.515625
16285,0.46484375
16286,0.4765625
16287,0.52734375
16288,0.5078125
16289,0.46875
16290,0.48046875
16291,0.4609375
16292,0.515625
16293,0.4453125
16294,0.43359375
16295,0.56640625
16296,0.5234375
16297,0.5078125
16298,0.5234375
16299,0.421875
16300,0.43359375
16301,0.50390625
16302,0.51953125
16303,0.4375
16304,0.53515625
16305,0.5
16306,0.56640625
16307,0.51171875
16308,0.5078125
16309,0.4921875
16310,0.4765625
16311,0.515625
16312,0.4921875
16313,0.5234375
16314,0.48046875
16315,0.484375
16316,0.43359375
16317,0.46484375
16318,0.51953125
16319,0.5234375
16320,0.50390625
16321,0.50390625
16322,0.51953125
16323,0.5
16324,0.44140625
16325,0.4765625
16326,0.5
16327,0.515625
16328,0.55078125
16329,0.5546875
16330,0.51953125
16331,0.47265625
16332,0.5546875
16333,0.46875
16334,0.46875
16335,0.46875
16336,0.5703125
16337,0.47265625
16338,0.47265625
16339,0.53515625
16340,0.4296875
16341,0.52734375
16342,0.50390625
16343,0.56640625
16344,0.49609375
16345,0.55078125
16346,0.5390625
16347,0.47265625
16348,0.515625
16349,0.49609375
16350,0.421875
16351,0.53125
16352,0.44140625
16353,0.58203125
16354,0.4765625
16355,0.50390625
16356,0.4921875
16357,0.4609375
16358,0.61328125
16359,0.5390625
16360,0.48828125
16361,0.40625
16362,0.5234375
16363,0.53125
16364,0.52734375
16365,0.55859375
16366,0.57421875
16367,0.55078125
16368,0.47265625
16369,0.4765625
16370,0.46484375
16371,0.4765625
16372,0.50390625
16373,0.50390625
16374,0.51171875
16375,0.5078125
16376,0.578125
16377,0.4296875
16378,0.5703125
16379,0.5
16380,0.44140625
16381,0.48828125
16382,0.53515625
16383,0.515625
16384,0.44921875
16385,0.453125
16386,0.45703125
16387,0.4921875
16388,0.46484375
16389,0.45703125
16390,0.515625
16391,0.49609375
16392,0.47265625
16393,0.55859375
16394,0.44140625
16395,0.5078125
16396,0.5546875
16397,0.484375
16398,0.46484375
16399,0.48046875
16400,0.51171875
16401,0.55078125
16402,0.4921875
16403,0.46875
16404,0.5078125
16405,0.47265625
16406,0.53125
16407,0.4765625
16408,0.43359375
16409,0.60546875
16410,0.5859375
16411,0.515625
16412,0.4765625
16413,0.4921875
16414,0.50390625
16415,0.42578125
16416,0.54296875
16417,0.48828125
16418,0.49609375
16419,0.44140625
16420,0.515625
16421,0.61328125
16422,0.43359375
16423,0.50390625
16424,0.51171875
16425,0.4921875
16426,0.54296875
16427,0.46875
16428,0.5078125
16429,0.51953125
16430,0.4609375
16431,0.41796875
16432,0.48046875
16433,0.5
16434,0.484375
16435,0.546875
16436,0.48828125
16437,0.46875
16438,0.515625
16439,0.5234375
16440,0.54296875
16441,0.4453125
16442,0.51171875
16443,0.4609375
16444,0.44921875
16445,0.43359375
16446,0.375
16447,0.453125
16448,0.5
16449,0.51171875
16450,0.46484375
16451,0.41796875
16452,0.44921875
16453,0.48046875
16454,0.5078125
16455,0.46484375
16456,0.4921875
16457,0.51171875
16458,0.48046875
16459,0.52734375
16460,0.48828125
16461,0.4765625
16462,0.4765625
16463,0.51953125
16464,0.48828125
16465,0.53515625
16466,0.52734375
16467,0.4375
16468,0.53515625
16469,0.546875
16470,0.47265625
16471,0.44921875
16472,0.4921875
16473,0.45703125
16474,0.546875
16475,0.55078125
16476,0.5234375
16477,0.5234375
16478,0.46875
16479,0.52734375
16480,0.5
16481,0.453125
16482,0.6171875
16483,0.4921875
16484,0.45703125
16485,0.48828125
16486,0.5234375
16487,0.47265625
16488,0.49609375
16489,0.46875
16490,0.5234375
16491,0.47265625
16492,0.46875
16493,0.51953125
16494,0.4609375
16495,0.55859375
16496,0.55078125
16497,0.5390625
16498,0.53515625
16499,0.52734375
16500,0.47265625
16501,0.546875
16502,0.49609375
16503,0.4765625
16504,0.484375
16505,0.46484375
16506,0.5078125
16507,0.5
16508,0.5
16509,0.453125
16510,0.5390625
16511,0.5
16512,0.60546875
16513,0.5
16514,0.5078125
16515,0.4765625
16516,0.48828125
16517,0.52734375
16518,0.50390625
16519,0.43359375
16520,0.48046875
16521,0.48046875
16522,0.48046875
16523,0.484375
16524,0.4921875
16525,0.48828125
16526,0.5546875
16527,0.57421875
16528,0.44140625
16529,0.546875
16530,0.4609375
16531,0.46875
16532,0.4921875
16533,0.5
16534,0.4765625
16535,0.515625
16536,0.58203125
16537,0.50390625
16538,0.53515625
16539,0.51953125
16540,0.54296875
16541,0.484375
16542,0.53515625
16543,0.4765625
16544,0.60546875
16545,0.52734375
16546,0.44921875
16547,0.51171875
16548,0.45703125
16549,0.5078125
16550,0.4765625
16551,0.53125
16552,0.46875
16553,0.546875
16554,0.46484375
16555,0.5625
16556,0.57421875
16557,0.51953125
16558,0.5078125
16559,0.50390625
16560,0.54296875
16561,0.53515625
16562,0.41796875
16563,0.4609375
16564,0.43359375
16565,0.4765625
16566,0.48828125
16567,0.5078125
16568,0.42578125
16569,0.53515625
16570,0.45703125
16571,0.55859375
16572,0.484375
16573,0.46484375
16574,0.46875
16575,0.4921875
16576,0.53515625
16577,0.51953125
16578,0.5
16579,0.47265625
16580,0.54296875
16581,0.4921875
16582,0.5234375
16583,0.49609375
16584,0.48828125
16585,0.44921875
16586,0.5234375
16587,0.51953125
16588,0.4765625
16589,0.48828125
16590,0.46484375
16591,0.57421875
16592,0.4765625
16593,0.515625
16594,0.5390625
16595,0.49609375
16596,0.53515625
16597,0.48046875
16598,0.5390625
16599,0.48828125
16600,0.4296875
16601,0.58203125
16602,0.49609375
16603,0.55078125
16604,0.4296875
16605,0.5
16606,0.44140625
16607,0.50390625
16608,0.52734375
16609,0.49609375
16610,0.5546875
16611,0.51171875
16612,0.5625
16613,0.46484375
16614,0.453125
16615,0.51171875
16616,0.53125
16617,0.51953125
16618,0.4765625
16619,0.5390625
16620,0.56640625
16621,0.48828125
16622,0.55078125
16623,0.47265625
16624,0.51953125
16625,0.51171875
16626,0.47265625
16627,0.5703125
16628,0.546875
16629,0.5234375
16630,0.546875
16631,0.52734375
16632,0.44921875
16633,0.453125
16634,0.52734375
16635,0.5078125
16636,0.5625
16637,0.46484375
16638,0.50390625
16639,0.453125
16640,0.49609375
16641,0.5234375
16642,0.5234375
16643,0.43359375
16644,0.53515625
16645,0.44921875
16646,0.4921875
16647,0.52734375
16648,0.53125
16649,0.43359375
16650,0.484375
16651,0.49609375
16652,0.4375
16653,0.49609375
16654,0.4921875
16655,0.48046875
16656,0.50390625
16657,0.47265625
16658,0.49609375
16659,0.5390625
16660,0.546875
16661,0.4765625
16662,0.49609375
16663,0.50390625
16664,0.515625
16665,0.4921875
16666,0.54296875
16667,0.51171875
16668,0.48046875
16669,0.52734375
16670,0.51953125
16671,0.48828125
16672,0.51953125
16673,0.5234375
16674,0.48828125
16675,0.46875
16676,0.42578125
16677,0.43359375
16678,0.5625
16679,0.46484375
16680,0.52734375
16681,0.53125
16682,0.59765625
16683,0.5
16684,0.47265625
16685,0.44921875
16686,0.52734375
16687,0.5546875
16688,0.48828125
16689,0.5
16690,0.4765625
16691,0.52734375
16692,0.4453125
16693,0.53515625
16694,0.51171875
16695,0.5
16696,0.45703125
16697,0.47265625
16698,0.49609375
16699,0.484375
16700,0.54296875
16701,0.4921875
16702,0.515625
16703,0.51953125
16704,0.4296875
16705,0.45703125
16706,0.46875
16707,0.515625
16708,0.4921875
16709,0.45703125
16710,0.52734375
16711,0.515625
16712,0.4609375
16713,0.50390625
16714,0.51171875
16715,0.5078125
16716,0.50390625
16717,0.4765625
16718,0.5234375
16719,0.45703125
16720,0.46875
16721,0.5078125
16722,0.484375
16723,0.47265625
16724,0.5703125
16725,0.453125
16726,0.55859375
16727,0.59765625
16728,0.49609375
16729,0.5
16730,0.46484375
16731,0.41015625
16732,0.53515625
16733,0.5546875
16734,0.45703125
16735,0.546875
16736,0.4765625
16737,0.51171875
16738,0.5859375
16739,0.51953125
16740,0.515625
16741,0.4453125
16742,0.55859375
16743,0.484375
16744,0.56640625
16745,0.5
16746,0.50390625
16747,0.51171875
16748,0.515625
16749,0.5859375
16750,0.53125
16751,0.54296875
16752,0.51953125
16753,0.51171875
16754,0.5
16755,0.5
16756,0.52734375
16757,0.49609375
16758,0.4609375
16759,0.4375
16760,0.5546875
16761,0.44140625
16762,0.52734375
16763,0.43359375
16764,0.515625
16765,0.51171875
16766,0.4765625
16767,0.5234375
16768,0.5
16769,0.40625
16770,0.484375
16771,0.5234375
16772,0.5
16773,0.5
16774,0.48046875
16775,0.49609375
16776,0.4609375
16777,0.515625
16778,0.45703125
16779,0.4296875
16780,0.41796875
16781,0.5546875
16782,0.5625
16783,0.44921875
16784,0.46484375
16785,0.5703125
16786,0.55859375
16787,0.44140625
16788,0.4921875
16789,0.50390625
16790,0.4921875
16791,0.42578125
16792,0.515625
16793,0.51171875
16794,0.453125
16795,0.50390625
16796,0.52734375
16797,0.5078125
16798,0.4609375
16799,0.47265625
16800,0.50390625
16801,0.4296875
16802,0.52734375
16803,0.5234375
16804,0.5546875
16805,0.59375
16806,0.5234375
16807,0.53515625
16808,0.5078125
16809,0.546875
16810,0.52734375
16811,0.48828125
16812,0.5234375
16813,0.453125
16814,0.49609375
16815,0.46484375
16816,0.55078125
16817,0.49609375
16818,0.56640625
16819,0.546875
16820,0.51953125
16821,0.4140625
16822,0.43359375
16823,0.51953125
16824,0.51953125
16825,0.5703125
16826,0.48828125
16827,0.48046875
16828,0.54296875
16829,0.53125
16830,0.46875
16831,0.5078125
16832,0.55078125
16833,0.4765625
16834,0.453125
16835,0.46484375
16836,0.53125
16837,0.51953125
16838,0.53125
16839,0.5546875
16840,0.51953125
16841,0.51953125
16842,0.453125
16843,0.58203125
16844,0.4453125
16845,0.55859375
16846,0.50390625
16847,0.49609375
16848,0.46875
16849,0.4765625
16850,0.48828125
16851,0.4609375
16852,0.51171875
16853,0.50390625
16854,0.5078125
16855,0.5390625
16856,0.4921875
16857,0.5234375
16858,0.484375
16859,0.4921875
16860,0.50390625
16861,0.4921875
16862,0.60546875
16863,0.45703125
16864,0.5078125
16865,0.4921875
16866,0.48046875
16867,0.49609375
16868,0.3828125
16869,0.53515625
16870,0.48828125
16871,0.515625
16872,0.5234375
16873,0.55078125
16874,0.51953125
16875,0.50390625
16876,0.546875
16877,0.55078125
16878,0.5
16879,0.51953125
16880,0.54296875
16881,0.52734375
16882,0.5546875
16883,0.45703125
16884,0.51171875
16885,0.48828125
16886,0.5703125
16887,0.53125
16888,0.4609375
16889,0.52734375
16890,0.50390625
16891,0.5234375
16892,0.53125
16893,0.52734375
16894,0.47265625
16895,0.45703125
16896,0.5234375
16897,0.47265625
16898,0.55859375
16899,0.50390625
16900,0.5390625
16901,0.5390625
16902,0.5859375
16903,0.47265625
16904,0.44140625
16905,0.53125
16906,0.52734375
16907,0.4765625
16908,0.55078125
16909,0.4765625
16910,0.48046875
16911,0.515625
16912,0.53125
16913,0.52734375
16914,0.5
16915,0.484375
16916,0.453125
16917,0.46875
16918,0.56640625
16919,0.49609375
16920,0.53515625
16921,0.609375
16922,0.5
16923,0.5
16924,0.4375
16925,0.515625
16926,0.5546875
16927,0.47265625
16928,0.50390625
16929,0.48828125
16930,0.4921875
16931,0.48828125
16932,0.5234375
16933,0.5546875
16934,0.453125
16935,0.52734375
16936,0.49609375
16937,0.46875
16938,0.46875
16939,0.578125
16940,0.48046875
16941,0.48046875
16942,0.453125
16943,0.46875
16944,0.48046875
16945,0.4921875
16946,0.48046875
16947,0.4921875
16948,0.46875
16949,0.53125
16950,0.453125
16951,0.49609375
16952,0.5546875
16953,0.51953125
16954,0.50390625
16955,0.4765625
16956,0.44921875
16957,0.50390625
16958,0.55078125
16959,0.5390625
16960,0.50390625
16961,0.5
16962,0.44921875
16963,0.51171875
16964,0.45703125
16965,0.49609375
16966,0.546875
16967,0.46875
16968,0.51953125
16969,0.484375
16970,0.44140625
16971,0.4765625
16972,0.5546875
16973,0.54296875
16974,0.578125
16975,0.484375
16976,0.4609375
16977,0.51171875
16978,0.46484375
16979,0.53125
16980,0.48046875
16981,0.5234375
16982,0.48828125
16983,0.49609375
16984,0.50390625
16985,0.5546875
16986,0.47265625
16987,0.5546875
16988,0.625
16989,0.4921875
16990,0.5078125
16991,0.51171875
16992,0.53125
16993,0.4921875
16994,0.5
16995,0.5
16996,0.484375
16997,0.59375
16998,0.55078125
16999,0.53125
17000,0.5078125
17001,0.50390625
17002,0.48828125
17003,0.50390625
17004,0.53125
17005,0.5234375
17006,0.5078125
17007,0.4921875
17008,0.54296875
17009,0.45703125
17010,0.5
17011,0.45703125
17012,0.5
17013,0.54296875
17014,0.5078125
17015,0.484375
17016,0.43359375
17017,0.5078125
17018,0.4140625
17019,0.453125
17020,0.5078125
17021,0.515625
17022,0.52734375
17023,0.4765625
17024,0.49609375
17025,0.48828125
17026,0.53125
17027,0.52734375
17028,0.47265625
17029,0.44921875
17030,0.50390625
17031,0.5078125
17032,0.54296875
17033,0.5078125
17034,0.484375
17035,0.484375
17036,0.4765625
17037,0.51171875
17038,0.5546875
17039,0.4375
17040,0.4453125
17041,0.4609375
17042,0.52734375
17043,0.5078125
17044,0.51171875
17045,0.53515625
17046,0.48828125
17047,0.5
17048,0.55078125
17049,0.46484375
17050,0.5390625
17051,0.47265625
17052,0.4921875
17053,0.484375
17054,0.50390625
17055,0.52734375
17056,0.4921875
17057,0.4921875
17058,0.50390625
17059,0.4921875
17060,0.45703125
17061,0.47265625
17062,0.55078125
17063,0.5
17064,0.5
17065,0.53515625
17066,0.484375
17067,0.484375
17068,0.58984375
17069,0.46484375
17070,0.51171875
17071,0.5
17072,0.5078125
17073,0.52734375
17074,0.51953125
17075,0.52734375
17076,0.55078125
17077,0.484375
17078,0.4375
17079,0.52734375
17080,0.54296875
17081,0.5078125
17082,0.50390625
17083,0.4609375
17084,0.5
17085,0.54296875
17086,0.4453125
17087,0.53515625
17088,0.48046875
17089,0.48828125
17090,0.47265625
17091,0.5234375
17092,0.54296875
17093,0.55078125
17094,0.51953125
17095,0.4453125
17096,0.5
17097,0.4453125
17098,0.48828125
17099,0.5078125
17100,0.4921875
17101,0.49609375
17102,0.4296875
17103,0.47265625
17104,0.53515625
17105,0.453125
17106,0.4296875
17107,0.51171875
17108,0.515625
17109,0.515625
17110,0.53515625
17111,0.48828125
17112,0.5703125
17113,0.51953125
17114,0.48046875
17115,0.5
17116,0.51953125
17117,0.4921875
17118,0.5546875
17119,0.46484375
17120,0.5078125
17121,0.5078125
17122,0.49609375
17123,0.53515625
17124,0.5078125
17125,0.453125
17126,0.4921875
17127,0.5
17128,0.48046875
17129,0.51953125
17130,0.46484375
17131,0.54296875
17132,0.46875
17133,0.44140625
17134,0.51953125
17135,0.56640625
17136,0.5078125
17137,0.484375
17138,0.453125
17139,0.6015625
17140,0.49609375
17141,0.47265625
17142,0.47265625
17143,0.4921875
17144,0.54296875
17145,0.46875
17146,0.48046875
17147,0.53125
17148,0.46875
17149,0.5390625
17150,0.546875
17151,0.46875
17152,0.5546875
17153,0.4921875
17154,0.48828125
17155,0.54296875
17156,0.45703125
17157,0.5625
17158,0.56640625
17159,0.5
17160,0.46875
17161,0.47265625
17162,0.4765625
17163,0.54296875
17164,0.453125
17165,0.5
17166,0.421875
17167,0.45703125
17168,0.453125
17169,0.46875
17170,0.61328125
17171,0.5625
17172,0.515625
17173,0.58203125
17174,0.515625
17175,0.5390625
17176,0.51171875
17177,0.515625
17178,0.4765625
17179,0.48046875
17180,0.44140625
17181,0.45703125
17182,0.46484375
17183,0.5078125
17184,0.46484375
17185,0.4609375
17186,0.5
17187,0.55078125
17188,0.4921875
17189,0.57421875
17190,0.51171875
17191,0.5078125
17192,0.4765625
17193,0.52734375
17194,0.51953125
17195,0.52734375
17196,0.5
17197,0.48828125
17198,0.54296875
17199,0.51171875
17200,0.55078125
17201,0.4296875
17202,0.51171875
17203,0.4921875
17204,0.44140625
17205,0.5234375
17206,0.5234375
17207,0.57421875
17208,0.453125
17209,0.53515625
17210,0.49609375
17211,0.515625
17212,0.453125
17213,0.46875
17214,0.5234375
17215,0.49609375
17216,0.53125
17217,0.5
17218,0.54296875
17219,0.4921875
17220,0.5078125
17221,0.546875
17222,0.46484375
17223,0.46484375
17224,0.51953125
17225,0.4921875
17226,0.45703125
17227,0.5703125
17228,0.46875
17229,0.45703125
17230,0.46875
17231,0.51953125
17232,0.6015625
17233,0.515625
17234,0.49609375
17235,0.5078125
17236,0.5234375
17237,0.5234375
17238,0.5234375
17239,0.5
17240,0.54296875
17241,0.50390625
17242,0.52734375
17243,0.41015625
17244,0.5546875
17245,0.421875
17246,0.5078125
17247,0.5390625
17248,0.5078125
17249,0.45703125
17250,0.5
17251,0.48828125
17252,0.5
17253,0.5078125
17254,0.5234375
17255,0.484375
17256,0.5
17257,0.4921875
17258,0.5
17259,0.51953125
17260,0.5390625
17261,0.47265625
17262,0.4921875
17263,0.50390625
17264,0.53515625
17265,0.52734375
17266,0.484375
17267,0.421875
17268,0.5
17269,0.47265625
17270,0.49609375
17271,0.5
17272,0.53515625
17273,0.55859375
17274,0.46875
17275,0.484375
17276,0.453125
17277,0.53515625
17278,0.51953125
17279,0.4921875
17280,0.53515625
17281,0.47265625
17282,0.46484375
17283,0.51953125
17284,0.53125
17285,0.578125
17286,0.5390625
17287,0.53125
17288,0.48828125
17289,0.45703125
17290,0.48046875
17291,0.4453125
17292,0.453125
17293,0.546875
17294,0.55078125
17295,0.47265625
17296,0.44140625
17297,0.46484375
17298,0.5390625
17299,0.48046875
17300,0.453125
17301,0.53125
17302,0.5390625
17303,0.5859375
17304,0.4375
17305,0.5078125
17306,0.48828125
17307,0.515625
17308,0.5390625
17309,0.48046875
17310,0.4609375
17311,0.4765625
17312,0.53125
17313,0.50390625
17314,0.5078125
17315,0.51171875
17316,0.4921875
17317,0.62890625
17318,0.51953125
17319,0.51171875
17320,0.45703125
17321,0.44140625
17322,0.51953125
17323,0.5859375
17324,0.515625
17325,0.4921875
17326,0.5
17327,0.47265625
17328,0.46875
17329,0.48828125
17330,0.48046875
17331,0.53125
17332,0.49609375
17333,0.4375
17334,0.484375
17335,0.4609375
17336,0.4765625
17337,0.4609375
17338,0.55859375
17339,0.46875
17340,0.4765625
17341,0.51953125
17342,0.484375
17343,0.46484375
17344,0.51171875
17345,0.5
17346,0.5390625
17347,0.5
17348,0.4765625
17349,0.453125
17350,0.5859375
17351,0.44921875
17352,0.4453125
17353,0.4921875
17354,0.53125
17355,0.51171875
17356,0.484375
17357,0.484375
17358,0.46875
17359,0.5
17360,0.5
17361,0.53515625
17362,0.46875
17363,0.48828125
17364,0.51171875
17365,0.5078125
17366,0.52734375
17367,0.4765625
17368,0.51171875
17369,0.453125
17370,0.49609375
17371,0.421875
17372,0.41796875
17373,0.5625
17374,0.4140625
17375,0.46484375
17376,0.4609375
17377,0.5703125
17378,0.53515625
17379,0.546875
17380,0.47265625
17381,0.53515625
17382,0.53515625
17383,0.4921875
17384,0.55078125
17385,0.54296875
17386,0.57421875
17387,0.45703125
17388,0.546875
17389,0.484375
17390,0.5078125
17391,0.47265625
17392,0.49609375
17393,0.453125
17394,0.48046875
17395,0.4921875
17396,0.515625
17397,0.453125
17398,0.484375
17399,0.52734375
17400,0.4296875
17401,0.51953125
17402,0.4375
17403,0.484375
17404,0.55078125
17405,0.51171875
17406,0.484375
17407,0.46875
17408,0.46875
17409,0.54296875
17410,0.45703125
17411,0.52734375
17412,0.5625
17413,0.546875
17414,0.51171875
17415,0.5
17416,0.46484375
17417,0.55078125
17418,0.45703125
17419,0.45703125
17420,0.50390625
17421,0.51953125
17422,0.44140625
17423,0.5390625
17424,0.48828125
17425,0.49609375
17426,0.54296875
17427,0.4296875
17428,0.53515625
17429,0.5625
17430,0.53515625
17431,0.5625
17432,0.4609375
17433,0.546875
17434,0.49609375
17435,0.4921875
17436,0.484375
17437,0.5
17438,0.40234375
17439,0.4921875
17440,0.3671875
17441,0.54296875
17442,0.47265625
17443,0.4609375
17444,0.4921875
17445,0.48828125
17446,0.484375
17447,0.55078125
17448,0.48828125
17449,0.53125
17450,0.453125
17451,0.515625
17452,0.5546875
17453,0.484375
17454,0.50390625
17455,0.54296875
17456,0.53125
17457,0.546875
17458,0.5625
17459,0.56640625
17460,0.453125
17461,0.48046875
17462,0.3828125
17463,0.5
17464,0.47265625
17465,0.46875
17466,0.44921875
17467,0.546875
17468,0.4296875
17469,0.45703125
17470,0.51171875
17471,0.52734375
17472,0.49609375
17473,0.47265625
17474,0.5390625
17475,0.49609375
17476,0.5078125
17477,0.55859375
17478,0.5234375
17479,0.58203125
17480,0.48046875
17481,0.53125
17482,0.53515625
17483,0.49609375
17484,0.44921875
17485,0.41796875
17486,0.40234375
17487,0.5390625
17488,0.5859375
17489,0.52734375
17490,0.53515625
17491,0.578125
17492,0.4765625
17493,0.54296875
17494,0.41796875
17495,0.4453125
17496,0.4609375
17497,0.51953125
17498,0.5234375
17499,0.51953125
17500,0.42578125
17501,0.52734375
17502,0.5078125
17503,0.50390625
17504,0.5390625
17505,0.46875
17506,0.56640625
17507,0.5390625
17508,0.5078125
17509,0.50390625
17510,0.53515625
17511,0.49609375
17512,0.51953125
17513,0.48828125
17514,0.5078125
17515,0.46875
17516,0.5234375
17517,0.4921875
17518,0.55078125
17519,0.5390625
17520,0.53515625
17521,0.59375
17522,0.48046875
17523,0.47265625
17524,0.51171875
17525,0.484375
17526,0.5
17527,0.53515625
17528,0.53125
17529,0.5
17530,0.51171875
17531,0.47265625
17532,0.45703125
17533,0.5234375
17534,0.46875
17535,0.51171875
17536,0.52734375
17537,0.515625
17538,0.4140625
17539,0.44921875
17540,0.5
17541,0.51171875
17542,0.5390625
17543,0.515625
17544,0.48828125
17545,0.46875
17546,0.51953125
17547,0.42578125
17548,0.49609375
17549,0.55859375
17550,0.51953125
17551,0.5
17552,0.5546875
17553,0.546875
17554,0.44140625
17555,0.484375
17556,0.53515625
17557,0.484375
17558,0.609375
17559,0.484375
17560,0.44921875
17561,0.4765625
17562,0.51171875
17563,0.55078125
17564,0.515625
17565,0.4765625
17566,0.50390625
17567,0.51953125
17568,0.484375
17569,0.50390625
17570,0.515625
17571,0.51171875
17572,0.50390625
17573,0.5
17574,0.51953125
17575,0.578125
17576,0.53515625
17577,0.49609375
17578,0.52734375
17579,0.54296875
17580,0.49609375
17581,0.4921875
17582,0.47265625
17583,0.40625
17584,0.44921875
17585,0.50390625
17586,0.52734375
17587,0.51171875
17588,0.52734375
17589,0.50390625
17590,0.44140625
17591,0.5859375
17592,0.53515625
17593,0.4921875
17594,0.53515625
17595,0.5078125
17596,0.46875
17597,0.50390625
17598,0.4921875
17599,0.49609375
17600,0.57421875
17601,0.52734375
17602,0.4921875
17603,0.41796875
17604,0.578125
17605,0.5078125
17606,0.5
17607,0.5
17608,0.49609375
17609,0.45703125
17610,0.50390625
17611,0.48828125
17612,0.484375
17613,0.48046875
17614,0.49609375
17615,0.4765625
17616,0.51953125
17617,0.484375
17618,0.45703125
17619,0.5078125
17620,0.4765625
17621,0.4921875
17622,0.45703125
17623,0.546875
17624,0.4609375
17625,0.54296875
17626,0.5078125
17627,0.5234375
17628,0.46875
17629,0.53125
17630,0.47265625
17631,0.5078125
17632,0.5
17633,0.4921875
17634,0.5234375
17635,0.51953125
17636,0.54296875
17637,0.51171875
17638,0.57421875
17639,0.5546875
17640,0.515625
17641,0.4296875
17642,0.5390625
17643,0.41796875
17644,0.5078125
17645,0.4296875
17646,0.50390625
17647,0.5078125
17648,0.50390625
17649,0.4765625
17650,0.45703125
17651,0.4375
17652,0.58203125
17653,0.54296875
17654,0.4921875
17655,0.50390625
17656,0.5078125
17657,0.546875
17658,0.51953125
17659,0.4609375
17660,0.48828125
17661,0.48828125
17662,0.40625
17663,0.546875
17664,0.55078125
17665,0.45703125
17666,0.55078125
17667,0.5
17668,0.50390625
17669,0.515625
17670,0.47265625
17671,0.453125
17672,0.51171875
17673,0.54296875
17674,0.51171875
17675,0.578125
17676,0.546875
17677,0.453125
17678,0.5390625
17679,0.4609375
17680,0.5390625
17681,0.58984375
17682,0.49609375
17683,0.515625
17684,0.5859375
17685,0.484375
17686,0.5703125
17687,0.50390625
17688,0.546875
17689,0.4921875
17690,0.46875
17691,0.50390625
17692,0.5
17693,0.55859375
17694,0.49609375
17695,0.4453125
17696,0.55078125
17697,0.47265625
17698,0.5078125
17699,0.515625
17700,0.5703125
17701,0.5234375
17702,0.44921875
17703,0.5078125
17704,0.51953125
17705,0.5234375
17706,0.515625
17707,0.453125
17708,0.515625
17709,0.515625
17710,0.4453125
17711,0.515625
17712,0.4453125
17713,0.50390625
17714,0.4765625
17715,0.5390625
17716,0.46875
17717,0.53515625
17718,0.49609375
17719,0.56640625
17720,0.44140625
17721,0.5234375
17722,0.46875
17723,0.53125
17724,0.4921875
17725,0.4609375
17726,0.53125
17727,0.49609375
17728,0.48046875
17729,0.5078125
17730,0.48046875
17731,0.47265625
17732,0.5390625
17733,0.53515625
17734,0.53515625
17735,0.421875
17736,0.41015625
17737,0.515625
17738,0.5078125
17739,0.53125
17740,0.5234375
17741,0.56640625
17742,0.48828125
17743,0.484375
17744,0.54296875
17745,0.484375
17746,0.5390625
17747,0.515625
17748,0.4765625
17749,0.5
17750,0.48828125
17751,0.546875
17752,0.52734375
17753,0.50390625
17754,0.5078125
17755,0.52734375
17756,0.5234375
17757,0.53125
17758,0.5078125
17759,0.5234375
17760,0.49609375
17761,0.49609375
17762,0.515625
17763,0.46484375
17764,0.484375
17765,0.5
17766,0.515625
17767,0.4453125
17768,0.5703125
17769,0.46875
17770,0.49609375
17771,0.41015625
17772,0.52734375
17773,0.51953125
17774,0.49609375
17775,0.5
17776,0.51953125
17777,0.5546875
17778,0.47265625
17779,0.5
17780,0.6171875
17781,0.46875
17782,0.50390625
17783,0.53515625
17784,0.453125
17785,0.45703125
17786,0.51953125
17787,0.5
17788,0.54296875
17789,0.53515625
17790,0.44140625
17791,0.50390625
17792,0.51953125
17793,0.4609375
17794,0.50390625
17795,0.5859375
17796,0.49609375
17797,0.5
17798,0.55078125
17799,0.53515625
17800,0.52734375
17801,0.5390625
17802,0.54296875
17803,0.53515625
17804,0.546875
17805,0.49609375
17806,0.56640625
17807,0.5546875
17808,0.51953125
17809,0.5078125
17810,0.5234375
17811,0.48828125
17812,0.41796875
17813,0.51953125
17814,0.453125
17815,0.5078125
17816,0.5390625
17817,0.46875
17818,0.5078125
17819,0.484375
17820,0.421875
17821,0.51953125
17822,0.40625
17823,0.5625
17824,0.515625
17825,0.54296875
17826,0.54296875
17827,0.48046875
17828,0.5390625
17829,0.53125
17830,0.44921875
17831,0.546875
17832,0.51171875
17833,0.55859375
17834,0.546875
17835,0.5859375
17836,0.4921875
17837,0.49609375
17838,0.4921875
17839,0.52734375
17840,0.50390625
17841,0.43359375
17842,0.50390625
17843,0.4609375
17844,0.5
17845,0.5
17846,0.4921875
17847,0.5625
17848,0.48828125
17849,0.51953125
17850,0.45703125
17851,0.5703125
17852,0.4296875
17853,0.45703125
17854,0.4609375
17855,0.4765625
17856,0.48046875
17857,0.51171875
17858,0.4140625
17859,0.4765625
17860,0.53515625
17861,0.4296875
17862,0.46484375
17863,0.515625
17864,0.50390625
17865,0.52734375
17866,0.44140625
17867,0.50390625
17868,0.4921875
17869,0.5625
17870,0.53125
17871,0.53125
17872,0.51171875
17873,0.54296875
17874,0.44140625
17875,0.50390625
17876,0.45703125
17877,0.48828125
17878,0.5078125
17879,0.484375
17880,0.4609375
17881,0.5546875
17882,0.546875
17883,0.51953125
17884,0.55859375
17885,0.51171875
17886,0.47265625
17887,0.4765625
17888,0.48046875
17889,0.46484375
17890,0.5078125
17891,0.47265625
17892,0.4609375
17893,0.5625
17894,0.47265625
17895,0.51953125
17896,0.53125
17897,0.48828125
17898,0.4765625
17899,0.53515625
17900,0.5234375
17901,0.4296875
17902,0.55078125
17903,0.4609375
17904,0.46875
17905,0.55078125
17906,0.55078125
17907,0.47265625
17908,0.5625
17909,0.515625
17910,0.49609375
17911,0.55078125
17912,0.51171875
17913,0.45703125
17914,0.41796875
17915,0.50390625
17916,0.49609375
17917,0.4765625
17918,0.5703125
17919,0.5
17920,0.515625
17921,0.49609375
17922,0.50390625
17923,0.46875
17924,0.52734375
17925,0.47265625
17926,0.5390625
17927,0.5
17928,0.58984375
17929,0.4921875
17930,0.4921875
17931,0.4921875
17932,0.5078125
17933,0.54296875
17934,0.5
17935,0.5234375
17936,0.50390625
17937,0.5234375
17938,0.46484375
17939,0.51171875
17940,0.5
17941,0.47265625
17942,0.484375
17943,0.4609375
17944,0.54296875
17945,0.4765625
17946,0.4921875
17947,0.4609375
17948,0.51953125
17949,0.4296875
17950,0.48046875
17951,0.51953125
17952,0.5546875
17953,0.48828125
17954,0.4609375
17955,0.52734375
17956,0.53515625
17957,0.47265625
17958,0.453125
17959,0.53515625
17960,0.4921875
17961,0.453125
17962,0.51171875
17963,0.48046875
17964,0.53515625
17965,0.55859375
17966,0.4765625
17967,0.4765625
17968,0.51953125
17969,0.5859375
17970,0.51953125
17971,0.515625
17972,0.4609375
17973,0.49609375
17974,0.5
17975,0.578125
17976,0.55078125
17977,0.48046875
17978,0.49609375
17979,0.51171875
17980,0.55078125
17981,0.53515625
17982,0.6015625
17983,0.50390625
17984,0.55859375
17985,0.55078125
17986,0.48046875
17987,0.52734375
17988,0.51171875
17989,0.5
17990,0.47265625
17991,0.4765625
17992,0.55078125
17993,0.5078125
17994,0.50390625
17995,0.515625
17996,0.52734375
17997,0.4453125
17998,0.4765625
17999,0.484375
18000,0.42578125
18001,0.42578125
18002,0.4375
18003,0.4921875
18004,0.53125
18005,0.51171875
18006,0.5078125
18007,0.48828125
18008,0.56640625
18009,0.49609375
18010,0.48828125
18011,0.4921875
18012,0.49609375
18013,0.46484375
18014,0.453125
18015,0.5078125
18016,0.5546875
18017,0.43359375
18018,0.51953125
18019,0.546875
18020,0.52734375
18021,0.46875
18022,0.49609375
18023,0.515625
18024,0.51171875
18025,0.484375
18026,0.51171875
18027,0.4375
18028,0.49609375
18029,0.52734375
18030,0.515625
18031,0.5703125
18032,0.49609375
18033,0.55078125
18034,0.5234375
18035,0.453125
18036,0.5078125
18037,0.4453125
18038,0.4609375
18039,0.5546875
18040,0.4296875
18041,0.46484375
18042,0.44921875
18043,0.515625
18044,0.5234375
18045,0.54296875
18046,0.46484375
18047,0.51953125
18048,0.44140625
18049,0.51953125
18050,0.53515625
18051,0.51953125
18052,0.41796875
18053,0.5546875
18054,0.4921875
18055,0.48046875
18056,0.4609375
18057,0.421875
18058,0.54296875
18059,0.55078125
18060,0.47265625
18061,0.46875
18062,0.453125
18063,0.51171875
18064,0.53125
18065,0.5078125
18066,0.4609375
18067,0.53515625
18068,0.4921875
18069,0.5078125
18070,0.4375
18071,0.5234375
18072,0.49609375
18073,0.453125
18074,0.44140625
18075,0.5234375
18076,0.50390625
18077,0.44140625
18078,0.5078125
18079,0.453125
18080,0.546875
18081,0.50390625
18082,0.48828125
18083,0.4296875
18084,0.51953125
18085,0.52734375
18086,0.4921875
18087,0.48828125
18088,0.49609375
18089,0.48828125
18090,0.47265625
18091,0.4296875
18092,0.52734375
18093,0.5
18094,0.453125
18095,0.4921875
18096,0.5546875
18097,0.5
18098,0.515625
18099,0.48046875
18100,0.55078125
18101,0.578125
18102,0.4765625
18103,0.48828125
18104,0.546875
18105,0.51953125
18106,0.51953125
18107,0.453125
18108,0.49609375
18109,0.47265625
18110,0.4921875
18111,0.5546875
18112,0.5
18113,0.44140625
18114,0.49609375
18115,0.515625
18116,0.52734375
18117,0.4609375
18118,0.5703125
18119,0.5
18120,0.54296875
18121,0.55078125
18122,0.4765625
18123,0.5390625
18124,0.53125
18125,0.56640625
18126,0.5
18127,0.5
18128,0.44921875
18129,0.51953125
18130,0.4375
18131,0.47265625
18132,0.43359375
18133,0.51171875
18134,0.51953125
18135,0.5234375
18136,0.48828125
18137,0.56640625
18138,0.50390625
18139,0.53515625
18140,0.5234375
18141,0.4140625
18142,0.44921875
18143,0.58203125
18144,0.515625
18145,0.4765625
18146,0.4765625
18147,0.53515625
18148,0.50390625
18149,0.46875
18150,0.515625
18151,0.51953125
18152,0.515625
18153,0.52734375
18154,0.5234375
18155,0.44140625
18156,0.5390625
18157,0.5390625
18158,0.484375
18159,0.36328125
18160,0.52734375
18161,0.484375
18162,0.5703125
18163,0.49609375
18164,0.4296875
18165,0.48828125
18166,0.453125
18167,0.48828125
18168,0.4375
18169,0.5234375
18170,0.484375
18171,0.49609375
18172,0.55078125
18173,0.515625
18174,0.49609375
18175,0.45703125
18176,0.4765625
18177,0.46875
18178,0.49609375
18179,0.51953125
18180,0.4921875
18181,0.51953125
18182,0.51953125
18183,0.5
18184,0.546875
18185,0.421875
18186,0.4609375
18187,0.4140625
18188,0.48828125
18189,0.52734375
18190,0.57421875
18191,0.45703125
18192,0.484375
18193,0.5390625
18194,0.52734375
18195,0.46875
18196,0.49609375
18197,0.44140625
18198,0.48828125
18199,0.47265625
18200,0.5234375
18201,0.4609375
18202,0.54296875
18203,0.5703125
18204,0.53125
18205,0.49609375
18206,0.5078125
18207,0.47265625
18208,0.4921875
18209,0.52734375
18210,0.5
18211,0.453125
18212,0.48046875
18213,0.53515625
18214,0.55859375
18215,0.5859375
18216,0.52734375
18217,0.50390625
18218,0.48046875
18219,0.4765625
18220,0.55859375
18221,0.5390625
18222,0.56640625
18223,0.484375
18224,0.48046875
18225,0.50390625
18226,0.55078125
18227,0.5625
18228,0.44140625
18229,0.515625
18230,0.49609375
18231,0.44921875
18232,0.5078125
18233,0.49609375
18234,0.453125
18235,0.484375
18236,0.4375
18237,0.5078125
18238,0.4375
18239,0.56640625
18240,0.48828125
18241,0.4921875
18242,0.546875
18243,0.484375
18244,0.51953125
18245,0.578125
18246,0.5078125
18247,0.50390625
18248,0.546875
18249,0.50390625
18250,0.44140625
18251,0.51953125
18252,0.51171875
18253,0.48046875
18254,0.4921875
18255,0.46484375
18256,0.5078125
18257,0.484375
18258,0.53125
18259,0.4921875
18260,0.51171875
18261,0.51953125
18262,0.39453125
18263,0.5390625
18264,0.54296875
18265,0.53125
18266,0.44921875
18267,0.47265625
18268,0.4921875
18269,0.45703125
18270,0.4765625
18271,0.48046875
18272,0.5078125
18273,0.48828125
18274,0.53125
18275,0.4296875
18276,0.4765625
18277,0.51171875
18278,0.52734375
18279,0.43359375
18280,0.49609375
18281,0.546875
18282,0.578125
18283,0.51171875
18284,0.5234375
18285,0.48828125
18286,0.5703125
18287,0.53515625
18288,0.5625
18289,0.4375
18290,0.5390625
18291,0.5078125
18292,0.4609375
18293,0.58984375
18294,0.578125
18295,0.5234375
18296,0.3984375
18297,0.53515625
18298,0.48828125
18299,0.5078125
18300,0.5
18301,0.546875
18302,0.51171875
18303,0.4453125
18304,0.4921875
18305,0.4453125
18306,0.5
18307,0.51171875
18308,0.5
18309,0.5
18310,0.53515625
18311,0.50390625
18312,0.49609375
18313,0.47265625
18314,0.48046875
18315,0.54296875
18316,0.53515625
18317,0.53125
18318,0.52734375
18319,0.46875
18320,0.54296875
18321,0.4609375
18322,0.484375
18323,0.5546875
18324,0.4765625
18325,0.44921875
18326,0.5390625
18327,0.5546875
18328,0.4921875
18329,0.57421875
18330,0.46484375
18331,0.51953125
18332,0.47265625
18333,0.48828125
18334,0.5625
18335,0.48828125
18336,0.4765625
18337,0.51171875
18338,0.54296875
18339,0.4765625
18340,0.484375
18341,0.53125
18342,0.51953125
18343,0.5
18344,0.53515625
18345,0.4921875
18346,0.47265625
18347,0.51171875
18348,0.46484375
18349,0.51171875
18350,0.4375
18351,0.48828125
18352,0.484375
18353,0.48828125
18354,0.57421875
18355,0.55859375
18356,0.4609375
18357,0.5234375
18358,0.48046875
18359,0.48046875
18360,0.515625
18361,0.44921875
18362,0.52734375
18363,0.53125
18364,0.5078125
18365,0.4765625
18366,0.4765625
18367,0.5
18368,0.5625
18369,0.48828125
18370,0.4609375
18371,0.421875
18372,0.515625
18373,0.45703125
18374,0.5390625
18375,0.421875
18376,0.46484375
18377,0.47265625
18378,0.45703125
18379,0.59765625
18380,0.4375
18381,0.48046875
18382,0.52734375
18383,0.59765625
18384,0.546875
18385,0.5078125
18386,0.5234375
18387,0.4765625
18388,0.49609375
18389,0.48828125
18390,0.53515625
18391,0.546875
18392,0.4453125
18393,0.49609375
18394,0.5625
18395,0.46484375
18396,0.53125
18397,0.5078125
18398,0.5390625
18399,0.453125
18400,0.515625
18401,0.46484375
18402,0.515625
18403,0.54296875
18404,0.44921875
18405,0.48828125
18406,0.46875
18407,0.4453125
18408,0.50390625
18409,0.5078125
18410,0.4921875
18411,0.453125
18412,0.48828125
18413,0.49609375
18414,0.53515625
18415,0.51171875
18416,0.50390625
18417,0.51171875
18418,0.51953125
18419,0.45703125
18420,0.48828125
18421,0.51171875
18422,0.47265625
18423,0.61328125
18424,0.44140625
18425,0.53125
18426,0.52734375
18427,0.4609375
18428,0.55078125
18429,0.5078125
18430,0.41796875
18431,0.578125
18432,0.46484375
18433,0.55859375
18434,0.50390625
18435,0.53515625
18436,0.5
18437,0.48046875
18438,0.48046875
18439,0.44921875
18440,0.4453125
18441,0.5234375
18442,0.48046875
18443,0.4921875
18444,0.546875
18445,0.53515625
18446,0.453125
18447,0.48828125
18448,0.546875
18449,0.50390625
18450,0.51953125
18451,0.46875
18452,0.4921875
18453,0.49609375
18454,0.53125
18455,0.53125
18456,0.51953125
18457,0.43359375
18458,0.5078125
18459,0.46875
18460,0.51953125
18461,0.47265625
18462,0.48046875
18463,0.52734375
18464,0.45703125
18465,0.5
18466,0.546875
18467,0.453125
18468,0.546875
18469,0.5078125
18470,0.49609375
18471,0.48046875
18472,0.53515625
18473,0.50390625
18474,0.4765625
18475,0.42578125
18476,0.5546875
18477,0.453125
18478,0.515625
18479,0.45703125
18480,0.546875
18481,0.5078125
18482,0.4921875
18483,0.45703125
18484,0.4765625
18485,0.48828125
18486,0.5625
18487,0.4921875
18488,0.5078125
18489,0.46875
18490,0.48828125
18491,0.53125
18492,0.47265625
18493,0.54296875
18494,0.53515625
18495,0.4765625
18496,0.50390625
18497,0.5625
18498,0.5078125
18499,0.484375
18500,0.45703125
18501,0.53125
18502,0.51953125
18503,0.546875
18504,0.48828125
18505,0.55078125
18506,0.53515625
18507,0.5390625
18508,0.56640625
18509,0.546875
18510,0.55859375
18511,0.45703125
18512,0.5625
18513,0.55078125
18514,0.4765625
18515,0.53515625
18516,0.50390625
18517,0.5234375
18518,0.45703125
18519,0.53515625
18520,0.51953125
18521,0.51953125
18522,0.53125
18523,0.53515625
18524,0.515625
18525,0.4453125
18526,0.5
18527,0.55859375
18528,0.48828125
18529,0.47265625
18530,0.5
18531,0.48828125
18532,0.50390625
18533,0.48046875
18534,0.51171875
18535,0.5078125
18536,0.52734375
18537,0.4453125
18538,0.4453125
18539,0.49609375
18540,0.44140625
18541,0.5390625
18542,0.46875
18543,0.3828125
18544,0.5234375
18545,0.5234375
18546,0.4765625
18547,0.45703125
18548,0.5234375
18549,0.515625
18550,0.515625
18551,0.52734375
18552,0.49609375
18553,0.48046875
18554,0.5546875
18555,0.51953125
18556,0.51171875
18557,0.49609375
18558,0.52734375
18559,0.47265625
18560,0.50390625
18561,0.5546875
18562,0.49609375
18563,0.484375
18564,0.52734375
18565,0.52734375
18566,0.515625
18567,0.50390625
18568,0.49609375
18569,0.515625
18570,0.5390625
18571,0.53125
18572,0.5234375
18573,0.44140625
18574,0.5625
18575,0.5078125
18576,0.515625
18577,0.49609375
18578,0.4765625
18579,0.55078125
18580,0.5
18581,0.4921875
18582,0.51171875
18583,0.546875
18584,0.453125
18585,0.41015625
18586,0.47265625
18587,0.50390625
18588,0.44140625
18589,0.49609375
18590,0.5078125
18591,0.51171875
18592,0.49609375
18593,0.4453125
18594,0.48046875
18595,0.46875
18596,0.53125
18597,0.4609375
18598,0.53125
18599,0.4921875
18600,0.5
18601,0.484375
18602,0.453125
18603,0.48046875
18604,0.48046875
18605,0.56640625
18606,0.53515625
18607,0.4765625
18608,0.49609375
18609,0.453125
18610,0.484375
18611,0.40625
18612,0.51171875
18613,0.53125
18614,0.55078125
18615,0.58984375
18616,0.45703125
18617,0.515625
18618,0.484375
18619,0.5
18620,0.5078125
18621,0.5
18622,0.546875
18623,0.56640625
18624,0.4609375
18625,0.43359375
18626,0.48828125
18627,0.58203125
18628,0.45703125
18629,0.50390625
18630,0.4921875
18631,0.48828125
18632,0.46875
18633,0.4453125
18634,0.5
18635,0.484375
18636,0.45703125
18637,0.5234375
18638,0.4453125
18639,0.5390625
18640,0.47265625
18641,0.4765625
18642,0.453125
18643,0.4921875
18644,0.5234375
18645,0.54296875
18646,0.47265625
18647,0.58203125
18648,0.51171875
18649,0.546875
18650,0.50390625
18651,0.4453125
18652,0.5234375
18653,0.45703125
18654,0.52734375
18655,0.48828125
18656,0.55078125
18657,0.51171875
18658,0.51171875
18659,0.48828125
18660,0.48828125
18661,0.453125
18662,0.44140625
18663,0.51171875
18664,0.52734375
18665,0.43359375
18666,0.50390625
18667,0.51171875
18668,0.484375
18669,0.53125
18670,0.5234375
18671,0.515625
18672,0.49609375
18673,0.53125
18674,0.51953125
18675,0.4921875
18676,0.5078125
18677,0.53125
18678,0.53515625
18679,0.515625
18680,0.49609375
18681,0.50390625
18682,0.51953125
18683,0.52734375
18684,0.42578125
18685,0.4921875
18686,0.47265625
18687,0.52734375
18688,0.4453125
18689,0.45703125
18690,0.4921875
18691,0.45703125
18692,0.56640625
18693,0.4296875
18694,0.4921875
18695,0.5234375
18696,0.5390625
18697,0.5
18698,0.546875
18699,0.42578125
18700,0.5078125
18701,0.48046875
18702,0.47265625
18703,0.5078125
18704,0.484375
18705,0.5625
18706,0.49609375
18707,0.49609375
18708,0.453125
18709,0.4453125
18710,0.52734375
18711,0.5390625
18712,0.515625
18713,0.5234375
18714,0.4453125
18715,0.4765625
18716,0.53125
18717,0.52734375
18718,0.52734375
18719,0.4140625
18720,0.546875
18721,0.5078125
18722,0.53515625
18723,0.4765625
18724,0.52734375
18725,0.5
18726,0.53125
18727,0.5390625
18728,0.48828125
18729,0.5546875
18730,0.53515625
18731,0.4765625
18732,0.5390625
18733,0.50390625
18734,0.4609375
18735,0.4609375
18736,0.484375
18737,0.50390625
18738,0.48046875
18739,0.39453125
18740,0.38671875
18741,0.47265625
18742,0.53515625
18743,0.515625
18744,0.50390625
18745,0.5
18746,0.5
18747,0.52734375
18748,0.546875
18749,0.44921875
18750,0.5625
18751,0.54296875
18752,0.53515625
18753,0.51953125
18754,0.4765625
18755,0.50390625
18756,0.45703125
18757,0.46484375
18758,0.42578125
18759,0.5078125
18760,0.51953125
18761,0.51171875
18762,0.4140625
18763,0.48046875
18764,0.47265625
18765,0.48046875
18766,0.54296875
18767,0.54296875
18768,0.5390625
18769,0.49609375
18770,0.5
18771,0.48046875
18772,0.48046875
18773,0.50390625
18774,0.578125
18775,0.5390625
18776,0.484375
18777,0.5078125
18778,0.57421875
18779,0.52734375
18780,0.52734375
18781,0.41796875
18782,0.52734375
18783,0.484375
18784,0.46875
18785,0.48046875
18786,0.5078125
18787,0.5390625
18788,0.4609375
18789,0.5546875
18790,0.4765625
18791,0.45703125
18792,0.5
18793,0.52734375
18794,0.47265625
18795,0.48828125
18796,0.50390625
18797,0.45703125
18798,0.51171875
18799,0.51953125
18800,0.48828125
18801,0.4765625
18802,0.51953125
18803,0.57421875
18804,0.4609375
18805,0.60546875
18806,0.44140625
18807,0.5234375
18808,0.50390625
18809,0.4765625
18810,0.47265625
18811,0.4375
18812,0.58203125
18813,0.5
18814,0.5390625
18815,0.46484375
18816,0.52734375
18817,0.5078125
18818,0.51953125
18819,0.55078125
18820,0.50390625
18821,0.50390625
18822,0.56640625
18823,0.5703125
18824,0.48046875
18825,0.5
18826,0.48046875
18827,0.4921875
18828,0.48828125
18829,0.5390625
18830,0.578125
18831,0.54296875
18832,0.48828125
18833,0.4453125
18834,0.50390625
18835,0.58984375
18836,0.53515625
18837,0.5078125
18838,0.515625
18839,0.5390625
18840,0.54296875
18841,0.56640625
18842,0.51171875
18843,0.49609375
18844,0.50390625
18845,0.51171875
18846,0.5078125
18847,0.48828125
18848,0.53125
18849,0.5234375
18850,0.47265625
18851,0.43359375
18852,0.515625
18853,0.48828125
18854,0.5390625
18855,0.51171875
18856,0.546875
18857,0.4921875
18858,0.4609375
18859,0.49609375
18860,0.5
18861,0.51171875
18862,0.515625
18863,0.48046875
