,0
0,0.5
1,0.45703125
2,0.56640625
3,0.484375
4,0.4921875
5,0.4375
6,0.4296875
7,0.5390625
8,0.5078125
9,0.53515625
10,0.5390625
11,0.52734375
12,0.53125
13,0.46875
14,0.52734375
15,0.53125
16,0.4765625
17,0.48828125
18,0.5546875
19,0.484375
20,0.53515625
21,0.47265625
22,0.52734375
23,0.47265625
24,0.5546875
25,0.51171875
26,0.51953125
27,0.515625
28,0.5546875
29,0.54296875
30,0.4921875
31,0.5859375
32,0.515625
33,0.55859375
34,0.484375
35,0.3984375
36,0.44921875
37,0.49609375
38,0.5390625
39,0.54296875
40,0.4609375
41,0.484375
42,0.54296875
43,0.50390625
44,0.61328125
45,0.5234375
46,0.47265625
47,0.49609375
48,0.515625
49,0.5234375
50,0.45703125
51,0.53125
52,0.5234375
53,0.54296875
54,0.44140625
55,0.42578125
56,0.515625
57,0.54296875
58,0.484375
59,0.53515625
60,0.51171875
61,0.5234375
62,0.41015625
63,0.50390625
64,0.51953125
65,0.5078125
66,0.484375
67,0.46875
68,0.54296875
69,0.50390625
70,0.52734375
71,0.50390625
72,0.5
73,0.5078125
74,0.46875
75,0.55078125
76,0.51953125
77,0.47265625
78,0.46484375
79,0.5703125
80,0.54296875
81,0.484375
82,0.4765625
83,0.46875
84,0.57421875
85,0.5
86,0.53125
87,0.53515625
88,0.453125
89,0.45703125
90,0.515625
91,0.625
92,0.5234375
93,0.55078125
94,0.46484375
95,0.50390625
96,0.515625
97,0.546875
98,0.46875
99,0.47265625
100,0.38671875
101,0.5390625
102,0.5078125
103,0.484375
104,0.48828125
105,0.46875
106,0.515625
107,0.53125
108,0.50390625
109,0.5625
110,0.453125
111,0.4453125
112,0.46875
113,0.4609375
114,0.48046875
115,0.515625
116,0.4921875
117,0.44921875
118,0.5625
119,0.48828125
120,0.5390625
121,0.51953125
122,0.5546875
123,0.42578125
124,0.47265625
125,0.5
126,0.47265625
127,0.4453125
128,0.53125
129,0.51171875
130,0.50390625
131,0.53125
132,0.546875
133,0.546875
134,0.48046875
135,0.47265625
136,0.5234375
137,0.5078125
138,0.49609375
139,0.4921875
140,0.43359375
141,0.5546875
142,0.53125
143,0.45703125
144,0.5390625
145,0.49609375
146,0.5
147,0.54296875
148,0.45703125
149,0.45703125
150,0.48828125
151,0.4921875
152,0.5546875
153,0.51953125
154,0.51171875
155,0.50390625
156,0.54296875
157,0.52734375
158,0.53125
159,0.48828125
160,0.53125
161,0.53125
162,0.484375
163,0.484375
164,0.48828125
165,0.48828125
166,0.48828125
167,0.54296875
168,0.51171875
169,0.5390625
170,0.4765625
171,0.48828125
172,0.51171875
173,0.50390625
174,0.4765625
175,0.53125
176,0.51171875
177,0.47265625
178,0.54296875
179,0.56640625
180,0.515625
181,0.50390625
182,0.46484375
183,0.53515625
184,0.4921875
185,0.5234375
186,0.45703125
187,0.55078125
188,0.5
189,0.55859375
190,0.53125
191,0.5078125
192,0.53515625
193,0.5
194,0.51953125
195,0.546875
196,0.5078125
197,0.4609375
198,0.53515625
199,0.5546875
200,0.48046875
201,0.54296875
202,0.49609375
203,0.52734375
204,0.453125
205,0.5
206,0.546875
207,0.4765625
208,0.54296875
209,0.515625
210,0.46875
211,0.46875
212,0.50390625
213,0.5
214,0.53515625
215,0.53125
216,0.5234375
217,0.4140625
218,0.55078125
219,0.453125
220,0.4765625
221,0.6171875
222,0.515625
223,0.46875
224,0.515625
225,0.546875
226,0.44140625
227,0.625
228,0.5
229,0.51171875
230,0.4609375
231,0.43359375
232,0.50390625
233,0.46484375
234,0.484375
235,0.4140625
236,0.484375
237,0.53125
238,0.5234375
239,0.53125
240,0.51171875
241,0.5078125
242,0.4921875
243,0.546875
244,0.46875
245,0.50390625
246,0.46484375
247,0.49609375
248,0.5859375
249,0.4921875
250,0.4921875
251,0.53515625
252,0.5625
253,0.49609375
254,0.4375
255,0.53125
256,0.5625
257,0.48828125
258,0.5390625
259,0.54296875
260,0.46875
261,0.4921875
262,0.51953125
263,0.546875
264,0.46484375
265,0.51171875
266,0.46484375
267,0.51953125
268,0.5703125
269,0.53515625
270,0.55078125
271,0.5078125
272,0.4765625
273,0.5
274,0.5390625
275,0.55078125
276,0.4765625
277,0.484375
278,0.44140625
279,0.51171875
280,0.453125
281,0.4765625
282,0.46875
283,0.5234375
284,0.4296875
285,0.49609375
286,0.45703125
287,0.51171875
288,0.4453125
289,0.484375
290,0.4765625
291,0.5234375
292,0.43359375
293,0.515625
294,0.48046875
295,0.484375
296,0.44921875
297,0.4453125
298,0.4921875
299,0.51953125
300,0.52734375
301,0.43359375
302,0.4765625
303,0.41796875
304,0.5
305,0.49609375
306,0.58203125
307,0.54296875
308,0.55859375
309,0.4765625
310,0.4765625
311,0.46875
312,0.49609375
313,0.5078125
314,0.53125
315,0.515625
316,0.48046875
317,0.5
318,0.5390625
319,0.53125
320,0.5234375
321,0.453125
322,0.51171875
323,0.4765625
324,0.51171875
325,0.48828125
326,0.5
327,0.5234375
328,0.515625
329,0.48046875
330,0.44921875
331,0.4921875
332,0.484375
333,0.4765625
334,0.4453125
335,0.46875
336,0.56640625
337,0.4453125
338,0.6015625
339,0.44140625
340,0.47265625
341,0.51171875
342,0.4921875
343,0.5625
344,0.49609375
345,0.5
346,0.5234375
347,0.42578125
348,0.5703125
349,0.46484375
350,0.5
351,0.4453125
352,0.51953125
353,0.54296875
354,0.44140625
355,0.5390625
356,0.5078125
357,0.53515625
358,0.5234375
359,0.50390625
360,0.484375
361,0.47265625
362,0.55078125
363,0.5
364,0.5546875
365,0.5
366,0.484375
367,0.4921875
368,0.55859375
369,0.5390625
370,0.49609375
371,0.515625
372,0.5
373,0.56640625
374,0.484375
375,0.50390625
376,0.53515625
377,0.47265625
378,0.57421875
379,0.55078125
380,0.50390625
381,0.5390625
382,0.5390625
383,0.47265625
384,0.47265625
385,0.54296875
386,0.4453125
387,0.49609375
388,0.50390625
389,0.4609375
390,0.52734375
391,0.51171875
392,0.50390625
393,0.453125
394,0.44921875
395,0.4765625
396,0.48046875
397,0.49609375
398,0.51171875
399,0.46875
400,0.47265625
401,0.4765625
402,0.51171875
403,0.48828125
404,0.53515625
405,0.515625
406,0.51953125
407,0.50390625
408,0.49609375
409,0.515625
410,0.4921875
411,0.44921875
412,0.46875
413,0.5
414,0.5234375
415,0.5625
416,0.4453125
417,0.51171875
418,0.46875
419,0.484375
420,0.44140625
421,0.5703125
422,0.53125
423,0.55078125
424,0.47265625
425,0.4609375
426,0.3984375
427,0.53125
428,0.53125
429,0.55859375
430,0.48828125
431,0.4765625
432,0.48046875
433,0.546875
434,0.51953125
435,0.54296875
436,0.515625
437,0.4921875
438,0.515625
439,0.5078125
440,0.55859375
441,0.5234375
442,0.60546875
443,0.47265625
444,0.50390625
445,0.49609375
446,0.48046875
447,0.4609375
448,0.58203125
449,0.55859375
450,0.46875
451,0.5234375
452,0.4609375
453,0.49609375
454,0.53515625
455,0.48828125
456,0.515625
457,0.47265625
458,0.48046875
459,0.52734375
460,0.48046875
461,0.52734375
462,0.49609375
463,0.51171875
464,0.4609375
465,0.55078125
466,0.51953125
467,0.47265625
468,0.5078125
469,0.48046875
470,0.5078125
471,0.45703125
472,0.55078125
473,0.57421875
474,0.57421875
475,0.55078125
476,0.48828125
477,0.45703125
478,0.515625
479,0.50390625
480,0.5234375
481,0.58984375
482,0.48046875
483,0.53515625
484,0.53125
485,0.453125
486,0.4453125
487,0.46484375
488,0.53125
489,0.546875
490,0.484375
491,0.4453125
492,0.47265625
493,0.51171875
494,0.51171875
495,0.53125
496,0.43359375
497,0.484375
498,0.46875
499,0.48046875
500,0.4921875
501,0.52734375
502,0.453125
503,0.5078125
504,0.45703125
505,0.421875
506,0.4375
507,0.421875
508,0.5703125
509,0.55859375
510,0.4609375
511,0.5
512,0.50390625
513,0.53515625
514,0.53125
515,0.4921875
516,0.44921875
517,0.56640625
518,0.52734375
519,0.4921875
520,0.53125
521,0.5625
522,0.46875
523,0.59765625
524,0.46484375
525,0.46875
526,0.5078125
527,0.52734375
528,0.41796875
529,0.453125
530,0.4609375
531,0.49609375
532,0.4921875
533,0.50390625
534,0.4609375
535,0.5078125
536,0.4921875
537,0.5390625
538,0.48046875
539,0.5078125
540,0.53515625
541,0.51171875
542,0.53515625
543,0.50390625
544,0.5
545,0.4609375
546,0.51171875
547,0.5859375
548,0.5625
549,0.50390625
550,0.46484375
551,0.44921875
552,0.56640625
553,0.4921875
554,0.50390625
555,0.54296875
556,0.55078125
557,0.48828125
558,0.5
559,0.4609375
560,0.5234375
561,0.50390625
562,0.484375
563,0.46875
564,0.46875
565,0.5234375
566,0.5390625
567,0.5390625
568,0.4375
569,0.51953125
570,0.52734375
571,0.44921875
572,0.45703125
573,0.47265625
574,0.51953125
575,0.5
576,0.515625
577,0.51953125
578,0.4140625
579,0.55078125
580,0.50390625
581,0.484375
582,0.53515625
583,0.53515625
584,0.47265625
585,0.44140625
586,0.5546875
587,0.47265625
588,0.4609375
589,0.4765625
590,0.51171875
591,0.49609375
592,0.4375
593,0.5546875
594,0.51953125
595,0.50390625
596,0.546875
597,0.515625
598,0.53515625
599,0.4609375
600,0.46484375
601,0.4453125
602,0.53515625
603,0.54296875
604,0.49609375
605,0.51953125
606,0.45703125
607,0.52734375
608,0.5390625
609,0.4765625
610,0.49609375
611,0.48828125
612,0.44140625
613,0.40234375
614,0.5234375
615,0.46875
616,0.5234375
617,0.49609375
618,0.5703125
619,0.453125
620,0.48828125
621,0.55078125
622,0.53515625
623,0.55078125
624,0.54296875
625,0.43359375
626,0.46875
627,0.47265625
628,0.5546875
629,0.47265625
630,0.48046875
631,0.5234375
632,0.4609375
633,0.5
634,0.47265625
635,0.5234375
636,0.5
637,0.5078125
638,0.46875
639,0.50390625
640,0.5
641,0.49609375
642,0.48046875
643,0.5234375
644,0.46484375
645,0.484375
646,0.47265625
647,0.51171875
648,0.44140625
649,0.43359375
650,0.4609375
651,0.5234375
652,0.53515625
653,0.484375
654,0.53515625
655,0.5234375
656,0.53125
657,0.4765625
658,0.4609375
659,0.50390625
660,0.4921875
661,0.46484375
662,0.50390625
663,0.5
664,0.47265625
665,0.5078125
666,0.46875
667,0.50390625
668,0.53125
669,0.51953125
670,0.48828125
671,0.52734375
672,0.5234375
673,0.5
674,0.53515625
675,0.4296875
676,0.421875
677,0.48828125
678,0.5234375
679,0.4921875
680,0.5234375
681,0.46484375
682,0.546875
683,0.51953125
684,0.53515625
685,0.5078125
686,0.49609375
687,0.515625
688,0.3984375
689,0.4921875
690,0.53125
691,0.5
692,0.52734375
693,0.48046875
694,0.51171875
695,0.515625
696,0.453125
697,0.4453125
698,0.46484375
699,0.46484375
700,0.51953125
701,0.55859375
702,0.453125
703,0.4375
704,0.47265625
705,0.41015625
706,0.5078125
707,0.5078125
708,0.484375
709,0.55078125
710,0.4453125
711,0.5234375
712,0.46875
713,0.5
714,0.50390625
715,0.53125
716,0.546875
717,0.4453125
718,0.484375
719,0.4765625
720,0.48828125
721,0.515625
722,0.53515625
723,0.55078125
724,0.52734375
725,0.484375
726,0.5
727,0.4921875
728,0.43359375
729,0.54296875
730,0.4921875
731,0.44921875
732,0.43359375
733,0.51953125
734,0.5234375
735,0.52734375
736,0.484375
737,0.55078125
738,0.45703125
739,0.50390625
740,0.515625
741,0.421875
742,0.5390625
743,0.56640625
744,0.46484375
745,0.48046875
746,0.51953125
747,0.4609375
748,0.51171875
749,0.4609375
750,0.53515625
751,0.54296875
752,0.4765625
753,0.4140625
754,0.484375
755,0.546875
756,0.51953125
757,0.48046875
758,0.42578125
759,0.48828125
760,0.52734375
761,0.55859375
762,0.47265625
763,0.5234375
764,0.51171875
765,0.48046875
766,0.49609375
767,0.54296875
768,0.50390625
769,0.4375
770,0.453125
771,0.51953125
772,0.5390625
773,0.48828125
774,0.453125
775,0.484375
776,0.46484375
777,0.453125
778,0.54296875
779,0.4765625
780,0.43359375
781,0.51953125
782,0.46875
783,0.51171875
784,0.53125
785,0.51171875
786,0.5546875
787,0.51953125
788,0.5078125
789,0.50390625
790,0.4765625
791,0.5234375
792,0.5
793,0.48046875
794,0.53125
795,0.52734375
796,0.50390625
797,0.56640625
798,0.515625
799,0.53125
800,0.484375
801,0.5546875
802,0.5
803,0.546875
804,0.5390625
805,0.5390625
806,0.47265625
807,0.44140625
808,0.44921875
809,0.50390625
810,0.53125
811,0.453125
812,0.50390625
813,0.5703125
814,0.53515625
815,0.515625
816,0.44921875
817,0.453125
818,0.5
819,0.4453125
820,0.4453125
821,0.5390625
822,0.51171875
823,0.54296875
824,0.51171875
825,0.49609375
826,0.484375
827,0.515625
828,0.51171875
829,0.53125
830,0.55078125
831,0.54296875
832,0.5546875
833,0.48828125
834,0.484375
835,0.51953125
836,0.48828125
837,0.52734375
838,0.5234375
839,0.50390625
840,0.546875
841,0.4296875
842,0.49609375
843,0.53125
844,0.48828125
845,0.50390625
846,0.484375
847,0.51953125
848,0.51953125
849,0.51171875
850,0.4765625
851,0.43359375
852,0.5234375
853,0.54296875
854,0.56640625
855,0.5234375
856,0.53125
857,0.5390625
858,0.4921875
859,0.4921875
860,0.53125
861,0.4921875
862,0.49609375
863,0.5078125
864,0.53515625
865,0.53125
866,0.46484375
867,0.53125
868,0.484375
869,0.45703125
870,0.43359375
871,0.50390625
872,0.5390625
873,0.484375
874,0.5
875,0.5234375
876,0.51171875
877,0.4609375
878,0.4609375
879,0.484375
880,0.48046875
881,0.5234375
882,0.52734375
883,0.453125
884,0.48828125
885,0.53515625
886,0.48828125
887,0.578125
888,0.515625
889,0.51171875
890,0.546875
891,0.515625
892,0.51953125
893,0.42578125
894,0.47265625
895,0.48828125
896,0.51953125
897,0.44140625
898,0.5234375
899,0.55859375
900,0.49609375
901,0.51953125
902,0.5
903,0.46484375
904,0.515625
905,0.4765625
906,0.421875
907,0.46484375
908,0.53125
909,0.5234375
910,0.51953125
911,0.5078125
912,0.4609375
913,0.4921875
914,0.44921875
915,0.52734375
916,0.5546875
917,0.45703125
918,0.484375
919,0.5625
920,0.515625
921,0.46484375
922,0.53515625
923,0.44921875
924,0.50390625
925,0.56640625
926,0.4921875
927,0.51953125
928,0.453125
929,0.55859375
930,0.53515625
931,0.546875
932,0.484375
933,0.51171875
934,0.51171875
935,0.5078125
936,0.45703125
937,0.4765625
938,0.5078125
939,0.51171875
940,0.48046875
941,0.5078125
942,0.57421875
943,0.5390625
944,0.48046875
945,0.5390625
946,0.48828125
947,0.5390625
948,0.55859375
949,0.49609375
950,0.50390625
951,0.48046875
952,0.4765625
953,0.515625
954,0.48046875
955,0.5859375
956,0.484375
957,0.4765625
958,0.5234375
959,0.5
960,0.5546875
961,0.53125
962,0.5546875
963,0.49609375
964,0.48828125
965,0.53515625
966,0.5
967,0.546875
968,0.42578125
969,0.52734375
970,0.51171875
971,0.5703125
972,0.44921875
973,0.40625
974,0.44921875
975,0.48828125
976,0.48828125
977,0.56640625
978,0.4921875
979,0.50390625
980,0.4609375
981,0.484375
982,0.53515625
983,0.484375
984,0.546875
985,0.5078125
986,0.4609375
987,0.53515625
988,0.4765625
989,0.5625
990,0.52734375
991,0.5078125
992,0.51953125
993,0.52734375
994,0.50390625
995,0.53515625
996,0.4921875
997,0.4765625
998,0.5625
999,0.5234375
1000,0.55078125
1001,0.5625
1002,0.4375
1003,0.49609375
1004,0.48828125
1005,0.46875
1006,0.52734375
1007,0.48046875
1008,0.57421875
1009,0.5
1010,0.47265625
1011,0.4921875
1012,0.4765625
1013,0.453125
1014,0.4765625
1015,0.4921875
1016,0.4765625
1017,0.48046875
1018,0.58203125
1019,0.5
1020,0.48828125
1021,0.5234375
1022,0.484375
1023,0.5390625
1024,0.49609375
1025,0.48046875
1026,0.46484375
1027,0.484375
1028,0.5234375
1029,0.4609375
1030,0.51953125
1031,0.56640625
1032,0.57421875
1033,0.53515625
1034,0.484375
1035,0.50390625
1036,0.55078125
1037,0.515625
1038,0.5390625
1039,0.5
1040,0.46875
1041,0.47265625
1042,0.5
1043,0.50390625
1044,0.51953125
1045,0.4921875
1046,0.52734375
1047,0.5625
1048,0.53515625
1049,0.48828125
1050,0.53125
1051,0.52734375
1052,0.58984375
1053,0.50390625
1054,0.51953125
1055,0.515625
1056,0.53515625
1057,0.48046875
1058,0.48046875
1059,0.5078125
1060,0.52734375
1061,0.546875
1062,0.47265625
1063,0.5078125
1064,0.5
1065,0.45703125
1066,0.55078125
1067,0.50390625
1068,0.40625
1069,0.484375
1070,0.4921875
1071,0.4453125
1072,0.484375
1073,0.53515625
1074,0.51953125
1075,0.44921875
1076,0.48046875
1077,0.4921875
1078,0.53515625
1079,0.515625
1080,0.5234375
1081,0.51171875
1082,0.50390625
1083,0.5078125
1084,0.46484375
1085,0.48828125
1086,0.5
1087,0.53515625
1088,0.48046875
1089,0.546875
1090,0.484375
1091,0.49609375
1092,0.51953125
1093,0.47265625
1094,0.51171875
1095,0.46875
1096,0.484375
1097,0.4296875
1098,0.484375
1099,0.546875
1100,0.5
1101,0.4765625
1102,0.46484375
1103,0.546875
1104,0.48828125
1105,0.4453125
1106,0.50390625
1107,0.4375
1108,0.5390625
1109,0.51953125
1110,0.484375
1111,0.48828125
1112,0.44921875
1113,0.4921875
1114,0.51171875
1115,0.55078125
1116,0.5234375
1117,0.515625
1118,0.49609375
1119,0.5078125
1120,0.47265625
1121,0.5234375
1122,0.546875
1123,0.5703125
1124,0.51171875
1125,0.5078125
1126,0.45703125
1127,0.4765625
1128,0.46875
1129,0.5546875
1130,0.4765625
1131,0.5703125
1132,0.4765625
1133,0.45703125
1134,0.5390625
1135,0.5625
1136,0.4765625
1137,0.484375
1138,0.41796875
1139,0.54296875
1140,0.484375
1141,0.4765625
1142,0.51953125
1143,0.48046875
1144,0.49609375
1145,0.50390625
1146,0.4609375
1147,0.47265625
1148,0.4375
1149,0.5
1150,0.546875
1151,0.54296875
1152,0.48046875
1153,0.49609375
1154,0.4609375
1155,0.51171875
1156,0.46875
1157,0.48828125
1158,0.5078125
1159,0.45703125
1160,0.453125
1161,0.46875
1162,0.515625
1163,0.46875
1164,0.53125
1165,0.52734375
1166,0.51171875
1167,0.44140625
1168,0.53515625
1169,0.52734375
1170,0.4765625
1171,0.4921875
1172,0.46484375
1173,0.4296875
1174,0.4921875
1175,0.51171875
1176,0.53515625
1177,0.5625
1178,0.546875
1179,0.51953125
1180,0.5
1181,0.55078125
1182,0.5390625
1183,0.5234375
1184,0.5
1185,0.5859375
1186,0.41015625
1187,0.484375
1188,0.56640625
1189,0.5234375
1190,0.578125
1191,0.4609375
1192,0.4921875
1193,0.5078125
1194,0.58984375
1195,0.48828125
1196,0.5078125
1197,0.53515625
1198,0.48046875
1199,0.421875
1200,0.50390625
1201,0.46875
1202,0.53515625
1203,0.55078125
1204,0.54296875
1205,0.5
1206,0.515625
1207,0.46875
1208,0.5
1209,0.50390625
1210,0.4921875
1211,0.546875
1212,0.48828125
1213,0.52734375
1214,0.5546875
1215,0.4765625
1216,0.546875
1217,0.47265625
1218,0.515625
1219,0.515625
1220,0.54296875
1221,0.51171875
1222,0.46484375
1223,0.52734375
1224,0.5078125
1225,0.46484375
1226,0.515625
1227,0.484375
1228,0.546875
1229,0.5
1230,0.48828125
1231,0.46875
1232,0.49609375
1233,0.47265625
1234,0.484375
1235,0.46484375
1236,0.48046875
1237,0.5546875
1238,0.47265625
1239,0.51171875
1240,0.49609375
1241,0.54296875
1242,0.48828125
1243,0.45703125
1244,0.43359375
1245,0.4765625
1246,0.5234375
1247,0.37890625
1248,0.4453125
1249,0.4921875
1250,0.57421875
1251,0.5625
1252,0.48828125
1253,0.5390625
1254,0.52734375
1255,0.484375
1256,0.5078125
1257,0.5234375
1258,0.484375
1259,0.51953125
1260,0.50390625
1261,0.5
1262,0.53515625
1263,0.5
1264,0.46484375
1265,0.49609375
1266,0.4609375
1267,0.4453125
1268,0.546875
1269,0.47265625
1270,0.54296875
1271,0.5234375
1272,0.47265625
1273,0.45703125
1274,0.4765625
1275,0.546875
1276,0.55859375
1277,0.546875
1278,0.44921875
1279,0.50390625
1280,0.52734375
1281,0.47265625
1282,0.53515625
1283,0.4765625
1284,0.46875
1285,0.51171875
1286,0.44921875
1287,0.4765625
1288,0.51953125
1289,0.49609375
1290,0.44140625
1291,0.48828125
1292,0.4453125
1293,0.51953125
1294,0.53515625
1295,0.5625
1296,0.45703125
1297,0.40625
1298,0.453125
1299,0.5234375
1300,0.453125
1301,0.5
1302,0.47265625
1303,0.49609375
1304,0.54296875
1305,0.4375
1306,0.58203125
1307,0.51953125
1308,0.44140625
1309,0.56640625
1310,0.5234375
1311,0.48828125
1312,0.49609375
1313,0.484375
1314,0.484375
1315,0.515625
1316,0.515625
1317,0.52734375
1318,0.515625
1319,0.4765625
1320,0.50390625
1321,0.546875
1322,0.5390625
1323,0.484375
1324,0.4921875
1325,0.52734375
1326,0.50390625
1327,0.46875
1328,0.51953125
1329,0.5
1330,0.52734375
1331,0.5
1332,0.48828125
1333,0.53125
1334,0.54296875
1335,0.47265625
1336,0.47265625
1337,0.41796875
1338,0.484375
1339,0.5078125
1340,0.5078125
1341,0.5390625
1342,0.546875
1343,0.51171875
1344,0.515625
1345,0.41796875
1346,0.47265625
1347,0.55078125
1348,0.53515625
1349,0.4609375
1350,0.48046875
1351,0.46484375
1352,0.4609375
1353,0.50390625
1354,0.48046875
1355,0.49609375
1356,0.5234375
1357,0.43359375
1358,0.5703125
1359,0.484375
1360,0.5625
1361,0.453125
1362,0.53515625
1363,0.52734375
1364,0.50390625
1365,0.53125
1366,0.5
1367,0.5234375
1368,0.51953125
1369,0.51953125
1370,0.5234375
1371,0.54296875
1372,0.48828125
1373,0.4765625
1374,0.50390625
1375,0.52734375
1376,0.48046875
1377,0.45703125
1378,0.53125
1379,0.54296875
1380,0.57421875
1381,0.5078125
1382,0.484375
1383,0.46484375
1384,0.48828125
1385,0.50390625
1386,0.5234375
1387,0.45703125
1388,0.5234375
1389,0.46484375
1390,0.44140625
1391,0.55859375
1392,0.44921875
1393,0.52734375
1394,0.53125
1395,0.5
1396,0.5078125
1397,0.51953125
1398,0.47265625
1399,0.5390625
1400,0.52734375
1401,0.4296875
1402,0.50390625
1403,0.546875
1404,0.5078125
1405,0.5625
1406,0.44921875
1407,0.46484375
1408,0.55078125
1409,0.5078125
1410,0.55078125
1411,0.5078125
1412,0.54296875
1413,0.53125
1414,0.484375
1415,0.48828125
1416,0.44140625
1417,0.55078125
1418,0.51953125
1419,0.46484375
1420,0.47265625
1421,0.48046875
1422,0.5078125
1423,0.47265625
1424,0.53125
1425,0.53125
1426,0.53515625
1427,0.5390625
1428,0.4375
1429,0.50390625
1430,0.53125
1431,0.4921875
1432,0.48828125
1433,0.5234375
1434,0.49609375
1435,0.5625
1436,0.50390625
1437,0.546875
1438,0.4921875
1439,0.5625
1440,0.53125
1441,0.48046875
1442,0.46875
1443,0.48046875
1444,0.4375
1445,0.53125
1446,0.4921875
1447,0.52734375
1448,0.484375
1449,0.46875
1450,0.484375
1451,0.50390625
1452,0.5
1453,0.51953125
1454,0.48046875
1455,0.48828125
1456,0.48828125
1457,0.48828125
1458,0.484375
1459,0.546875
1460,0.5
1461,0.5078125
1462,0.49609375
1463,0.4765625
1464,0.49609375
1465,0.55078125
1466,0.47265625
1467,0.50390625
1468,0.546875
1469,0.40234375
1470,0.53125
1471,0.48828125
1472,0.51953125
1473,0.57421875
1474,0.50390625
1475,0.5390625
1476,0.44140625
1477,0.5390625
1478,0.49609375
1479,0.5234375
1480,0.5546875
1481,0.51953125
1482,0.51171875
1483,0.453125
1484,0.453125
1485,0.46875
1486,0.578125
1487,0.46484375
1488,0.46875
1489,0.51171875
1490,0.4921875
1491,0.51171875
1492,0.46875
1493,0.44140625
1494,0.5390625
1495,0.5390625
1496,0.52734375
1497,0.41796875
1498,0.49609375
1499,0.484375
1500,0.46484375
1501,0.48046875
1502,0.51171875
1503,0.4453125
1504,0.5
1505,0.47265625
1506,0.5546875
1507,0.4921875
1508,0.47265625
1509,0.46875
1510,0.48046875
1511,0.51953125
1512,0.453125
1513,0.48046875
1514,0.4609375
1515,0.44140625
1516,0.51171875
1517,0.41796875
1518,0.59375
1519,0.49609375
1520,0.50390625
1521,0.50390625
1522,0.45703125
1523,0.515625
1524,0.54296875
1525,0.48046875
1526,0.4921875
1527,0.5078125
1528,0.54296875
1529,0.47265625
1530,0.51953125
1531,0.5390625
1532,0.546875
1533,0.53125
1534,0.5078125
1535,0.52734375
1536,0.46484375
1537,0.48828125
1538,0.4375
1539,0.55859375
1540,0.4765625
1541,0.54296875
1542,0.47265625
1543,0.47265625
1544,0.4921875
1545,0.53515625
1546,0.5
1547,0.4765625
1548,0.43359375
1549,0.49609375
1550,0.42578125
1551,0.56640625
1552,0.48046875
1553,0.53125
1554,0.47265625
1555,0.5234375
1556,0.4921875
1557,0.46875
1558,0.4453125
1559,0.43359375
1560,0.4765625
1561,0.49609375
1562,0.51171875
1563,0.4921875
1564,0.5
1565,0.5234375
1566,0.4609375
1567,0.51171875
1568,0.48046875
1569,0.484375
1570,0.50390625
1571,0.49609375
1572,0.453125
1573,0.4921875
1574,0.52734375
1575,0.51171875
1576,0.5390625
1577,0.4765625
1578,0.4921875
1579,0.4609375
1580,0.49609375
1581,0.55078125
1582,0.484375
1583,0.50390625
1584,0.51953125
1585,0.5859375
1586,0.47265625
1587,0.48828125
1588,0.4921875
1589,0.55078125
1590,0.55078125
1591,0.453125
1592,0.48046875
1593,0.5234375
1594,0.47265625
1595,0.484375
1596,0.52734375
1597,0.48046875
1598,0.5
1599,0.46875
1600,0.45703125
1601,0.45703125
1602,0.46484375
1603,0.51953125
1604,0.5390625
1605,0.55078125
1606,0.515625
1607,0.43359375
1608,0.53125
1609,0.5234375
1610,0.515625
1611,0.5234375
1612,0.48828125
1613,0.4609375
1614,0.49609375
1615,0.48046875
1616,0.49609375
1617,0.453125
1618,0.5
1619,0.48828125
1620,0.5078125
1621,0.5078125
1622,0.44140625
1623,0.53125
1624,0.51953125
1625,0.48828125
1626,0.5859375
1627,0.44140625
1628,0.55859375
1629,0.46484375
1630,0.51953125
1631,0.50390625
1632,0.44140625
1633,0.53515625
1634,0.46875
1635,0.5
1636,0.4921875
1637,0.47265625
1638,0.53515625
1639,0.51171875
1640,0.54296875
1641,0.54296875
1642,0.5625
1643,0.4609375
1644,0.484375
1645,0.4765625
1646,0.4140625
1647,0.515625
1648,0.4921875
1649,0.5078125
1650,0.46484375
1651,0.48046875
1652,0.453125
1653,0.48828125
1654,0.5234375
1655,0.515625
1656,0.546875
1657,0.4921875
1658,0.49609375
1659,0.5
1660,0.5625
1661,0.5234375
1662,0.52734375
1663,0.5390625
1664,0.4921875
1665,0.45703125
1666,0.5234375
1667,0.53125
1668,0.45703125
1669,0.484375
1670,0.4609375
1671,0.5234375
1672,0.47265625
1673,0.515625
1674,0.49609375
1675,0.515625
1676,0.484375
1677,0.5
1678,0.52734375
1679,0.4921875
1680,0.5
1681,0.54296875
1682,0.53125
1683,0.5234375
1684,0.5
1685,0.48046875
1686,0.546875
1687,0.50390625
1688,0.5078125
1689,0.5078125
1690,0.4765625
1691,0.49609375
1692,0.45703125
1693,0.50390625
1694,0.49609375
1695,0.5078125
1696,0.5
1697,0.51953125
1698,0.44140625
1699,0.55859375
1700,0.51171875
1701,0.51171875
1702,0.46484375
1703,0.54296875
1704,0.5390625
1705,0.4296875
1706,0.484375
1707,0.546875
1708,0.4921875
1709,0.48828125
1710,0.51953125
1711,0.55859375
1712,0.484375
1713,0.50390625
1714,0.5
1715,0.4609375
1716,0.53515625
1717,0.5546875
1718,0.484375
1719,0.53515625
1720,0.421875
1721,0.46484375
1722,0.48046875
1723,0.50390625
1724,0.4921875
1725,0.5625
1726,0.46875
1727,0.53125
1728,0.484375
1729,0.44140625
1730,0.53515625
1731,0.5078125
1732,0.57421875
1733,0.4921875
1734,0.484375
1735,0.484375
1736,0.4921875
1737,0.51953125
1738,0.47265625
1739,0.5625
1740,0.5234375
1741,0.49609375
1742,0.41015625
1743,0.48828125
1744,0.4375
1745,0.4453125
1746,0.5078125
1747,0.484375
1748,0.53125
1749,0.49609375
1750,0.48828125
1751,0.44921875
1752,0.48828125
1753,0.55859375
1754,0.546875
1755,0.48046875
1756,0.4765625
1757,0.5078125
1758,0.49609375
1759,0.5
1760,0.55078125
1761,0.50390625
1762,0.484375
1763,0.5078125
1764,0.5546875
1765,0.5234375
1766,0.53515625
1767,0.53515625
1768,0.4375
1769,0.4609375
1770,0.578125
1771,0.453125
1772,0.53515625
1773,0.51171875
1774,0.54296875
1775,0.48046875
1776,0.51953125
1777,0.5
1778,0.453125
1779,0.42578125
1780,0.50390625
1781,0.44921875
1782,0.46484375
1783,0.5078125
1784,0.4921875
1785,0.453125
1786,0.46484375
1787,0.55078125
1788,0.515625
1789,0.51953125
1790,0.47265625
1791,0.48046875
1792,0.515625
1793,0.48828125
1794,0.48046875
1795,0.4921875
1796,0.51953125
1797,0.4609375
1798,0.46484375
1799,0.54296875
1800,0.484375
1801,0.484375
1802,0.46484375
1803,0.453125
1804,0.51953125
1805,0.48828125
1806,0.4765625
1807,0.53125
1808,0.5234375
1809,0.52734375
1810,0.515625
1811,0.5078125
1812,0.53125
1813,0.54296875
1814,0.484375
1815,0.47265625
1816,0.5234375
1817,0.4375
1818,0.4609375
1819,0.5390625
1820,0.53125
1821,0.546875
1822,0.51171875
1823,0.48828125
1824,0.5390625
1825,0.55078125
1826,0.51953125
1827,0.5546875
1828,0.47265625
1829,0.52734375
1830,0.52734375
1831,0.5390625
1832,0.5
1833,0.49609375
1834,0.53125
1835,0.4765625
1836,0.453125
1837,0.4921875
1838,0.4453125
1839,0.51953125
1840,0.5703125
1841,0.51171875
1842,0.5234375
1843,0.515625
1844,0.546875
1845,0.53515625
1846,0.5234375
1847,0.4921875
1848,0.359375
1849,0.5
1850,0.484375
1851,0.5234375
1852,0.43359375
1853,0.515625
1854,0.4375
1855,0.46875
1856,0.47265625
1857,0.4609375
1858,0.484375
1859,0.5625
1860,0.53515625
1861,0.5078125
1862,0.52734375
1863,0.47265625
1864,0.49609375
1865,0.51171875
1866,0.46875
1867,0.47265625
1868,0.46875
1869,0.48828125
1870,0.53515625
1871,0.48828125
1872,0.50390625
1873,0.515625
1874,0.4375
1875,0.47265625
1876,0.46484375
1877,0.55078125
1878,0.50390625
1879,0.46484375
1880,0.55859375
1881,0.51953125
1882,0.50390625
1883,0.453125
1884,0.4765625
1885,0.53125
1886,0.5078125
1887,0.50390625
1888,0.48046875
1889,0.53125
1890,0.4609375
1891,0.4921875
1892,0.4765625
1893,0.53515625
1894,0.48046875
1895,0.5
1896,0.44140625
1897,0.5234375
1898,0.45703125
1899,0.46875
1900,0.48046875
1901,0.5390625
1902,0.421875
1903,0.51171875
1904,0.48828125
1905,0.51171875
1906,0.5703125
1907,0.4921875
1908,0.51171875
1909,0.49609375
1910,0.5390625
1911,0.48828125
1912,0.42578125
1913,0.57421875
1914,0.51171875
1915,0.55078125
1916,0.5546875
1917,0.515625
1918,0.48046875
1919,0.45703125
1920,0.546875
1921,0.48046875
1922,0.51171875
1923,0.52734375
1924,0.47265625
1925,0.4375
1926,0.5625
1927,0.58984375
1928,0.48828125
1929,0.48046875
1930,0.5
1931,0.4921875
1932,0.48828125
1933,0.49609375
1934,0.4921875
1935,0.5078125
1936,0.46484375
1937,0.4765625
1938,0.52734375
1939,0.5
1940,0.51953125
1941,0.421875
1942,0.4921875
1943,0.6015625
1944,0.44140625
1945,0.5078125
1946,0.5
1947,0.5234375
1948,0.5078125
1949,0.58984375
1950,0.48046875
1951,0.4921875
1952,0.4765625
1953,0.44921875
1954,0.5546875
1955,0.5546875
1956,0.515625
1957,0.546875
1958,0.484375
1959,0.51171875
1960,0.51171875
1961,0.50390625
1962,0.484375
1963,0.45703125
1964,0.55078125
1965,0.47265625
1966,0.50390625
1967,0.4921875
1968,0.4921875
1969,0.5390625
1970,0.48046875
1971,0.55859375
1972,0.55078125
1973,0.48828125
1974,0.5625
1975,0.4140625
1976,0.4765625
1977,0.5
1978,0.515625
1979,0.49609375
1980,0.47265625
1981,0.52734375
1982,0.42578125
1983,0.47265625
1984,0.44921875
1985,0.49609375
1986,0.5
1987,0.55859375
1988,0.48828125
1989,0.46875
1990,0.52734375
1991,0.50390625
1992,0.52734375
1993,0.5234375
1994,0.49609375
1995,0.4453125
1996,0.53125
1997,0.5234375
1998,0.54296875
1999,0.578125
2000,0.4765625
2001,0.4609375
2002,0.484375
2003,0.48046875
2004,0.484375
2005,0.5078125
2006,0.46875
2007,0.43359375
2008,0.5234375
2009,0.5078125
2010,0.4921875
2011,0.51171875
2012,0.53515625
2013,0.56640625
2014,0.51953125
2015,0.5234375
2016,0.484375
2017,0.5234375
2018,0.55859375
2019,0.4921875
2020,0.48046875
2021,0.53515625
2022,0.5234375
2023,0.49609375
2024,0.53125
2025,0.52734375
2026,0.4375
2027,0.52734375
2028,0.4921875
2029,0.46875
2030,0.53125
2031,0.54296875
2032,0.59375
2033,0.54296875
2034,0.47265625
2035,0.484375
2036,0.515625
2037,0.51171875
2038,0.49609375
2039,0.52734375
2040,0.578125
2041,0.49609375
2042,0.50390625
2043,0.5
2044,0.48046875
2045,0.5078125
2046,0.46484375
2047,0.515625
2048,0.49609375
2049,0.4296875
2050,0.53125
2051,0.5078125
2052,0.46484375
2053,0.49609375
2054,0.40234375
2055,0.515625
2056,0.5625
2057,0.51953125
2058,0.46484375
2059,0.4921875
2060,0.47265625
2061,0.47265625
2062,0.56640625
2063,0.546875
2064,0.515625
2065,0.453125
2066,0.56640625
2067,0.51171875
2068,0.53125
2069,0.4140625
2070,0.52734375
2071,0.4765625
2072,0.4921875
2073,0.45703125
2074,0.5234375
2075,0.48828125
2076,0.484375
2077,0.51171875
2078,0.546875
2079,0.52734375
2080,0.47265625
2081,0.48046875
2082,0.5703125
2083,0.515625
2084,0.55078125
2085,0.5703125
2086,0.5546875
2087,0.45703125
2088,0.44140625
2089,0.55859375
2090,0.5234375
2091,0.515625
2092,0.4609375
2093,0.4921875
2094,0.56640625
2095,0.515625
2096,0.4921875
2097,0.44140625
2098,0.46484375
2099,0.46875
2100,0.48046875
2101,0.5078125
2102,0.5546875
2103,0.453125
2104,0.4921875
2105,0.546875
2106,0.546875
2107,0.44140625
2108,0.4921875
2109,0.48828125
2110,0.50390625
2111,0.47265625
2112,0.546875
2113,0.48828125
2114,0.484375
2115,0.53515625
2116,0.4765625
2117,0.5546875
2118,0.55078125
2119,0.47265625
2120,0.5078125
2121,0.5078125
2122,0.515625
2123,0.42578125
2124,0.4765625
2125,0.54296875
2126,0.49609375
2127,0.5
2128,0.5
2129,0.53515625
2130,0.4609375
2131,0.4296875
2132,0.48046875
2133,0.5390625
2134,0.5234375
2135,0.5234375
2136,0.5703125
2137,0.5078125
2138,0.484375
2139,0.54296875
2140,0.5078125
2141,0.48046875
2142,0.5078125
2143,0.46484375
2144,0.53125
2145,0.48828125
2146,0.50390625
2147,0.59765625
2148,0.5
2149,0.515625
2150,0.53515625
2151,0.46875
2152,0.50390625
2153,0.46875
2154,0.5625
2155,0.48828125
2156,0.4921875
2157,0.53125
2158,0.45703125
2159,0.4296875
2160,0.4453125
2161,0.44921875
2162,0.44921875
2163,0.51953125
2164,0.55078125
2165,0.53125
2166,0.55859375
2167,0.578125
2168,0.48828125
2169,0.4765625
2170,0.5234375
2171,0.49609375
2172,0.43359375
2173,0.52734375
2174,0.51171875
2175,0.46484375
2176,0.58203125
2177,0.48828125
2178,0.5
2179,0.57421875
2180,0.42578125
2181,0.48046875
2182,0.53125
2183,0.5234375
2184,0.5078125
2185,0.515625
2186,0.515625
2187,0.5234375
2188,0.47265625
2189,0.515625
2190,0.5390625
2191,0.4609375
2192,0.5078125
2193,0.48046875
2194,0.515625
2195,0.546875
2196,0.5
2197,0.4921875
2198,0.47265625
2199,0.484375
2200,0.484375
2201,0.4921875
2202,0.49609375
2203,0.5
2204,0.48046875
2205,0.5859375
2206,0.45703125
2207,0.49609375
2208,0.46484375
2209,0.5390625
2210,0.5390625
2211,0.453125
2212,0.546875
2213,0.53515625
2214,0.47265625
2215,0.515625
2216,0.46875
2217,0.50390625
2218,0.5546875
2219,0.5390625
2220,0.484375
2221,0.453125
2222,0.546875
2223,0.515625
2224,0.48828125
2225,0.46875
2226,0.47265625
2227,0.5
2228,0.546875
2229,0.5078125
2230,0.53125
2231,0.5546875
2232,0.4765625
2233,0.4765625
2234,0.5
2235,0.4609375
2236,0.55078125
2237,0.44140625
2238,0.45703125
2239,0.48828125
2240,0.48046875
2241,0.484375
2242,0.5546875
2243,0.5234375
2244,0.44140625
2245,0.4296875
2246,0.50390625
2247,0.54296875
2248,0.48046875
2249,0.4609375
2250,0.53515625
2251,0.51171875
2252,0.5234375
2253,0.5625
2254,0.4765625
2255,0.51171875
2256,0.5234375
2257,0.54296875
2258,0.4921875
2259,0.5859375
2260,0.49609375
2261,0.5
2262,0.54296875
2263,0.515625
2264,0.5234375
2265,0.50390625
2266,0.515625
2267,0.5703125
2268,0.55078125
2269,0.484375
2270,0.48046875
2271,0.51953125
2272,0.515625
2273,0.5078125
2274,0.59375
2275,0.4375
2276,0.47265625
2277,0.59375
2278,0.5078125
2279,0.44140625
2280,0.47265625
2281,0.4609375
2282,0.55859375
2283,0.515625
2284,0.53125
2285,0.46484375
2286,0.4453125
2287,0.421875
2288,0.5234375
2289,0.46484375
2290,0.37109375
2291,0.4453125
2292,0.515625
2293,0.484375
2294,0.53515625
2295,0.46484375
2296,0.50390625
2297,0.5
2298,0.56640625
2299,0.51171875
2300,0.54296875
2301,0.41796875
2302,0.45703125
2303,0.55859375
2304,0.5234375
2305,0.51171875
2306,0.5546875
2307,0.51953125
2308,0.46484375
2309,0.51171875
2310,0.50390625
2311,0.546875
2312,0.5390625
2313,0.5625
2314,0.4921875
2315,0.49609375
2316,0.5390625
2317,0.5390625
2318,0.4453125
2319,0.53125
2320,0.4453125
2321,0.48828125
2322,0.515625
2323,0.48046875
2324,0.51953125
2325,0.5
2326,0.51953125
2327,0.53125
2328,0.5078125
2329,0.43359375
2330,0.53125
2331,0.50390625
2332,0.5
2333,0.48828125
2334,0.44921875
2335,0.5
2336,0.5
2337,0.50390625
2338,0.5390625
2339,0.47265625
2340,0.51953125
2341,0.4765625
2342,0.50390625
2343,0.46875
2344,0.44921875
2345,0.46875
2346,0.53515625
2347,0.53125
2348,0.5078125
2349,0.5703125
2350,0.51953125
2351,0.4453125
2352,0.4765625
2353,0.46484375
2354,0.49609375
2355,0.52734375
2356,0.46875
2357,0.5859375
2358,0.5078125
2359,0.484375
2360,0.5234375
2361,0.48046875
2362,0.4921875
2363,0.484375
2364,0.5
2365,0.51953125
2366,0.50390625
2367,0.47265625
2368,0.4921875
2369,0.43359375
2370,0.51171875
2371,0.49609375
2372,0.453125
2373,0.46875
2374,0.51171875
2375,0.4921875
2376,0.5078125
2377,0.48046875
2378,0.44921875
2379,0.48046875
2380,0.44140625
2381,0.58203125
2382,0.51171875
2383,0.4609375
2384,0.47265625
2385,0.484375
2386,0.5078125
2387,0.53515625
2388,0.484375
2389,0.46875
2390,0.48046875
2391,0.4296875
2392,0.5
2393,0.515625
2394,0.46484375
2395,0.484375
2396,0.5234375
2397,0.51953125
2398,0.53515625
2399,0.51171875
2400,0.50390625
2401,0.5078125
2402,0.43359375
2403,0.546875
2404,0.48828125
2405,0.44140625
2406,0.47265625
2407,0.53515625
2408,0.48828125
2409,0.51171875
2410,0.4609375
2411,0.4921875
2412,0.4453125
2413,0.51171875
2414,0.50390625
2415,0.48828125
2416,0.484375
2417,0.56640625
2418,0.4609375
2419,0.51953125
2420,0.4921875
2421,0.48046875
2422,0.52734375
2423,0.5390625
2424,0.41015625
2425,0.5078125
2426,0.46484375
2427,0.484375
2428,0.4296875
2429,0.484375
2430,0.515625
2431,0.47265625
2432,0.50390625
2433,0.49609375
2434,0.48046875
2435,0.5078125
2436,0.4453125
2437,0.578125
2438,0.5
2439,0.48828125
2440,0.49609375
2441,0.53125
2442,0.51953125
2443,0.47265625
2444,0.5
2445,0.4609375
2446,0.51953125
2447,0.49609375
2448,0.5390625
2449,0.49609375
2450,0.52734375
2451,0.515625
2452,0.44921875
2453,0.49609375
2454,0.5078125
2455,0.48046875
2456,0.515625
2457,0.5546875
2458,0.4453125
2459,0.515625
2460,0.46875
2461,0.49609375
2462,0.4765625
2463,0.53515625
2464,0.484375
2465,0.4609375
2466,0.48828125
2467,0.5234375
2468,0.51953125
2469,0.48046875
2470,0.5
2471,0.48046875
2472,0.484375
2473,0.52734375
2474,0.4609375
2475,0.5078125
2476,0.4609375
2477,0.5078125
2478,0.515625
2479,0.5234375
2480,0.5078125
2481,0.546875
2482,0.48828125
2483,0.4453125
2484,0.5234375
2485,0.48046875
2486,0.51953125
2487,0.52734375
2488,0.5
2489,0.44140625
2490,0.4765625
2491,0.47265625
2492,0.484375
2493,0.484375
2494,0.46484375
2495,0.47265625
2496,0.48828125
2497,0.4375
2498,0.421875
2499,0.5546875
2500,0.42578125
2501,0.50390625
2502,0.48828125
2503,0.46484375
2504,0.51171875
2505,0.50390625
2506,0.50390625
2507,0.53515625
2508,0.50390625
2509,0.5390625
2510,0.50390625
2511,0.51953125
2512,0.5
2513,0.5078125
2514,0.4921875
2515,0.48046875
2516,0.49609375
2517,0.53125
2518,0.484375
2519,0.515625
2520,0.44140625
2521,0.50390625
2522,0.48046875
2523,0.44140625
2524,0.515625
2525,0.55078125
2526,0.54296875
2527,0.44921875
2528,0.484375
2529,0.48828125
2530,0.46484375
2531,0.54296875
2532,0.53515625
2533,0.41796875
2534,0.5
2535,0.546875
2536,0.51953125
2537,0.5234375
2538,0.60546875
2539,0.55078125
2540,0.47265625
2541,0.5234375
2542,0.52734375
2543,0.453125
2544,0.4921875
2545,0.5390625
2546,0.51171875
2547,0.45703125
2548,0.484375
2549,0.53515625
2550,0.4609375
2551,0.53515625
2552,0.49609375
2553,0.546875
2554,0.4765625
2555,0.515625
2556,0.54296875
2557,0.49609375
2558,0.5390625
2559,0.5234375
2560,0.5234375
2561,0.56640625
2562,0.55078125
2563,0.484375
2564,0.546875
2565,0.47265625
2566,0.51953125
2567,0.46484375
2568,0.5625
2569,0.484375
2570,0.453125
2571,0.51953125
2572,0.47265625
2573,0.5546875
2574,0.48828125
2575,0.5078125
2576,0.515625
2577,0.515625
2578,0.4609375
2579,0.4375
2580,0.4765625
2581,0.46484375
2582,0.453125
2583,0.53125
2584,0.421875
2585,0.44921875
2586,0.48046875
2587,0.44140625
2588,0.53515625
2589,0.53515625
2590,0.5390625
2591,0.53125
2592,0.4765625
2593,0.51171875
2594,0.45703125
2595,0.51953125
2596,0.48046875
2597,0.53125
2598,0.484375
2599,0.578125
2600,0.55078125
2601,0.5234375
2602,0.46484375
2603,0.390625
2604,0.5234375
2605,0.4921875
2606,0.453125
2607,0.46875
2608,0.46875
2609,0.51953125
2610,0.46875
2611,0.484375
2612,0.515625
2613,0.51953125
2614,0.49609375
2615,0.51171875
2616,0.53125
2617,0.51171875
2618,0.48828125
2619,0.55859375
2620,0.4921875
2621,0.515625
2622,0.453125
2623,0.4453125
2624,0.57421875
2625,0.5234375
2626,0.4296875
2627,0.48046875
2628,0.5390625
2629,0.50390625
2630,0.5078125
2631,0.46484375
2632,0.48046875
2633,0.48828125
2634,0.44921875
2635,0.5078125
2636,0.4296875
2637,0.48828125
2638,0.55078125
2639,0.5078125
2640,0.51953125
2641,0.44921875
2642,0.515625
2643,0.4765625
2644,0.484375
2645,0.546875
2646,0.546875
2647,0.44921875
2648,0.4609375
2649,0.46484375
2650,0.51953125
2651,0.49609375
2652,0.59375
2653,0.51953125
2654,0.48828125
2655,0.42578125
2656,0.51953125
2657,0.51171875
2658,0.5078125
2659,0.48828125
2660,0.51171875
2661,0.4921875
2662,0.53125
2663,0.53125
2664,0.4921875
2665,0.4765625
2666,0.53515625
2667,0.52734375
2668,0.55859375
2669,0.4375
2670,0.46875
2671,0.48828125
2672,0.5390625
2673,0.515625
2674,0.47265625
2675,0.56640625
2676,0.54296875
2677,0.50390625
2678,0.515625
2679,0.47265625
2680,0.5078125
2681,0.50390625
2682,0.484375
2683,0.48046875
2684,0.515625
2685,0.4921875
2686,0.5
2687,0.48828125
2688,0.5
2689,0.484375
2690,0.51953125
2691,0.48828125
2692,0.5078125
2693,0.48046875
2694,0.5
2695,0.45703125
2696,0.54296875
2697,0.51953125
2698,0.546875
2699,0.46875
2700,0.44140625
2701,0.5
2702,0.52734375
2703,0.4921875
2704,0.4609375
2705,0.43359375
2706,0.48828125
2707,0.51953125
2708,0.46875
2709,0.5078125
2710,0.53125
2711,0.4921875
2712,0.5078125
2713,0.51171875
2714,0.50390625
2715,0.4921875
2716,0.51953125
2717,0.5
2718,0.48046875
2719,0.47265625
2720,0.54296875
2721,0.51953125
2722,0.45703125
2723,0.49609375
2724,0.484375
2725,0.48828125
2726,0.51953125
2727,0.4609375
2728,0.51953125
2729,0.45703125
2730,0.4921875
2731,0.51171875
2732,0.48828125
2733,0.5859375
2734,0.5
2735,0.5
2736,0.48046875
2737,0.5390625
2738,0.51171875
2739,0.50390625
2740,0.52734375
2741,0.5078125
2742,0.515625
2743,0.453125
2744,0.5703125
2745,0.53515625
2746,0.53515625
2747,0.46875
2748,0.4453125
2749,0.515625
2750,0.55859375
2751,0.48828125
2752,0.46875
2753,0.55078125
2754,0.484375
2755,0.52734375
2756,0.5390625
2757,0.3984375
2758,0.515625
2759,0.48828125
2760,0.48828125
2761,0.45703125
2762,0.50390625
2763,0.48828125
2764,0.5546875
2765,0.4609375
2766,0.42578125
2767,0.53515625
2768,0.47265625
2769,0.4921875
2770,0.50390625
2771,0.45703125
2772,0.5703125
2773,0.51171875
2774,0.48046875
2775,0.484375
2776,0.47265625
2777,0.48828125
2778,0.51171875
2779,0.5078125
2780,0.44921875
2781,0.5390625
2782,0.51171875
2783,0.515625
2784,0.47265625
2785,0.5625
2786,0.48828125
2787,0.53125
2788,0.57421875
2789,0.46484375
2790,0.4609375
2791,0.51953125
2792,0.515625
2793,0.515625
2794,0.5078125
2795,0.53515625
2796,0.51953125
2797,0.48828125
2798,0.484375
2799,0.52734375
2800,0.46875
2801,0.515625
2802,0.546875
2803,0.47265625
2804,0.49609375
2805,0.48828125
2806,0.5390625
2807,0.53125
2808,0.453125
2809,0.5
2810,0.5703125
2811,0.48046875
2812,0.515625
2813,0.48046875
2814,0.48046875
2815,0.45703125
2816,0.5
2817,0.48046875
2818,0.51171875
2819,0.4140625
2820,0.46484375
2821,0.51953125
2822,0.51953125
2823,0.4921875
2824,0.44140625
2825,0.5
2826,0.53125
2827,0.50390625
2828,0.4765625
2829,0.51171875
2830,0.51953125
2831,0.53515625
2832,0.48828125
2833,0.51953125
2834,0.5390625
2835,0.49609375
2836,0.48046875
2837,0.46875
2838,0.49609375
2839,0.53125
2840,0.4609375
2841,0.5
2842,0.4921875
2843,0.53125
2844,0.4921875
2845,0.5078125
2846,0.5078125
2847,0.44140625
2848,0.53515625
2849,0.46484375
2850,0.5546875
2851,0.46875
2852,0.46484375
2853,0.51171875
2854,0.4765625
2855,0.4765625
2856,0.52734375
2857,0.55078125
2858,0.5
2859,0.53515625
2860,0.5625
2861,0.50390625
2862,0.50390625
2863,0.5078125
2864,0.52734375
2865,0.56640625
2866,0.53515625
2867,0.515625
2868,0.5546875
2869,0.5390625
2870,0.49609375
2871,0.49609375
2872,0.51171875
2873,0.5078125
2874,0.46875
2875,0.51171875
2876,0.4921875
2877,0.52734375
2878,0.4609375
2879,0.43359375
2880,0.44921875
2881,0.47265625
2882,0.53125
2883,0.4765625
2884,0.5
2885,0.5546875
2886,0.4609375
2887,0.46484375
2888,0.48828125
2889,0.52734375
2890,0.5
2891,0.50390625
2892,0.51953125
2893,0.4765625
2894,0.47265625
2895,0.56640625
2896,0.53515625
2897,0.45703125
2898,0.48046875
2899,0.5390625
2900,0.48828125
2901,0.59765625
2902,0.55078125
2903,0.53515625
2904,0.46875
2905,0.51953125
2906,0.5078125
2907,0.5
2908,0.50390625
2909,0.49609375
2910,0.46484375
2911,0.421875
2912,0.48828125
2913,0.515625
2914,0.52734375
2915,0.5078125
2916,0.46484375
2917,0.5703125
2918,0.50390625
2919,0.50390625
2920,0.5078125
2921,0.484375
2922,0.51171875
2923,0.51953125
2924,0.56640625
2925,0.47265625
2926,0.52734375
2927,0.54296875
2928,0.44921875
2929,0.44140625
2930,0.4921875
2931,0.5234375
2932,0.453125
2933,0.51953125
2934,0.4921875
2935,0.44921875
2936,0.45703125
2937,0.5078125
2938,0.48046875
2939,0.52734375
2940,0.45703125
2941,0.4609375
2942,0.4921875
2943,0.46484375
2944,0.54296875
2945,0.5
2946,0.5078125
2947,0.4765625
2948,0.42578125
2949,0.4921875
2950,0.47265625
2951,0.55859375
2952,0.4765625
2953,0.46875
2954,0.51171875
2955,0.51171875
2956,0.55859375
2957,0.5
2958,0.48828125
2959,0.50390625
2960,0.5234375
2961,0.53515625
2962,0.4453125
2963,0.4375
2964,0.55078125
2965,0.5078125
2966,0.5078125
2967,0.53125
2968,0.5546875
2969,0.4609375
2970,0.55859375
2971,0.48046875
2972,0.4765625
2973,0.4921875
2974,0.4609375
2975,0.46875
2976,0.48828125
2977,0.4921875
2978,0.47265625
2979,0.50390625
2980,0.4765625
2981,0.47265625
2982,0.515625
2983,0.55859375
2984,0.5078125
2985,0.50390625
2986,0.5625
2987,0.484375
2988,0.49609375
2989,0.546875
2990,0.51171875
2991,0.484375
2992,0.4140625
2993,0.56640625
2994,0.4375
2995,0.5078125
2996,0.53125
2997,0.5
2998,0.50390625
2999,0.5546875
3000,0.52734375
3001,0.5546875
3002,0.4921875
3003,0.48828125
3004,0.52734375
3005,0.4765625
3006,0.52734375
3007,0.53515625
3008,0.48046875
3009,0.5625
3010,0.484375
3011,0.48046875
3012,0.51953125
3013,0.48828125
3014,0.57421875
3015,0.51953125
3016,0.4453125
3017,0.50390625
3018,0.453125
3019,0.4765625
3020,0.53515625
3021,0.484375
3022,0.53125
3023,0.484375
3024,0.49609375
3025,0.5
3026,0.4296875
3027,0.53515625
3028,0.5546875
3029,0.5
3030,0.5546875
3031,0.5546875
3032,0.46875
3033,0.53515625
3034,0.5078125
3035,0.48046875
3036,0.5
3037,0.54296875
3038,0.49609375
3039,0.52734375
3040,0.5078125
3041,0.46875
3042,0.5078125
3043,0.49609375
3044,0.51171875
3045,0.53125
3046,0.5703125
3047,0.4765625
3048,0.48828125
3049,0.48046875
3050,0.50390625
3051,0.55859375
3052,0.546875
3053,0.5390625
3054,0.52734375
3055,0.51953125
3056,0.515625
3057,0.46875
3058,0.4140625
3059,0.5078125
3060,0.51171875
3061,0.46484375
3062,0.546875
3063,0.4921875
3064,0.51171875
3065,0.48046875
3066,0.5546875
3067,0.48046875
3068,0.546875
3069,0.4921875
3070,0.53125
3071,0.43359375
3072,0.54296875
3073,0.48046875
3074,0.5078125
3075,0.55859375
3076,0.4921875
3077,0.47265625
3078,0.50390625
3079,0.45703125
3080,0.5234375
3081,0.44140625
3082,0.46875
3083,0.44140625
3084,0.44140625
3085,0.47265625
3086,0.4453125
3087,0.51953125
3088,0.4453125
3089,0.5390625
3090,0.49609375
3091,0.51953125
3092,0.44140625
3093,0.48046875
3094,0.47265625
3095,0.46875
3096,0.51171875
3097,0.42578125
3098,0.49609375
3099,0.46484375
3100,0.49609375
3101,0.53125
3102,0.546875
3103,0.4921875
3104,0.45703125
3105,0.5078125
3106,0.54296875
3107,0.4921875
3108,0.484375
3109,0.5390625
3110,0.4453125
3111,0.47265625
3112,0.48828125
3113,0.52734375
3114,0.4921875
3115,0.46875
3116,0.4375
3117,0.44921875
3118,0.52734375
3119,0.4921875
3120,0.4921875
3121,0.52734375
3122,0.44921875
3123,0.53125
3124,0.49609375
3125,0.45703125
3126,0.48828125
3127,0.48828125
3128,0.4921875
3129,0.48046875
3130,0.4609375
3131,0.5234375
3132,0.4375
3133,0.51171875
3134,0.4453125
3135,0.51171875
3136,0.47265625
3137,0.515625
3138,0.45703125
3139,0.48828125
3140,0.515625
3141,0.5546875
3142,0.48828125
3143,0.46875
3144,0.53125
3145,0.5234375
3146,0.47265625
3147,0.50390625
3148,0.50390625
3149,0.484375
3150,0.44921875
3151,0.484375
3152,0.48828125
3153,0.5390625
3154,0.4453125
3155,0.55859375
3156,0.51953125
3157,0.4296875
3158,0.4765625
3159,0.49609375
3160,0.46875
3161,0.4375
3162,0.5078125
3163,0.45703125
3164,0.47265625
3165,0.546875
3166,0.546875
3167,0.56640625
3168,0.5703125
3169,0.546875
3170,0.48828125
3171,0.56640625
3172,0.4765625
3173,0.5234375
3174,0.50390625
3175,0.4609375
3176,0.54296875
3177,0.515625
3178,0.50390625
3179,0.4609375
3180,0.546875
3181,0.5
3182,0.4921875
3183,0.53125
3184,0.54296875
3185,0.53515625
3186,0.54296875
3187,0.43359375
3188,0.55078125
3189,0.51171875
3190,0.4609375
3191,0.4453125
3192,0.53125
3193,0.42578125
3194,0.51953125
3195,0.4921875
3196,0.47265625
3197,0.4375
3198,0.54296875
3199,0.50390625
3200,0.546875
3201,0.4921875
3202,0.54296875
3203,0.51953125
3204,0.4296875
3205,0.4296875
3206,0.4921875
3207,0.484375
3208,0.47265625
3209,0.51171875
3210,0.515625
3211,0.48046875
3212,0.47265625
3213,0.46875
3214,0.4296875
3215,0.50390625
3216,0.5390625
3217,0.4453125
3218,0.4921875
3219,0.53125
3220,0.51953125
3221,0.49609375
3222,0.54296875
3223,0.51953125
3224,0.53515625
3225,0.453125
3226,0.51953125
3227,0.46484375
3228,0.4921875
3229,0.46875
3230,0.5078125
3231,0.48828125
3232,0.46484375
3233,0.546875
3234,0.515625
3235,0.47265625
3236,0.48046875
3237,0.4921875
3238,0.453125
3239,0.484375
3240,0.50390625
3241,0.4453125
3242,0.5234375
3243,0.5234375
3244,0.55078125
3245,0.484375
3246,0.51953125
3247,0.5
3248,0.5078125
3249,0.57421875
3250,0.47265625
3251,0.5390625
3252,0.41796875
3253,0.50390625
3254,0.48046875
3255,0.51953125
3256,0.48828125
3257,0.47265625
3258,0.48828125
3259,0.546875
3260,0.51171875
3261,0.46875
3262,0.4921875
3263,0.484375
3264,0.51171875
3265,0.46875
3266,0.51171875
3267,0.53125
3268,0.47265625
3269,0.5546875
3270,0.5
3271,0.515625
3272,0.50390625
3273,0.47265625
3274,0.4921875
3275,0.4453125
3276,0.4765625
3277,0.4921875
3278,0.49609375
3279,0.5234375
3280,0.48046875
3281,0.51171875
3282,0.515625
3283,0.4296875
3284,0.5078125
3285,0.484375
3286,0.46875
3287,0.54296875
3288,0.48046875
3289,0.53125
3290,0.53125
3291,0.55078125
3292,0.484375
3293,0.515625
3294,0.50390625
3295,0.484375
3296,0.50390625
3297,0.5390625
3298,0.4609375
3299,0.49609375
3300,0.49609375
3301,0.51953125
3302,0.5546875
3303,0.4609375
3304,0.45703125
3305,0.5
3306,0.546875
3307,0.4140625
3308,0.51171875
3309,0.43359375
3310,0.4921875
3311,0.5390625
3312,0.48046875
3313,0.46484375
3314,0.5859375
3315,0.5234375
3316,0.53515625
3317,0.51953125
3318,0.47265625
3319,0.4921875
3320,0.55859375
3321,0.515625
3322,0.44921875
3323,0.4375
3324,0.578125
3325,0.5078125
3326,0.55078125
3327,0.45703125
3328,0.5546875
3329,0.51171875
3330,0.5
3331,0.484375
3332,0.53125
3333,0.47265625
3334,0.48046875
3335,0.5234375
3336,0.4609375
3337,0.515625
3338,0.53125
3339,0.48828125
3340,0.51953125
3341,0.4375
3342,0.47265625
3343,0.51953125
3344,0.5234375
3345,0.5390625
3346,0.49609375
3347,0.5
3348,0.4921875
3349,0.4609375
3350,0.51953125
3351,0.55078125
3352,0.5078125
3353,0.44140625
3354,0.48046875
3355,0.52734375
3356,0.515625
3357,0.4765625
3358,0.484375
3359,0.546875
3360,0.46875
3361,0.4765625
3362,0.5078125
3363,0.484375
3364,0.46875
3365,0.4296875
3366,0.48828125
3367,0.48828125
3368,0.50390625
3369,0.53515625
3370,0.5234375
3371,0.515625
3372,0.3828125
3373,0.546875
3374,0.46875
3375,0.46484375
3376,0.453125
3377,0.49609375
3378,0.4921875
3379,0.53125
3380,0.515625
3381,0.515625
3382,0.48828125
3383,0.5625
3384,0.546875
3385,0.49609375
3386,0.44140625
3387,0.515625
3388,0.484375
3389,0.48046875
3390,0.49609375
3391,0.4921875
3392,0.48046875
3393,0.47265625
3394,0.5625
3395,0.54296875
3396,0.5234375
3397,0.4609375
3398,0.51953125
3399,0.5078125
3400,0.5390625
3401,0.515625
3402,0.51171875
3403,0.48046875
3404,0.48828125
3405,0.54296875
3406,0.5
3407,0.59375
3408,0.56640625
3409,0.47265625
3410,0.515625
3411,0.5078125
3412,0.5078125
3413,0.5390625
3414,0.49609375
3415,0.49609375
3416,0.53515625
3417,0.5078125
3418,0.45703125
3419,0.55078125
3420,0.54296875
3421,0.45703125
3422,0.5234375
3423,0.578125
3424,0.46484375
3425,0.4609375
3426,0.46875
3427,0.46484375
3428,0.4765625
3429,0.53125
3430,0.4765625
3431,0.5390625
3432,0.5
3433,0.52734375
3434,0.46484375
3435,0.515625
3436,0.44921875
3437,0.5078125
3438,0.5234375
3439,0.46875
3440,0.41796875
3441,0.5390625
3442,0.56640625
3443,0.55859375
3444,0.5234375
3445,0.52734375
3446,0.5234375
3447,0.5390625
3448,0.5
3449,0.515625
3450,0.5
3451,0.61328125
3452,0.43359375
3453,0.5703125
3454,0.54296875
3455,0.51953125
3456,0.4765625
3457,0.5703125
3458,0.55859375
3459,0.546875
3460,0.53125
3461,0.55078125
3462,0.54296875
3463,0.41796875
3464,0.50390625
3465,0.51171875
3466,0.43359375
3467,0.48046875
3468,0.4921875
3469,0.51953125
3470,0.51953125
3471,0.48046875
3472,0.50390625
3473,0.47265625
3474,0.4609375
3475,0.5078125
3476,0.4375
3477,0.51171875
3478,0.4921875
3479,0.44140625
3480,0.48046875
3481,0.5
3482,0.46484375
3483,0.4921875
3484,0.46875
3485,0.5
3486,0.53125
3487,0.53125
3488,0.54296875
3489,0.53515625
3490,0.5
3491,0.4921875
3492,0.48046875
3493,0.49609375
3494,0.4765625
3495,0.45703125
3496,0.5
3497,0.4921875
3498,0.50390625
3499,0.5546875
3500,0.51171875
3501,0.546875
3502,0.5390625
3503,0.54296875
3504,0.48046875
3505,0.46875
3506,0.50390625
3507,0.4921875
3508,0.5390625
3509,0.578125
3510,0.51171875
3511,0.54296875
3512,0.515625
3513,0.4765625
3514,0.4609375
3515,0.48046875
3516,0.46875
3517,0.484375
3518,0.44921875
3519,0.52734375
3520,0.5
3521,0.52734375
3522,0.47265625
3523,0.5
3524,0.546875
3525,0.42578125
3526,0.484375
3527,0.50390625
3528,0.546875
3529,0.48828125
3530,0.44140625
3531,0.53125
3532,0.5234375
3533,0.55859375
3534,0.4921875
3535,0.5546875
3536,0.484375
3537,0.515625
3538,0.5
3539,0.484375
3540,0.51171875
3541,0.46875
3542,0.546875
3543,0.5
3544,0.44140625
3545,0.51171875
3546,0.45703125
3547,0.515625
3548,0.5234375
3549,0.48828125
3550,0.48828125
3551,0.4609375
3552,0.45703125
3553,0.4609375
3554,0.49609375
3555,0.546875
3556,0.46484375
3557,0.53515625
3558,0.5
3559,0.56640625
3560,0.5234375
3561,0.48046875
3562,0.53125
3563,0.45703125
3564,0.4765625
3565,0.49609375
3566,0.515625
3567,0.546875
3568,0.5
3569,0.5234375
3570,0.54296875
3571,0.51171875
3572,0.421875
3573,0.5546875
3574,0.4609375
3575,0.546875
3576,0.47265625
3577,0.4921875
3578,0.51953125
3579,0.5
3580,0.484375
3581,0.4921875
3582,0.49609375
3583,0.4921875
3584,0.48828125
3585,0.43359375
3586,0.5078125
3587,0.47265625
3588,0.4765625
3589,0.5078125
3590,0.51171875
3591,0.50390625
3592,0.51953125
3593,0.4296875
3594,0.44921875
3595,0.5078125
3596,0.609375
3597,0.43359375
3598,0.5390625
3599,0.515625
3600,0.4765625
3601,0.5
3602,0.50390625
3603,0.51171875
3604,0.51171875
3605,0.515625
3606,0.4765625
3607,0.515625
3608,0.40234375
3609,0.5078125
3610,0.46875
3611,0.53125
3612,0.58203125
3613,0.4921875
3614,0.54296875
3615,0.52734375
3616,0.5234375
3617,0.58203125
3618,0.49609375
3619,0.50390625
3620,0.46875
3621,0.484375
3622,0.51953125
3623,0.48046875
3624,0.609375
3625,0.53125
3626,0.5546875
3627,0.46875
3628,0.453125
3629,0.4453125
3630,0.46875
3631,0.4609375
3632,0.484375
3633,0.5078125
3634,0.4453125
3635,0.4921875
3636,0.47265625
3637,0.5078125
3638,0.48046875
3639,0.515625
3640,0.55859375
3641,0.4609375
3642,0.484375
3643,0.57421875
3644,0.51953125
3645,0.4609375
3646,0.55859375
3647,0.5390625
3648,0.53125
3649,0.54296875
3650,0.4453125
3651,0.5703125
3652,0.47265625
3653,0.5546875
3654,0.48046875
3655,0.515625
3656,0.47265625
3657,0.5078125
3658,0.51171875
3659,0.484375
3660,0.4453125
3661,0.48828125
3662,0.45703125
3663,0.47265625
3664,0.53515625
3665,0.453125
3666,0.57421875
3667,0.4609375
3668,0.55078125
3669,0.4921875
3670,0.53125
3671,0.55859375
3672,0.5625
3673,0.48046875
3674,0.5
3675,0.46484375
3676,0.43359375
3677,0.46875
3678,0.47265625
3679,0.51953125
3680,0.44140625
3681,0.4375
3682,0.4765625
3683,0.515625
3684,0.453125
3685,0.52734375
3686,0.51171875
3687,0.5078125
3688,0.48046875
3689,0.47265625
3690,0.59375
3691,0.5625
3692,0.53125
3693,0.49609375
3694,0.484375
3695,0.53515625
3696,0.51953125
3697,0.515625
3698,0.46875
3699,0.51953125
3700,0.45703125
3701,0.47265625
3702,0.46875
3703,0.5078125
3704,0.4765625
3705,0.57421875
3706,0.55078125
3707,0.4921875
3708,0.51171875
3709,0.4921875
3710,0.55859375
3711,0.51171875
3712,0.4296875
3713,0.49609375
3714,0.48828125
3715,0.5078125
3716,0.5078125
3717,0.47265625
3718,0.5546875
3719,0.4609375
3720,0.4921875
3721,0.515625
3722,0.5234375
3723,0.515625
3724,0.5625
3725,0.51953125
3726,0.4921875
3727,0.5078125
3728,0.43359375
3729,0.515625
3730,0.4765625
3731,0.51171875
3732,0.4453125
3733,0.4609375
3734,0.51953125
3735,0.49609375
3736,0.48046875
3737,0.50390625
3738,0.5
3739,0.4921875
3740,0.5234375
3741,0.44921875
3742,0.5078125
3743,0.5
3744,0.484375
3745,0.515625
3746,0.52734375
3747,0.5
3748,0.515625
3749,0.48046875
3750,0.49609375
3751,0.546875
3752,0.52734375
3753,0.55078125
3754,0.47265625
3755,0.546875
3756,0.5
3757,0.5
3758,0.53515625
3759,0.546875
3760,0.52734375
3761,0.4453125
3762,0.484375
3763,0.50390625
3764,0.51171875
3765,0.51171875
3766,0.546875
3767,0.5078125
3768,0.5078125
3769,0.54296875
3770,0.4765625
3771,0.45703125
3772,0.43359375
3773,0.42578125
3774,0.51171875
3775,0.51171875
3776,0.4765625
3777,0.5546875
3778,0.484375
3779,0.50390625
3780,0.50390625
3781,0.36328125
3782,0.4921875
3783,0.54296875
3784,0.48046875
3785,0.55859375
3786,0.453125
3787,0.4921875
3788,0.44921875
3789,0.5234375
3790,0.51171875
3791,0.515625
3792,0.48046875
3793,0.47265625
3794,0.46875
3795,0.39453125
3796,0.51171875
3797,0.484375
3798,0.375
3799,0.515625
3800,0.4765625
3801,0.46875
3802,0.53125
3803,0.4921875
3804,0.5078125
3805,0.54296875
3806,0.46875
3807,0.4609375
3808,0.55859375
3809,0.48828125
3810,0.5625
3811,0.51953125
3812,0.53515625
3813,0.5390625
3814,0.5078125
3815,0.54296875
3816,0.47265625
3817,0.51171875
3818,0.44140625
3819,0.56640625
3820,0.48046875
3821,0.48828125
3822,0.51171875
3823,0.5
3824,0.48046875
3825,0.51953125
3826,0.47265625
3827,0.47265625
3828,0.52734375
3829,0.4453125
3830,0.5546875
3831,0.52734375
3832,0.53515625
3833,0.5625
3834,0.5078125
3835,0.55078125
3836,0.5625
3837,0.50390625
3838,0.515625
3839,0.52734375
3840,0.453125
3841,0.578125
3842,0.5
3843,0.4296875
3844,0.53125
3845,0.42578125
3846,0.48828125
3847,0.44140625
3848,0.59375
3849,0.55859375
3850,0.43359375
3851,0.51953125
3852,0.484375
3853,0.4453125
3854,0.46875
3855,0.48828125
3856,0.5625
3857,0.4609375
3858,0.453125
3859,0.55859375
3860,0.46875
3861,0.53125
3862,0.54296875
3863,0.55078125
3864,0.53125
3865,0.5234375
3866,0.4453125
3867,0.51953125
3868,0.44140625
3869,0.51171875
3870,0.4453125
3871,0.453125
3872,0.4296875
3873,0.5
3874,0.4921875
3875,0.4609375
3876,0.45703125
3877,0.578125
3878,0.453125
3879,0.5625
3880,0.453125
3881,0.5234375
3882,0.5078125
3883,0.578125
3884,0.41015625
3885,0.5546875
3886,0.4453125
3887,0.5078125
3888,0.52734375
3889,0.5078125
3890,0.515625
3891,0.5390625
3892,0.4375
3893,0.453125
3894,0.5078125
3895,0.4609375
3896,0.546875
3897,0.48828125
3898,0.48046875
3899,0.51171875
3900,0.515625
3901,0.49609375
3902,0.51953125
3903,0.55078125
3904,0.46484375
3905,0.51171875
3906,0.5859375
3907,0.4609375
3908,0.58203125
3909,0.5234375
3910,0.4921875
3911,0.515625
3912,0.484375
3913,0.4921875
3914,0.47265625
3915,0.51171875
3916,0.45703125
3917,0.6171875
3918,0.5078125
3919,0.55859375
3920,0.49609375
3921,0.53515625
3922,0.51171875
3923,0.50390625
3924,0.53125
3925,0.50390625
3926,0.49609375
3927,0.47265625
3928,0.5
3929,0.484375
3930,0.47265625
3931,0.48828125
3932,0.48828125
3933,0.44921875
3934,0.5234375
3935,0.48828125
3936,0.53515625
3937,0.46484375
3938,0.53515625
3939,0.51953125
3940,0.4375
3941,0.515625
3942,0.5703125
3943,0.48046875
3944,0.5
3945,0.5625
3946,0.44921875
3947,0.59765625
3948,0.50390625
3949,0.515625
3950,0.4765625
3951,0.47265625
3952,0.5625
3953,0.50390625
3954,0.4375
3955,0.55078125
3956,0.46484375
3957,0.359375
3958,0.5546875
3959,0.55859375
3960,0.50390625
3961,0.48828125
3962,0.515625
3963,0.4609375
3964,0.47265625
3965,0.48046875
3966,0.50390625
3967,0.48046875
3968,0.4765625
3969,0.5703125
3970,0.453125
3971,0.53125
3972,0.45703125
3973,0.55859375
3974,0.4921875
3975,0.5
3976,0.4921875
3977,0.50390625
3978,0.51171875
3979,0.47265625
3980,0.625
3981,0.4921875
3982,0.49609375
3983,0.52734375
3984,0.42578125
3985,0.53125
3986,0.49609375
3987,0.41796875
3988,0.48046875
3989,0.515625
3990,0.5
3991,0.5546875
3992,0.40625
3993,0.4609375
3994,0.48828125
3995,0.484375
3996,0.47265625
3997,0.51171875
3998,0.5078125
3999,0.51171875
4000,0.46875
4001,0.5546875
4002,0.55078125
4003,0.4765625
4004,0.44921875
4005,0.46875
4006,0.52734375
4007,0.46484375
4008,0.55078125
4009,0.52734375
4010,0.49609375
4011,0.453125
4012,0.53125
4013,0.453125
4014,0.53515625
4015,0.56640625
4016,0.48828125
4017,0.50390625
4018,0.55078125
4019,0.4609375
4020,0.55859375
4021,0.53515625
4022,0.6171875
4023,0.515625
4024,0.53125
4025,0.53515625
4026,0.4453125
4027,0.53125
4028,0.51171875
4029,0.5234375
4030,0.5390625
4031,0.421875
4032,0.53515625
4033,0.4609375
4034,0.48828125
4035,0.48828125
4036,0.4453125
4037,0.54296875
4038,0.57421875
4039,0.42578125
4040,0.48828125
4041,0.51953125
4042,0.4921875
4043,0.515625
4044,0.50390625
4045,0.52734375
4046,0.44140625
4047,0.53515625
4048,0.515625
4049,0.51171875
4050,0.51171875
4051,0.53125
4052,0.53125
4053,0.45703125
4054,0.49609375
4055,0.50390625
4056,0.45703125
4057,0.58203125
4058,0.6015625
4059,0.48046875
4060,0.4921875
4061,0.53515625
4062,0.55078125
4063,0.484375
4064,0.546875
4065,0.49609375
4066,0.5
4067,0.48828125
4068,0.52734375
4069,0.48828125
4070,0.46484375
4071,0.46875
4072,0.52734375
4073,0.5078125
4074,0.5234375
4075,0.421875
4076,0.515625
4077,0.46484375
4078,0.52734375
4079,0.4375
4080,0.52734375
4081,0.44921875
4082,0.546875
4083,0.48046875
4084,0.55859375
4085,0.4375
4086,0.5078125
4087,0.546875
4088,0.48046875
4089,0.53125
4090,0.52734375
4091,0.51171875
4092,0.46484375
4093,0.53515625
4094,0.515625
4095,0.5234375
4096,0.53515625
4097,0.484375
4098,0.53125
4099,0.51953125
4100,0.50390625
4101,0.5
4102,0.51953125
4103,0.48046875
4104,0.49609375
4105,0.546875
4106,0.49609375
4107,0.5625
4108,0.5390625
4109,0.50390625
4110,0.5546875
4111,0.51171875
4112,0.50390625
4113,0.44140625
4114,0.52734375
4115,0.48046875
4116,0.5
4117,0.5390625
4118,0.53515625
4119,0.4609375
4120,0.47265625
4121,0.46875
4122,0.4609375
4123,0.5859375
4124,0.5
4125,0.51953125
4126,0.5078125
4127,0.47265625
4128,0.47265625
4129,0.5234375
4130,0.5
4131,0.51171875
4132,0.4609375
4133,0.5078125
4134,0.48046875
4135,0.4921875
4136,0.49609375
4137,0.45703125
4138,0.5546875
4139,0.5078125
4140,0.5703125
4141,0.5078125
4142,0.55078125
4143,0.47265625
4144,0.484375
4145,0.55859375
4146,0.5234375
4147,0.53125
4148,0.5
4149,0.4921875
4150,0.53515625
4151,0.53125
4152,0.50390625
4153,0.54296875
4154,0.48828125
4155,0.46484375
4156,0.48828125
4157,0.5546875
4158,0.4453125
4159,0.4609375
4160,0.5703125
4161,0.46875
4162,0.5625
4163,0.46875
4164,0.4609375
4165,0.484375
4166,0.5390625
4167,0.59375
4168,0.49609375
4169,0.55078125
4170,0.53125
4171,0.48828125
4172,0.48046875
4173,0.46484375
4174,0.51171875
4175,0.5546875
4176,0.51953125
4177,0.4375
4178,0.51171875
4179,0.51953125
4180,0.45703125
4181,0.48046875
4182,0.54296875
4183,0.49609375
4184,0.50390625
4185,0.51171875
4186,0.45703125
4187,0.55078125
4188,0.48046875
4189,0.41796875
4190,0.52734375
4191,0.4765625
4192,0.515625
4193,0.46875
4194,0.43359375
4195,0.4765625
4196,0.48046875
4197,0.5078125
4198,0.5
4199,0.53515625
4200,0.45703125
4201,0.49609375
4202,0.5
4203,0.52734375
4204,0.5
4205,0.4921875
4206,0.4296875
4207,0.46484375
4208,0.46484375
4209,0.4609375
4210,0.5390625
4211,0.54296875
4212,0.5234375
4213,0.453125
4214,0.453125
4215,0.484375
4216,0.4375
4217,0.49609375
4218,0.41015625
4219,0.51171875
4220,0.4765625
4221,0.46484375
4222,0.4609375
4223,0.51171875
4224,0.4921875
4225,0.46484375
4226,0.57421875
4227,0.54296875
4228,0.54296875
4229,0.46875
4230,0.515625
4231,0.484375
4232,0.5
4233,0.46875
4234,0.5234375
4235,0.51171875
4236,0.421875
4237,0.44921875
4238,0.59765625
4239,0.4921875
4240,0.51953125
4241,0.44921875
4242,0.546875
4243,0.453125
4244,0.4921875
4245,0.45703125
4246,0.36328125
4247,0.45703125
4248,0.51171875
4249,0.5078125
4250,0.42578125
4251,0.53125
4252,0.4765625
4253,0.4765625
4254,0.46484375
4255,0.546875
4256,0.51953125
4257,0.5703125
4258,0.48828125
4259,0.50390625
4260,0.55078125
4261,0.515625
4262,0.5
4263,0.51953125
4264,0.5078125
4265,0.53515625
4266,0.515625
4267,0.4921875
4268,0.5078125
4269,0.5
4270,0.421875
4271,0.5703125
4272,0.54296875
4273,0.51171875
4274,0.50390625
4275,0.453125
4276,0.47265625
4277,0.50390625
4278,0.52734375
4279,0.5234375
4280,0.5390625
4281,0.52734375
4282,0.5703125
4283,0.51171875
4284,0.48046875
4285,0.52734375
4286,0.5078125
4287,0.453125
4288,0.48046875
4289,0.52734375
4290,0.45703125
4291,0.55078125
4292,0.4921875
4293,0.46875
4294,0.5078125
4295,0.53515625
4296,0.5078125
4297,0.5078125
4298,0.5234375
4299,0.45703125
4300,0.44921875
4301,0.44140625
4302,0.5
4303,0.47265625
4304,0.4921875
4305,0.47265625
4306,0.5390625
4307,0.5390625
4308,0.453125
4309,0.48046875
4310,0.58203125
4311,0.43359375
4312,0.46875
4313,0.45703125
4314,0.52734375
4315,0.5
4316,0.5234375
4317,0.5859375
4318,0.55078125
4319,0.47265625
4320,0.5078125
4321,0.51171875
4322,0.47265625
4323,0.453125
4324,0.5703125
4325,0.4765625
4326,0.44921875
4327,0.53515625
4328,0.5546875
4329,0.62109375
4330,0.5546875
4331,0.4921875
4332,0.4765625
4333,0.5234375
4334,0.453125
4335,0.59375
4336,0.51953125
4337,0.52734375
4338,0.49609375
4339,0.4609375
4340,0.41796875
4341,0.5546875
4342,0.46484375
4343,0.53125
4344,0.46875
4345,0.5234375
4346,0.51171875
4347,0.50390625
4348,0.49609375
4349,0.54296875
4350,0.46484375
4351,0.52734375
4352,0.44140625
4353,0.546875
4354,0.4375
4355,0.50390625
4356,0.53125
4357,0.48828125
4358,0.515625
4359,0.5625
4360,0.453125
4361,0.515625
4362,0.52734375
4363,0.52734375
4364,0.4921875
4365,0.484375
4366,0.50390625
4367,0.5
4368,0.54296875
4369,0.51171875
4370,0.4609375
4371,0.5703125
4372,0.515625
4373,0.578125
4374,0.54296875
4375,0.51171875
4376,0.51171875
4377,0.50390625
4378,0.53515625
4379,0.5234375
4380,0.54296875
4381,0.5078125
4382,0.46484375
4383,0.50390625
4384,0.578125
4385,0.49609375
4386,0.4609375
4387,0.54296875
4388,0.48046875
4389,0.46875
4390,0.45703125
4391,0.546875
4392,0.4609375
4393,0.5078125
4394,0.47265625
4395,0.546875
4396,0.4609375
4397,0.56640625
4398,0.50390625
4399,0.5078125
4400,0.5703125
4401,0.49609375
4402,0.4609375
4403,0.53515625
4404,0.57421875
4405,0.4765625
4406,0.52734375
4407,0.46484375
4408,0.5
4409,0.5234375
4410,0.48828125
4411,0.546875
4412,0.45703125
4413,0.43359375
4414,0.46875
4415,0.4921875
4416,0.5078125
4417,0.53515625
4418,0.45703125
4419,0.57421875
4420,0.48046875
4421,0.51953125
4422,0.4609375
4423,0.5078125
4424,0.4609375
4425,0.4609375
4426,0.44921875
4427,0.48828125
4428,0.55078125
4429,0.58984375
4430,0.46875
4431,0.484375
4432,0.5390625
4433,0.52734375
4434,0.5546875
4435,0.42578125
4436,0.46875
4437,0.48828125
4438,0.52734375
4439,0.4765625
4440,0.55859375
4441,0.52734375
4442,0.46484375
4443,0.484375
4444,0.47265625
4445,0.4375
4446,0.5078125
4447,0.49609375
4448,0.484375
4449,0.51171875
4450,0.57421875
4451,0.5078125
4452,0.515625
4453,0.51171875
4454,0.46484375
4455,0.4609375
4456,0.5625
4457,0.52734375
4458,0.5078125
4459,0.4765625
4460,0.51953125
4461,0.51171875
4462,0.47265625
4463,0.48046875
4464,0.54296875
4465,0.50390625
4466,0.53125
4467,0.5703125
4468,0.48828125
4469,0.546875
4470,0.40625
4471,0.53125
4472,0.46484375
4473,0.484375
4474,0.453125
4475,0.44921875
4476,0.4609375
4477,0.4453125
4478,0.55859375
4479,0.546875
4480,0.51953125
4481,0.58203125
4482,0.4921875
4483,0.51953125
4484,0.46875
4485,0.46875
4486,0.5078125
4487,0.5078125
4488,0.5078125
4489,0.51171875
4490,0.4765625
4491,0.61328125
4492,0.58203125
4493,0.5078125
4494,0.46484375
4495,0.53125
4496,0.54296875
4497,0.5
4498,0.453125
4499,0.5
4500,0.48046875
4501,0.41015625
4502,0.50390625
4503,0.55859375
4504,0.45703125
4505,0.4453125
4506,0.53515625
4507,0.46875
4508,0.5
4509,0.49609375
4510,0.53515625
4511,0.51171875
4512,0.48828125
4513,0.484375
4514,0.5
4515,0.5
4516,0.42578125
4517,0.54296875
4518,0.55078125
4519,0.46875
4520,0.50390625
4521,0.484375
4522,0.5
4523,0.47265625
4524,0.5078125
4525,0.45703125
4526,0.484375
4527,0.5078125
4528,0.5390625
4529,0.48828125
4530,0.5859375
4531,0.5078125
4532,0.48046875
4533,0.484375
4534,0.53515625
4535,0.48828125
4536,0.515625
4537,0.5078125
4538,0.53515625
4539,0.53515625
4540,0.49609375
4541,0.515625
4542,0.5
4543,0.48046875
4544,0.5
4545,0.59765625
4546,0.53515625
4547,0.4765625
4548,0.6015625
4549,0.5234375
4550,0.53125
4551,0.47265625
4552,0.50390625
4553,0.44140625
4554,0.54296875
4555,0.5390625
4556,0.4765625
4557,0.515625
4558,0.54296875
4559,0.515625
4560,0.54296875
4561,0.5234375
4562,0.53125
4563,0.40234375
4564,0.48046875
4565,0.5234375
4566,0.484375
4567,0.48828125
4568,0.51171875
4569,0.49609375
4570,0.57421875
4571,0.5078125
4572,0.49609375
4573,0.5546875
4574,0.45703125
4575,0.5
4576,0.484375
4577,0.5390625
4578,0.50390625
4579,0.52734375
4580,0.56640625
4581,0.5234375
4582,0.48828125
4583,0.484375
4584,0.515625
4585,0.44140625
4586,0.5234375
4587,0.52734375
4588,0.51171875
4589,0.52734375
4590,0.484375
4591,0.546875
4592,0.4765625
4593,0.52734375
4594,0.546875
4595,0.46875
4596,0.4921875
4597,0.44921875
4598,0.51953125
4599,0.4921875
4600,0.43359375
4601,0.58203125
4602,0.53125
4603,0.5625
4604,0.5234375
4605,0.4765625
4606,0.45703125
4607,0.4921875
4608,0.51171875
4609,0.55859375
4610,0.4765625
4611,0.41796875
4612,0.53515625
4613,0.51953125
4614,0.58203125
4615,0.47265625
4616,0.52734375
4617,0.4765625
4618,0.48046875
4619,0.49609375
4620,0.48828125
4621,0.4375
4622,0.48046875
4623,0.4921875
4624,0.4609375
4625,0.5390625
4626,0.4765625
4627,0.52734375
4628,0.4921875
4629,0.4609375
4630,0.5625
4631,0.44921875
4632,0.4921875
4633,0.5703125
4634,0.50390625
4635,0.53515625
4636,0.52734375
4637,0.45703125
4638,0.546875
4639,0.48046875
4640,0.484375
4641,0.4609375
4642,0.54296875
4643,0.484375
4644,0.52734375
4645,0.48046875
4646,0.5234375
4647,0.49609375
4648,0.4921875
4649,0.52734375
4650,0.53125
4651,0.4765625
4652,0.50390625
4653,0.49609375
4654,0.4921875
4655,0.48046875
4656,0.49609375
4657,0.47265625
4658,0.48046875
4659,0.4921875
4660,0.5078125
4661,0.42578125
4662,0.4765625
4663,0.51953125
4664,0.52734375
4665,0.47265625
4666,0.453125
4667,0.46875
4668,0.52734375
4669,0.5546875
4670,0.4921875
4671,0.5234375
4672,0.50390625
4673,0.484375
4674,0.578125
4675,0.49609375
4676,0.47265625
4677,0.4609375
4678,0.515625
4679,0.43359375
4680,0.51171875
4681,0.5546875
4682,0.48046875
4683,0.53125
4684,0.45703125
4685,0.43359375
4686,0.546875
4687,0.51953125
4688,0.453125
4689,0.4609375
4690,0.46875
4691,0.45703125
4692,0.46484375
4693,0.5078125
4694,0.484375
4695,0.5078125
4696,0.4921875
4697,0.484375
4698,0.54296875
4699,0.515625
4700,0.48828125
4701,0.6328125
4702,0.5
4703,0.46875
4704,0.5390625
4705,0.515625
4706,0.46484375
4707,0.45703125
4708,0.4375
4709,0.53515625
4710,0.58984375
4711,0.49609375
4712,0.53515625
4713,0.51953125
4714,0.4765625
4715,0.51171875
4716,0.51953125
4717,0.3828125
4718,0.51953125
4719,0.47265625
4720,0.51953125
4721,0.60546875
4722,0.44921875
4723,0.46875
4724,0.515625
4725,0.5078125
4726,0.5234375
4727,0.44140625
4728,0.484375
4729,0.4765625
4730,0.4609375
4731,0.54296875
4732,0.5390625
4733,0.47265625
4734,0.53515625
4735,0.4765625
4736,0.48828125
4737,0.5390625
4738,0.51171875
4739,0.5078125
4740,0.5
4741,0.51171875
4742,0.52734375
4743,0.53125
4744,0.49609375
4745,0.484375
4746,0.55078125
4747,0.46484375
4748,0.5390625
4749,0.48828125
4750,0.52734375
4751,0.44921875
4752,0.45703125
4753,0.51171875
4754,0.58203125
4755,0.4921875
4756,0.53125
4757,0.46484375
4758,0.5
4759,0.47265625
4760,0.52734375
4761,0.5234375
4762,0.4765625
4763,0.5078125
4764,0.46875
4765,0.4453125
4766,0.46484375
4767,0.515625
4768,0.51953125
4769,0.484375
4770,0.515625
4771,0.453125
4772,0.48046875
4773,0.46875
4774,0.57421875
4775,0.4609375
4776,0.55859375
4777,0.53125
4778,0.4765625
4779,0.50390625
4780,0.47265625
4781,0.50390625
4782,0.546875
4783,0.53125
4784,0.484375
4785,0.45703125
4786,0.5
4787,0.44140625
4788,0.4921875
4789,0.59765625
4790,0.4765625
4791,0.4609375
4792,0.5546875
4793,0.4609375
4794,0.5546875
4795,0.50390625
4796,0.51171875
4797,0.46875
4798,0.484375
4799,0.515625
4800,0.54296875
4801,0.515625
4802,0.4765625
4803,0.4375
4804,0.48828125
4805,0.5078125
4806,0.55859375
4807,0.4609375
4808,0.48828125
4809,0.49609375
4810,0.5
4811,0.52734375
4812,0.4921875
4813,0.4921875
4814,0.51953125
4815,0.48828125
4816,0.48046875
4817,0.484375
4818,0.53515625
4819,0.5078125
4820,0.4765625
4821,0.48046875
4822,0.45703125
4823,0.5
4824,0.5234375
4825,0.50390625
4826,0.45703125
4827,0.48046875
4828,0.48828125
4829,0.57421875
4830,0.4765625
4831,0.56640625
4832,0.58984375
4833,0.45703125
4834,0.5390625
4835,0.5
4836,0.47265625
4837,0.41015625
4838,0.47265625
4839,0.52734375
4840,0.48046875
4841,0.5390625
4842,0.515625
4843,0.46875
4844,0.52734375
4845,0.484375
4846,0.5
4847,0.51953125
4848,0.50390625
4849,0.46484375
4850,0.50390625
4851,0.46484375
4852,0.5
4853,0.5078125
4854,0.51171875
4855,0.54296875
4856,0.5
4857,0.5234375
4858,0.53515625
4859,0.51171875
4860,0.52734375
4861,0.5390625
4862,0.4453125
4863,0.41015625
4864,0.421875
4865,0.43359375
4866,0.59765625
4867,0.546875
4868,0.5234375
4869,0.55859375
4870,0.5078125
4871,0.5390625
4872,0.55078125
4873,0.4609375
4874,0.44921875
4875,0.51953125
4876,0.50390625
4877,0.4609375
4878,0.5078125
4879,0.51171875
4880,0.46484375
4881,0.46875
4882,0.50390625
4883,0.5390625
4884,0.4609375
4885,0.59375
4886,0.50390625
4887,0.578125
4888,0.53515625
4889,0.58203125
4890,0.53125
4891,0.46484375
4892,0.5703125
4893,0.5
4894,0.4609375
4895,0.50390625
4896,0.48828125
4897,0.51953125
4898,0.56640625
4899,0.44921875
4900,0.5234375
4901,0.51171875
4902,0.5078125
4903,0.5546875
4904,0.5
4905,0.4765625
4906,0.48046875
4907,0.5
4908,0.453125
4909,0.5078125
4910,0.5234375
4911,0.5625
4912,0.5546875
4913,0.55078125
4914,0.4765625
4915,0.54296875
4916,0.515625
4917,0.546875
4918,0.54296875
4919,0.51171875
4920,0.5625
4921,0.5234375
4922,0.43359375
4923,0.5078125
4924,0.51953125
4925,0.55078125
4926,0.546875
4927,0.52734375
4928,0.4140625
4929,0.52734375
4930,0.53125
4931,0.42578125
4932,0.5234375
4933,0.484375
4934,0.4453125
4935,0.5390625
4936,0.515625
4937,0.44140625
4938,0.6171875
4939,0.5625
4940,0.4921875
4941,0.47265625
4942,0.46875
4943,0.5
4944,0.4609375
4945,0.52734375
4946,0.4921875
4947,0.4921875
4948,0.5078125
4949,0.50390625
4950,0.4375
4951,0.49609375
4952,0.5234375
4953,0.4453125
4954,0.44140625
4955,0.44921875
4956,0.4921875
4957,0.40234375
4958,0.578125
4959,0.55078125
4960,0.5234375
4961,0.50390625
4962,0.57421875
4963,0.48046875
4964,0.4453125
4965,0.46875
4966,0.453125
4967,0.56640625
4968,0.53125
4969,0.5234375
4970,0.44140625
4971,0.49609375
4972,0.53125
4973,0.5078125
4974,0.54296875
4975,0.48828125
4976,0.4453125
4977,0.5
4978,0.46875
4979,0.46484375
4980,0.52734375
4981,0.54296875
4982,0.40625
4983,0.51953125
4984,0.5703125
4985,0.4609375
4986,0.50390625
4987,0.51953125
4988,0.4453125
4989,0.46875
4990,0.4296875
4991,0.50390625
4992,0.5078125
4993,0.4765625
4994,0.4921875
4995,0.51171875
4996,0.4765625
4997,0.5390625
4998,0.453125
4999,0.45703125
5000,0.53515625
5001,0.48046875
5002,0.484375
5003,0.51171875
5004,0.46875
5005,0.578125
5006,0.4453125
5007,0.484375
5008,0.43359375
5009,0.5703125
5010,0.4765625
5011,0.51953125
5012,0.515625
5013,0.5234375
5014,0.55859375
5015,0.5234375
5016,0.51953125
5017,0.46875
5018,0.53125
5019,0.52734375
5020,0.5390625
5021,0.4375
5022,0.5078125
5023,0.53125
5024,0.5078125
5025,0.51953125
5026,0.4765625
5027,0.48828125
5028,0.4296875
5029,0.4765625
5030,0.49609375
5031,0.5234375
5032,0.48046875
5033,0.5234375
5034,0.51171875
5035,0.5390625
5036,0.51171875
5037,0.51171875
5038,0.53125
5039,0.4609375
5040,0.515625
5041,0.54296875
5042,0.5078125
5043,0.5625
5044,0.52734375
5045,0.46875
5046,0.48828125
5047,0.51171875
5048,0.5625
5049,0.484375
5050,0.484375
5051,0.5078125
5052,0.4609375
5053,0.5234375
5054,0.515625
5055,0.49609375
5056,0.48046875
5057,0.5078125
5058,0.4921875
5059,0.4921875
5060,0.5
5061,0.48828125
5062,0.53125
5063,0.53125
5064,0.56640625
5065,0.49609375
5066,0.4765625
5067,0.44921875
5068,0.50390625
5069,0.48828125
5070,0.53515625
5071,0.48046875
5072,0.5
5073,0.44140625
5074,0.48828125
5075,0.54296875
5076,0.47265625
5077,0.51953125
5078,0.5234375
5079,0.46875
5080,0.5234375
5081,0.44921875
5082,0.48046875
5083,0.515625
5084,0.50390625
5085,0.49609375
5086,0.4921875
5087,0.44921875
5088,0.48828125
5089,0.51171875
5090,0.515625
5091,0.4140625
5092,0.55859375
5093,0.5
5094,0.4765625
5095,0.51953125
5096,0.48046875
5097,0.46875
5098,0.5078125
5099,0.5390625
5100,0.44140625
5101,0.4921875
5102,0.45703125
5103,0.51171875
5104,0.51171875
5105,0.4609375
5106,0.4921875
5107,0.4375
5108,0.546875
5109,0.5078125
5110,0.578125
5111,0.50390625
5112,0.53515625
5113,0.53125
5114,0.51171875
5115,0.45703125
5116,0.5
5117,0.55859375
5118,0.4296875
5119,0.4765625
5120,0.4453125
5121,0.4765625
5122,0.453125
5123,0.46484375
5124,0.5078125
5125,0.55859375
5126,0.48046875
5127,0.45703125
5128,0.55078125
5129,0.546875
5130,0.55078125
5131,0.4921875
5132,0.546875
5133,0.50390625
5134,0.5390625
5135,0.5234375
5136,0.5
5137,0.42578125
5138,0.5
5139,0.52734375
5140,0.546875
5141,0.54296875
5142,0.46875
5143,0.50390625
5144,0.50390625
5145,0.4765625
5146,0.47265625
5147,0.55078125
5148,0.49609375
5149,0.4765625
5150,0.48828125
5151,0.54296875
5152,0.51171875
5153,0.53515625
5154,0.48828125
5155,0.515625
5156,0.4375
5157,0.5078125
5158,0.4765625
5159,0.48828125
5160,0.58984375
5161,0.51953125
5162,0.49609375
5163,0.4296875
5164,0.4765625
5165,0.51171875
5166,0.4765625
5167,0.4921875
5168,0.52734375
5169,0.48828125
5170,0.5
5171,0.4765625
5172,0.5078125
5173,0.48046875
5174,0.50390625
5175,0.44140625
5176,0.42578125
5177,0.5390625
5178,0.49609375
5179,0.50390625
5180,0.51171875
5181,0.51171875
5182,0.48046875
5183,0.453125
5184,0.546875
5185,0.46484375
5186,0.46875
5187,0.453125
5188,0.5234375
5189,0.55859375
5190,0.5
5191,0.44921875
5192,0.46484375
5193,0.5
5194,0.5078125
5195,0.4921875
5196,0.4609375
5197,0.51171875
5198,0.4921875
5199,0.53125
5200,0.48046875
5201,0.5078125
5202,0.50390625
5203,0.421875
5204,0.515625
5205,0.46484375
5206,0.515625
5207,0.50390625
5208,0.52734375
5209,0.43359375
5210,0.51171875
5211,0.5078125
5212,0.4765625
5213,0.48828125
5214,0.49609375
5215,0.4921875
5216,0.5546875
5217,0.5625
5218,0.47265625
5219,0.4765625
5220,0.51953125
5221,0.4609375
5222,0.47265625
5223,0.515625
5224,0.47265625
5225,0.4609375
5226,0.47265625
5227,0.52734375
5228,0.5078125
5229,0.484375
5230,0.5234375
5231,0.4140625
5232,0.49609375
5233,0.5
5234,0.47265625
5235,0.4765625
5236,0.43359375
5237,0.55078125
5238,0.52734375
5239,0.52734375
5240,0.5234375
5241,0.51953125
5242,0.44921875
5243,0.53515625
5244,0.46875
5245,0.4375
5246,0.484375
5247,0.53125
5248,0.5546875
5249,0.59375
5250,0.5
5251,0.54296875
5252,0.50390625
5253,0.484375
5254,0.53515625
5255,0.51953125
5256,0.484375
5257,0.43359375
5258,0.51171875
5259,0.5
5260,0.55859375
5261,0.4609375
5262,0.484375
5263,0.44921875
5264,0.47265625
5265,0.4609375
5266,0.4765625
5267,0.53515625
5268,0.58984375
5269,0.49609375
5270,0.50390625
5271,0.4765625
5272,0.48046875
5273,0.5078125
5274,0.5390625
5275,0.52734375
5276,0.46875
5277,0.51171875
5278,0.5078125
5279,0.51171875
5280,0.375
5281,0.55078125
5282,0.4453125
5283,0.51953125
5284,0.49609375
5285,0.515625
5286,0.46875
5287,0.5
5288,0.5546875
5289,0.484375
5290,0.5
5291,0.49609375
5292,0.5078125
5293,0.50390625
5294,0.48828125
5295,0.4921875
5296,0.53125
5297,0.53125
5298,0.4375
5299,0.51171875
5300,0.50390625
5301,0.4921875
5302,0.5078125
5303,0.57421875
5304,0.44921875
5305,0.5
5306,0.48046875
5307,0.5078125
5308,0.453125
5309,0.46875
5310,0.5078125
5311,0.55859375
5312,0.53515625
5313,0.53125
5314,0.53125
5315,0.47265625
5316,0.5
5317,0.5078125
5318,0.53515625
5319,0.55859375
5320,0.5234375
5321,0.4453125
5322,0.453125
5323,0.48828125
5324,0.4921875
5325,0.51171875
5326,0.56640625
5327,0.46875
5328,0.48828125
5329,0.51171875
5330,0.4609375
5331,0.5234375
5332,0.55859375
5333,0.484375
5334,0.51171875
5335,0.53125
5336,0.5
5337,0.45703125
5338,0.53515625
5339,0.51171875
5340,0.48046875
5341,0.55078125
5342,0.4765625
5343,0.53515625
5344,0.52734375
5345,0.45703125
5346,0.484375
5347,0.51953125
5348,0.46875
5349,0.46875
5350,0.53125
5351,0.53515625
5352,0.48046875
5353,0.50390625
5354,0.4609375
5355,0.5078125
5356,0.484375
5357,0.57421875
5358,0.47265625
5359,0.53515625
5360,0.49609375
5361,0.53125
5362,0.5234375
5363,0.5078125
5364,0.51171875
5365,0.5
5366,0.48828125
5367,0.49609375
5368,0.48828125
5369,0.51953125
5370,0.47265625
5371,0.46484375
5372,0.50390625
5373,0.48046875
5374,0.5390625
5375,0.47265625
5376,0.4765625
5377,0.453125
5378,0.453125
5379,0.4921875
5380,0.515625
5381,0.48046875
5382,0.5390625
5383,0.546875
5384,0.55078125
5385,0.47265625
5386,0.5390625
5387,0.48046875
5388,0.51171875
5389,0.51171875
5390,0.46875
5391,0.47265625
5392,0.546875
5393,0.48828125
5394,0.4921875
5395,0.5234375
5396,0.546875
5397,0.53125
5398,0.5390625
5399,0.44140625
5400,0.48828125
5401,0.5
5402,0.51171875
5403,0.44921875
5404,0.48046875
5405,0.46484375
5406,0.51953125
5407,0.515625
5408,0.48046875
5409,0.50390625
5410,0.5
5411,0.49609375
5412,0.55859375
5413,0.50390625
5414,0.4921875
5415,0.48046875
5416,0.54296875
5417,0.4921875
5418,0.4453125
5419,0.5078125
5420,0.51953125
5421,0.45703125
5422,0.4921875
5423,0.4921875
5424,0.51953125
5425,0.4609375
5426,0.42578125
5427,0.4921875
5428,0.58203125
5429,0.49609375
5430,0.5625
5431,0.50390625
5432,0.46875
5433,0.5390625
5434,0.515625
5435,0.4609375
5436,0.53125
5437,0.53515625
5438,0.5
5439,0.515625
5440,0.47265625
5441,0.51953125
5442,0.47265625
5443,0.4921875
5444,0.52734375
5445,0.46484375
5446,0.5078125
5447,0.43359375
5448,0.5078125
5449,0.52734375
5450,0.55859375
5451,0.4453125
5452,0.53515625
5453,0.48828125
5454,0.578125
5455,0.5078125
5456,0.51171875
5457,0.45703125
5458,0.5234375
5459,0.53515625
5460,0.50390625
5461,0.46484375
5462,0.4765625
5463,0.48828125
5464,0.48828125
5465,0.4921875
5466,0.51953125
5467,0.453125
5468,0.50390625
5469,0.56640625
5470,0.46875
5471,0.4765625
5472,0.5703125
5473,0.53125
5474,0.54296875
5475,0.51171875
5476,0.53125
5477,0.45703125
5478,0.52734375
5479,0.5
5480,0.52734375
5481,0.53125
5482,0.484375
5483,0.49609375
5484,0.5234375
5485,0.52734375
5486,0.55859375
5487,0.453125
5488,0.5390625
5489,0.5
5490,0.55859375
5491,0.4765625
5492,0.5234375
5493,0.47265625
5494,0.51171875
5495,0.4765625
5496,0.5546875
5497,0.4921875
5498,0.51171875
5499,0.4921875
5500,0.48828125
5501,0.50390625
5502,0.47265625
5503,0.5
5504,0.5234375
5505,0.53125
5506,0.5390625
5507,0.47265625
5508,0.44140625
5509,0.51171875
5510,0.5078125
5511,0.5234375
5512,0.53125
5513,0.49609375
5514,0.5
5515,0.56640625
5516,0.53125
5517,0.44921875
5518,0.46875
5519,0.53515625
5520,0.5390625
5521,0.50390625
5522,0.51953125
5523,0.515625
5524,0.50390625
5525,0.390625
5526,0.578125
5527,0.44140625
5528,0.5
5529,0.546875
5530,0.5546875
5531,0.54296875
5532,0.46875
5533,0.5078125
5534,0.46484375
5535,0.48828125
5536,0.4609375
5537,0.52734375
5538,0.5625
5539,0.50390625
5540,0.52734375
5541,0.54296875
5542,0.50390625
5543,0.51171875
5544,0.46875
5545,0.48828125
5546,0.49609375
5547,0.515625
5548,0.4921875
5549,0.46875
5550,0.48828125
5551,0.4765625
5552,0.5234375
5553,0.44140625
5554,0.515625
5555,0.51953125
5556,0.49609375
5557,0.51953125
5558,0.546875
5559,0.5078125
5560,0.46484375
5561,0.55078125
5562,0.515625
5563,0.515625
5564,0.578125
5565,0.51171875
5566,0.515625
5567,0.53125
5568,0.51953125
5569,0.4921875
5570,0.48046875
5571,0.5703125
5572,0.5078125
5573,0.55078125
5574,0.4921875
5575,0.53515625
5576,0.55859375
5577,0.484375
5578,0.5078125
5579,0.46484375
5580,0.52734375
5581,0.5078125
5582,0.51171875
5583,0.47265625
5584,0.47265625
5585,0.48046875
5586,0.546875
5587,0.4921875
5588,0.46484375
5589,0.5390625
5590,0.4921875
5591,0.5546875
5592,0.44140625
5593,0.49609375
5594,0.44140625
5595,0.4921875
5596,0.6171875
5597,0.46875
5598,0.56640625
5599,0.51953125
5600,0.53125
5601,0.49609375
5602,0.5078125
5603,0.48828125
5604,0.5078125
5605,0.4921875
5606,0.46484375
5607,0.51953125
5608,0.50390625
5609,0.49609375
5610,0.5234375
5611,0.46875
5612,0.51171875
5613,0.50390625
5614,0.43359375
5615,0.49609375
5616,0.4296875
5617,0.484375
5618,0.5
5619,0.48828125
5620,0.51171875
5621,0.484375
5622,0.51171875
5623,0.55859375
5624,0.51171875
5625,0.54296875
5626,0.5
5627,0.5234375
5628,0.54296875
5629,0.58984375
5630,0.4453125
5631,0.51953125
5632,0.44921875
5633,0.53125
5634,0.484375
5635,0.5078125
5636,0.46484375
5637,0.5234375
5638,0.48046875
5639,0.46875
5640,0.5
5641,0.5703125
5642,0.5390625
5643,0.484375
5644,0.43359375
5645,0.48828125
5646,0.5390625
5647,0.484375
5648,0.5078125
5649,0.546875
5650,0.4609375
5651,0.4765625
5652,0.48046875
5653,0.546875
5654,0.4765625
5655,0.46484375
5656,0.5234375
5657,0.54296875
5658,0.4921875
5659,0.4765625
5660,0.51953125
5661,0.51953125
5662,0.453125
5663,0.48046875
5664,0.55078125
5665,0.53515625
5666,0.484375
5667,0.515625
5668,0.5625
5669,0.50390625
5670,0.4921875
5671,0.5
5672,0.44140625
5673,0.48828125
5674,0.5078125
5675,0.5078125
5676,0.5078125
5677,0.453125
5678,0.41796875
5679,0.48046875
5680,0.515625
5681,0.46875
5682,0.4765625
5683,0.4453125
5684,0.546875
5685,0.50390625
5686,0.45703125
5687,0.484375
5688,0.5859375
5689,0.55859375
5690,0.484375
5691,0.48828125
5692,0.51953125
5693,0.453125
5694,0.453125
5695,0.46484375
5696,0.5
5697,0.53515625
5698,0.53125
5699,0.453125
5700,0.46875
5701,0.5
5702,0.578125
5703,0.50390625
5704,0.5234375
5705,0.45703125
5706,0.5
5707,0.4375
5708,0.5546875
5709,0.47265625
5710,0.453125
5711,0.51953125
5712,0.578125
5713,0.48046875
5714,0.48046875
5715,0.49609375
5716,0.5
5717,0.53515625
5718,0.48828125
5719,0.5078125
5720,0.58203125
5721,0.546875
5722,0.44921875
5723,0.515625
5724,0.4765625
5725,0.50390625
5726,0.51171875
5727,0.5234375
5728,0.4765625
5729,0.49609375
5730,0.45703125
5731,0.49609375
5732,0.53125
5733,0.53515625
5734,0.51953125
5735,0.5078125
5736,0.49609375
5737,0.484375
5738,0.453125
5739,0.5546875
5740,0.453125
5741,0.5078125
5742,0.44140625
5743,0.453125
5744,0.4609375
5745,0.50390625
5746,0.4921875
5747,0.5
5748,0.48828125
5749,0.5625
5750,0.4453125
5751,0.53515625
5752,0.484375
5753,0.50390625
5754,0.5546875
5755,0.51953125
5756,0.515625
5757,0.53125
5758,0.52734375
5759,0.5625
5760,0.4921875
5761,0.48828125
5762,0.51171875
5763,0.47265625
5764,0.5390625
5765,0.4765625
5766,0.4921875
5767,0.53125
5768,0.5
5769,0.5234375
5770,0.5390625
5771,0.515625
5772,0.484375
5773,0.453125
5774,0.4609375
5775,0.48828125
5776,0.51953125
5777,0.4609375
5778,0.45703125
5779,0.4765625
5780,0.51171875
5781,0.4921875
5782,0.484375
5783,0.484375
5784,0.48828125
5785,0.51953125
5786,0.5546875
5787,0.51953125
5788,0.5078125
5789,0.53515625
5790,0.54296875
5791,0.47265625
5792,0.58203125
5793,0.43359375
5794,0.44140625
5795,0.53125
5796,0.5234375
5797,0.4765625
5798,0.51171875
5799,0.49609375
5800,0.49609375
5801,0.48046875
5802,0.5390625
5803,0.53125
5804,0.50390625
5805,0.5234375
5806,0.46484375
5807,0.4375
5808,0.4375
5809,0.48828125
5810,0.52734375
5811,0.43359375
5812,0.4375
5813,0.49609375
5814,0.53515625
5815,0.546875
5816,0.48046875
5817,0.546875
5818,0.515625
5819,0.5
5820,0.53125
5821,0.4921875
5822,0.5390625
5823,0.48046875
5824,0.5078125
5825,0.49609375
5826,0.5234375
5827,0.51953125
5828,0.45703125
5829,0.49609375
5830,0.56640625
5831,0.546875
5832,0.53515625
5833,0.484375
5834,0.49609375
5835,0.53125
5836,0.453125
5837,0.484375
5838,0.55078125
5839,0.5078125
5840,0.51171875
5841,0.4609375
5842,0.4765625
5843,0.51953125
5844,0.515625
5845,0.49609375
5846,0.47265625
5847,0.45703125
5848,0.43359375
5849,0.48828125
5850,0.5390625
5851,0.5078125
5852,0.4765625
5853,0.4921875
5854,0.4921875
5855,0.5234375
5856,0.4921875
5857,0.51171875
5858,0.5
5859,0.57421875
5860,0.51171875
5861,0.50390625
5862,0.5390625
5863,0.50390625
5864,0.49609375
5865,0.47265625
5866,0.5703125
5867,0.43359375
5868,0.4921875
5869,0.484375
5870,0.484375
5871,0.4921875
5872,0.45703125
5873,0.54296875
5874,0.46484375
5875,0.4765625
5876,0.47265625
5877,0.49609375
5878,0.46484375
5879,0.4765625
5880,0.453125
5881,0.484375
5882,0.46484375
5883,0.4921875
5884,0.5234375
5885,0.53515625
5886,0.5078125
5887,0.51953125
5888,0.55859375
5889,0.5234375
5890,0.59765625
5891,0.46875
5892,0.4296875
5893,0.546875
5894,0.50390625
5895,0.515625
5896,0.46484375
5897,0.55859375
5898,0.515625
5899,0.51171875
5900,0.4765625
5901,0.515625
5902,0.4609375
5903,0.5625
5904,0.50390625
5905,0.4609375
5906,0.546875
5907,0.44140625
5908,0.48046875
5909,0.5078125
5910,0.5
5911,0.5546875
5912,0.54296875
5913,0.49609375
5914,0.4609375
5915,0.5078125
5916,0.49609375
5917,0.50390625
5918,0.54296875
5919,0.546875
5920,0.51171875
5921,0.51171875
5922,0.47265625
5923,0.53125
5924,0.44921875
5925,0.515625
5926,0.4765625
5927,0.46875
5928,0.5078125
5929,0.53515625
5930,0.49609375
5931,0.46875
5932,0.5
5933,0.4765625
5934,0.546875
5935,0.52734375
5936,0.49609375
5937,0.51953125
5938,0.5390625
5939,0.51171875
5940,0.4453125
5941,0.51953125
5942,0.45703125
5943,0.5
5944,0.5
5945,0.515625
5946,0.5
5947,0.5390625
5948,0.55078125
5949,0.5234375
5950,0.5546875
5951,0.4921875
5952,0.5
5953,0.421875
5954,0.47265625
5955,0.453125
5956,0.47265625
5957,0.51171875
5958,0.51171875
5959,0.46484375
5960,0.51171875
5961,0.5234375
5962,0.5
5963,0.5234375
5964,0.49609375
5965,0.49609375
5966,0.47265625
5967,0.51171875
5968,0.44140625
5969,0.5078125
5970,0.49609375
5971,0.453125
5972,0.5390625
5973,0.41015625
5974,0.49609375
5975,0.484375
5976,0.50390625
5977,0.51953125
5978,0.5078125
5979,0.4921875
5980,0.4765625
5981,0.47265625
5982,0.5078125
5983,0.4921875
5984,0.4375
5985,0.4921875
5986,0.44921875
5987,0.484375
5988,0.49609375
5989,0.515625
5990,0.52734375
5991,0.49609375
5992,0.5078125
5993,0.5703125
5994,0.546875
5995,0.515625
5996,0.4921875
5997,0.5078125
5998,0.50390625
5999,0.578125
6000,0.5234375
6001,0.50390625
6002,0.46484375
6003,0.46875
6004,0.515625
6005,0.51171875
6006,0.5078125
6007,0.56640625
6008,0.515625
6009,0.48046875
6010,0.52734375
6011,0.4296875
6012,0.52734375
6013,0.55859375
6014,0.52734375
6015,0.47265625
6016,0.51953125
6017,0.4453125
6018,0.51953125
6019,0.453125
6020,0.51171875
6021,0.453125
6022,0.5625
6023,0.44921875
6024,0.4921875
6025,0.48828125
6026,0.5078125
6027,0.58984375
6028,0.48046875
6029,0.5
6030,0.5078125
6031,0.4921875
6032,0.53125
6033,0.5
6034,0.4921875
6035,0.54296875
6036,0.47265625
6037,0.4765625
6038,0.46484375
6039,0.515625
6040,0.5390625
6041,0.48828125
6042,0.52734375
6043,0.54296875
6044,0.515625
6045,0.49609375
6046,0.47265625
6047,0.53125
6048,0.4609375
6049,0.44921875
6050,0.5546875
6051,0.53515625
6052,0.48828125
6053,0.55078125
6054,0.48046875
6055,0.484375
6056,0.52734375
6057,0.48828125
6058,0.484375
6059,0.53125
6060,0.4921875
6061,0.47265625
6062,0.52734375
6063,0.4921875
6064,0.44921875
6065,0.5546875
6066,0.5078125
6067,0.4921875
6068,0.5
6069,0.51171875
6070,0.51171875
6071,0.515625
6072,0.44921875
6073,0.53125
6074,0.52734375
6075,0.5
6076,0.48046875
6077,0.5234375
6078,0.51953125
6079,0.5078125
6080,0.4765625
6081,0.47265625
6082,0.4375
6083,0.55078125
6084,0.5
6085,0.49609375
6086,0.4921875
6087,0.51953125
6088,0.4375
6089,0.4609375
6090,0.4765625
6091,0.5390625
6092,0.53515625
6093,0.54296875
6094,0.52734375
6095,0.453125
6096,0.4296875
6097,0.52734375
6098,0.50390625
6099,0.515625
6100,0.50390625
6101,0.53515625
6102,0.3984375
6103,0.50390625
6104,0.5
6105,0.52734375
6106,0.50390625
6107,0.56640625
6108,0.4453125
6109,0.5234375
6110,0.56640625
6111,0.453125
6112,0.50390625
6113,0.5234375
6114,0.5625
6115,0.49609375
6116,0.4921875
6117,0.4921875
6118,0.5
6119,0.4921875
6120,0.5078125
6121,0.4921875
6122,0.47265625
6123,0.5
6124,0.44140625
6125,0.51953125
6126,0.5
6127,0.5078125
6128,0.53515625
6129,0.484375
6130,0.55078125
6131,0.48046875
6132,0.51171875
6133,0.515625
6134,0.49609375
6135,0.53125
6136,0.49609375
6137,0.53515625
6138,0.51171875
6139,0.49609375
6140,0.49609375
6141,0.57421875
6142,0.5390625
6143,0.515625
6144,0.5546875
6145,0.45703125
6146,0.45703125
6147,0.5078125
6148,0.48828125
6149,0.4140625
6150,0.51171875
6151,0.5078125
6152,0.51953125
6153,0.546875
6154,0.55859375
6155,0.47265625
6156,0.46875
6157,0.48828125
6158,0.5625
6159,0.5
6160,0.546875
6161,0.48828125
6162,0.52734375
6163,0.515625
6164,0.578125
6165,0.53125
6166,0.48046875
6167,0.47265625
6168,0.4921875
6169,0.51953125
6170,0.44921875
6171,0.5234375
6172,0.53515625
6173,0.50390625
6174,0.578125
6175,0.515625
6176,0.484375
6177,0.4453125
6178,0.51953125
6179,0.55859375
6180,0.453125
6181,0.5078125
6182,0.484375
6183,0.50390625
6184,0.4765625
6185,0.51171875
6186,0.51171875
6187,0.59765625
6188,0.453125
6189,0.515625
6190,0.51171875
6191,0.515625
6192,0.41796875
6193,0.5234375
6194,0.5078125
6195,0.50390625
6196,0.54296875
6197,0.4765625
6198,0.5390625
6199,0.53125
6200,0.5625
6201,0.4453125
6202,0.46875
6203,0.5390625
6204,0.46875
6205,0.53515625
6206,0.5546875
6207,0.50390625
6208,0.44140625
6209,0.484375
6210,0.58984375
6211,0.4921875
6212,0.53125
6213,0.56640625
6214,0.48828125
6215,0.46484375
6216,0.4921875
6217,0.48828125
6218,0.50390625
6219,0.49609375
6220,0.55078125
6221,0.5078125
6222,0.50390625
6223,0.49609375
6224,0.50390625
6225,0.5234375
6226,0.48828125
6227,0.515625
6228,0.50390625
6229,0.4765625
6230,0.5234375
6231,0.51953125
6232,0.52734375
6233,0.4375
6234,0.51953125
6235,0.50390625
6236,0.5390625
6237,0.46484375
6238,0.4765625
6239,0.49609375
6240,0.515625
6241,0.5
6242,0.5390625
6243,0.56640625
6244,0.5546875
6245,0.54296875
6246,0.5390625
6247,0.4765625
6248,0.4609375
6249,0.59375
6250,0.45703125
6251,0.46875
6252,0.50390625
6253,0.421875
6254,0.52734375
6255,0.53125
6256,0.46875
6257,0.52734375
6258,0.4921875
6259,0.4296875
6260,0.4765625
6261,0.53515625
6262,0.50390625
6263,0.5390625
6264,0.48828125
6265,0.49609375
6266,0.453125
6267,0.421875
6268,0.52734375
6269,0.50390625
6270,0.5390625
6271,0.50390625
6272,0.49609375
6273,0.546875
6274,0.52734375
6275,0.58984375
6276,0.44140625
6277,0.484375
6278,0.5
6279,0.50390625
6280,0.515625
6281,0.4765625
6282,0.44140625
6283,0.50390625
6284,0.5
6285,0.44921875
6286,0.5546875
6287,0.48046875
6288,0.49609375
6289,0.50390625
6290,0.46875
6291,0.53125
6292,0.421875
6293,0.53515625
6294,0.57421875
6295,0.55078125
6296,0.5390625
6297,0.50390625
6298,0.4921875
6299,0.55859375
6300,0.44140625
6301,0.4765625
6302,0.5
6303,0.46875
6304,0.515625
6305,0.4609375
6306,0.49609375
6307,0.47265625
6308,0.53515625
6309,0.515625
6310,0.47265625
6311,0.4375
6312,0.4296875
6313,0.515625
6314,0.515625
6315,0.4765625
6316,0.49609375
6317,0.53515625
6318,0.53515625
6319,0.49609375
6320,0.48828125
6321,0.51953125
6322,0.43359375
6323,0.50390625
6324,0.421875
6325,0.5234375
6326,0.5
6327,0.55078125
6328,0.484375
6329,0.5078125
6330,0.515625
6331,0.56640625
6332,0.49609375
6333,0.47265625
6334,0.48828125
6335,0.52734375
6336,0.48046875
6337,0.45703125
6338,0.4765625
6339,0.51953125
6340,0.55859375
6341,0.5703125
6342,0.50390625
6343,0.44921875
6344,0.51953125
6345,0.47265625
6346,0.5390625
6347,0.546875
6348,0.43359375
6349,0.47265625
6350,0.44140625
6351,0.44140625
6352,0.515625
6353,0.5234375
6354,0.50390625
6355,0.515625
6356,0.49609375
6357,0.4921875
6358,0.5078125
6359,0.5859375
6360,0.46484375
6361,0.48046875
6362,0.5390625
6363,0.49609375
6364,0.453125
6365,0.48046875
6366,0.52734375
6367,0.5390625
6368,0.53125
6369,0.5078125
6370,0.55859375
6371,0.53125
6372,0.45703125
6373,0.48046875
6374,0.48828125
6375,0.515625
6376,0.51953125
6377,0.5390625
6378,0.56640625
6379,0.45703125
6380,0.51953125
6381,0.50390625
6382,0.53515625
6383,0.54296875
6384,0.484375
6385,0.5625
6386,0.48828125
6387,0.44921875
6388,0.4609375
6389,0.5546875
6390,0.53515625
6391,0.5078125
6392,0.484375
6393,0.51953125
6394,0.4921875
6395,0.53515625
6396,0.484375
6397,0.5625
6398,0.5390625
6399,0.50390625
6400,0.51953125
6401,0.46875
6402,0.484375
6403,0.54296875
6404,0.50390625
6405,0.48828125
6406,0.55859375
6407,0.62109375
6408,0.4921875
6409,0.53515625
6410,0.4765625
6411,0.46484375
6412,0.46875
6413,0.53125
6414,0.51171875
6415,0.48828125
6416,0.546875
6417,0.50390625
6418,0.48046875
6419,0.48828125
6420,0.51171875
6421,0.55078125
6422,0.5234375
6423,0.54296875
6424,0.46875
6425,0.5234375
6426,0.421875
6427,0.51171875
6428,0.546875
6429,0.46875
6430,0.4765625
6431,0.5078125
6432,0.44140625
6433,0.48046875
6434,0.53515625
6435,0.50390625
6436,0.55859375
6437,0.53515625
6438,0.578125
6439,0.4765625
6440,0.484375
6441,0.52734375
6442,0.5
6443,0.55078125
6444,0.58984375
6445,0.48046875
6446,0.4921875
6447,0.5234375
6448,0.59765625
6449,0.4609375
6450,0.515625
6451,0.5234375
6452,0.57421875
6453,0.5
6454,0.57421875
6455,0.51171875
6456,0.453125
6457,0.52734375
6458,0.4375
6459,0.484375
6460,0.50390625
6461,0.4921875
6462,0.48828125
6463,0.484375
6464,0.4921875
6465,0.484375
6466,0.47265625
6467,0.5078125
6468,0.52734375
6469,0.4921875
6470,0.4765625
6471,0.546875
6472,0.4609375
6473,0.51953125
6474,0.484375
6475,0.5078125
6476,0.48046875
6477,0.49609375
6478,0.48828125
6479,0.546875
6480,0.46484375
6481,0.55859375
6482,0.48046875
6483,0.54296875
6484,0.4609375
6485,0.53125
6486,0.47265625
6487,0.5078125
6488,0.484375
6489,0.55078125
6490,0.5625
6491,0.5078125
6492,0.59765625
6493,0.46484375
6494,0.54296875
6495,0.53515625
6496,0.4765625
6497,0.52734375
6498,0.4296875
6499,0.4765625
6500,0.50390625
6501,0.50390625
6502,0.5234375
6503,0.515625
6504,0.53125
6505,0.546875
6506,0.55859375
6507,0.5
6508,0.51953125
6509,0.4375
6510,0.41796875
6511,0.5625
6512,0.5
6513,0.46875
6514,0.40625
6515,0.4765625
6516,0.4609375
6517,0.51953125
6518,0.47265625
6519,0.5078125
6520,0.55859375
6521,0.4296875
6522,0.51171875
6523,0.515625
6524,0.48046875
6525,0.5234375
6526,0.46875
6527,0.515625
6528,0.46484375
6529,0.53515625
6530,0.46875
6531,0.5234375
6532,0.546875
6533,0.50390625
6534,0.5546875
6535,0.484375
6536,0.4765625
6537,0.53515625
6538,0.484375
6539,0.484375
6540,0.46484375
6541,0.50390625
6542,0.48828125
6543,0.44140625
6544,0.5078125
6545,0.484375
6546,0.5
6547,0.53125
6548,0.51953125
6549,0.43359375
6550,0.5234375
6551,0.58984375
6552,0.515625
6553,0.54296875
6554,0.50390625
6555,0.484375
6556,0.53125
6557,0.484375
6558,0.50390625
6559,0.484375
6560,0.49609375
6561,0.5390625
6562,0.56640625
6563,0.453125
6564,0.53125
6565,0.53125
6566,0.4375
6567,0.49609375
6568,0.4765625
6569,0.4453125
6570,0.51171875
6571,0.50390625
6572,0.5625
6573,0.5078125
6574,0.51171875
6575,0.45703125
6576,0.54296875
6577,0.45703125
6578,0.51171875
6579,0.47265625
6580,0.49609375
6581,0.55078125
6582,0.5078125
6583,0.52734375
6584,0.53125
6585,0.4765625
6586,0.51171875
6587,0.5078125
6588,0.4765625
6589,0.484375
6590,0.44921875
6591,0.5
6592,0.5234375
6593,0.52734375
6594,0.546875
6595,0.49609375
6596,0.42578125
6597,0.51171875
6598,0.5390625
6599,0.47265625
6600,0.48828125
6601,0.5390625
6602,0.46875
6603,0.47265625
6604,0.51953125
6605,0.50390625
6606,0.48828125
6607,0.5
6608,0.4765625
6609,0.515625
6610,0.5234375
6611,0.54296875
6612,0.484375
6613,0.53515625
6614,0.4453125
6615,0.515625
6616,0.5
6617,0.4609375
6618,0.52734375
6619,0.54296875
6620,0.58984375
6621,0.51171875
6622,0.46875
6623,0.515625
6624,0.49609375
6625,0.51171875
6626,0.47265625
6627,0.45703125
6628,0.51953125
6629,0.4765625
6630,0.5
6631,0.45703125
6632,0.5390625
6633,0.52734375
6634,0.51953125
6635,0.4765625
6636,0.4765625
6637,0.45703125
6638,0.55078125
6639,0.44921875
6640,0.453125
6641,0.4921875
6642,0.46484375
6643,0.5234375
6644,0.453125
6645,0.4453125
6646,0.55859375
6647,0.5078125
6648,0.49609375
6649,0.4453125
6650,0.4609375
6651,0.484375
6652,0.46484375
6653,0.4921875
6654,0.5234375
6655,0.4765625
6656,0.484375
6657,0.5625
6658,0.42578125
6659,0.5390625
6660,0.5625
6661,0.5234375
6662,0.4765625
6663,0.4921875
6664,0.5390625
6665,0.57421875
6666,0.46484375
6667,0.5
6668,0.49609375
6669,0.50390625
6670,0.4921875
6671,0.52734375
6672,0.5234375
6673,0.51171875
6674,0.47265625
6675,0.52734375
6676,0.578125
6677,0.4765625
6678,0.515625
6679,0.52734375
6680,0.55078125
6681,0.5078125
6682,0.42578125
6683,0.53515625
6684,0.515625
6685,0.578125
6686,0.5234375
6687,0.53515625
6688,0.46484375
6689,0.515625
6690,0.55078125
6691,0.5
6692,0.484375
6693,0.484375
6694,0.4921875
6695,0.50390625
6696,0.45703125
6697,0.56640625
6698,0.484375
6699,0.5
6700,0.5234375
6701,0.4765625
6702,0.4921875
6703,0.50390625
6704,0.52734375
6705,0.484375
6706,0.46875
6707,0.44140625
6708,0.50390625
6709,0.4921875
6710,0.4609375
6711,0.52734375
6712,0.53125
6713,0.546875
6714,0.5546875
6715,0.5625
6716,0.50390625
6717,0.50390625
6718,0.49609375
6719,0.4765625
6720,0.46484375
6721,0.51953125
6722,0.484375
6723,0.50390625
6724,0.53125
6725,0.578125
6726,0.48828125
6727,0.515625
6728,0.53515625
6729,0.37890625
6730,0.4765625
6731,0.50390625
6732,0.47265625
6733,0.4453125
6734,0.45703125
6735,0.48828125
6736,0.5
6737,0.48046875
6738,0.5
6739,0.48828125
6740,0.52734375
6741,0.4765625
6742,0.4921875
6743,0.43359375
6744,0.43359375
6745,0.50390625
6746,0.51171875
6747,0.4609375
6748,0.4296875
6749,0.5078125
6750,0.48046875
6751,0.578125
6752,0.4921875
6753,0.46875
6754,0.546875
6755,0.48046875
6756,0.47265625
6757,0.51953125
6758,0.515625
6759,0.50390625
6760,0.44921875
6761,0.5078125
6762,0.47265625
6763,0.57421875
6764,0.4921875
6765,0.49609375
6766,0.4921875
6767,0.5
6768,0.48828125
6769,0.5546875
6770,0.4921875
6771,0.5078125
6772,0.5078125
6773,0.453125
6774,0.52734375
6775,0.5546875
6776,0.484375
6777,0.5234375
6778,0.515625
6779,0.55078125
6780,0.48828125
6781,0.41796875
6782,0.5234375
6783,0.453125
6784,0.50390625
6785,0.50390625
6786,0.48828125
6787,0.50390625
6788,0.484375
6789,0.484375
6790,0.4765625
6791,0.46875
6792,0.46875
6793,0.46484375
6794,0.47265625
6795,0.47265625
6796,0.4765625
6797,0.4921875
6798,0.54296875
6799,0.515625
6800,0.45703125
6801,0.49609375
6802,0.46484375
6803,0.49609375
6804,0.5390625
6805,0.57421875
6806,0.51953125
6807,0.453125
6808,0.49609375
6809,0.59765625
6810,0.48828125
6811,0.515625
6812,0.3984375
6813,0.57421875
6814,0.51171875
6815,0.46875
6816,0.47265625
6817,0.484375
6818,0.4296875
6819,0.5390625
6820,0.50390625
6821,0.484375
6822,0.4609375
6823,0.52734375
6824,0.51953125
6825,0.4765625
6826,0.56640625
6827,0.46875
6828,0.484375
6829,0.47265625
6830,0.48828125
6831,0.53125
6832,0.5078125
6833,0.4765625
6834,0.484375
6835,0.50390625
6836,0.50390625
6837,0.515625
6838,0.5234375
6839,0.515625
6840,0.5
6841,0.5
6842,0.5
6843,0.54296875
6844,0.4296875
6845,0.48828125
6846,0.43359375
6847,0.5546875
6848,0.5234375
6849,0.48828125
6850,0.54296875
6851,0.48828125
6852,0.5546875
6853,0.515625
6854,0.4921875
6855,0.50390625
6856,0.4765625
6857,0.515625
6858,0.46875
6859,0.5
6860,0.46875
6861,0.5
6862,0.51953125
6863,0.5
6864,0.54296875
6865,0.484375
6866,0.47265625
6867,0.51953125
6868,0.47265625
6869,0.484375
6870,0.53125
6871,0.49609375
6872,0.5234375
6873,0.51171875
6874,0.4921875
6875,0.5078125
6876,0.53515625
6877,0.4609375
6878,0.51171875
6879,0.50390625
6880,0.5234375
6881,0.5078125
6882,0.484375
6883,0.5078125
6884,0.5234375
6885,0.49609375
6886,0.48828125
6887,0.48828125
6888,0.47265625
6889,0.55859375
6890,0.5078125
6891,0.46875
6892,0.4765625
6893,0.47265625
6894,0.5078125
6895,0.43359375
6896,0.48046875
6897,0.51171875
6898,0.5
6899,0.49609375
6900,0.5546875
6901,0.47265625
6902,0.53125
6903,0.48828125
6904,0.55859375
6905,0.4609375
6906,0.484375
6907,0.44921875
6908,0.484375
6909,0.4296875
6910,0.484375
6911,0.4921875
6912,0.45703125
6913,0.4140625
6914,0.50390625
6915,0.4296875
6916,0.5
6917,0.45703125
6918,0.49609375
6919,0.54296875
6920,0.51171875
6921,0.515625
6922,0.48046875
6923,0.48046875
6924,0.45703125
6925,0.51953125
6926,0.515625
6927,0.53515625
6928,0.515625
6929,0.49609375
6930,0.484375
6931,0.484375
6932,0.57421875
6933,0.546875
6934,0.51171875
6935,0.44921875
6936,0.5625
6937,0.48828125
6938,0.51171875
6939,0.4921875
6940,0.40625
6941,0.47265625
6942,0.47265625
6943,0.46484375
6944,0.5078125
6945,0.515625
6946,0.54296875
6947,0.453125
6948,0.5546875
6949,0.484375
6950,0.5234375
6951,0.46875
6952,0.46484375
6953,0.4609375
6954,0.546875
6955,0.546875
6956,0.5078125
6957,0.46484375
6958,0.5078125
6959,0.5546875
6960,0.48046875
6961,0.4609375
6962,0.48046875
6963,0.4765625
6964,0.51171875
6965,0.51953125
6966,0.4921875
6967,0.51171875
6968,0.5234375
6969,0.49609375
6970,0.49609375
6971,0.4375
6972,0.453125
6973,0.52734375
6974,0.51171875
6975,0.4609375
6976,0.51953125
6977,0.546875
6978,0.4921875
6979,0.453125
6980,0.53125
6981,0.52734375
6982,0.46484375
6983,0.51171875
6984,0.5078125
6985,0.4765625
6986,0.4921875
6987,0.4921875
6988,0.53515625
6989,0.50390625
6990,0.5234375
6991,0.48046875
6992,0.4765625
6993,0.55859375
6994,0.4765625
6995,0.52734375
6996,0.55078125
6997,0.4140625
6998,0.5234375
6999,0.51171875
7000,0.4921875
7001,0.4453125
7002,0.515625
7003,0.52734375
7004,0.47265625
7005,0.50390625
7006,0.46875
7007,0.51171875
7008,0.546875
7009,0.44140625
7010,0.55859375
7011,0.43359375
7012,0.55078125
7013,0.484375
7014,0.4765625
7015,0.47265625
7016,0.51953125
7017,0.515625
7018,0.48046875
7019,0.53125
7020,0.515625
7021,0.52734375
7022,0.55078125
7023,0.453125
7024,0.5234375
7025,0.55078125
7026,0.48046875
7027,0.48046875
7028,0.484375
7029,0.46875
7030,0.46875
7031,0.4765625
7032,0.54296875
7033,0.45703125
7034,0.484375
7035,0.484375
7036,0.51171875
7037,0.4609375
7038,0.5
7039,0.5390625
7040,0.4765625
7041,0.48828125
7042,0.5546875
7043,0.51953125
7044,0.50390625
7045,0.5390625
7046,0.47265625
7047,0.4921875
7048,0.53515625
7049,0.48828125
7050,0.43359375
7051,0.55078125
7052,0.515625
7053,0.48828125
7054,0.50390625
7055,0.515625
7056,0.5390625
7057,0.53125
7058,0.4921875
7059,0.5078125
7060,0.5078125
7061,0.51953125
7062,0.55078125
7063,0.55078125
7064,0.43359375
7065,0.453125
7066,0.49609375
7067,0.5234375
7068,0.5
7069,0.52734375
7070,0.546875
7071,0.52734375
7072,0.54296875
7073,0.52734375
7074,0.51171875
7075,0.53125
7076,0.53515625
7077,0.47265625
7078,0.546875
7079,0.51171875
7080,0.47265625
7081,0.4375
7082,0.5
7083,0.51171875
7084,0.546875
7085,0.53515625
7086,0.4765625
7087,0.515625
7088,0.50390625
7089,0.49609375
7090,0.40625
7091,0.5234375
7092,0.58984375
7093,0.48046875
7094,0.5078125
7095,0.54296875
7096,0.484375
7097,0.48046875
7098,0.546875
7099,0.515625
7100,0.53515625
7101,0.4921875
7102,0.4765625
7103,0.4296875
7104,0.453125
7105,0.50390625
7106,0.45703125
7107,0.50390625
7108,0.52734375
7109,0.5078125
7110,0.51953125
7111,0.51171875
7112,0.53125
7113,0.46875
7114,0.546875
7115,0.5078125
7116,0.515625
7117,0.5390625
7118,0.546875
7119,0.4921875
7120,0.5
7121,0.4921875
7122,0.45703125
7123,0.51953125
7124,0.51953125
7125,0.5
7126,0.53125
7127,0.50390625
7128,0.47265625
7129,0.53125
7130,0.51171875
7131,0.53515625
7132,0.50390625
7133,0.48046875
7134,0.41796875
7135,0.546875
7136,0.48046875
7137,0.44140625
7138,0.45703125
7139,0.5078125
7140,0.546875
7141,0.50390625
7142,0.53125
7143,0.4765625
7144,0.5234375
7145,0.4921875
7146,0.5390625
7147,0.4921875
7148,0.44921875
7149,0.5234375
7150,0.50390625
7151,0.46875
7152,0.4765625
7153,0.55078125
7154,0.49609375
7155,0.51953125
7156,0.44140625
7157,0.55859375
7158,0.484375
7159,0.51171875
7160,0.5
7161,0.52734375
7162,0.48046875
7163,0.5078125
7164,0.50390625
7165,0.50390625
7166,0.50390625
7167,0.515625
7168,0.48046875
7169,0.4921875
7170,0.49609375
7171,0.515625
7172,0.421875
7173,0.5
7174,0.4921875
7175,0.5390625
7176,0.4453125
7177,0.51171875
7178,0.55859375
7179,0.51953125
7180,0.5078125
7181,0.50390625
7182,0.51171875
7183,0.546875
7184,0.49609375
7185,0.515625
7186,0.453125
7187,0.4765625
7188,0.5
7189,0.4765625
7190,0.47265625
7191,0.5
7192,0.4765625
7193,0.46875
7194,0.54296875
7195,0.55859375
7196,0.4921875
7197,0.53515625
7198,0.55859375
7199,0.51171875
7200,0.51171875
7201,0.4921875
7202,0.53515625
7203,0.5234375
7204,0.58984375
7205,0.4765625
7206,0.46875
7207,0.53125
7208,0.48828125
7209,0.5
7210,0.53515625
7211,0.5390625
7212,0.57421875
7213,0.4921875
7214,0.55078125
7215,0.47265625
7216,0.546875
7217,0.49609375
7218,0.5390625
7219,0.49609375
7220,0.515625
7221,0.5
7222,0.4453125
7223,0.546875
7224,0.4609375
7225,0.47265625
7226,0.48828125
7227,0.58203125
7228,0.49609375
7229,0.45703125
7230,0.48046875
7231,0.52734375
7232,0.5
7233,0.4765625
7234,0.49609375
7235,0.4921875
7236,0.53125
7237,0.48046875
7238,0.5859375
7239,0.49609375
7240,0.46484375
7241,0.51953125
7242,0.47265625
7243,0.53515625
7244,0.53515625
7245,0.4921875
7246,0.578125
7247,0.4765625
7248,0.515625
7249,0.5390625
7250,0.48046875
7251,0.44921875
7252,0.5390625
7253,0.51953125
7254,0.54296875
7255,0.53125
7256,0.51953125
7257,0.54296875
7258,0.4609375
7259,0.53515625
7260,0.5234375
7261,0.484375
7262,0.54296875
7263,0.4921875
7264,0.4609375
7265,0.5703125
7266,0.50390625
7267,0.4921875
7268,0.51953125
7269,0.48828125
7270,0.546875
7271,0.48828125
7272,0.5234375
7273,0.50390625
7274,0.5703125
7275,0.48828125
7276,0.53125
7277,0.44921875
7278,0.5625
7279,0.515625
7280,0.5234375
7281,0.53125
7282,0.44921875
7283,0.515625
7284,0.45703125
7285,0.5390625
7286,0.48828125
7287,0.4765625
7288,0.52734375
7289,0.46484375
7290,0.48828125
7291,0.52734375
7292,0.45703125
7293,0.5234375
7294,0.52734375
7295,0.53515625
7296,0.4765625
7297,0.4921875
7298,0.56640625
7299,0.515625
7300,0.515625
7301,0.51171875
7302,0.43359375
7303,0.49609375
7304,0.44140625
7305,0.43359375
7306,0.46875
7307,0.55859375
7308,0.5625
7309,0.51171875
7310,0.453125
7311,0.46484375
7312,0.49609375
7313,0.5
7314,0.4140625
7315,0.51171875
7316,0.515625
7317,0.45703125
7318,0.51953125
7319,0.47265625
7320,0.55078125
7321,0.4765625
7322,0.4921875
7323,0.5546875
7324,0.48046875
7325,0.5078125
7326,0.53125
7327,0.43359375
7328,0.49609375
7329,0.4296875
7330,0.5546875
7331,0.50390625
7332,0.5546875
7333,0.46875
7334,0.55859375
7335,0.45703125
7336,0.484375
7337,0.5390625
7338,0.51171875
7339,0.5546875
7340,0.48828125
7341,0.55078125
7342,0.51953125
7343,0.48828125
7344,0.4921875
7345,0.484375
7346,0.56640625
7347,0.48828125
7348,0.50390625
7349,0.546875
7350,0.44140625
7351,0.4765625
7352,0.5078125
7353,0.45703125
7354,0.53515625
7355,0.546875
7356,0.44921875
7357,0.4921875
7358,0.546875
7359,0.53125
7360,0.53125
7361,0.52734375
7362,0.45703125
7363,0.515625
7364,0.47265625
7365,0.5390625
7366,0.515625
7367,0.47265625
7368,0.49609375
7369,0.4921875
7370,0.5
7371,0.4765625
7372,0.515625
7373,0.484375
7374,0.53125
7375,0.57421875
7376,0.48046875
7377,0.56640625
7378,0.59375
7379,0.5390625
7380,0.4921875
7381,0.5234375
7382,0.48828125
7383,0.4765625
7384,0.48046875
7385,0.5703125
7386,0.46484375
7387,0.44921875
7388,0.51953125
7389,0.5390625
7390,0.44921875
7391,0.5
7392,0.4140625
7393,0.38671875
7394,0.484375
7395,0.49609375
7396,0.4765625
7397,0.484375
7398,0.5
7399,0.48828125
7400,0.47265625
7401,0.453125
7402,0.4453125
7403,0.46875
7404,0.44921875
7405,0.5625
7406,0.4921875
7407,0.55078125
7408,0.48046875
7409,0.37890625
7410,0.48046875
7411,0.49609375
7412,0.52734375
7413,0.5078125
7414,0.45703125
7415,0.48828125
7416,0.5703125
7417,0.50390625
7418,0.4765625
7419,0.46875
7420,0.53515625
7421,0.5078125
7422,0.55859375
7423,0.51171875
7424,0.5
7425,0.45703125
7426,0.4375
7427,0.4765625
7428,0.48046875
7429,0.5078125
7430,0.5078125
7431,0.42578125
7432,0.44140625
7433,0.453125
7434,0.49609375
7435,0.5
7436,0.56640625
7437,0.49609375
7438,0.453125
7439,0.515625
7440,0.5234375
7441,0.5
7442,0.42578125
7443,0.59765625
7444,0.5
7445,0.51171875
7446,0.39453125
7447,0.5
7448,0.54296875
7449,0.50390625
7450,0.48828125
7451,0.48046875
7452,0.46875
7453,0.5703125
7454,0.53515625
7455,0.51171875
7456,0.4609375
7457,0.5
7458,0.5390625
7459,0.5234375
7460,0.4375
7461,0.484375
7462,0.4765625
7463,0.46875
7464,0.484375
7465,0.4765625
7466,0.5
7467,0.49609375
7468,0.546875
7469,0.421875
7470,0.5390625
7471,0.515625
7472,0.55859375
7473,0.49609375
7474,0.4375
7475,0.47265625
7476,0.48828125
7477,0.53125
7478,0.515625
7479,0.48046875
7480,0.5
7481,0.46484375
7482,0.48828125
7483,0.49609375
7484,0.50390625
7485,0.48046875
7486,0.4609375
7487,0.515625
7488,0.4609375
7489,0.55859375
7490,0.47265625
7491,0.5234375
7492,0.44140625
7493,0.5
7494,0.46484375
7495,0.43359375
7496,0.53125
7497,0.51171875
7498,0.546875
7499,0.484375
7500,0.49609375
7501,0.49609375
7502,0.4375
7503,0.49609375
7504,0.49609375
7505,0.4765625
7506,0.54296875
7507,0.51953125
7508,0.5078125
7509,0.51953125
7510,0.46875
7511,0.50390625
7512,0.54296875
7513,0.52734375
7514,0.56640625
7515,0.4609375
7516,0.45703125
7517,0.5
7518,0.49609375
7519,0.4765625
7520,0.47265625
7521,0.47265625
7522,0.53515625
7523,0.51953125
7524,0.51953125
7525,0.4296875
7526,0.578125
7527,0.515625
7528,0.5234375
7529,0.57421875
7530,0.55859375
7531,0.5390625
7532,0.4296875
7533,0.58203125
7534,0.5703125
7535,0.515625
7536,0.52734375
7537,0.5625
7538,0.5234375
7539,0.515625
7540,0.49609375
7541,0.4609375
7542,0.42578125
7543,0.48828125
7544,0.4453125
7545,0.48828125
7546,0.46484375
7547,0.515625
7548,0.59375
7549,0.484375
7550,0.48828125
7551,0.54296875
7552,0.56640625
7553,0.48046875
7554,0.53515625
7555,0.4921875
7556,0.4453125
7557,0.5234375
7558,0.50390625
7559,0.4921875
7560,0.453125
7561,0.4921875
7562,0.51171875
7563,0.5
7564,0.44140625
7565,0.44921875
7566,0.4765625
7567,0.53515625
7568,0.5
7569,0.4609375
7570,0.4921875
7571,0.515625
7572,0.51171875
7573,0.53515625
7574,0.46484375
7575,0.55078125
7576,0.5
7577,0.55859375
7578,0.54296875
7579,0.5390625
7580,0.546875
7581,0.48046875
7582,0.5
7583,0.4765625
7584,0.45703125
7585,0.5
7586,0.5859375
7587,0.4765625
7588,0.47265625
7589,0.50390625
7590,0.50390625
7591,0.5546875
7592,0.47265625
7593,0.53125
7594,0.5078125
7595,0.4609375
7596,0.55078125
7597,0.5
7598,0.484375
7599,0.4609375
7600,0.515625
7601,0.45703125
7602,0.50390625
7603,0.52734375
7604,0.48046875
7605,0.51953125
7606,0.53125
7607,0.46875
7608,0.51953125
7609,0.50390625
7610,0.52734375
7611,0.41796875
7612,0.5390625
7613,0.5625
7614,0.53125
7615,0.5078125
7616,0.4921875
7617,0.51171875
7618,0.484375
7619,0.53515625
7620,0.49609375
7621,0.52734375
7622,0.41015625
7623,0.49609375
7624,0.484375
7625,0.5
7626,0.4609375
7627,0.47265625
7628,0.49609375
7629,0.48046875
7630,0.5
7631,0.44140625
7632,0.5
7633,0.51953125
7634,0.53125
7635,0.46484375
7636,0.45703125
7637,0.47265625
7638,0.4375
7639,0.47265625
7640,0.4765625
7641,0.453125
7642,0.46875
7643,0.546875
7644,0.53515625
7645,0.5625
7646,0.5234375
7647,0.41796875
7648,0.546875
7649,0.48828125
7650,0.46875
7651,0.4609375
7652,0.58203125
7653,0.3828125
7654,0.4609375
7655,0.50390625
7656,0.44140625
7657,0.4921875
7658,0.46875
7659,0.43359375
7660,0.51953125
7661,0.46484375
7662,0.515625
7663,0.5234375
7664,0.4609375
7665,0.5625
7666,0.5078125
7667,0.484375
7668,0.52734375
7669,0.52734375
7670,0.51171875
7671,0.4765625
7672,0.46484375
7673,0.53515625
7674,0.5546875
7675,0.5234375
7676,0.453125
7677,0.49609375
7678,0.50390625
7679,0.484375
7680,0.5078125
7681,0.5625
7682,0.50390625
7683,0.48046875
7684,0.5390625
7685,0.4453125
7686,0.515625
7687,0.46484375
7688,0.515625
7689,0.4609375
7690,0.5234375
7691,0.51953125
7692,0.5
7693,0.4921875
7694,0.46484375
7695,0.5390625
7696,0.46875
7697,0.5546875
7698,0.515625
7699,0.484375
7700,0.49609375
7701,0.5
7702,0.4921875
7703,0.41796875
7704,0.453125
7705,0.50390625
7706,0.515625
7707,0.51171875
7708,0.453125
7709,0.50390625
7710,0.48828125
7711,0.5703125
7712,0.4453125
7713,0.49609375
7714,0.51171875
7715,0.5078125
7716,0.51953125
7717,0.5
7718,0.5625
7719,0.5
7720,0.48828125
7721,0.46875
7722,0.53515625
7723,0.4609375
7724,0.54296875
7725,0.484375
7726,0.44140625
7727,0.52734375
7728,0.53515625
7729,0.59375
7730,0.44921875
7731,0.484375
7732,0.53125
7733,0.4921875
7734,0.53515625
7735,0.46484375
7736,0.5234375
7737,0.515625
7738,0.51953125
7739,0.5234375
7740,0.5
7741,0.54296875
7742,0.46484375
7743,0.48828125
7744,0.4375
7745,0.5546875
7746,0.45703125
7747,0.55078125
7748,0.46484375
7749,0.48046875
7750,0.51171875
7751,0.578125
7752,0.48828125
7753,0.51953125
7754,0.56640625
7755,0.484375
7756,0.49609375
7757,0.52734375
7758,0.50390625
7759,0.5078125
7760,0.55078125
7761,0.48828125
7762,0.46484375
7763,0.51953125
7764,0.546875
7765,0.4609375
7766,0.58984375
7767,0.4609375
7768,0.4921875
7769,0.55078125
7770,0.50390625
7771,0.4375
7772,0.546875
7773,0.52734375
7774,0.48828125
7775,0.46484375
7776,0.484375
7777,0.51171875
7778,0.58984375
7779,0.46484375
7780,0.5546875
7781,0.56640625
7782,0.56640625
7783,0.53125
7784,0.44921875
7785,0.5078125
7786,0.46875
7787,0.46484375
7788,0.44140625
7789,0.48828125
7790,0.5625
7791,0.42578125
7792,0.515625
7793,0.515625
7794,0.5
7795,0.44140625
7796,0.49609375
7797,0.4453125
7798,0.4296875
7799,0.49609375
7800,0.53125
7801,0.58984375
7802,0.50390625
7803,0.4609375
7804,0.51953125
7805,0.5625
7806,0.52734375
7807,0.50390625
7808,0.5078125
7809,0.515625
7810,0.47265625
7811,0.453125
7812,0.52734375
7813,0.50390625
7814,0.51171875
7815,0.5078125
7816,0.48828125
7817,0.51171875
7818,0.51953125
7819,0.56640625
7820,0.46875
7821,0.5546875
7822,0.53125
7823,0.5546875
7824,0.4609375
7825,0.51171875
7826,0.484375
7827,0.51953125
7828,0.45703125
7829,0.4921875
7830,0.5
7831,0.5
7832,0.5078125
7833,0.5
7834,0.48828125
7835,0.53125
7836,0.47265625
7837,0.42578125
7838,0.44140625
7839,0.54296875
7840,0.44921875
7841,0.47265625
7842,0.484375
7843,0.53515625
7844,0.515625
7845,0.5
7846,0.55859375
7847,0.44140625
7848,0.55078125
7849,0.49609375
7850,0.4765625
7851,0.4921875
7852,0.46484375
7853,0.48046875
7854,0.48828125
7855,0.51171875
7856,0.5234375
7857,0.53515625
7858,0.52734375
7859,0.51171875
7860,0.50390625
7861,0.55078125
7862,0.5546875
7863,0.5
7864,0.50390625
7865,0.46484375
7866,0.53515625
7867,0.4453125
7868,0.51171875
7869,0.49609375
7870,0.42578125
7871,0.48046875
7872,0.5078125
7873,0.47265625
7874,0.46875
7875,0.4921875
7876,0.53515625
7877,0.51953125
7878,0.4921875
7879,0.5390625
7880,0.48046875
7881,0.49609375
7882,0.4609375
7883,0.4609375
7884,0.45703125
7885,0.50390625
7886,0.5
7887,0.49609375
7888,0.47265625
7889,0.51953125
7890,0.48828125
7891,0.46484375
7892,0.453125
7893,0.50390625
7894,0.48828125
7895,0.5546875
7896,0.5234375
7897,0.4921875
7898,0.53515625
7899,0.46484375
7900,0.41796875
7901,0.5390625
7902,0.48046875
7903,0.4921875
7904,0.5
7905,0.49609375
7906,0.53125
7907,0.53515625
7908,0.49609375
7909,0.48828125
7910,0.5234375
7911,0.48828125
7912,0.515625
7913,0.5078125
7914,0.48046875
7915,0.51171875
7916,0.453125
7917,0.5390625
7918,0.484375
7919,0.5
7920,0.49609375
7921,0.4921875
7922,0.51171875
7923,0.50390625
7924,0.4765625
7925,0.48046875
7926,0.50390625
7927,0.51953125
7928,0.51953125
7929,0.49609375
7930,0.4609375
7931,0.53515625
7932,0.54296875
7933,0.5078125
7934,0.52734375
7935,0.49609375
7936,0.52734375
7937,0.4765625
7938,0.48828125
7939,0.484375
7940,0.5234375
7941,0.48828125
7942,0.44921875
7943,0.44921875
7944,0.5078125
7945,0.46484375
7946,0.51171875
7947,0.46484375
7948,0.56640625
7949,0.51171875
7950,0.46484375
7951,0.4921875
7952,0.44921875
7953,0.5390625
7954,0.48046875
7955,0.59375
7956,0.5078125
7957,0.5546875
7958,0.47265625
7959,0.5078125
7960,0.484375
7961,0.5234375
7962,0.50390625
7963,0.46484375
7964,0.55859375
7965,0.43359375
7966,0.421875
7967,0.43359375
7968,0.484375
7969,0.453125
7970,0.5390625
7971,0.3984375
7972,0.5859375
7973,0.4921875
7974,0.484375
7975,0.5234375
7976,0.46875
7977,0.55078125
7978,0.484375
7979,0.5390625
7980,0.51171875
7981,0.3984375
7982,0.48828125
7983,0.48828125
7984,0.53515625
7985,0.45703125
7986,0.54296875
7987,0.4765625
7988,0.50390625
7989,0.53125
7990,0.5703125
7991,0.53125
7992,0.484375
7993,0.5234375
7994,0.546875
7995,0.5859375
7996,0.53515625
7997,0.46875
7998,0.5234375
7999,0.53125
8000,0.55859375
8001,0.4765625
8002,0.50390625
8003,0.5234375
8004,0.40625
8005,0.57421875
8006,0.4921875
8007,0.44140625
8008,0.48046875
8009,0.44140625
8010,0.5234375
8011,0.51171875
8012,0.53125
8013,0.48828125
8014,0.47265625
8015,0.45703125
8016,0.5
8017,0.4765625
8018,0.5234375
8019,0.484375
8020,0.38671875
8021,0.50390625
8022,0.51953125
8023,0.54296875
8024,0.4921875
8025,0.44140625
8026,0.51171875
8027,0.44140625
8028,0.5234375
8029,0.5234375
8030,0.46484375
8031,0.51171875
8032,0.51953125
8033,0.40625
8034,0.5390625
8035,0.55078125
8036,0.44921875
8037,0.57421875
8038,0.5
8039,0.52734375
8040,0.48046875
8041,0.515625
8042,0.4609375
8043,0.53125
8044,0.53125
8045,0.5078125
8046,0.484375
8047,0.51953125
8048,0.5234375
8049,0.453125
8050,0.5
8051,0.43359375
8052,0.51171875
8053,0.53125
8054,0.48046875
8055,0.49609375
8056,0.546875
8057,0.4921875
8058,0.46875
8059,0.58984375
8060,0.48046875
8061,0.47265625
8062,0.46875
8063,0.53125
8064,0.4765625
8065,0.50390625
8066,0.51171875
8067,0.48046875
8068,0.4921875
8069,0.48828125
8070,0.5234375
8071,0.55859375
8072,0.46484375
8073,0.56640625
8074,0.5078125
8075,0.53515625
8076,0.53125
8077,0.5078125
8078,0.47265625
8079,0.5234375
8080,0.546875
8081,0.5390625
8082,0.578125
8083,0.44921875
8084,0.51171875
8085,0.5
8086,0.50390625
8087,0.53125
8088,0.51171875
8089,0.48046875
8090,0.52734375
8091,0.49609375
8092,0.54296875
8093,0.5
8094,0.453125
8095,0.46484375
8096,0.50390625
8097,0.52734375
8098,0.47265625
8099,0.44921875
8100,0.48828125
8101,0.49609375
8102,0.4765625
8103,0.48046875
8104,0.44921875
8105,0.5859375
8106,0.4609375
8107,0.4765625
8108,0.4453125
8109,0.55859375
8110,0.46484375
8111,0.48046875
8112,0.46875
8113,0.4609375
8114,0.5
8115,0.4296875
8116,0.51171875
8117,0.51953125
8118,0.46875
8119,0.515625
8120,0.54296875
8121,0.52734375
8122,0.5234375
8123,0.515625
8124,0.5078125
8125,0.52734375
8126,0.50390625
8127,0.45703125
8128,0.4609375
8129,0.51171875
8130,0.51953125
8131,0.44140625
8132,0.53515625
8133,0.51953125
8134,0.45703125
8135,0.52734375
8136,0.55859375
8137,0.4453125
8138,0.4921875
8139,0.53125
8140,0.47265625
8141,0.47265625
8142,0.5234375
8143,0.484375
8144,0.53515625
8145,0.4765625
8146,0.484375
8147,0.4765625
8148,0.56640625
8149,0.50390625
8150,0.5546875
8151,0.46484375
8152,0.51953125
8153,0.50390625
8154,0.50390625
8155,0.4765625
8156,0.4765625
8157,0.48828125
8158,0.51953125
8159,0.51171875
8160,0.5078125
8161,0.4609375
8162,0.54296875
8163,0.5703125
8164,0.54296875
8165,0.5234375
8166,0.53125
8167,0.44921875
8168,0.4296875
8169,0.48828125
8170,0.50390625
8171,0.51171875
8172,0.5390625
8173,0.484375
8174,0.484375
8175,0.46484375
8176,0.4765625
8177,0.50390625
8178,0.5625
8179,0.5234375
8180,0.51953125
8181,0.55078125
8182,0.48828125
8183,0.51953125
8184,0.5234375
8185,0.53515625
8186,0.484375
8187,0.515625
8188,0.5859375
8189,0.4453125
8190,0.5
8191,0.44140625
8192,0.4140625
8193,0.45703125
8194,0.5
8195,0.4921875
8196,0.5625
8197,0.51953125
8198,0.5390625
8199,0.515625
8200,0.5078125
8201,0.4921875
8202,0.5390625
8203,0.48828125
8204,0.48828125
8205,0.41796875
8206,0.52734375
8207,0.52734375
8208,0.48046875
8209,0.44921875
8210,0.53125
8211,0.4765625
8212,0.5234375
8213,0.49609375
8214,0.5390625
8215,0.47265625
8216,0.5234375
8217,0.5234375
8218,0.51953125
8219,0.48046875
8220,0.5234375
8221,0.484375
8222,0.515625
8223,0.515625
8224,0.53515625
8225,0.4765625
8226,0.515625
8227,0.46484375
8228,0.48828125
8229,0.5
8230,0.48046875
8231,0.46484375
8232,0.4921875
8233,0.4765625
8234,0.625
8235,0.5078125
8236,0.453125
8237,0.49609375
8238,0.54296875
8239,0.55859375
8240,0.484375
8241,0.4453125
8242,0.44921875
8243,0.5078125
8244,0.44140625
8245,0.5625
8246,0.5390625
8247,0.53515625
8248,0.45703125
8249,0.4921875
8250,0.5234375
8251,0.48828125
8252,0.5703125
8253,0.56640625
8254,0.52734375
8255,0.50390625
8256,0.515625
8257,0.44140625
8258,0.515625
8259,0.53515625
8260,0.5
8261,0.46875
8262,0.4453125
8263,0.53515625
8264,0.51171875
8265,0.453125
8266,0.48046875
8267,0.52734375
8268,0.48046875
8269,0.53125
8270,0.50390625
8271,0.54296875
8272,0.40625
8273,0.515625
8274,0.5546875
8275,0.5390625
8276,0.52734375
8277,0.49609375
8278,0.4765625
8279,0.5078125
8280,0.421875
8281,0.52734375
8282,0.52734375
8283,0.578125
8284,0.46875
8285,0.50390625
8286,0.5859375
8287,0.4140625
8288,0.375
8289,0.4609375
8290,0.5078125
8291,0.5078125
8292,0.5625
8293,0.44921875
8294,0.5
8295,0.49609375
8296,0.46875
8297,0.453125
8298,0.54296875
8299,0.5234375
8300,0.58203125
8301,0.4765625
8302,0.51171875
8303,0.58984375
8304,0.5625
8305,0.44140625
8306,0.4765625
8307,0.53515625
8308,0.46484375
8309,0.48828125
8310,0.453125
8311,0.56640625
8312,0.5078125
8313,0.453125
8314,0.5234375
8315,0.46484375
8316,0.51171875
8317,0.4921875
8318,0.5546875
8319,0.53125
8320,0.48046875
8321,0.55078125
8322,0.5234375
8323,0.43359375
8324,0.48046875
8325,0.51171875
8326,0.53515625
8327,0.5546875
8328,0.46484375
8329,0.453125
8330,0.52734375
8331,0.5390625
8332,0.421875
8333,0.5078125
8334,0.48828125
8335,0.6015625
8336,0.49609375
8337,0.51953125
8338,0.48828125
8339,0.53515625
8340,0.51171875
8341,0.48046875
8342,0.421875
8343,0.515625
8344,0.51171875
8345,0.5078125
8346,0.5
8347,0.51953125
8348,0.484375
8349,0.50390625
8350,0.53125
8351,0.45703125
8352,0.51953125
8353,0.4453125
8354,0.55078125
8355,0.53515625
8356,0.55078125
8357,0.4296875
8358,0.47265625
8359,0.453125
8360,0.54296875
8361,0.41015625
8362,0.52734375
8363,0.55078125
8364,0.47265625
8365,0.51171875
8366,0.4765625
8367,0.51953125
8368,0.4765625
8369,0.6015625
8370,0.55859375
8371,0.48046875
8372,0.48046875
8373,0.4609375
8374,0.49609375
8375,0.50390625
8376,0.515625
8377,0.57421875
8378,0.51953125
8379,0.40625
8380,0.5390625
8381,0.46484375
8382,0.46484375
8383,0.484375
8384,0.5546875
8385,0.5078125
8386,0.4375
8387,0.5546875
8388,0.44140625
8389,0.4609375
8390,0.46484375
8391,0.47265625
8392,0.52734375
8393,0.5
8394,0.453125
8395,0.46875
8396,0.5390625
8397,0.4921875
8398,0.42578125
8399,0.5703125
8400,0.52734375
8401,0.5
8402,0.51171875
8403,0.4921875
8404,0.46875
8405,0.48046875
8406,0.5703125
8407,0.4609375
8408,0.45703125
8409,0.4921875
8410,0.5234375
8411,0.48828125
8412,0.546875
8413,0.5078125
8414,0.50390625
8415,0.4609375
8416,0.45703125
8417,0.48828125
8418,0.53125
8419,0.53515625
8420,0.48046875
8421,0.46484375
8422,0.48046875
8423,0.4375
8424,0.50390625
8425,0.4609375
8426,0.53125
8427,0.47265625
8428,0.55078125
8429,0.53125
8430,0.5390625
8431,0.48046875
8432,0.453125
8433,0.5234375
8434,0.48046875
8435,0.4140625
8436,0.49609375
8437,0.45703125
8438,0.52734375
8439,0.44140625
8440,0.45703125
8441,0.50390625
8442,0.5390625
8443,0.45703125
8444,0.4921875
8445,0.5078125
8446,0.53515625
8447,0.48046875
8448,0.421875
8449,0.515625
8450,0.44140625
8451,0.4765625
8452,0.5546875
8453,0.5078125
8454,0.48828125
8455,0.57421875
8456,0.546875
8457,0.5234375
8458,0.53125
8459,0.48828125
8460,0.5390625
8461,0.5
8462,0.49609375
8463,0.47265625
8464,0.5390625
8465,0.51171875
8466,0.50390625
8467,0.5
8468,0.484375
8469,0.4921875
8470,0.5234375
8471,0.484375
8472,0.5078125
8473,0.4609375
8474,0.5390625
8475,0.53515625
8476,0.55859375
8477,0.56640625
8478,0.48046875
8479,0.5
8480,0.51953125
8481,0.4921875
8482,0.44921875
8483,0.46484375
8484,0.515625
8485,0.5078125
8486,0.51953125
8487,0.453125
8488,0.5078125
8489,0.55859375
8490,0.49609375
8491,0.55078125
8492,0.5234375
8493,0.5
8494,0.578125
8495,0.51953125
8496,0.47265625
8497,0.51171875
8498,0.4921875
8499,0.51171875
8500,0.50390625
8501,0.53125
8502,0.46484375
8503,0.4921875
8504,0.48828125
8505,0.421875
8506,0.4453125
8507,0.546875
8508,0.53125
8509,0.453125
8510,0.51171875
8511,0.53125
8512,0.49609375
8513,0.4453125
8514,0.52734375
8515,0.45703125
8516,0.484375
8517,0.46875
8518,0.48828125
8519,0.51171875
8520,0.49609375
8521,0.49609375
8522,0.5703125
8523,0.45703125
8524,0.4765625
8525,0.4921875
8526,0.48828125
8527,0.421875
8528,0.4921875
8529,0.50390625
8530,0.44140625
8531,0.4609375
8532,0.53515625
8533,0.3984375
8534,0.45703125
8535,0.46875
8536,0.4765625
8537,0.53125
8538,0.5546875
8539,0.52734375
8540,0.55078125
8541,0.46875
8542,0.53515625
8543,0.5546875
8544,0.44140625
8545,0.515625
8546,0.4375
8547,0.4375
8548,0.56640625
8549,0.55078125
8550,0.4453125
8551,0.51171875
8552,0.45703125
8553,0.4921875
8554,0.50390625
8555,0.52734375
8556,0.48828125
8557,0.52734375
8558,0.49609375
8559,0.484375
8560,0.46875
8561,0.53515625
8562,0.54296875
8563,0.5234375
8564,0.4921875
8565,0.515625
8566,0.49609375
8567,0.48046875
8568,0.46875
8569,0.44140625
8570,0.484375
8571,0.52734375
8572,0.48828125
8573,0.5234375
8574,0.48828125
8575,0.484375
8576,0.5859375
8577,0.51171875
8578,0.5234375
8579,0.52734375
8580,0.48046875
8581,0.4921875
8582,0.54296875
8583,0.54296875
8584,0.5078125
8585,0.50390625
8586,0.51171875
8587,0.5
8588,0.4296875
8589,0.55078125
8590,0.49609375
8591,0.515625
8592,0.5390625
8593,0.4921875
8594,0.53125
8595,0.51953125
8596,0.49609375
8597,0.46484375
8598,0.4921875
8599,0.4453125
8600,0.53125
8601,0.4609375
8602,0.52734375
8603,0.51953125
8604,0.4921875
8605,0.53515625
8606,0.45703125
8607,0.42578125
8608,0.48046875
8609,0.5859375
8610,0.5234375
8611,0.5234375
8612,0.41796875
8613,0.5078125
8614,0.48046875
8615,0.51953125
8616,0.49609375
8617,0.50390625
8618,0.4765625
8619,0.50390625
8620,0.46875
8621,0.46484375
8622,0.45703125
8623,0.44921875
8624,0.52734375
8625,0.45703125
8626,0.49609375
8627,0.51953125
8628,0.46484375
8629,0.54296875
8630,0.484375
8631,0.5234375
8632,0.51953125
8633,0.55078125
8634,0.578125
8635,0.49609375
8636,0.52734375
8637,0.53515625
8638,0.52734375
8639,0.45703125
8640,0.42578125
8641,0.484375
8642,0.5390625
8643,0.515625
8644,0.4921875
8645,0.4453125
8646,0.578125
8647,0.53125
8648,0.44140625
8649,0.453125
8650,0.51953125
8651,0.55078125
8652,0.46484375
8653,0.51953125
8654,0.48828125
8655,0.4921875
8656,0.4453125
8657,0.5546875
8658,0.5
8659,0.484375
8660,0.4921875
8661,0.5390625
8662,0.56640625
8663,0.52734375
8664,0.4375
8665,0.53125
8666,0.51171875
8667,0.5
8668,0.46875
8669,0.484375
8670,0.45703125
8671,0.609375
8672,0.578125
8673,0.49609375
8674,0.5390625
8675,0.484375
8676,0.4375
8677,0.5390625
8678,0.5078125
8679,0.5
8680,0.5625
8681,0.4765625
8682,0.5703125
8683,0.46875
8684,0.5078125
8685,0.51171875
8686,0.5234375
8687,0.453125
8688,0.55859375
8689,0.4609375
8690,0.5078125
8691,0.52734375
8692,0.46875
8693,0.4609375
8694,0.52734375
8695,0.5234375
8696,0.53515625
8697,0.484375
8698,0.51953125
8699,0.4609375
8700,0.48828125
8701,0.55859375
8702,0.5625
8703,0.48828125
8704,0.51953125
8705,0.43359375
8706,0.49609375
8707,0.55078125
8708,0.5234375
8709,0.52734375
8710,0.47265625
8711,0.49609375
8712,0.57421875
8713,0.51953125
8714,0.484375
8715,0.515625
8716,0.50390625
8717,0.48046875
8718,0.49609375
8719,0.5234375
8720,0.54296875
8721,0.51171875
8722,0.52734375
8723,0.47265625
8724,0.46484375
8725,0.49609375
8726,0.453125
8727,0.5
8728,0.41796875
8729,0.47265625
8730,0.55078125
8731,0.546875
8732,0.56640625
8733,0.484375
8734,0.5078125
8735,0.46484375
8736,0.5
8737,0.50390625
8738,0.5234375
8739,0.55078125
8740,0.484375
8741,0.546875
8742,0.48828125
8743,0.4765625
8744,0.54296875
8745,0.5390625
8746,0.5390625
8747,0.453125
8748,0.45703125
8749,0.54296875
8750,0.52734375
8751,0.54296875
8752,0.4921875
8753,0.4375
8754,0.50390625
8755,0.49609375
8756,0.41796875
8757,0.44140625
8758,0.50390625
8759,0.48828125
8760,0.4921875
8761,0.546875
8762,0.5
8763,0.5
8764,0.54296875
8765,0.515625
8766,0.50390625
8767,0.50390625
8768,0.55859375
8769,0.48828125
8770,0.45703125
8771,0.53515625
8772,0.49609375
8773,0.5390625
8774,0.50390625
8775,0.50390625
8776,0.42578125
8777,0.4296875
8778,0.44921875
8779,0.55859375
8780,0.51171875
8781,0.5390625
8782,0.50390625
8783,0.5078125
8784,0.51953125
8785,0.5
8786,0.4453125
8787,0.51953125
8788,0.453125
8789,0.47265625
8790,0.49609375
8791,0.5078125
8792,0.52734375
8793,0.48046875
8794,0.453125
8795,0.58203125
8796,0.53125
8797,0.49609375
8798,0.51953125
8799,0.4921875
8800,0.4921875
8801,0.53125
8802,0.51953125
8803,0.4921875
8804,0.4921875
8805,0.44921875
8806,0.484375
8807,0.48828125
8808,0.47265625
8809,0.52734375
8810,0.43359375
8811,0.5546875
8812,0.4453125
8813,0.53515625
8814,0.484375
8815,0.53515625
8816,0.55078125
8817,0.47265625
8818,0.5390625
8819,0.50390625
8820,0.53515625
8821,0.52734375
8822,0.5390625
8823,0.484375
8824,0.58984375
8825,0.390625
8826,0.46875
8827,0.5
8828,0.48828125
8829,0.49609375
8830,0.50390625
8831,0.56640625
8832,0.48046875
8833,0.453125
8834,0.578125
8835,0.44921875
8836,0.53515625
8837,0.48828125
8838,0.4609375
8839,0.45703125
8840,0.48046875
8841,0.5390625
8842,0.55078125
8843,0.5234375
8844,0.41015625
8845,0.5078125
8846,0.5546875
8847,0.5546875
8848,0.55078125
8849,0.48046875
8850,0.578125
8851,0.51171875
8852,0.515625
8853,0.50390625
8854,0.50390625
8855,0.53125
8856,0.46484375
8857,0.5078125
8858,0.55078125
8859,0.5234375
8860,0.5078125
8861,0.453125
8862,0.5
8863,0.59765625
8864,0.5
8865,0.53515625
8866,0.5234375
8867,0.54296875
8868,0.5390625
8869,0.48046875
8870,0.3671875
8871,0.453125
8872,0.45703125
8873,0.6015625
8874,0.4609375
8875,0.50390625
8876,0.5234375
8877,0.45703125
8878,0.4921875
8879,0.4921875
8880,0.4765625
8881,0.5625
8882,0.546875
8883,0.49609375
8884,0.50390625
8885,0.48828125
8886,0.515625
8887,0.41796875
8888,0.4296875
8889,0.44140625
8890,0.41015625
8891,0.48046875
8892,0.51171875
8893,0.51171875
8894,0.4609375
8895,0.54296875
8896,0.4921875
8897,0.54296875
8898,0.484375
8899,0.48828125
8900,0.46484375
8901,0.49609375
8902,0.5703125
8903,0.46484375
8904,0.47265625
8905,0.4375
8906,0.50390625
8907,0.5234375
8908,0.50390625
8909,0.48828125
8910,0.56640625
8911,0.48828125
8912,0.46484375
8913,0.5703125
8914,0.453125
8915,0.55859375
8916,0.58203125
8917,0.46484375
8918,0.50390625
8919,0.48046875
8920,0.5625
8921,0.50390625
8922,0.54296875
8923,0.453125
8924,0.49609375
8925,0.50390625
8926,0.50390625
8927,0.49609375
8928,0.4375
8929,0.55859375
8930,0.53125
8931,0.49609375
8932,0.43359375
8933,0.60546875
8934,0.48828125
8935,0.46484375
8936,0.45703125
8937,0.5390625
8938,0.5
8939,0.45703125
8940,0.44140625
8941,0.48046875
8942,0.46484375
8943,0.51171875
8944,0.53125
8945,0.48046875
8946,0.53515625
8947,0.52734375
8948,0.46875
8949,0.484375
8950,0.45703125
8951,0.515625
8952,0.52734375
8953,0.48828125
8954,0.47265625
8955,0.55078125
8956,0.48828125
8957,0.453125
8958,0.59375
8959,0.4375
8960,0.4453125
8961,0.5234375
8962,0.52734375
8963,0.5
8964,0.54296875
8965,0.44140625
8966,0.4453125
8967,0.484375
8968,0.46875
8969,0.44140625
8970,0.45703125
8971,0.5703125
8972,0.42578125
8973,0.51171875
8974,0.50390625
8975,0.53515625
8976,0.484375
8977,0.4453125
8978,0.51171875
8979,0.48828125
8980,0.4609375
8981,0.54296875
8982,0.53125
8983,0.55078125
8984,0.515625
8985,0.46875
8986,0.51171875
8987,0.47265625
8988,0.48828125
8989,0.5390625
8990,0.4765625
8991,0.51953125
8992,0.50390625
8993,0.5390625
8994,0.4765625
8995,0.515625
8996,0.54296875
8997,0.5234375
8998,0.48828125
8999,0.54296875
9000,0.60546875
9001,0.53125
9002,0.44140625
9003,0.46875
9004,0.53125
9005,0.53515625
9006,0.5390625
9007,0.50390625
9008,0.4453125
9009,0.5546875
9010,0.55859375
9011,0.41796875
9012,0.5390625
9013,0.42578125
9014,0.5859375
9015,0.45703125
9016,0.47265625
9017,0.5625
9018,0.50390625
9019,0.5546875
9020,0.45703125
9021,0.53515625
9022,0.52734375
9023,0.5390625
9024,0.56640625
9025,0.50390625
9026,0.484375
9027,0.48046875
9028,0.46875
9029,0.51171875
9030,0.53515625
9031,0.48828125
9032,0.45703125
9033,0.47265625
9034,0.49609375
9035,0.48828125
9036,0.515625
9037,0.4140625
9038,0.47265625
9039,0.45703125
9040,0.4921875
9041,0.47265625
9042,0.53125
9043,0.49609375
9044,0.4921875
9045,0.5625
9046,0.5
9047,0.51953125
9048,0.51171875
9049,0.46875
9050,0.50390625
9051,0.4609375
9052,0.41796875
9053,0.484375
9054,0.484375
9055,0.4609375
9056,0.50390625
9057,0.4921875
9058,0.47265625
9059,0.5625
9060,0.5
9061,0.42578125
9062,0.48046875
9063,0.4765625
9064,0.46875
9065,0.484375
9066,0.515625
9067,0.49609375
9068,0.4609375
9069,0.4453125
9070,0.4375
9071,0.47265625
9072,0.5234375
9073,0.546875
9074,0.5390625
9075,0.515625
9076,0.5625
9077,0.48046875
9078,0.5234375
9079,0.484375
9080,0.4609375
9081,0.44921875
9082,0.52734375
9083,0.49609375
9084,0.49609375
9085,0.46875
9086,0.5078125
9087,0.4375
9088,0.50390625
9089,0.4765625
9090,0.46484375
9091,0.5
9092,0.51953125
9093,0.48046875
9094,0.48046875
9095,0.5234375
9096,0.4921875
9097,0.5
9098,0.4296875
9099,0.4453125
9100,0.4921875
9101,0.57421875
9102,0.453125
9103,0.5078125
9104,0.48046875
9105,0.515625
9106,0.4765625
9107,0.515625
9108,0.48046875
9109,0.5234375
9110,0.44921875
9111,0.546875
9112,0.52734375
9113,0.53125
9114,0.44140625
9115,0.5390625
9116,0.51171875
9117,0.5234375
9118,0.4609375
9119,0.5546875
9120,0.53515625
9121,0.484375
9122,0.5
9123,0.4453125
9124,0.4921875
9125,0.49609375
9126,0.51953125
9127,0.4765625
9128,0.48828125
9129,0.5
9130,0.51171875
9131,0.46484375
9132,0.42578125
9133,0.47265625
9134,0.48828125
9135,0.51953125
9136,0.484375
9137,0.43359375
9138,0.484375
9139,0.51171875
9140,0.484375
9141,0.41796875
9142,0.4921875
9143,0.48828125
9144,0.4609375
9145,0.5390625
9146,0.47265625
9147,0.5390625
9148,0.51953125
9149,0.4765625
9150,0.4453125
9151,0.4765625
9152,0.52734375
9153,0.50390625
9154,0.54296875
9155,0.48828125
9156,0.54296875
9157,0.5625
9158,0.5234375
9159,0.50390625
9160,0.55078125
9161,0.5390625
9162,0.4765625
9163,0.53125
9164,0.50390625
9165,0.484375
9166,0.5390625
9167,0.47265625
9168,0.48828125
9169,0.4765625
9170,0.47265625
9171,0.46875
9172,0.5078125
9173,0.52734375
9174,0.53515625
9175,0.4453125
9176,0.53515625
9177,0.50390625
9178,0.44140625
9179,0.46875
9180,0.53515625
9181,0.53515625
9182,0.51171875
9183,0.4921875
9184,0.54296875
9185,0.4609375
9186,0.55078125
9187,0.52734375
9188,0.515625
9189,0.484375
9190,0.60546875
9191,0.48828125
9192,0.5078125
9193,0.453125
9194,0.50390625
9195,0.48828125
9196,0.53125
9197,0.484375
9198,0.42578125
9199,0.50390625
9200,0.55078125
9201,0.484375
9202,0.53515625
9203,0.53515625
9204,0.46875
9205,0.53125
9206,0.51171875
9207,0.48046875
9208,0.51953125
9209,0.4609375
9210,0.5390625
9211,0.48046875
9212,0.5
9213,0.5234375
9214,0.5
9215,0.5234375
9216,0.44140625
9217,0.52734375
9218,0.55859375
9219,0.4765625
9220,0.4453125
9221,0.515625
9222,0.46484375
9223,0.44921875
9224,0.48046875
9225,0.51171875
9226,0.45703125
9227,0.515625
9228,0.484375
9229,0.53515625
9230,0.4453125
9231,0.51171875
9232,0.44921875
9233,0.51171875
9234,0.47265625
9235,0.51171875
9236,0.49609375
9237,0.5703125
9238,0.51171875
9239,0.51171875
9240,0.53125
9241,0.50390625
9242,0.51171875
9243,0.484375
9244,0.48828125
9245,0.484375
9246,0.515625
9247,0.44140625
9248,0.42578125
9249,0.484375
9250,0.4609375
9251,0.58203125
9252,0.4609375
9253,0.4453125
9254,0.45703125
9255,0.4375
9256,0.48046875
9257,0.45703125
9258,0.546875
9259,0.53125
9260,0.4765625
9261,0.51171875
9262,0.49609375
9263,0.51953125
9264,0.51171875
9265,0.48828125
9266,0.52734375
9267,0.47265625
9268,0.52734375
9269,0.4609375
9270,0.49609375
9271,0.515625
9272,0.515625
9273,0.51171875
9274,0.52734375
9275,0.47265625
9276,0.51171875
9277,0.5
9278,0.51171875
9279,0.52734375
9280,0.515625
9281,0.50390625
9282,0.57421875
9283,0.4609375
9284,0.49609375
9285,0.46484375
9286,0.4453125
9287,0.5078125
9288,0.51171875
9289,0.46875
9290,0.484375
9291,0.53125
9292,0.48828125
9293,0.49609375
9294,0.5234375
9295,0.5
9296,0.51171875
9297,0.59375
9298,0.54296875
9299,0.5390625
9300,0.51953125
9301,0.4453125
9302,0.50390625
9303,0.5
9304,0.46484375
9305,0.47265625
9306,0.58984375
9307,0.515625
9308,0.4921875
9309,0.48828125
9310,0.47265625
9311,0.5390625
9312,0.5078125
9313,0.5546875
9314,0.546875
9315,0.4921875
9316,0.55078125
9317,0.4453125
9318,0.4921875
9319,0.53515625
9320,0.578125
9321,0.54296875
9322,0.5703125
9323,0.50390625
9324,0.5078125
9325,0.4296875
9326,0.46484375
9327,0.53515625
9328,0.515625
9329,0.52734375
9330,0.484375
9331,0.4921875
9332,0.45703125
9333,0.46875
9334,0.49609375
9335,0.45703125
9336,0.45703125
9337,0.55078125
9338,0.49609375
9339,0.49609375
9340,0.53515625
9341,0.44921875
9342,0.515625
9343,0.57421875
9344,0.5234375
9345,0.55859375
9346,0.515625
9347,0.51171875
9348,0.51953125
9349,0.4765625
9350,0.5078125
9351,0.46484375
9352,0.40625
9353,0.39453125
9354,0.4921875
9355,0.49609375
9356,0.51953125
9357,0.48828125
9358,0.56640625
9359,0.5
9360,0.56640625
9361,0.4453125
9362,0.52734375
9363,0.52734375
9364,0.50390625
9365,0.46484375
9366,0.4609375
9367,0.5390625
9368,0.51953125
9369,0.515625
9370,0.50390625
9371,0.5078125
9372,0.56640625
9373,0.51953125
9374,0.46484375
9375,0.5
9376,0.46484375
9377,0.52734375
9378,0.51953125
9379,0.4921875
9380,0.54296875
9381,0.49609375
9382,0.4765625
9383,0.5546875
9384,0.52734375
9385,0.51171875
9386,0.48046875
9387,0.48828125
9388,0.51171875
9389,0.515625
9390,0.53125
9391,0.4296875
9392,0.5
9393,0.56640625
9394,0.48828125
9395,0.44921875
9396,0.5234375
9397,0.515625
9398,0.44921875
9399,0.5078125
9400,0.515625
9401,0.515625
9402,0.484375
9403,0.49609375
9404,0.51953125
9405,0.51953125
9406,0.5078125
9407,0.484375
9408,0.48046875
9409,0.5390625
9410,0.5234375
9411,0.49609375
9412,0.5234375
9413,0.49609375
9414,0.53125
9415,0.46875
9416,0.56640625
9417,0.5546875
9418,0.4609375
9419,0.5625
9420,0.5625
9421,0.5390625
9422,0.49609375
9423,0.48828125
9424,0.51171875
9425,0.55859375
9426,0.5
9427,0.4921875
9428,0.53125
9429,0.51171875
9430,0.5078125
9431,0.55859375
9432,0.61328125
9433,0.53515625
9434,0.5390625
9435,0.5234375
9436,0.4921875
9437,0.55078125
9438,0.4609375
9439,0.52734375
9440,0.4765625
9441,0.4375
9442,0.46875
9443,0.4921875
9444,0.55859375
9445,0.515625
9446,0.47265625
9447,0.4609375
9448,0.56640625
9449,0.54296875
9450,0.4296875
9451,0.51953125
9452,0.484375
9453,0.4765625
9454,0.53515625
9455,0.484375
9456,0.5234375
9457,0.44140625
9458,0.50390625
9459,0.55078125
9460,0.53125
9461,0.5078125
9462,0.453125
9463,0.5546875
9464,0.5
9465,0.5859375
9466,0.52734375
9467,0.4765625
9468,0.48046875
9469,0.4921875
9470,0.4765625
9471,0.4375
9472,0.4921875
9473,0.484375
9474,0.56640625
9475,0.4765625
9476,0.49609375
9477,0.515625
9478,0.5234375
9479,0.5546875
9480,0.4609375
9481,0.51171875
9482,0.48046875
9483,0.5234375
9484,0.55078125
9485,0.4921875
9486,0.53125
9487,0.58203125
9488,0.48828125
9489,0.515625
9490,0.46875
9491,0.5
9492,0.515625
9493,0.4375
9494,0.4453125
9495,0.484375
9496,0.484375
9497,0.45703125
9498,0.4609375
9499,0.5546875
9500,0.53515625
9501,0.515625
9502,0.546875
9503,0.44921875
9504,0.47265625
9505,0.53125
9506,0.55859375
9507,0.54296875
9508,0.46484375
9509,0.5078125
9510,0.52734375
9511,0.484375
9512,0.48046875
9513,0.4609375
9514,0.5
9515,0.5234375
9516,0.5
9517,0.44140625
9518,0.52734375
9519,0.5
9520,0.56640625
9521,0.46875
9522,0.5078125
9523,0.45703125
9524,0.515625
9525,0.4921875
9526,0.4609375
9527,0.49609375
9528,0.48828125
9529,0.53125
9530,0.46875
9531,0.5078125
9532,0.42578125
9533,0.48828125
9534,0.5
9535,0.5
9536,0.51171875
9537,0.50390625
9538,0.45703125
9539,0.49609375
9540,0.515625
9541,0.5703125
9542,0.46875
9543,0.55859375
9544,0.453125
9545,0.4609375
9546,0.43359375
9547,0.4609375
9548,0.49609375
9549,0.42578125
9550,0.4609375
9551,0.54296875
9552,0.46875
9553,0.4609375
9554,0.484375
9555,0.5
9556,0.46875
9557,0.484375
9558,0.50390625
9559,0.4375
9560,0.51953125
9561,0.4453125
9562,0.52734375
9563,0.48828125
9564,0.5390625
9565,0.47265625
9566,0.50390625
9567,0.49609375
9568,0.48046875
9569,0.44921875
9570,0.4765625
9571,0.58203125
9572,0.54296875
9573,0.48046875
9574,0.53125
9575,0.5078125
9576,0.47265625
9577,0.45703125
9578,0.48046875
9579,0.4921875
9580,0.48828125
9581,0.5234375
9582,0.51171875
9583,0.5390625
9584,0.4765625
9585,0.44140625
9586,0.515625
9587,0.5078125
9588,0.53125
9589,0.484375
9590,0.5078125
9591,0.45703125
9592,0.53515625
9593,0.5078125
9594,0.43359375
9595,0.43359375
9596,0.48828125
9597,0.5078125
9598,0.45703125
9599,0.5234375
9600,0.48828125
9601,0.484375
9602,0.5234375
9603,0.5703125
9604,0.50390625
9605,0.5390625
9606,0.5234375
9607,0.4765625
9608,0.5234375
9609,0.48828125
9610,0.51953125
9611,0.53515625
9612,0.546875
9613,0.50390625
9614,0.48046875
9615,0.46484375
9616,0.51171875
9617,0.45703125
9618,0.46875
9619,0.46484375
9620,0.546875
9621,0.53515625
9622,0.49609375
9623,0.47265625
9624,0.46875
9625,0.47265625
9626,0.46875
9627,0.50390625
9628,0.49609375
9629,0.55078125
9630,0.50390625
9631,0.55078125
9632,0.453125
9633,0.49609375
9634,0.5546875
9635,0.4765625
9636,0.56640625
9637,0.51171875
9638,0.55078125
9639,0.48828125
9640,0.53125
9641,0.49609375
9642,0.4375
9643,0.4765625
9644,0.484375
9645,0.51171875
9646,0.5078125
9647,0.52734375
9648,0.4609375
9649,0.51953125
9650,0.47265625
9651,0.48828125
9652,0.47265625
9653,0.5546875
9654,0.4921875
9655,0.546875
9656,0.4921875
9657,0.53125
9658,0.51171875
9659,0.46875
9660,0.46484375
9661,0.5078125
9662,0.46875
9663,0.5078125
9664,0.484375
9665,0.49609375
9666,0.4375
9667,0.53515625
9668,0.58984375
9669,0.5
9670,0.46484375
9671,0.52734375
9672,0.47265625
9673,0.5703125
9674,0.46484375
9675,0.51171875
9676,0.5078125
9677,0.5
9678,0.46875
9679,0.5078125
9680,0.546875
9681,0.47265625
9682,0.51953125
9683,0.48828125
9684,0.53125
9685,0.5234375
9686,0.5703125
9687,0.4375
9688,0.49609375
9689,0.47265625
9690,0.53125
9691,0.51171875
9692,0.54296875
9693,0.50390625
9694,0.52734375
9695,0.5
9696,0.484375
9697,0.5546875
9698,0.5
9699,0.5234375
9700,0.515625
9701,0.50390625
9702,0.46484375
9703,0.46875
9704,0.5546875
9705,0.52734375
9706,0.60546875
9707,0.484375
9708,0.47265625
9709,0.50390625
9710,0.484375
9711,0.4375
9712,0.515625
9713,0.55078125
9714,0.43359375
9715,0.57421875
9716,0.53515625
9717,0.52734375
9718,0.53125
9719,0.50390625
9720,0.4921875
9721,0.55859375
9722,0.4609375
9723,0.46875
9724,0.4375
9725,0.5546875
9726,0.51953125
9727,0.53515625
9728,0.46875
9729,0.5078125
9730,0.51171875
9731,0.57421875
9732,0.49609375
9733,0.5
9734,0.50390625
9735,0.49609375
9736,0.51953125
9737,0.5
9738,0.515625
9739,0.5
9740,0.484375
9741,0.51953125
9742,0.58203125
9743,0.49609375
9744,0.5546875
9745,0.50390625
9746,0.4765625
9747,0.47265625
9748,0.5390625
9749,0.4765625
9750,0.45703125
9751,0.4609375
9752,0.5234375
9753,0.5390625
9754,0.5390625
9755,0.58984375
9756,0.53125
9757,0.5
9758,0.48828125
9759,0.51953125
9760,0.484375
9761,0.453125
9762,0.5703125
9763,0.58203125
9764,0.48828125
9765,0.51171875
9766,0.4609375
9767,0.4453125
9768,0.4765625
9769,0.5859375
9770,0.484375
9771,0.4609375
9772,0.46484375
9773,0.546875
9774,0.49609375
9775,0.5234375
9776,0.546875
9777,0.5234375
9778,0.53515625
9779,0.5
9780,0.4296875
9781,0.45703125
9782,0.54296875
9783,0.51953125
9784,0.515625
9785,0.53515625
9786,0.49609375
9787,0.484375
9788,0.51953125
9789,0.48828125
9790,0.546875
9791,0.50390625
9792,0.51171875
9793,0.51953125
9794,0.5
9795,0.51171875
9796,0.515625
9797,0.4453125
9798,0.5078125
9799,0.4921875
9800,0.4921875
9801,0.4609375
9802,0.51171875
9803,0.53125
9804,0.5546875
9805,0.54296875
9806,0.5234375
9807,0.4453125
9808,0.45703125
9809,0.4609375
9810,0.484375
9811,0.48046875
9812,0.53125
9813,0.56640625
9814,0.53515625
9815,0.4140625
9816,0.484375
9817,0.453125
9818,0.4375
9819,0.51171875
9820,0.53125
9821,0.51171875
9822,0.46484375
9823,0.4609375
9824,0.51171875
9825,0.4453125
9826,0.515625
9827,0.421875
9828,0.53125
9829,0.4765625
9830,0.49609375
9831,0.46875
9832,0.5078125
9833,0.52734375
9834,0.453125
9835,0.5078125
9836,0.4921875
9837,0.51171875
9838,0.5390625
9839,0.46875
9840,0.5625
9841,0.48828125
9842,0.625
9843,0.484375
9844,0.48046875
9845,0.45703125
9846,0.51953125
9847,0.48828125
9848,0.49609375
9849,0.5625
9850,0.515625
9851,0.53515625
9852,0.45703125
9853,0.484375
9854,0.4609375
9855,0.53125
9856,0.4921875
9857,0.4921875
9858,0.43359375
9859,0.5703125
9860,0.515625
9861,0.48828125
9862,0.5390625
9863,0.55078125
9864,0.48828125
9865,0.5078125
9866,0.52734375
9867,0.55078125
9868,0.4609375
9869,0.4765625
9870,0.5
9871,0.44921875
9872,0.51953125
9873,0.4453125
9874,0.50390625
9875,0.453125
9876,0.51171875
9877,0.48828125
9878,0.54296875
9879,0.47265625
9880,0.5
9881,0.53125
9882,0.515625
9883,0.50390625
9884,0.4453125
9885,0.45703125
9886,0.515625
9887,0.51171875
9888,0.484375
9889,0.50390625
9890,0.5390625
9891,0.49609375
9892,0.48828125
9893,0.40234375
9894,0.54296875
9895,0.51953125
9896,0.44921875
9897,0.40234375
9898,0.48046875
9899,0.57421875
9900,0.50390625
9901,0.42578125
9902,0.43359375
9903,0.51171875
9904,0.48046875
9905,0.51953125
9906,0.47265625
9907,0.546875
9908,0.47265625
9909,0.53125
9910,0.51171875
9911,0.484375
9912,0.49609375
9913,0.51171875
9914,0.51171875
9915,0.515625
9916,0.51953125
9917,0.44921875
9918,0.5234375
9919,0.50390625
9920,0.4296875
9921,0.45703125
9922,0.484375
9923,0.44921875
9924,0.5390625
9925,0.47265625
9926,0.53515625
9927,0.5078125
9928,0.46875
9929,0.51171875
9930,0.50390625
9931,0.5078125
9932,0.48046875
9933,0.51171875
9934,0.5234375
9935,0.5078125
9936,0.48046875
9937,0.49609375
9938,0.5234375
9939,0.50390625
9940,0.46484375
9941,0.59765625
9942,0.48046875
9943,0.546875
9944,0.4375
9945,0.45703125
9946,0.45703125
9947,0.46484375
9948,0.47265625
9949,0.58984375
9950,0.5390625
9951,0.44140625
9952,0.45703125
9953,0.546875
9954,0.61328125
9955,0.484375
9956,0.4765625
9957,0.51171875
9958,0.55078125
9959,0.4609375
9960,0.46484375
9961,0.4296875
9962,0.44921875
9963,0.55859375
9964,0.5234375
9965,0.5
9966,0.4921875
9967,0.55078125
9968,0.5234375
9969,0.484375
9970,0.50390625
9971,0.48046875
9972,0.46875
9973,0.51953125
9974,0.52734375
9975,0.51171875
9976,0.42578125
9977,0.5078125
9978,0.56640625
9979,0.44921875
9980,0.484375
9981,0.55859375
9982,0.48046875
9983,0.47265625
9984,0.54296875
9985,0.53515625
9986,0.4921875
9987,0.48828125
9988,0.515625
9989,0.5859375
9990,0.4765625
9991,0.54296875
9992,0.546875
9993,0.5390625
9994,0.5078125
9995,0.4609375
9996,0.359375
9997,0.51171875
9998,0.5234375
9999,0.48046875
10000,0.515625
10001,0.53125
10002,0.5390625
10003,0.53515625
10004,0.51171875
10005,0.48046875
10006,0.546875
10007,0.4609375
10008,0.50390625
10009,0.453125
10010,0.48046875
10011,0.46484375
10012,0.5078125
10013,0.48828125
10014,0.5390625
10015,0.52734375
10016,0.50390625
10017,0.46875
10018,0.48828125
10019,0.53515625
10020,0.453125
10021,0.48046875
10022,0.5390625
10023,0.52734375
10024,0.56640625
10025,0.51171875
10026,0.53125
10027,0.453125
10028,0.50390625
10029,0.515625
10030,0.48046875
10031,0.55078125
10032,0.5
10033,0.45703125
10034,0.5078125
10035,0.51171875
10036,0.49609375
10037,0.4921875
10038,0.5234375
10039,0.50390625
10040,0.4921875
10041,0.5
10042,0.46484375
10043,0.4921875
10044,0.5546875
10045,0.50390625
10046,0.53515625
10047,0.5
10048,0.4921875
10049,0.54296875
10050,0.49609375
10051,0.5078125
10052,0.46875
10053,0.515625
10054,0.515625
10055,0.5078125
10056,0.54296875
10057,0.45703125
10058,0.5390625
10059,0.48828125
10060,0.51953125
10061,0.50390625
10062,0.484375
10063,0.5546875
10064,0.45703125
10065,0.51171875
10066,0.46484375
10067,0.484375
10068,0.578125
10069,0.515625
10070,0.4921875
10071,0.49609375
10072,0.55078125
10073,0.421875
10074,0.49609375
10075,0.45703125
10076,0.48046875
10077,0.45703125
10078,0.52734375
10079,0.53515625
10080,0.546875
10081,0.4765625
10082,0.46484375
10083,0.5625
10084,0.5390625
10085,0.50390625
10086,0.5546875
10087,0.45703125
10088,0.48046875
10089,0.546875
10090,0.44140625
10091,0.48046875
10092,0.46484375
10093,0.46484375
10094,0.53125
10095,0.48828125
10096,0.5234375
10097,0.51171875
10098,0.46875
10099,0.53125
10100,0.46875
10101,0.52734375
10102,0.5234375
10103,0.4765625
10104,0.55078125
10105,0.4453125
10106,0.45703125
10107,0.50390625
10108,0.48046875
10109,0.5390625
10110,0.5
10111,0.48046875
10112,0.5234375
10113,0.51953125
10114,0.55078125
10115,0.5
10116,0.51171875
10117,0.51171875
10118,0.4375
10119,0.45703125
10120,0.49609375
10121,0.4765625
10122,0.49609375
10123,0.5078125
10124,0.4921875
10125,0.53515625
10126,0.52734375
10127,0.515625
10128,0.46484375
10129,0.53515625
10130,0.484375
10131,0.4921875
10132,0.4453125
10133,0.49609375
10134,0.47265625
10135,0.4921875
10136,0.51171875
10137,0.484375
10138,0.4609375
10139,0.4375
10140,0.546875
10141,0.48828125
10142,0.4921875
10143,0.4765625
10144,0.5
10145,0.47265625
10146,0.52734375
10147,0.43359375
10148,0.53125
10149,0.484375
10150,0.51953125
10151,0.49609375
10152,0.4921875
10153,0.44921875
10154,0.44921875
10155,0.546875
10156,0.47265625
10157,0.60546875
10158,0.48046875
10159,0.52734375
10160,0.51171875
10161,0.54296875
10162,0.51171875
10163,0.515625
10164,0.4921875
10165,0.4921875
10166,0.46484375
10167,0.53125
10168,0.53125
10169,0.48828125
10170,0.5234375
10171,0.44921875
10172,0.54296875
10173,0.52734375
10174,0.54296875
10175,0.52734375
10176,0.49609375
10177,0.4765625
10178,0.46875
10179,0.45703125
10180,0.5234375
10181,0.5078125
10182,0.55859375
10183,0.50390625
10184,0.5546875
10185,0.51171875
10186,0.48828125
10187,0.46484375
10188,0.47265625
10189,0.4453125
10190,0.57421875
10191,0.48828125
10192,0.53125
10193,0.45703125
10194,0.49609375
10195,0.48046875
10196,0.44140625
10197,0.55078125
10198,0.44140625
10199,0.453125
10200,0.515625
10201,0.5546875
10202,0.57421875
10203,0.546875
10204,0.5546875
10205,0.58203125
10206,0.55078125
10207,0.4375
10208,0.44140625
10209,0.484375
10210,0.45703125
10211,0.48046875
10212,0.51171875
10213,0.5546875
10214,0.5703125
10215,0.50390625
10216,0.50390625
10217,0.453125
10218,0.48828125
10219,0.46875
10220,0.5
10221,0.484375
10222,0.54296875
10223,0.4921875
10224,0.46875
10225,0.49609375
10226,0.45703125
10227,0.53515625
10228,0.5
10229,0.51171875
10230,0.5546875
10231,0.55078125
10232,0.484375
10233,0.50390625
10234,0.5234375
10235,0.48046875
10236,0.5078125
10237,0.4765625
10238,0.51171875
10239,0.51171875
10240,0.4921875
10241,0.50390625
10242,0.5
10243,0.4453125
10244,0.43359375
10245,0.3515625
10246,0.51953125
10247,0.51953125
10248,0.45703125
10249,0.58203125
10250,0.4921875
10251,0.4765625
10252,0.48828125
10253,0.546875
10254,0.515625
10255,0.5
10256,0.45703125
10257,0.5
10258,0.47265625
10259,0.5
10260,0.484375
10261,0.4921875
10262,0.44140625
10263,0.49609375
10264,0.4453125
10265,0.50390625
10266,0.515625
10267,0.4453125
10268,0.53515625
10269,0.4453125
10270,0.51953125
10271,0.49609375
10272,0.55859375
10273,0.5234375
10274,0.4765625
10275,0.546875
10276,0.5
10277,0.48828125
10278,0.5078125
10279,0.51953125
10280,0.49609375
10281,0.5078125
10282,0.55859375
10283,0.54296875
10284,0.48046875
10285,0.5078125
10286,0.4375
10287,0.56640625
10288,0.55078125
10289,0.41796875
10290,0.50390625
10291,0.51953125
10292,0.515625
10293,0.5625
10294,0.5390625
10295,0.46484375
10296,0.48046875
10297,0.53515625
10298,0.46875
10299,0.49609375
10300,0.46875
10301,0.4453125
10302,0.5078125
10303,0.49609375
10304,0.48828125
10305,0.5546875
10306,0.53125
10307,0.5
10308,0.57421875
10309,0.484375
10310,0.5
10311,0.50390625
10312,0.515625
10313,0.46484375
10314,0.4765625
10315,0.53125
10316,0.48828125
10317,0.4453125
10318,0.484375
10319,0.45703125
10320,0.4609375
10321,0.55078125
10322,0.50390625
10323,0.5
10324,0.4609375
10325,0.5234375
10326,0.59765625
10327,0.47265625
10328,0.55078125
10329,0.52734375
10330,0.46875
10331,0.45703125
10332,0.51953125
10333,0.55859375
10334,0.484375
10335,0.5234375
10336,0.5078125
10337,0.51953125
10338,0.5
10339,0.5
10340,0.53125
10341,0.48828125
10342,0.50390625
10343,0.47265625
10344,0.5
10345,0.453125
10346,0.51171875
10347,0.484375
10348,0.48046875
10349,0.54296875
10350,0.484375
10351,0.453125
10352,0.53125
10353,0.48828125
10354,0.48046875
10355,0.51171875
10356,0.46875
10357,0.45703125
10358,0.54296875
10359,0.46484375
10360,0.54296875
10361,0.51171875
10362,0.484375
10363,0.51953125
10364,0.515625
10365,0.47265625
10366,0.4609375
10367,0.49609375
10368,0.46484375
10369,0.50390625
10370,0.48046875
10371,0.453125
10372,0.48828125
10373,0.4375
10374,0.46484375
10375,0.46484375
10376,0.4609375
10377,0.5625
10378,0.52734375
10379,0.3984375
10380,0.53125
10381,0.515625
10382,0.51171875
10383,0.54296875
10384,0.56640625
10385,0.48046875
10386,0.44140625
10387,0.51171875
10388,0.44921875
10389,0.44140625
10390,0.48046875
10391,0.4921875
10392,0.4765625
10393,0.5390625
10394,0.5234375
10395,0.5
10396,0.46484375
10397,0.44140625
10398,0.390625
10399,0.4375
10400,0.484375
10401,0.453125
10402,0.48046875
10403,0.4921875
10404,0.5625
10405,0.51171875
10406,0.53515625
10407,0.58203125
10408,0.49609375
10409,0.515625
10410,0.5234375
10411,0.4765625
10412,0.53515625
10413,0.484375
10414,0.5625
10415,0.50390625
10416,0.47265625
10417,0.4921875
10418,0.50390625
10419,0.48828125
10420,0.44921875
10421,0.515625
10422,0.54296875
10423,0.44921875
10424,0.5703125
10425,0.453125
10426,0.53515625
10427,0.4921875
10428,0.53125
10429,0.46875
10430,0.48828125
10431,0.5078125
10432,0.4921875
10433,0.45703125
10434,0.5546875
10435,0.5234375
10436,0.51171875
10437,0.4921875
10438,0.55859375
10439,0.50390625
10440,0.453125
10441,0.46484375
10442,0.44140625
10443,0.5390625
10444,0.5078125
10445,0.46875
10446,0.53515625
10447,0.46484375
10448,0.46875
10449,0.4921875
10450,0.4921875
10451,0.46875
10452,0.453125
10453,0.56640625
10454,0.515625
10455,0.53125
10456,0.44140625
10457,0.49609375
10458,0.50390625
10459,0.55078125
10460,0.50390625
10461,0.49609375
10462,0.46484375
10463,0.4765625
10464,0.50390625
10465,0.4765625
10466,0.55078125
10467,0.44921875
10468,0.484375
10469,0.53515625
10470,0.421875
10471,0.53515625
10472,0.48046875
10473,0.484375
10474,0.4609375
10475,0.4921875
10476,0.4921875
10477,0.5390625
10478,0.54296875
10479,0.56640625
10480,0.484375
10481,0.578125
10482,0.5
10483,0.45703125
10484,0.52734375
10485,0.49609375
10486,0.53125
10487,0.43359375
10488,0.5703125
10489,0.48046875
10490,0.4921875
10491,0.515625
10492,0.5625
10493,0.4921875
10494,0.55078125
10495,0.5078125
10496,0.515625
10497,0.50390625
10498,0.5078125
10499,0.52734375
10500,0.51953125
10501,0.4765625
10502,0.421875
10503,0.53515625
10504,0.53125
10505,0.5078125
10506,0.46875
10507,0.51953125
10508,0.49609375
10509,0.5
10510,0.49609375
10511,0.4765625
10512,0.46875
10513,0.47265625
10514,0.47265625
10515,0.54296875
10516,0.5703125
10517,0.49609375
10518,0.48046875
10519,0.53515625
10520,0.52734375
10521,0.5234375
10522,0.5234375
10523,0.46875
10524,0.5546875
10525,0.484375
10526,0.4375
10527,0.5625
10528,0.484375
10529,0.515625
10530,0.5625
10531,0.44921875
10532,0.55078125
10533,0.53125
10534,0.59765625
10535,0.515625
10536,0.52734375
10537,0.515625
10538,0.453125
10539,0.5078125
10540,0.48046875
10541,0.51953125
10542,0.47265625
10543,0.46875
10544,0.54296875
10545,0.47265625
10546,0.4140625
10547,0.51953125
10548,0.55078125
10549,0.52734375
10550,0.51171875
10551,0.47265625
10552,0.52734375
10553,0.4921875
10554,0.47265625
10555,0.50390625
10556,0.53125
10557,0.5078125
10558,0.53515625
10559,0.4375
10560,0.4921875
10561,0.484375
10562,0.45703125
10563,0.5390625
10564,0.51953125
10565,0.54296875
10566,0.5078125
10567,0.515625
10568,0.49609375
10569,0.51171875
10570,0.609375
10571,0.4609375
10572,0.52734375
10573,0.578125
10574,0.453125
10575,0.4921875
10576,0.47265625
10577,0.46875
10578,0.53515625
10579,0.5390625
10580,0.49609375
10581,0.48828125
10582,0.5234375
10583,0.53125
10584,0.48046875
10585,0.57421875
10586,0.51953125
10587,0.46875
10588,0.54296875
10589,0.5390625
10590,0.48828125
10591,0.55859375
10592,0.5703125
10593,0.4765625
10594,0.515625
10595,0.47265625
10596,0.42578125
10597,0.5078125
10598,0.5546875
10599,0.5078125
10600,0.54296875
10601,0.45703125
10602,0.4765625
10603,0.453125
10604,0.44140625
10605,0.57421875
10606,0.5390625
10607,0.484375
10608,0.51171875
10609,0.51953125
10610,0.4765625
10611,0.46875
10612,0.4453125
10613,0.49609375
10614,0.4375
10615,0.5625
10616,0.55078125
10617,0.5390625
10618,0.4921875
10619,0.48046875
10620,0.45703125
10621,0.3984375
10622,0.46875
10623,0.51171875
10624,0.47265625
10625,0.51953125
10626,0.5390625
10627,0.46484375
10628,0.484375
10629,0.5625
10630,0.5078125
10631,0.484375
10632,0.578125
10633,0.5390625
10634,0.4765625
10635,0.5625
10636,0.546875
10637,0.53125
10638,0.57421875
10639,0.4765625
10640,0.484375
10641,0.47265625
10642,0.46875
10643,0.4921875
10644,0.48828125
10645,0.45703125
10646,0.5
10647,0.52734375
10648,0.4921875
10649,0.46484375
10650,0.4453125
10651,0.54296875
10652,0.51171875
10653,0.484375
10654,0.515625
10655,0.45703125
10656,0.50390625
10657,0.47265625
10658,0.53125
10659,0.5078125
10660,0.5078125
10661,0.49609375
10662,0.48828125
10663,0.4921875
10664,0.4765625
10665,0.53515625
10666,0.4296875
10667,0.5078125
10668,0.49609375
10669,0.5234375
10670,0.5078125
10671,0.52734375
10672,0.4765625
10673,0.4765625
10674,0.5
10675,0.4921875
10676,0.4765625
10677,0.51953125
10678,0.484375
10679,0.46875
10680,0.52734375
10681,0.4453125
10682,0.546875
10683,0.49609375
10684,0.5078125
10685,0.51171875
10686,0.54296875
10687,0.52734375
10688,0.53125
10689,0.48828125
10690,0.45703125
10691,0.53515625
10692,0.609375
10693,0.5
10694,0.55078125
10695,0.5546875
10696,0.453125
10697,0.46875
10698,0.53515625
10699,0.49609375
10700,0.4921875
10701,0.4140625
10702,0.47265625
10703,0.5703125
10704,0.4140625
10705,0.578125
10706,0.46875
10707,0.5
10708,0.53125
10709,0.48828125
10710,0.45703125
10711,0.453125
10712,0.48828125
10713,0.46875
10714,0.51953125
10715,0.53125
10716,0.48046875
10717,0.53125
10718,0.53515625
10719,0.5546875
10720,0.52734375
10721,0.5390625
10722,0.5234375
10723,0.515625
10724,0.50390625
10725,0.46484375
10726,0.4609375
10727,0.49609375
10728,0.55859375
10729,0.53125
10730,0.53515625
10731,0.48828125
10732,0.453125
10733,0.4609375
10734,0.49609375
10735,0.46484375
10736,0.5390625
10737,0.46484375
10738,0.546875
10739,0.53515625
10740,0.49609375
10741,0.50390625
10742,0.484375
10743,0.5
10744,0.5625
10745,0.51953125
10746,0.5859375
10747,0.5
10748,0.44140625
10749,0.49609375
10750,0.5390625
10751,0.48046875
10752,0.50390625
10753,0.4609375
10754,0.4296875
10755,0.52734375
10756,0.50390625
10757,0.46484375
10758,0.47265625
10759,0.5703125
10760,0.50390625
10761,0.4453125
10762,0.51171875
10763,0.5703125
10764,0.48046875
10765,0.50390625
10766,0.59375
10767,0.48828125
10768,0.5078125
10769,0.51953125
10770,0.53515625
10771,0.5625
10772,0.48828125
10773,0.546875
10774,0.49609375
10775,0.4375
10776,0.5625
10777,0.44921875
10778,0.53125
10779,0.41796875
10780,0.49609375
10781,0.55859375
10782,0.5546875
10783,0.4453125
10784,0.50390625
10785,0.421875
10786,0.43359375
10787,0.51171875
10788,0.5234375
10789,0.53125
10790,0.53125
10791,0.5
10792,0.52734375
10793,0.52734375
10794,0.4765625
10795,0.546875
10796,0.46875
10797,0.44140625
10798,0.484375
10799,0.46875
10800,0.55859375
10801,0.5078125
10802,0.50390625
10803,0.57421875
10804,0.50390625
10805,0.46484375
10806,0.4921875
10807,0.53125
10808,0.49609375
10809,0.48046875
10810,0.484375
10811,0.53515625
10812,0.49609375
10813,0.45703125
10814,0.55078125
10815,0.54296875
10816,0.45703125
10817,0.53515625
10818,0.46484375
10819,0.48046875
10820,0.47265625
10821,0.46875
10822,0.51171875
10823,0.53125
10824,0.46484375
10825,0.45703125
10826,0.5625
10827,0.55859375
10828,0.484375
10829,0.44140625
10830,0.51171875
10831,0.546875
10832,0.453125
10833,0.5
10834,0.51953125
10835,0.546875
10836,0.4765625
10837,0.4609375
10838,0.47265625
10839,0.46875
10840,0.5234375
10841,0.51953125
10842,0.484375
10843,0.453125
10844,0.5390625
10845,0.515625
10846,0.54296875
10847,0.48046875
10848,0.5
10849,0.46484375
10850,0.51171875
10851,0.46484375
10852,0.53125
10853,0.49609375
10854,0.5
10855,0.4765625
10856,0.46875
10857,0.48828125
10858,0.52734375
10859,0.53515625
10860,0.453125
10861,0.5390625
10862,0.5078125
10863,0.46875
10864,0.55078125
10865,0.46484375
10866,0.49609375
10867,0.5234375
10868,0.4140625
10869,0.50390625
10870,0.546875
10871,0.49609375
10872,0.51953125
10873,0.4921875
10874,0.46875
10875,0.5
10876,0.5703125
10877,0.53515625
10878,0.43359375
10879,0.48046875
10880,0.515625
10881,0.4765625
10882,0.4453125
10883,0.51953125
10884,0.50390625
10885,0.50390625
10886,0.48046875
10887,0.40625
10888,0.55078125
10889,0.51171875
10890,0.53125
10891,0.44140625
10892,0.609375
10893,0.484375
10894,0.5625
10895,0.4453125
10896,0.515625
10897,0.42578125
10898,0.49609375
10899,0.5390625
10900,0.46875
10901,0.5078125
10902,0.52734375
10903,0.49609375
10904,0.48046875
10905,0.5546875
10906,0.55078125
10907,0.49609375
10908,0.47265625
10909,0.4765625
10910,0.4453125
10911,0.50390625
10912,0.42578125
10913,0.4609375
10914,0.4453125
10915,0.5234375
10916,0.578125
10917,0.52734375
10918,0.5390625
10919,0.48046875
10920,0.50390625
10921,0.54296875
10922,0.49609375
10923,0.50390625
10924,0.4921875
10925,0.546875
10926,0.5234375
10927,0.53125
10928,0.515625
10929,0.609375
10930,0.453125
10931,0.5078125
10932,0.546875
10933,0.46875
10934,0.55078125
10935,0.53125
10936,0.57421875
10937,0.47265625
10938,0.44140625
10939,0.51171875
10940,0.46484375
10941,0.5234375
10942,0.484375
10943,0.515625
10944,0.50390625
10945,0.59765625
10946,0.5234375
10947,0.5078125
10948,0.4453125
10949,0.55859375
10950,0.5078125
10951,0.57421875
10952,0.49609375
10953,0.50390625
10954,0.546875
10955,0.49609375
10956,0.5390625
10957,0.4609375
10958,0.52734375
10959,0.4375
10960,0.5390625
10961,0.515625
10962,0.56640625
10963,0.55078125
10964,0.52734375
10965,0.51953125
10966,0.5390625
10967,0.47265625
10968,0.45703125
10969,0.48828125
10970,0.45703125
10971,0.4921875
10972,0.5078125
10973,0.46484375
10974,0.46875
10975,0.5078125
10976,0.53515625
10977,0.51171875
10978,0.546875
10979,0.4765625
10980,0.56640625
10981,0.40234375
10982,0.48046875
10983,0.49609375
10984,0.52734375
10985,0.54296875
10986,0.54296875
10987,0.53125
10988,0.45703125
10989,0.4765625
10990,0.51953125
10991,0.49609375
10992,0.4609375
10993,0.51171875
10994,0.5390625
10995,0.4609375
10996,0.49609375
10997,0.515625
10998,0.53515625
10999,0.57421875
11000,0.46875
11001,0.5703125
11002,0.515625
11003,0.54296875
11004,0.49609375
11005,0.4765625
11006,0.4296875
11007,0.5
11008,0.5
11009,0.55078125
11010,0.48828125
11011,0.49609375
11012,0.52734375
11013,0.4765625
11014,0.53515625
11015,0.5234375
11016,0.4375
11017,0.50390625
11018,0.4609375
11019,0.546875
11020,0.48828125
11021,0.45703125
11022,0.4453125
11023,0.46484375
11024,0.5
11025,0.48046875
11026,0.47265625
11027,0.4453125
11028,0.47265625
11029,0.46484375
11030,0.49609375
11031,0.5546875
11032,0.515625
11033,0.48046875
11034,0.453125
11035,0.44921875
11036,0.55859375
11037,0.48046875
11038,0.5
11039,0.4921875
11040,0.47265625
11041,0.5234375
11042,0.5
11043,0.56640625
11044,0.484375
11045,0.47265625
11046,0.5546875
11047,0.52734375
11048,0.48046875
11049,0.51953125
11050,0.55078125
11051,0.55859375
11052,0.54296875
11053,0.5078125
11054,0.4765625
11055,0.515625
11056,0.4765625
11057,0.5390625
11058,0.5546875
11059,0.4453125
11060,0.5234375
11061,0.46875
11062,0.4921875
11063,0.46484375
11064,0.4375
11065,0.51171875
11066,0.5234375
11067,0.515625
11068,0.4375
11069,0.5234375
11070,0.4453125
11071,0.44921875
11072,0.49609375
11073,0.47265625
11074,0.5
11075,0.48828125
11076,0.51953125
11077,0.578125
11078,0.47265625
11079,0.5703125
11080,0.48828125
11081,0.55078125
11082,0.47265625
11083,0.45703125
11084,0.54296875
11085,0.3984375
11086,0.4765625
11087,0.50390625
11088,0.4609375
11089,0.54296875
11090,0.4765625
11091,0.5
11092,0.546875
11093,0.55078125
11094,0.53125
11095,0.49609375
11096,0.47265625
11097,0.515625
11098,0.52734375
11099,0.44921875
11100,0.4296875
11101,0.4921875
11102,0.4921875
11103,0.46484375
11104,0.43359375
11105,0.51171875
11106,0.484375
11107,0.48828125
11108,0.484375
11109,0.51171875
11110,0.5390625
11111,0.47265625
11112,0.51171875
11113,0.55859375
11114,0.46484375
11115,0.49609375
11116,0.5
11117,0.4609375
11118,0.55078125
11119,0.45703125
11120,0.48828125
11121,0.48046875
11122,0.4765625
11123,0.49609375
11124,0.53125
11125,0.4296875
11126,0.55859375
11127,0.5234375
11128,0.5703125
11129,0.515625
11130,0.47265625
11131,0.5390625
11132,0.52734375
11133,0.52734375
11134,0.51953125
11135,0.53515625
11136,0.515625
11137,0.48828125
11138,0.421875
11139,0.50390625
11140,0.5546875
11141,0.51171875
11142,0.515625
11143,0.515625
11144,0.5234375
11145,0.48828125
11146,0.5546875
11147,0.5078125
11148,0.52734375
11149,0.484375
11150,0.59375
11151,0.49609375
11152,0.4921875
11153,0.4921875
11154,0.4765625
11155,0.55078125
11156,0.42578125
11157,0.46484375
11158,0.48046875
11159,0.50390625
11160,0.5078125
11161,0.49609375
11162,0.5234375
11163,0.46875
11164,0.49609375
11165,0.453125
11166,0.52734375
11167,0.4921875
11168,0.4453125
11169,0.453125
11170,0.46484375
11171,0.484375
11172,0.5390625
11173,0.49609375
11174,0.5234375
11175,0.48046875
11176,0.48828125
11177,0.5
11178,0.4921875
11179,0.46875
11180,0.546875
11181,0.50390625
11182,0.515625
11183,0.51171875
11184,0.515625
11185,0.53125
11186,0.50390625
11187,0.43359375
11188,0.48828125
11189,0.5078125
11190,0.5546875
11191,0.51171875
11192,0.578125
11193,0.4765625
11194,0.5078125
11195,0.46875
11196,0.4609375
11197,0.46875
11198,0.48046875
11199,0.53515625
11200,0.54296875
11201,0.45703125
11202,0.47265625
11203,0.47265625
11204,0.49609375
11205,0.515625
11206,0.5234375
11207,0.53125
11208,0.53125
11209,0.47265625
11210,0.4375
11211,0.50390625
11212,0.484375
11213,0.53515625
11214,0.46484375
11215,0.5078125
11216,0.5
11217,0.42578125
11218,0.47265625
11219,0.4765625
11220,0.55859375
11221,0.42578125
11222,0.45703125
11223,0.5078125
11224,0.5078125
11225,0.5078125
11226,0.51171875
11227,0.484375
11228,0.46875
11229,0.49609375
11230,0.5078125
11231,0.46484375
11232,0.46875
11233,0.53125
11234,0.44921875
11235,0.5546875
11236,0.50390625
11237,0.40234375
11238,0.48046875
11239,0.4609375
11240,0.5390625
11241,0.53515625
11242,0.48046875
11243,0.484375
11244,0.57421875
11245,0.546875
11246,0.48046875
11247,0.50390625
11248,0.50390625
11249,0.48046875
11250,0.51953125
11251,0.546875
11252,0.49609375
11253,0.49609375
11254,0.48046875
11255,0.546875
11256,0.52734375
11257,0.5078125
11258,0.46484375
11259,0.48046875
11260,0.5
11261,0.5
11262,0.56640625
11263,0.48046875
11264,0.484375
11265,0.4921875
11266,0.4765625
11267,0.53125
11268,0.4765625
11269,0.453125
11270,0.546875
11271,0.53125
11272,0.46484375
11273,0.51953125
11274,0.48828125
11275,0.52734375
11276,0.4765625
11277,0.50390625
11278,0.5
11279,0.48046875
11280,0.52734375
11281,0.5390625
11282,0.5078125
11283,0.515625
11284,0.55078125
11285,0.54296875
11286,0.57421875
11287,0.484375
11288,0.53515625
11289,0.44921875
11290,0.4921875
11291,0.53515625
11292,0.5546875
11293,0.4609375
11294,0.49609375
11295,0.53125
11296,0.484375
11297,0.51953125
11298,0.5625
11299,0.55078125
11300,0.52734375
11301,0.51953125
11302,0.53125
11303,0.48828125
11304,0.46875
11305,0.4765625
11306,0.46484375
11307,0.51171875
11308,0.49609375
11309,0.45703125
11310,0.46875
11311,0.46875
11312,0.515625
11313,0.4921875
11314,0.51953125
11315,0.48828125
11316,0.4453125
11317,0.48046875
11318,0.53515625
11319,0.54296875
11320,0.46875
11321,0.46875
11322,0.50390625
11323,0.50390625
11324,0.4765625
11325,0.515625
11326,0.53125
11327,0.4765625
11328,0.46875
11329,0.52734375
11330,0.4765625
11331,0.484375
11332,0.49609375
11333,0.48046875
11334,0.578125
11335,0.48828125
11336,0.53125
11337,0.5078125
11338,0.4453125
11339,0.49609375
11340,0.51171875
11341,0.49609375
11342,0.46875
11343,0.55078125
11344,0.46484375
11345,0.4609375
11346,0.4609375
11347,0.5078125
11348,0.49609375
11349,0.48046875
11350,0.51953125
11351,0.41796875
11352,0.484375
11353,0.484375
11354,0.5234375
11355,0.48828125
11356,0.47265625
11357,0.44921875
11358,0.4765625
11359,0.48046875
11360,0.484375
11361,0.53515625
11362,0.546875
11363,0.5234375
11364,0.5
11365,0.5
11366,0.4921875
11367,0.48828125
11368,0.50390625
11369,0.515625
11370,0.49609375
11371,0.4921875
11372,0.48046875
11373,0.54296875
11374,0.5
11375,0.48828125
11376,0.48828125
11377,0.4609375
11378,0.48828125
11379,0.52734375
11380,0.56640625
11381,0.4296875
11382,0.4765625
11383,0.51953125
11384,0.50390625
11385,0.5390625
11386,0.44921875
11387,0.48046875
11388,0.4609375
11389,0.52734375
11390,0.515625
11391,0.5
11392,0.515625
11393,0.48828125
11394,0.53125
11395,0.5390625
11396,0.5390625
11397,0.53125
11398,0.46484375
11399,0.46484375
11400,0.56640625
11401,0.546875
11402,0.48046875
11403,0.50390625
11404,0.4765625
11405,0.5625
11406,0.5
11407,0.5078125
11408,0.44140625
11409,0.45703125
11410,0.578125
11411,0.48046875
11412,0.5
11413,0.421875
11414,0.484375
11415,0.50390625
11416,0.54296875
11417,0.49609375
11418,0.51171875
11419,0.58203125
11420,0.5
11421,0.50390625
11422,0.51171875
11423,0.51171875
11424,0.4609375
11425,0.52734375
11426,0.5390625
11427,0.51171875
11428,0.54296875
11429,0.53125
11430,0.453125
11431,0.46875
11432,0.44140625
11433,0.53515625
11434,0.5078125
11435,0.484375
11436,0.5234375
11437,0.5234375
11438,0.55859375
11439,0.4921875
11440,0.51953125
11441,0.52734375
11442,0.41015625
11443,0.484375
11444,0.47265625
11445,0.53125
11446,0.53125
11447,0.4609375
11448,0.5546875
11449,0.47265625
11450,0.5078125
11451,0.50390625
11452,0.4921875
11453,0.58203125
11454,0.46875
11455,0.5234375
11456,0.4375
11457,0.49609375
11458,0.48828125
11459,0.4609375
11460,0.51171875
11461,0.50390625
11462,0.58203125
11463,0.53515625
11464,0.48828125
11465,0.45703125
11466,0.52734375
11467,0.55078125
11468,0.53125
11469,0.53515625
11470,0.50390625
11471,0.4765625
11472,0.46484375
11473,0.54296875
11474,0.4765625
11475,0.48828125
11476,0.4765625
11477,0.5625
11478,0.5
11479,0.55859375
11480,0.47265625
11481,0.49609375
11482,0.49609375
11483,0.53125
11484,0.5390625
11485,0.47265625
11486,0.53515625
11487,0.5
11488,0.48046875
11489,0.5625
11490,0.515625
11491,0.5390625
11492,0.51171875
11493,0.4296875
11494,0.47265625
11495,0.51953125
11496,0.48828125
11497,0.4765625
11498,0.4453125
11499,0.52734375
11500,0.5
11501,0.51953125
11502,0.4921875
11503,0.52734375
11504,0.5
11505,0.52734375
11506,0.47265625
11507,0.58203125
11508,0.4453125
11509,0.50390625
11510,0.54296875
11511,0.52734375
11512,0.49609375
11513,0.44140625
11514,0.58203125
11515,0.5234375
11516,0.58203125
11517,0.4921875
11518,0.5703125
11519,0.609375
11520,0.44140625
11521,0.4453125
11522,0.51953125
11523,0.5625
11524,0.52734375
11525,0.484375
11526,0.52734375
11527,0.48046875
11528,0.49609375
11529,0.421875
11530,0.51953125
11531,0.47265625
11532,0.60546875
11533,0.48046875
11534,0.43359375
11535,0.44921875
11536,0.4609375
11537,0.4609375
11538,0.49609375
11539,0.54296875
11540,0.5078125
11541,0.55859375
11542,0.5078125
11543,0.56640625
11544,0.53125
11545,0.484375
11546,0.484375
11547,0.45703125
11548,0.51953125
11549,0.5078125
11550,0.56640625
11551,0.53515625
11552,0.4375
11553,0.453125
11554,0.42578125
11555,0.515625
11556,0.50390625
11557,0.46875
11558,0.515625
11559,0.5
11560,0.51171875
11561,0.53125
11562,0.55859375
11563,0.47265625
11564,0.5625
11565,0.4765625
11566,0.46484375
11567,0.50390625
11568,0.4765625
11569,0.49609375
11570,0.5625
11571,0.484375
11572,0.515625
11573,0.484375
11574,0.515625
11575,0.5546875
11576,0.48046875
11577,0.50390625
11578,0.5390625
11579,0.4921875
11580,0.50390625
11581,0.515625
11582,0.5546875
11583,0.5078125
11584,0.50390625
11585,0.53125
11586,0.4765625
11587,0.51953125
11588,0.515625
11589,0.5703125
11590,0.46484375
11591,0.515625
11592,0.5625
11593,0.5703125
11594,0.55078125
11595,0.52734375
11596,0.53515625
11597,0.5546875
11598,0.51171875
11599,0.54296875
11600,0.51953125
11601,0.4765625
11602,0.51953125
11603,0.47265625
11604,0.56640625
11605,0.51953125
11606,0.50390625
11607,0.453125
11608,0.4765625
11609,0.51171875
11610,0.546875
11611,0.55078125
11612,0.53125
11613,0.53125
11614,0.49609375
11615,0.54296875
11616,0.51171875
11617,0.5
11618,0.4453125
11619,0.49609375
11620,0.53125
11621,0.44921875
11622,0.49609375
11623,0.48046875
11624,0.48046875
11625,0.421875
11626,0.5
11627,0.484375
11628,0.53515625
11629,0.546875
11630,0.44140625
11631,0.51171875
11632,0.4921875
11633,0.52734375
11634,0.55859375
11635,0.46484375
11636,0.4609375
11637,0.4765625
11638,0.484375
11639,0.51953125
11640,0.52734375
11641,0.55859375
11642,0.47265625
11643,0.54296875
11644,0.515625
11645,0.5390625
11646,0.45703125
11647,0.48046875
11648,0.58984375
11649,0.5
11650,0.515625
11651,0.5
11652,0.58984375
11653,0.53125
11654,0.43359375
11655,0.47265625
11656,0.48828125
11657,0.515625
11658,0.53515625
11659,0.44140625
11660,0.453125
11661,0.58203125
11662,0.484375
11663,0.49609375
11664,0.5078125
11665,0.5
11666,0.4296875
11667,0.5234375
11668,0.5078125
11669,0.51171875
11670,0.50390625
11671,0.4921875
11672,0.515625
11673,0.51953125
11674,0.51953125
11675,0.4921875
11676,0.51171875
11677,0.46484375
11678,0.55859375
11679,0.48046875
11680,0.45703125
11681,0.44140625
11682,0.4765625
11683,0.49609375
11684,0.48046875
11685,0.4765625
11686,0.51953125
11687,0.55859375
11688,0.53125
11689,0.52734375
11690,0.49609375
11691,0.4609375
11692,0.5078125
11693,0.4921875
11694,0.48046875
11695,0.53515625
11696,0.515625
11697,0.50390625
11698,0.55859375
11699,0.484375
11700,0.49609375
11701,0.5546875
11702,0.47265625
11703,0.53515625
11704,0.51171875
11705,0.51953125
11706,0.51953125
11707,0.4921875
11708,0.53515625
11709,0.5390625
11710,0.51171875
11711,0.46875
11712,0.4765625
11713,0.4921875
11714,0.47265625
11715,0.4453125
11716,0.53125
11717,0.4921875
11718,0.4609375
11719,0.5546875
11720,0.4765625
11721,0.5234375
11722,0.5234375
11723,0.42578125
11724,0.49609375
11725,0.5234375
11726,0.46875
11727,0.47265625
11728,0.453125
11729,0.51171875
11730,0.578125
11731,0.4765625
11732,0.48046875
11733,0.5078125
11734,0.4296875
11735,0.51171875
11736,0.41796875
11737,0.46484375
11738,0.53125
11739,0.5078125
11740,0.515625
11741,0.48046875
11742,0.52734375
11743,0.47265625
11744,0.5546875
11745,0.4921875
11746,0.49609375
11747,0.4921875
11748,0.52734375
11749,0.4921875
11750,0.45703125
11751,0.47265625
11752,0.5703125
11753,0.48046875
11754,0.50390625
11755,0.484375
11756,0.5
11757,0.55078125
11758,0.48828125
11759,0.50390625
11760,0.42578125
11761,0.51171875
11762,0.515625
11763,0.4296875
11764,0.49609375
11765,0.5234375
11766,0.51953125
11767,0.5078125
11768,0.51953125
11769,0.4765625
11770,0.48046875
11771,0.53125
11772,0.52734375
11773,0.5
11774,0.47265625
11775,0.51953125
11776,0.53125
11777,0.546875
11778,0.46484375
11779,0.49609375
11780,0.5078125
11781,0.50390625
11782,0.48046875
11783,0.51171875
11784,0.46484375
11785,0.5234375
11786,0.515625
11787,0.48046875
11788,0.4921875
11789,0.48828125
11790,0.51953125
11791,0.5390625
11792,0.59765625
11793,0.54296875
11794,0.49609375
11795,0.4921875
11796,0.4765625
11797,0.53125
11798,0.4765625
11799,0.46875
11800,0.44921875
11801,0.5234375
11802,0.46484375
11803,0.4921875
11804,0.4921875
11805,0.4921875
11806,0.50390625
11807,0.4765625
11808,0.4921875
11809,0.52734375
11810,0.4921875
11811,0.4609375
11812,0.51171875
11813,0.5234375
11814,0.53515625
11815,0.5234375
11816,0.4765625
11817,0.46484375
11818,0.5703125
11819,0.47265625
11820,0.42578125
11821,0.4609375
11822,0.546875
11823,0.55859375
11824,0.4453125
11825,0.42578125
11826,0.47265625
11827,0.48828125
11828,0.515625
11829,0.4296875
11830,0.52734375
11831,0.4765625
11832,0.4453125
11833,0.5
11834,0.4921875
11835,0.49609375
11836,0.58984375
11837,0.50390625
11838,0.5078125
11839,0.5703125
11840,0.4921875
11841,0.4921875
11842,0.48046875
11843,0.47265625
11844,0.41015625
11845,0.53515625
11846,0.53125
11847,0.5546875
11848,0.4921875
11849,0.515625
11850,0.50390625
11851,0.5078125
11852,0.45703125
11853,0.546875
11854,0.5
11855,0.48828125
11856,0.4609375
11857,0.421875
11858,0.4921875
11859,0.4765625
11860,0.515625
11861,0.5078125
11862,0.515625
11863,0.4609375
11864,0.57421875
11865,0.453125
11866,0.515625
11867,0.47265625
11868,0.53125
11869,0.51953125
11870,0.59765625
11871,0.50390625
11872,0.5078125
11873,0.5234375
11874,0.6328125
11875,0.5234375
11876,0.55859375
11877,0.515625
11878,0.60546875
11879,0.44140625
11880,0.53125
11881,0.5078125
11882,0.49609375
11883,0.5625
11884,0.4375
11885,0.515625
11886,0.5234375
11887,0.43359375
11888,0.50390625
11889,0.5390625
11890,0.4765625
11891,0.5546875
11892,0.48828125
11893,0.47265625
11894,0.46875
11895,0.43359375
11896,0.51171875
11897,0.52734375
11898,0.44140625
11899,0.5234375
11900,0.453125
11901,0.47265625
11902,0.55078125
11903,0.4765625
11904,0.52734375
11905,0.47265625
11906,0.52734375
11907,0.484375
11908,0.52734375
11909,0.4375
11910,0.515625
11911,0.4921875
11912,0.4921875
11913,0.55859375
11914,0.515625
11915,0.56640625
11916,0.47265625
11917,0.55859375
11918,0.4609375
11919,0.5078125
11920,0.453125
11921,0.4921875
11922,0.5234375
11923,0.48046875
11924,0.47265625
11925,0.5078125
11926,0.48046875
11927,0.42578125
11928,0.49609375
11929,0.484375
11930,0.57421875
11931,0.55859375
11932,0.4921875
11933,0.51171875
11934,0.5703125
11935,0.51171875
11936,0.53125
11937,0.48828125
11938,0.453125
11939,0.53125
11940,0.48046875
11941,0.51171875
11942,0.45703125
11943,0.484375
11944,0.5234375
11945,0.5390625
11946,0.48046875
11947,0.5
11948,0.5
11949,0.58203125
11950,0.4921875
11951,0.51171875
11952,0.484375
11953,0.46875
11954,0.45703125
11955,0.55859375
11956,0.59375
11957,0.5
11958,0.51953125
11959,0.45703125
11960,0.453125
11961,0.5234375
11962,0.51953125
11963,0.4453125
11964,0.46875
11965,0.58203125
11966,0.55078125
11967,0.51171875
11968,0.47265625
11969,0.4765625
11970,0.5859375
11971,0.49609375
11972,0.47265625
11973,0.4765625
11974,0.5234375
11975,0.53125
11976,0.53515625
11977,0.44921875
11978,0.48828125
11979,0.46875
11980,0.47265625
11981,0.5546875
11982,0.48046875
11983,0.53515625
11984,0.4765625
11985,0.48046875
11986,0.484375
11987,0.49609375
11988,0.53125
11989,0.46484375
11990,0.50390625
11991,0.48828125
11992,0.5546875
11993,0.46875
11994,0.5
11995,0.5078125
11996,0.44921875
11997,0.4609375
11998,0.4140625
11999,0.48046875
12000,0.4296875
12001,0.5078125
12002,0.45703125
12003,0.46875
12004,0.546875
12005,0.48828125
12006,0.50390625
12007,0.515625
12008,0.4921875
12009,0.515625
12010,0.46484375
12011,0.51953125
12012,0.58984375
12013,0.46484375
12014,0.48828125
12015,0.46875
12016,0.5078125
12017,0.5390625
12018,0.453125
12019,0.53125
12020,0.4765625
12021,0.4921875
12022,0.48046875
12023,0.4609375
12024,0.5390625
12025,0.48046875
12026,0.46875
12027,0.44140625
12028,0.54296875
12029,0.49609375
12030,0.50390625
12031,0.49609375
12032,0.46875
12033,0.54296875
12034,0.51953125
12035,0.421875
12036,0.5078125
12037,0.48046875
12038,0.46484375
12039,0.5078125
12040,0.5234375
12041,0.53515625
12042,0.53515625
12043,0.4921875
12044,0.5234375
12045,0.56640625
12046,0.51953125
12047,0.5390625
12048,0.5078125
12049,0.46484375
12050,0.53515625
12051,0.48046875
12052,0.51171875
12053,0.49609375
12054,0.48828125
12055,0.45703125
12056,0.47265625
12057,0.53515625
12058,0.54296875
12059,0.53125
12060,0.5
12061,0.51171875
12062,0.54296875
12063,0.50390625
12064,0.44140625
12065,0.4765625
12066,0.4765625
12067,0.4609375
12068,0.546875
12069,0.5234375
12070,0.51953125
12071,0.5234375
12072,0.5625
12073,0.484375
12074,0.5234375
12075,0.53515625
12076,0.5078125
12077,0.6015625
12078,0.46484375
12079,0.5078125
12080,0.53515625
12081,0.54296875
12082,0.47265625
12083,0.49609375
12084,0.53125
12085,0.49609375
12086,0.51953125
12087,0.49609375
12088,0.46875
12089,0.51171875
12090,0.5234375
12091,0.51953125
12092,0.5
12093,0.5
12094,0.515625
12095,0.546875
12096,0.5390625
12097,0.51953125
12098,0.50390625
12099,0.515625
12100,0.46875
12101,0.55859375
12102,0.49609375
12103,0.4921875
12104,0.484375
12105,0.4453125
12106,0.48828125
12107,0.48046875
12108,0.52734375
12109,0.48828125
12110,0.4921875
12111,0.453125
12112,0.5
12113,0.4609375
12114,0.5234375
12115,0.49609375
12116,0.53125
12117,0.5390625
12118,0.46875
12119,0.56640625
12120,0.55078125
12121,0.46875
12122,0.51953125
12123,0.453125
12124,0.50390625
12125,0.53125
12126,0.5390625
12127,0.51171875
12128,0.54296875
12129,0.52734375
12130,0.51171875
12131,0.51953125
12132,0.41796875
12133,0.52734375
12134,0.49609375
12135,0.4765625
12136,0.48828125
12137,0.4765625
12138,0.5078125
12139,0.51953125
12140,0.5078125
12141,0.5625
12142,0.52734375
12143,0.51953125
12144,0.5
12145,0.5078125
12146,0.4609375
12147,0.51953125
12148,0.546875
12149,0.5078125
12150,0.49609375
12151,0.4921875
12152,0.43359375
12153,0.4609375
12154,0.484375
12155,0.5
12156,0.4375
12157,0.54296875
12158,0.5703125
12159,0.46875
12160,0.44921875
12161,0.53125
12162,0.57421875
12163,0.48828125
12164,0.45703125
12165,0.515625
12166,0.5
12167,0.5546875
12168,0.4921875
12169,0.42578125
12170,0.54296875
12171,0.5546875
12172,0.47265625
12173,0.51171875
12174,0.54296875
12175,0.5390625
12176,0.46875
12177,0.546875
12178,0.484375
12179,0.47265625
12180,0.515625
12181,0.45703125
12182,0.5
12183,0.4921875
12184,0.484375
12185,0.55078125
12186,0.48046875
12187,0.453125
12188,0.49609375
12189,0.51953125
12190,0.578125
12191,0.55078125
12192,0.5078125
12193,0.46484375
12194,0.4375
12195,0.51171875
12196,0.50390625
12197,0.40625
12198,0.4765625
12199,0.4921875
12200,0.546875
12201,0.46875
12202,0.49609375
12203,0.546875
12204,0.453125
12205,0.46484375
12206,0.453125
12207,0.4609375
12208,0.42578125
12209,0.5078125
12210,0.53125
12211,0.46875
12212,0.50390625
12213,0.5390625
12214,0.48828125
12215,0.5078125
12216,0.5390625
12217,0.55078125
12218,0.4921875
12219,0.4765625
12220,0.56640625
12221,0.47265625
12222,0.5078125
12223,0.453125
12224,0.484375
12225,0.55078125
12226,0.37890625
12227,0.484375
12228,0.5234375
12229,0.50390625
12230,0.5625
12231,0.48046875
12232,0.484375
12233,0.51953125
12234,0.48046875
12235,0.4375
12236,0.4453125
12237,0.5234375
12238,0.4921875
12239,0.4375
12240,0.48828125
12241,0.5078125
12242,0.48828125
12243,0.4921875
12244,0.50390625
12245,0.44140625
12246,0.5078125
12247,0.38671875
12248,0.53515625
12249,0.45703125
12250,0.56640625
12251,0.484375
12252,0.515625
12253,0.51953125
12254,0.51953125
12255,0.49609375
12256,0.53515625
12257,0.46875
12258,0.49609375
12259,0.4453125
12260,0.48828125
12261,0.44140625
12262,0.52734375
12263,0.47265625
12264,0.4453125
12265,0.5390625
12266,0.52734375
12267,0.44140625
12268,0.46484375
12269,0.50390625
12270,0.48046875
12271,0.4609375
12272,0.51171875
12273,0.53125
12274,0.52734375
12275,0.50390625
12276,0.48046875
12277,0.5390625
12278,0.53515625
12279,0.4921875
12280,0.5078125
12281,0.5390625
12282,0.5
12283,0.453125
12284,0.45703125
12285,0.6015625
12286,0.46484375
12287,0.51953125
12288,0.51953125
12289,0.54296875
12290,0.49609375
12291,0.39453125
12292,0.50390625
12293,0.5
12294,0.4453125
12295,0.4765625
12296,0.453125
12297,0.40625
12298,0.48046875
12299,0.5546875
12300,0.4765625
12301,0.515625
12302,0.46875
12303,0.53125
12304,0.4453125
12305,0.453125
12306,0.44921875
12307,0.546875
12308,0.578125
12309,0.4765625
12310,0.5078125
12311,0.4453125
12312,0.47265625
12313,0.4765625
12314,0.57421875
12315,0.46484375
12316,0.5078125
12317,0.4609375
12318,0.49609375
12319,0.5
12320,0.5078125
12321,0.44921875
12322,0.484375
12323,0.48828125
12324,0.45703125
12325,0.484375
12326,0.51171875
12327,0.5
12328,0.49609375
12329,0.51171875
12330,0.51953125
12331,0.46875
12332,0.50390625
12333,0.421875
12334,0.46875
12335,0.484375
12336,0.55078125
12337,0.4921875
12338,0.49609375
12339,0.5234375
12340,0.52734375
12341,0.50390625
12342,0.40625
12343,0.50390625
12344,0.5078125
12345,0.48046875
12346,0.5234375
12347,0.484375
12348,0.5078125
12349,0.51953125
12350,0.515625
12351,0.484375
12352,0.5
12353,0.51953125
12354,0.4609375
12355,0.5234375
12356,0.51171875
12357,0.5078125
12358,0.48828125
12359,0.47265625
12360,0.53515625
12361,0.46484375
12362,0.484375
12363,0.53125
12364,0.48046875
12365,0.5
12366,0.484375
12367,0.44140625
12368,0.41796875
12369,0.5078125
12370,0.5390625
12371,0.50390625
12372,0.53515625
12373,0.515625
12374,0.4609375
12375,0.51953125
12376,0.53125
12377,0.47265625
12378,0.46484375
12379,0.46875
12380,0.53515625
12381,0.5234375
12382,0.484375
12383,0.50390625
12384,0.515625
12385,0.49609375
12386,0.484375
12387,0.40234375
12388,0.41796875
12389,0.50390625
12390,0.51953125
12391,0.48046875
12392,0.55078125
12393,0.484375
12394,0.4921875
12395,0.5078125
12396,0.4453125
12397,0.54296875
12398,0.54296875
12399,0.421875
12400,0.5703125
12401,0.51953125
12402,0.4765625
12403,0.50390625
12404,0.484375
12405,0.4921875
12406,0.46484375
12407,0.5625
12408,0.4921875
12409,0.453125
12410,0.44921875
12411,0.49609375
12412,0.42578125
12413,0.50390625
12414,0.48046875
12415,0.48828125
12416,0.5078125
12417,0.53125
12418,0.47265625
12419,0.453125
12420,0.46484375
12421,0.5078125
12422,0.51171875
12423,0.5234375
12424,0.515625
12425,0.49609375
12426,0.5
12427,0.49609375
12428,0.53125
12429,0.46875
12430,0.546875
12431,0.47265625
12432,0.53125
12433,0.51171875
12434,0.5
12435,0.43359375
12436,0.4921875
12437,0.515625
12438,0.421875
12439,0.52734375
12440,0.4453125
12441,0.50390625
12442,0.453125
12443,0.515625
12444,0.4765625
12445,0.5390625
12446,0.5546875
12447,0.52734375
12448,0.50390625
12449,0.46484375
12450,0.515625
12451,0.51953125
12452,0.46875
12453,0.453125
12454,0.5
12455,0.47265625
12456,0.546875
12457,0.50390625
12458,0.45703125
12459,0.56640625
12460,0.5
12461,0.4921875
12462,0.5078125
12463,0.46875
12464,0.47265625
12465,0.5546875
12466,0.60546875
12467,0.546875
12468,0.46484375
12469,0.4609375
12470,0.53515625
12471,0.54296875
12472,0.5078125
12473,0.4765625
12474,0.45703125
12475,0.55859375
12476,0.4765625
12477,0.45703125
12478,0.484375
12479,0.515625
12480,0.5
12481,0.50390625
12482,0.484375
12483,0.47265625
12484,0.53515625
12485,0.48046875
12486,0.51953125
12487,0.55078125
12488,0.4921875
12489,0.5
12490,0.5
12491,0.484375
12492,0.48046875
12493,0.48046875
12494,0.5625
12495,0.55078125
12496,0.55078125
12497,0.5
12498,0.4921875
12499,0.48828125
12500,0.53125
12501,0.4296875
12502,0.515625
12503,0.5
12504,0.50390625
12505,0.4765625
12506,0.4609375
12507,0.546875
12508,0.5
12509,0.45703125
12510,0.49609375
12511,0.55078125
12512,0.4609375
12513,0.5078125
12514,0.48046875
12515,0.45703125
12516,0.57421875
12517,0.546875
12518,0.50390625
12519,0.50390625
12520,0.484375
12521,0.5234375
12522,0.51953125
12523,0.5078125
12524,0.5234375
12525,0.50390625
12526,0.5
12527,0.54296875
12528,0.46484375
12529,0.49609375
12530,0.5390625
12531,0.5234375
12532,0.51953125
12533,0.4609375
12534,0.53515625
12535,0.515625
12536,0.5625
12537,0.51953125
12538,0.5
12539,0.546875
12540,0.48828125
12541,0.515625
12542,0.45703125
12543,0.52734375
12544,0.4921875
12545,0.51953125
12546,0.50390625
12547,0.55078125
12548,0.5078125
12549,0.5234375
12550,0.53125
12551,0.51171875
12552,0.4765625
12553,0.5
12554,0.4296875
12555,0.48828125
12556,0.4765625
12557,0.52734375
12558,0.546875
12559,0.4765625
12560,0.53515625
12561,0.4921875
12562,0.4296875
12563,0.4921875
12564,0.515625
12565,0.4765625
12566,0.4609375
12567,0.50390625
12568,0.5390625
12569,0.515625
12570,0.44140625
12571,0.578125
12572,0.49609375
12573,0.49609375
12574,0.52734375
12575,0.5
12576,0.48046875
12577,0.53515625
12578,0.53125
12579,0.53125
12580,0.53515625
12581,0.51953125
12582,0.50390625
12583,0.53515625
12584,0.50390625
12585,0.49609375
12586,0.52734375
12587,0.47265625
12588,0.484375
12589,0.5703125
12590,0.48828125
12591,0.4609375
12592,0.453125
12593,0.50390625
12594,0.4765625
12595,0.4609375
12596,0.48828125
12597,0.4765625
12598,0.53515625
12599,0.44921875
12600,0.5234375
12601,0.6328125
12602,0.49609375
12603,0.56640625
12604,0.515625
12605,0.47265625
12606,0.53515625
12607,0.53125
12608,0.4765625
12609,0.54296875
12610,0.46484375
12611,0.46875
12612,0.48828125
12613,0.52734375
12614,0.44140625
12615,0.44921875
12616,0.56640625
12617,0.4453125
12618,0.46484375
12619,0.48828125
12620,0.53125
12621,0.50390625
12622,0.54296875
12623,0.49609375
12624,0.50390625
12625,0.48046875
12626,0.51953125
12627,0.46875
12628,0.5234375
12629,0.5078125
12630,0.48046875
12631,0.49609375
12632,0.5390625
12633,0.5234375
12634,0.55859375
12635,0.5078125
12636,0.5703125
12637,0.53515625
12638,0.54296875
12639,0.5
12640,0.44140625
12641,0.45703125
12642,0.48828125
12643,0.55078125
12644,0.484375
12645,0.453125
12646,0.4921875
12647,0.48828125
12648,0.4921875
12649,0.5
12650,0.4765625
12651,0.55078125
12652,0.51171875
12653,0.484375
12654,0.5390625
12655,0.53125
12656,0.47265625
12657,0.5078125
12658,0.48046875
12659,0.453125
12660,0.49609375
12661,0.48046875
12662,0.41796875
12663,0.5078125
12664,0.48828125
12665,0.50390625
12666,0.515625
12667,0.5625
12668,0.4375
12669,0.4765625
12670,0.44921875
12671,0.4375
12672,0.53125
12673,0.515625
12674,0.58984375
12675,0.4453125
12676,0.453125
12677,0.5
12678,0.4453125
12679,0.51171875
12680,0.53515625
12681,0.51953125
12682,0.44921875
12683,0.47265625
12684,0.546875
12685,0.53515625
12686,0.484375
12687,0.5078125
12688,0.4765625
12689,0.51171875
12690,0.4453125
12691,0.50390625
12692,0.51953125
12693,0.5234375
12694,0.47265625
12695,0.5703125
12696,0.45703125
12697,0.55078125
12698,0.48828125
12699,0.55859375
12700,0.48828125
12701,0.5
12702,0.58984375
12703,0.44921875
12704,0.44140625
12705,0.51171875
12706,0.47265625
12707,0.421875
12708,0.4921875
12709,0.5
12710,0.5390625
12711,0.5078125
12712,0.48828125
12713,0.4921875
12714,0.53515625
12715,0.53515625
12716,0.5
12717,0.484375
12718,0.4453125
12719,0.45703125
12720,0.484375
12721,0.5
12722,0.44140625
12723,0.48046875
12724,0.4921875
12725,0.53515625
12726,0.50390625
12727,0.48828125
12728,0.53515625
12729,0.53515625
12730,0.484375
12731,0.56640625
12732,0.5546875
12733,0.48828125
12734,0.5703125
12735,0.453125
12736,0.53515625
12737,0.515625
12738,0.46484375
12739,0.4765625
12740,0.52734375
12741,0.52734375
12742,0.46484375
12743,0.515625
12744,0.50390625
12745,0.4921875
12746,0.4609375
12747,0.54296875
12748,0.578125
12749,0.4765625
12750,0.5703125
12751,0.5
12752,0.55078125
12753,0.5078125
12754,0.48046875
12755,0.50390625
12756,0.5078125
12757,0.4921875
12758,0.4765625
12759,0.515625
12760,0.48828125
12761,0.54296875
12762,0.515625
12763,0.53125
12764,0.53125
12765,0.4609375
12766,0.4375
12767,0.4921875
12768,0.5078125
12769,0.515625
12770,0.49609375
12771,0.53125
12772,0.5234375
12773,0.515625
12774,0.4609375
12775,0.44140625
12776,0.46484375
12777,0.47265625
12778,0.515625
12779,0.4765625
12780,0.4609375
12781,0.5
12782,0.53515625
12783,0.4609375
12784,0.5
12785,0.453125
12786,0.43359375
12787,0.53515625
12788,0.4921875
12789,0.4921875
12790,0.515625
12791,0.54296875
12792,0.55078125
12793,0.546875
12794,0.44140625
12795,0.51171875
12796,0.5703125
12797,0.5078125
12798,0.5078125
12799,0.55078125
12800,0.51171875
12801,0.49609375
12802,0.4921875
12803,0.38671875
12804,0.4921875
12805,0.5390625
12806,0.46875
12807,0.5
12808,0.5234375
12809,0.53515625
12810,0.515625
12811,0.48046875
12812,0.50390625
12813,0.5
12814,0.48046875
12815,0.46484375
12816,0.48046875
12817,0.3984375
12818,0.54296875
12819,0.45703125
12820,0.5
12821,0.4609375
12822,0.46484375
12823,0.453125
12824,0.46484375
12825,0.5390625
12826,0.4765625
12827,0.578125
12828,0.4921875
12829,0.5234375
12830,0.515625
12831,0.45703125
12832,0.46484375
12833,0.453125
12834,0.53515625
12835,0.52734375
12836,0.5234375
12837,0.49609375
12838,0.4921875
12839,0.57421875
12840,0.5390625
12841,0.4609375
12842,0.50390625
12843,0.4765625
12844,0.4921875
12845,0.4765625
12846,0.4765625
12847,0.50390625
12848,0.5390625
12849,0.48828125
12850,0.53515625
12851,0.5234375
12852,0.44140625
12853,0.4765625
12854,0.5546875
12855,0.4921875
12856,0.484375
12857,0.44921875
12858,0.4921875
12859,0.484375
12860,0.45703125
12861,0.46875
12862,0.48828125
12863,0.546875
12864,0.4921875
12865,0.5078125
12866,0.41015625
12867,0.49609375
12868,0.44140625
12869,0.5078125
12870,0.47265625
12871,0.50390625
12872,0.4921875
12873,0.47265625
12874,0.4609375
12875,0.4140625
12876,0.51953125
12877,0.44921875
12878,0.5234375
12879,0.44921875
12880,0.4921875
12881,0.55859375
12882,0.5546875
12883,0.41796875
12884,0.5546875
12885,0.49609375
12886,0.53515625
12887,0.515625
12888,0.4765625
12889,0.51171875
12890,0.49609375
12891,0.48828125
12892,0.453125
12893,0.48828125
12894,0.48046875
12895,0.5
12896,0.53125
12897,0.5
12898,0.45703125
12899,0.57421875
12900,0.546875
12901,0.48828125
12902,0.5
12903,0.515625
12904,0.5078125
12905,0.45703125
12906,0.5546875
12907,0.48828125
12908,0.54296875
12909,0.46484375
12910,0.5078125
12911,0.5234375
12912,0.48828125
12913,0.51953125
12914,0.5390625
12915,0.44140625
12916,0.52734375
12917,0.45703125
12918,0.50390625
12919,0.51171875
12920,0.51171875
12921,0.50390625
12922,0.5078125
12923,0.5234375
12924,0.5390625
12925,0.54296875
12926,0.55078125
12927,0.49609375
12928,0.46875
12929,0.4765625
12930,0.49609375
12931,0.5546875
12932,0.53125
12933,0.453125
12934,0.47265625
12935,0.4765625
12936,0.484375
12937,0.48828125
12938,0.46875
12939,0.55859375
12940,0.515625
12941,0.51953125
12942,0.4453125
12943,0.47265625
12944,0.4765625
12945,0.54296875
12946,0.55078125
12947,0.54296875
12948,0.45703125
12949,0.4765625
12950,0.53125
12951,0.51171875
12952,0.41796875
12953,0.52734375
12954,0.5390625
12955,0.46484375
12956,0.49609375
12957,0.5
12958,0.50390625
12959,0.4921875
12960,0.5859375
12961,0.51171875
12962,0.47265625
12963,0.55078125
12964,0.5390625
12965,0.515625
12966,0.5078125
12967,0.5546875
12968,0.390625
12969,0.51953125
12970,0.515625
12971,0.5078125
12972,0.46875
12973,0.4609375
12974,0.44140625
12975,0.4921875
12976,0.5390625
12977,0.453125
12978,0.53515625
12979,0.4921875
12980,0.55078125
12981,0.4765625
12982,0.51171875
12983,0.5078125
12984,0.4609375
12985,0.53125
12986,0.5234375
12987,0.484375
12988,0.5390625
12989,0.46875
12990,0.4609375
12991,0.484375
12992,0.5078125
12993,0.47265625
12994,0.49609375
12995,0.49609375
12996,0.4765625
12997,0.5
12998,0.49609375
12999,0.55859375
13000,0.5078125
13001,0.453125
13002,0.453125
13003,0.41015625
13004,0.5390625
13005,0.515625
13006,0.4375
13007,0.46484375
13008,0.4765625
13009,0.43359375
13010,0.5078125
13011,0.46484375
13012,0.53515625
13013,0.5078125
13014,0.4921875
13015,0.51953125
13016,0.48046875
13017,0.51171875
13018,0.55078125
13019,0.46484375
13020,0.4765625
13021,0.52734375
13022,0.49609375
13023,0.5078125
13024,0.5
13025,0.4609375
13026,0.47265625
13027,0.45703125
13028,0.515625
13029,0.42578125
13030,0.47265625
13031,0.484375
13032,0.4375
13033,0.51171875
13034,0.51171875
13035,0.546875
13036,0.4375
13037,0.45703125
13038,0.58984375
13039,0.49609375
13040,0.484375
13041,0.48046875
13042,0.44140625
13043,0.45703125
13044,0.5546875
13045,0.5390625
13046,0.5078125
13047,0.5078125
13048,0.51953125
13049,0.484375
13050,0.49609375
13051,0.515625
13052,0.5078125
13053,0.53125
13054,0.44140625
13055,0.43359375
13056,0.47265625
13057,0.53515625
13058,0.53515625
13059,0.55859375
13060,0.546875
13061,0.53125
13062,0.5625
13063,0.546875
13064,0.4375
13065,0.5546875
13066,0.5078125
13067,0.5078125
13068,0.515625
13069,0.55859375
13070,0.46484375
13071,0.44921875
13072,0.48046875
13073,0.546875
13074,0.5
13075,0.47265625
13076,0.4140625
13077,0.58984375
13078,0.46875
13079,0.41796875
13080,0.55078125
13081,0.48828125
13082,0.5234375
13083,0.43359375
13084,0.44140625
13085,0.515625
13086,0.5390625
13087,0.5703125
13088,0.49609375
13089,0.484375
13090,0.46875
13091,0.50390625
13092,0.484375
13093,0.48046875
13094,0.51953125
13095,0.58203125
13096,0.46875
13097,0.52734375
13098,0.46875
13099,0.484375
13100,0.50390625
13101,0.5078125
13102,0.5390625
13103,0.5078125
13104,0.44140625
13105,0.44140625
13106,0.5390625
13107,0.5
13108,0.484375
13109,0.453125
13110,0.49609375
13111,0.53125
13112,0.5
13113,0.53515625
13114,0.5078125
13115,0.4609375
13116,0.484375
13117,0.56640625
13118,0.44921875
13119,0.53515625
13120,0.5078125
13121,0.51953125
13122,0.46484375
13123,0.48828125
13124,0.4921875
13125,0.4765625
13126,0.49609375
13127,0.4609375
13128,0.50390625
13129,0.48828125
13130,0.51171875
13131,0.5078125
13132,0.52734375
13133,0.4921875
13134,0.515625
13135,0.4765625
13136,0.4765625
13137,0.53515625
13138,0.44140625
13139,0.48828125
13140,0.4921875
13141,0.48828125
13142,0.46875
13143,0.45703125
13144,0.49609375
13145,0.48828125
13146,0.5234375
13147,0.5078125
13148,0.46484375
13149,0.5546875
13150,0.50390625
13151,0.5234375
13152,0.5
13153,0.46875
13154,0.48046875
13155,0.51171875
13156,0.45703125
13157,0.515625
13158,0.49609375
13159,0.4765625
13160,0.44140625
13161,0.49609375
13162,0.44921875
13163,0.47265625
13164,0.48828125
13165,0.5390625
13166,0.52734375
13167,0.4609375
13168,0.5234375
13169,0.51171875
13170,0.453125
13171,0.5234375
13172,0.5390625
13173,0.44921875
13174,0.4765625
13175,0.4765625
13176,0.44921875
13177,0.50390625
13178,0.5078125
13179,0.4609375
13180,0.47265625
13181,0.55859375
13182,0.45703125
13183,0.4453125
13184,0.515625
13185,0.55859375
13186,0.55859375
13187,0.5
13188,0.515625
13189,0.515625
13190,0.53125
13191,0.5078125
13192,0.45703125
13193,0.484375
13194,0.453125
13195,0.50390625
13196,0.49609375
13197,0.48828125
13198,0.421875
13199,0.48828125
13200,0.53515625
13201,0.49609375
13202,0.40234375
13203,0.52734375
13204,0.4140625
13205,0.45703125
13206,0.48046875
13207,0.4765625
13208,0.49609375
13209,0.5078125
13210,0.51171875
13211,0.47265625
13212,0.42578125
13213,0.40234375
13214,0.51953125
13215,0.50390625
13216,0.48828125
13217,0.51171875
13218,0.53515625
13219,0.5625
13220,0.45703125
13221,0.53125
13222,0.54296875
13223,0.484375
13224,0.5546875
13225,0.5
13226,0.5546875
13227,0.51171875
13228,0.5078125
13229,0.484375
13230,0.484375
13231,0.52734375
13232,0.55078125
13233,0.48828125
13234,0.48828125
13235,0.515625
13236,0.4609375
13237,0.484375
13238,0.45703125
13239,0.4375
13240,0.53515625
13241,0.51171875
13242,0.5078125
13243,0.52734375
13244,0.55078125
13245,0.5
13246,0.5234375
13247,0.5078125
13248,0.52734375
13249,0.5703125
13250,0.46875
13251,0.51171875
13252,0.51171875
13253,0.4609375
13254,0.47265625
13255,0.5078125
13256,0.515625
13257,0.4609375
13258,0.51171875
13259,0.515625
13260,0.515625
13261,0.4140625
13262,0.4375
13263,0.55859375
13264,0.4765625
13265,0.54296875
13266,0.5234375
13267,0.484375
13268,0.5078125
13269,0.5078125
13270,0.48828125
13271,0.54296875
13272,0.4453125
13273,0.5
13274,0.50390625
13275,0.4375
13276,0.44140625
13277,0.5078125
13278,0.53125
13279,0.5
13280,0.53125
13281,0.5078125
13282,0.48828125
13283,0.52734375
13284,0.453125
13285,0.48046875
13286,0.50390625
13287,0.49609375
13288,0.46875
13289,0.48828125
13290,0.47265625
13291,0.51171875
13292,0.5234375
13293,0.46875
13294,0.46875
13295,0.4921875
13296,0.515625
13297,0.4921875
13298,0.578125
13299,0.5390625
13300,0.4609375
13301,0.48828125
13302,0.49609375
13303,0.5
13304,0.5234375
13305,0.5078125
13306,0.51953125
13307,0.49609375
13308,0.4375
13309,0.49609375
13310,0.5
13311,0.421875
13312,0.4453125
13313,0.46875
13314,0.4609375
13315,0.52734375
13316,0.5078125
13317,0.515625
13318,0.4765625
13319,0.54296875
13320,0.484375
13321,0.44140625
13322,0.515625
13323,0.52734375
13324,0.53515625
13325,0.5078125
13326,0.52734375
13327,0.515625
13328,0.4765625
13329,0.52734375
13330,0.48828125
13331,0.50390625
13332,0.484375
13333,0.5078125
13334,0.4765625
13335,0.45703125
13336,0.4921875
13337,0.5234375
13338,0.44921875
13339,0.5390625
13340,0.5234375
13341,0.515625
13342,0.48828125
13343,0.4921875
13344,0.55859375
13345,0.5703125
13346,0.484375
13347,0.4765625
13348,0.45703125
13349,0.42578125
13350,0.52734375
13351,0.55078125
13352,0.48046875
13353,0.4453125
13354,0.51953125
13355,0.48828125
13356,0.52734375
13357,0.484375
13358,0.51171875
13359,0.453125
13360,0.453125
13361,0.56640625
13362,0.5078125
13363,0.49609375
13364,0.48046875
13365,0.4609375
13366,0.5
13367,0.52734375
13368,0.49609375
13369,0.54296875
13370,0.5234375
13371,0.5390625
13372,0.50390625
13373,0.515625
13374,0.44921875
13375,0.4921875
13376,0.42578125
13377,0.51953125
13378,0.51171875
13379,0.45703125
13380,0.51953125
13381,0.47265625
13382,0.51953125
13383,0.546875
13384,0.515625
13385,0.54296875
13386,0.484375
13387,0.46484375
13388,0.45703125
13389,0.51953125
13390,0.5546875
13391,0.44140625
13392,0.5078125
13393,0.453125
13394,0.48046875
13395,0.54296875
13396,0.53125
13397,0.51171875
13398,0.52734375
13399,0.5546875
13400,0.52734375
13401,0.5078125
13402,0.51171875
13403,0.53515625
13404,0.46875
13405,0.4921875
13406,0.5234375
13407,0.5078125
13408,0.52734375
13409,0.48828125
13410,0.5546875
13411,0.5078125
13412,0.5078125
13413,0.50390625
13414,0.51171875
13415,0.51171875
13416,0.5625
13417,0.44140625
13418,0.4453125
13419,0.515625
13420,0.5
13421,0.45703125
13422,0.47265625
13423,0.515625
13424,0.49609375
13425,0.47265625
13426,0.49609375
13427,0.54296875
13428,0.49609375
13429,0.4921875
13430,0.47265625
13431,0.43359375
13432,0.4453125
13433,0.4296875
13434,0.45703125
13435,0.46875
13436,0.5390625
13437,0.421875
13438,0.57421875
13439,0.5625
13440,0.48046875
13441,0.5078125
13442,0.515625
13443,0.515625
13444,0.48046875
13445,0.4609375
13446,0.48828125
13447,0.484375
13448,0.46875
13449,0.5
13450,0.48828125
13451,0.5
13452,0.3984375
13453,0.48046875
13454,0.48828125
13455,0.5078125
13456,0.51171875
13457,0.5078125
13458,0.44921875
13459,0.5078125
13460,0.4609375
13461,0.484375
13462,0.51171875
13463,0.53515625
13464,0.484375
13465,0.5078125
13466,0.5
13467,0.4765625
13468,0.48046875
13469,0.44140625
13470,0.48046875
13471,0.421875
13472,0.5625
13473,0.46875
13474,0.49609375
13475,0.51171875
13476,0.50390625
13477,0.48828125
13478,0.4921875
13479,0.4921875
13480,0.484375
13481,0.515625
13482,0.4609375
13483,0.53515625
13484,0.52734375
13485,0.4921875
13486,0.515625
13487,0.48046875
13488,0.46875
13489,0.54296875
13490,0.4765625
13491,0.56640625
13492,0.5234375
13493,0.51953125
13494,0.51171875
13495,0.5390625
13496,0.5
13497,0.4765625
13498,0.47265625
13499,0.44140625
13500,0.4765625
13501,0.4453125
13502,0.4453125
13503,0.48046875
13504,0.53125
13505,0.4921875
13506,0.48828125
13507,0.55859375
13508,0.5
13509,0.546875
13510,0.48828125
13511,0.46484375
13512,0.47265625
13513,0.52734375
13514,0.53125
13515,0.52734375
13516,0.51171875
13517,0.515625
13518,0.484375
13519,0.46484375
13520,0.484375
13521,0.5
13522,0.5234375
13523,0.484375
13524,0.5
13525,0.4609375
13526,0.41796875
13527,0.4765625
13528,0.47265625
13529,0.4296875
13530,0.5546875
13531,0.49609375
13532,0.48046875
13533,0.5078125
13534,0.47265625
13535,0.4921875
13536,0.5
13537,0.5234375
13538,0.4453125
13539,0.4296875
13540,0.51953125
13541,0.5078125
13542,0.44921875
13543,0.48828125
13544,0.48828125
13545,0.51953125
13546,0.50390625
13547,0.484375
13548,0.46875
13549,0.48828125
13550,0.47265625
13551,0.48828125
13552,0.49609375
13553,0.53125
13554,0.4296875
13555,0.4765625
13556,0.5234375
13557,0.47265625
13558,0.4765625
13559,0.515625
13560,0.49609375
13561,0.484375
13562,0.5390625
13563,0.53125
13564,0.5546875
13565,0.46875
13566,0.48046875
13567,0.47265625
13568,0.48046875
13569,0.44921875
13570,0.515625
13571,0.484375
13572,0.57421875
13573,0.5078125
13574,0.46484375
13575,0.4609375
13576,0.49609375
13577,0.5546875
13578,0.515625
13579,0.42578125
13580,0.53515625
13581,0.5
13582,0.44921875
13583,0.54296875
13584,0.5625
13585,0.5234375
13586,0.484375
13587,0.484375
13588,0.47265625
13589,0.4921875
13590,0.4921875
13591,0.484375
13592,0.48046875
13593,0.48828125
13594,0.51953125
13595,0.4609375
13596,0.578125
13597,0.5390625
13598,0.50390625
13599,0.55078125
13600,0.49609375
13601,0.4765625
13602,0.49609375
13603,0.4921875
13604,0.5078125
13605,0.51171875
13606,0.4765625
13607,0.49609375
13608,0.4765625
13609,0.44140625
13610,0.46484375
13611,0.4765625
13612,0.43359375
13613,0.515625
13614,0.47265625
13615,0.53125
13616,0.6171875
13617,0.48828125
13618,0.4765625
13619,0.5234375
13620,0.49609375
13621,0.51953125
13622,0.5703125
13623,0.47265625
13624,0.51953125
13625,0.4765625
13626,0.5390625
13627,0.41015625
13628,0.4765625
13629,0.484375
13630,0.55078125
13631,0.45703125
13632,0.51171875
13633,0.48046875
13634,0.51953125
13635,0.46875
13636,0.5078125
13637,0.49609375
13638,0.5546875
13639,0.515625
13640,0.48046875
13641,0.546875
13642,0.47265625
13643,0.51171875
13644,0.47265625
13645,0.53125
13646,0.4921875
13647,0.46875
13648,0.53125
13649,0.4609375
13650,0.42578125
13651,0.48046875
13652,0.5703125
13653,0.5546875
13654,0.51171875
13655,0.49609375
13656,0.5234375
13657,0.46875
13658,0.5
13659,0.5234375
13660,0.4921875
13661,0.4609375
13662,0.4765625
13663,0.5078125
13664,0.4921875
13665,0.4921875
13666,0.51171875
13667,0.5546875
13668,0.4921875
13669,0.4921875
13670,0.51171875
13671,0.4453125
13672,0.51953125
13673,0.46484375
13674,0.4375
13675,0.4609375
13676,0.515625
13677,0.54296875
13678,0.51171875
13679,0.46875
13680,0.5078125
13681,0.46875
13682,0.5390625
13683,0.4609375
13684,0.5
13685,0.48828125
13686,0.546875
13687,0.52734375
13688,0.5078125
13689,0.53515625
13690,0.55078125
13691,0.48828125
13692,0.5390625
13693,0.48828125
13694,0.56640625
13695,0.5
13696,0.51953125
13697,0.4765625
13698,0.48828125
13699,0.48828125
13700,0.53125
13701,0.52734375
13702,0.48046875
13703,0.52734375
13704,0.5546875
13705,0.5390625
13706,0.53125
13707,0.60546875
13708,0.5
13709,0.48046875
13710,0.4375
13711,0.52734375
13712,0.4765625
13713,0.45703125
13714,0.453125
13715,0.5
13716,0.5546875
13717,0.5
13718,0.4921875
13719,0.51171875
13720,0.51953125
13721,0.453125
13722,0.453125
13723,0.51953125
13724,0.44140625
13725,0.51953125
13726,0.51171875
13727,0.5234375
13728,0.546875
13729,0.47265625
13730,0.4296875
13731,0.48046875
13732,0.5625
13733,0.51953125
13734,0.5
13735,0.49609375
13736,0.4375
13737,0.48828125
13738,0.4921875
13739,0.36328125
13740,0.50390625
13741,0.41796875
13742,0.46484375
13743,0.55859375
13744,0.57421875
13745,0.48828125
13746,0.48046875
13747,0.5078125
13748,0.51171875
13749,0.53125
13750,0.48828125
13751,0.5078125
13752,0.48046875
13753,0.46875
13754,0.53515625
13755,0.49609375
13756,0.49609375
13757,0.515625
13758,0.51953125
13759,0.3984375
13760,0.5234375
13761,0.53515625
13762,0.5
13763,0.49609375
13764,0.50390625
13765,0.47265625
13766,0.52734375
13767,0.40234375
13768,0.484375
13769,0.49609375
13770,0.4296875
13771,0.53515625
13772,0.53125
13773,0.515625
13774,0.40234375
13775,0.5234375
13776,0.5
13777,0.5234375
13778,0.51953125
13779,0.515625
13780,0.4921875
13781,0.5390625
13782,0.48046875
13783,0.5
13784,0.42578125
13785,0.50390625
13786,0.47265625
13787,0.50390625
13788,0.56640625
13789,0.484375
13790,0.484375
13791,0.46875
13792,0.4921875
13793,0.5390625
13794,0.5078125
13795,0.453125
13796,0.4609375
13797,0.51171875
13798,0.5
13799,0.4453125
13800,0.515625
13801,0.484375
13802,0.58984375
13803,0.53125
13804,0.484375
13805,0.46875
13806,0.51171875
13807,0.46875
13808,0.5
13809,0.4375
13810,0.453125
13811,0.4765625
13812,0.5234375
13813,0.5234375
13814,0.55859375
13815,0.515625
13816,0.52734375
13817,0.4921875
13818,0.44140625
13819,0.5234375
13820,0.5078125
13821,0.421875
13822,0.4453125
13823,0.51953125
13824,0.47265625
13825,0.4921875
13826,0.5625
13827,0.5078125
13828,0.47265625
13829,0.5234375
13830,0.49609375
13831,0.5234375
13832,0.58984375
13833,0.51953125
13834,0.46484375
13835,0.41015625
13836,0.5
13837,0.5078125
13838,0.46875
13839,0.5234375
13840,0.5078125
13841,0.5859375
13842,0.48046875
13843,0.515625
13844,0.515625
13845,0.45703125
13846,0.515625
13847,0.54296875
13848,0.453125
13849,0.51953125
13850,0.5234375
13851,0.46875
13852,0.515625
13853,0.48046875
13854,0.5234375
13855,0.546875
13856,0.51953125
13857,0.51171875
13858,0.46875
13859,0.46875
13860,0.52734375
13861,0.421875
13862,0.5625
13863,0.51171875
13864,0.5078125
13865,0.49609375
13866,0.4609375
13867,0.48046875
13868,0.50390625
13869,0.4921875
13870,0.5
13871,0.4921875
13872,0.51171875
13873,0.421875
13874,0.51171875
13875,0.4765625
13876,0.49609375
13877,0.5234375
13878,0.55859375
13879,0.57421875
13880,0.53515625
13881,0.49609375
13882,0.421875
13883,0.453125
13884,0.484375
13885,0.48046875
13886,0.49609375
13887,0.45703125
13888,0.51171875
13889,0.55859375
13890,0.51171875
13891,0.546875
13892,0.5546875
13893,0.54296875
13894,0.58203125
13895,0.59375
13896,0.46484375
13897,0.54296875
13898,0.46875
13899,0.4921875
13900,0.48046875
13901,0.53125
13902,0.50390625
13903,0.55859375
13904,0.421875
13905,0.46484375
13906,0.48046875
13907,0.515625
13908,0.49609375
13909,0.53515625
13910,0.5078125
13911,0.40234375
13912,0.51171875
13913,0.5078125
13914,0.53125
13915,0.51953125
13916,0.51953125
13917,0.4765625
13918,0.57421875
13919,0.54296875
13920,0.5234375
13921,0.50390625
13922,0.51953125
13923,0.46875
13924,0.515625
13925,0.44140625
13926,0.5390625
13927,0.48828125
13928,0.5390625
13929,0.43359375
13930,0.5078125
13931,0.4609375
13932,0.578125
13933,0.46875
13934,0.48828125
13935,0.546875
13936,0.48828125
13937,0.5390625
13938,0.51953125
13939,0.515625
13940,0.4609375
13941,0.4609375
13942,0.47265625
13943,0.52734375
13944,0.5390625
13945,0.5859375
13946,0.52734375
13947,0.46484375
13948,0.5234375
13949,0.61328125
13950,0.5
13951,0.50390625
13952,0.484375
13953,0.53515625
13954,0.55859375
13955,0.51953125
13956,0.5078125
13957,0.5390625
13958,0.55859375
13959,0.51953125
13960,0.4453125
13961,0.45703125
13962,0.55859375
13963,0.45703125
13964,0.5234375
13965,0.47265625
13966,0.44921875
13967,0.48828125
13968,0.54296875
13969,0.49609375
13970,0.51171875
13971,0.55859375
13972,0.49609375
13973,0.4921875
13974,0.51171875
13975,0.4765625
13976,0.51171875
13977,0.5078125
13978,0.484375
13979,0.5078125
13980,0.56640625
13981,0.49609375
13982,0.48046875
13983,0.47265625
13984,0.48046875
13985,0.52734375
13986,0.515625
13987,0.52734375
13988,0.4375
13989,0.48046875
13990,0.45703125
13991,0.4921875
13992,0.5390625
13993,0.51171875
13994,0.51171875
13995,0.49609375
13996,0.51953125
13997,0.51953125
13998,0.46484375
13999,0.4609375
14000,0.55859375
14001,0.5390625
14002,0.53125
14003,0.55078125
14004,0.55859375
14005,0.48828125
14006,0.55078125
14007,0.4609375
14008,0.484375
14009,0.5078125
14010,0.5078125
14011,0.51171875
14012,0.53515625
14013,0.5234375
14014,0.51953125
14015,0.5390625
14016,0.59375
14017,0.48046875
14018,0.46875
14019,0.48828125
14020,0.46875
14021,0.48828125
14022,0.53515625
14023,0.4609375
14024,0.40625
14025,0.5078125
14026,0.4765625
14027,0.59765625
14028,0.43359375
14029,0.5234375
14030,0.546875
14031,0.58203125
14032,0.57421875
14033,0.4921875
14034,0.5078125
14035,0.46875
14036,0.53125
14037,0.51171875
14038,0.45703125
14039,0.46875
14040,0.52734375
14041,0.53125
14042,0.56640625
14043,0.53125
14044,0.5
14045,0.5234375
14046,0.41015625
14047,0.48828125
14048,0.52734375
14049,0.53125
14050,0.49609375
14051,0.53515625
14052,0.484375
14053,0.4921875
14054,0.515625
14055,0.54296875
14056,0.484375
14057,0.5390625
14058,0.55078125
14059,0.4453125
14060,0.51171875
14061,0.515625
14062,0.4296875
14063,0.546875
14064,0.5546875
14065,0.51171875
14066,0.5
14067,0.52734375
14068,0.5390625
14069,0.51171875
14070,0.51953125
14071,0.5390625
14072,0.50390625
14073,0.55078125
14074,0.484375
14075,0.546875
14076,0.52734375
14077,0.51171875
14078,0.50390625
14079,0.51171875
14080,0.4765625
14081,0.51953125
14082,0.47265625
14083,0.47265625
14084,0.56640625
14085,0.4765625
14086,0.5234375
14087,0.4921875
14088,0.44140625
14089,0.484375
14090,0.53125
14091,0.5546875
14092,0.53125
14093,0.4609375
14094,0.3828125
14095,0.5390625
14096,0.46484375
14097,0.49609375
14098,0.45703125
14099,0.578125
14100,0.50390625
14101,0.51171875
14102,0.55078125
14103,0.54296875
14104,0.55078125
14105,0.53515625
14106,0.4453125
14107,0.58984375
14108,0.5234375
14109,0.48828125
14110,0.46875
14111,0.45703125
14112,0.54296875
14113,0.46875
14114,0.50390625
14115,0.50390625
14116,0.45703125
14117,0.4609375
14118,0.4765625
14119,0.47265625
14120,0.49609375
14121,0.46875
14122,0.5546875
14123,0.51953125
14124,0.51953125
14125,0.5
14126,0.5
14127,0.48828125
14128,0.44921875
14129,0.484375
14130,0.41015625
14131,0.45703125
14132,0.46875
14133,0.5
14134,0.52734375
14135,0.4765625
14136,0.51171875
14137,0.515625
14138,0.4765625
14139,0.4609375
14140,0.51953125
14141,0.515625
14142,0.43359375
14143,0.4921875
14144,0.484375
14145,0.4921875
14146,0.515625
14147,0.5546875
14148,0.4921875
14149,0.5234375
14150,0.54296875
14151,0.453125
14152,0.54296875
14153,0.49609375
14154,0.52734375
14155,0.53515625
14156,0.46875
14157,0.48828125
14158,0.48828125
14159,0.5234375
14160,0.5625
14161,0.45703125
14162,0.54296875
14163,0.49609375
14164,0.515625
14165,0.4921875
14166,0.4453125
14167,0.5
14168,0.4453125
14169,0.44140625
14170,0.49609375
14171,0.51171875
14172,0.48828125
14173,0.42578125
14174,0.53125
14175,0.55859375
14176,0.51171875
14177,0.49609375
14178,0.51953125
14179,0.51171875
14180,0.49609375
14181,0.4375
14182,0.5078125
14183,0.53515625
14184,0.5390625
14185,0.4921875
14186,0.5078125
14187,0.54296875
14188,0.57421875
14189,0.47265625
14190,0.42578125
14191,0.5078125
14192,0.4765625
14193,0.5
14194,0.47265625
14195,0.484375
14196,0.5546875
14197,0.55859375
14198,0.5234375
14199,0.52734375
14200,0.53515625
14201,0.4765625
14202,0.56640625
14203,0.46875
14204,0.4765625
14205,0.4921875
14206,0.51171875
14207,0.5390625
14208,0.4921875
14209,0.53515625
14210,0.5546875
14211,0.484375
14212,0.515625
14213,0.52734375
14214,0.5078125
14215,0.48828125
14216,0.54296875
14217,0.48828125
14218,0.4921875
14219,0.4765625
14220,0.4296875
14221,0.54296875
14222,0.46875
14223,0.53125
14224,0.5390625
14225,0.48828125
14226,0.52734375
14227,0.52734375
14228,0.45703125
14229,0.5078125
14230,0.53125
14231,0.484375
14232,0.515625
14233,0.4921875
14234,0.4765625
14235,0.41015625
14236,0.51953125
14237,0.4765625
14238,0.5
14239,0.51953125
14240,0.515625
14241,0.5078125
14242,0.48828125
14243,0.5234375
14244,0.52734375
14245,0.453125
14246,0.51953125
14247,0.51171875
14248,0.5234375
14249,0.51171875
14250,0.5703125
14251,0.4296875
14252,0.5078125
14253,0.4453125
14254,0.48046875
14255,0.4765625
14256,0.55859375
14257,0.53515625
14258,0.49609375
14259,0.5390625
14260,0.49609375
14261,0.42578125
14262,0.44921875
14263,0.54296875
14264,0.484375
14265,0.4921875
14266,0.4609375
14267,0.4609375
14268,0.546875
14269,0.4765625
14270,0.56640625
14271,0.5390625
14272,0.484375
14273,0.609375
14274,0.51171875
14275,0.49609375
14276,0.52734375
14277,0.50390625
14278,0.46484375
14279,0.55859375
14280,0.5546875
14281,0.49609375
14282,0.52734375
14283,0.546875
14284,0.515625
14285,0.51171875
14286,0.48828125
14287,0.4375
14288,0.4296875
14289,0.5859375
14290,0.5
14291,0.5703125
14292,0.515625
14293,0.515625
14294,0.46875
14295,0.48828125
14296,0.53515625
14297,0.59375
14298,0.51953125
14299,0.546875
14300,0.44921875
14301,0.5234375
14302,0.5859375
14303,0.5390625
14304,0.4765625
14305,0.46484375
14306,0.453125
14307,0.51953125
14308,0.4921875
14309,0.53515625
14310,0.46875
14311,0.5078125
14312,0.56640625
14313,0.50390625
14314,0.4609375
14315,0.515625
14316,0.4921875
14317,0.5546875
14318,0.4375
14319,0.5078125
14320,0.48046875
14321,0.5234375
14322,0.5390625
14323,0.5859375
14324,0.52734375
14325,0.48828125
14326,0.43359375
14327,0.5234375
14328,0.49609375
14329,0.50390625
14330,0.484375
14331,0.546875
14332,0.51171875
14333,0.45703125
14334,0.421875
14335,0.484375
14336,0.46484375
14337,0.46875
14338,0.5078125
14339,0.51171875
14340,0.5
14341,0.54296875
14342,0.5390625
14343,0.5390625
14344,0.4765625
14345,0.5078125
14346,0.47265625
14347,0.54296875
14348,0.53515625
14349,0.5
14350,0.5859375
14351,0.53125
14352,0.5078125
14353,0.46484375
14354,0.42578125
14355,0.51953125
14356,0.55078125
14357,0.625
14358,0.47265625
14359,0.54296875
14360,0.43359375
14361,0.48046875
14362,0.50390625
14363,0.48046875
14364,0.51171875
14365,0.53515625
14366,0.49609375
14367,0.48046875
14368,0.51171875
14369,0.515625
14370,0.4765625
14371,0.4375
14372,0.46484375
14373,0.52734375
14374,0.48046875
14375,0.46875
14376,0.4609375
14377,0.51953125
14378,0.52734375
14379,0.54296875
14380,0.49609375
14381,0.55859375
14382,0.49609375
14383,0.484375
14384,0.4921875
14385,0.53515625
14386,0.51953125
14387,0.48828125
14388,0.5234375
14389,0.4296875
14390,0.5390625
14391,0.49609375
14392,0.40625
14393,0.484375
14394,0.51953125
14395,0.55078125
14396,0.515625
14397,0.55859375
14398,0.4765625
14399,0.44140625
14400,0.5
14401,0.47265625
14402,0.48046875
14403,0.5703125
14404,0.4765625
14405,0.484375
14406,0.53125
14407,0.5234375
14408,0.46875
14409,0.51953125
14410,0.5
14411,0.52734375
14412,0.53515625
14413,0.484375
14414,0.44140625
14415,0.4921875
14416,0.453125
14417,0.5234375
14418,0.484375
14419,0.51953125
14420,0.48046875
14421,0.5
14422,0.51171875
14423,0.453125
14424,0.49609375
14425,0.515625
14426,0.5234375
14427,0.54296875
14428,0.51171875
14429,0.40625
14430,0.515625
14431,0.5390625
14432,0.4921875
14433,0.5078125
14434,0.50390625
14435,0.515625
14436,0.48828125
14437,0.484375
14438,0.47265625
14439,0.453125
14440,0.578125
14441,0.47265625
14442,0.57421875
14443,0.5078125
14444,0.4453125
14445,0.59765625
14446,0.48046875
14447,0.46875
14448,0.45703125
14449,0.515625
14450,0.45703125
14451,0.44140625
14452,0.44140625
14453,0.47265625
14454,0.54296875
14455,0.49609375
14456,0.5078125
14457,0.51171875
14458,0.484375
14459,0.5078125
14460,0.5078125
14461,0.4609375
14462,0.4375
14463,0.4140625
14464,0.5234375
14465,0.53515625
14466,0.46875
14467,0.4921875
14468,0.46875
14469,0.46484375
14470,0.484375
14471,0.46484375
14472,0.5546875
14473,0.5234375
14474,0.5
14475,0.5078125
14476,0.54296875
14477,0.51171875
14478,0.4921875
14479,0.53515625
14480,0.453125
14481,0.5703125
14482,0.4765625
14483,0.453125
14484,0.4921875
14485,0.51953125
14486,0.5
14487,0.54296875
14488,0.515625
14489,0.484375
14490,0.51171875
14491,0.45703125
14492,0.515625
14493,0.57421875
14494,0.56640625
14495,0.47265625
14496,0.48828125
14497,0.453125
14498,0.546875
14499,0.53515625
14500,0.54296875
14501,0.49609375
14502,0.53125
14503,0.4453125
14504,0.46484375
14505,0.47265625
14506,0.4765625
14507,0.453125
14508,0.546875
14509,0.53515625
14510,0.55078125
14511,0.45703125
14512,0.49609375
14513,0.53125
14514,0.45703125
14515,0.47265625
14516,0.515625
14517,0.4609375
14518,0.515625
14519,0.49609375
14520,0.48828125
14521,0.5078125
14522,0.4921875
14523,0.51953125
14524,0.48828125
14525,0.5234375
14526,0.484375
14527,0.5625
14528,0.546875
14529,0.46875
14530,0.5546875
14531,0.484375
14532,0.5078125
14533,0.5078125
14534,0.46875
14535,0.46484375
14536,0.45703125
14537,0.5703125
14538,0.52734375
14539,0.58984375
14540,0.45703125
14541,0.4609375
14542,0.625
14543,0.515625
14544,0.48828125
14545,0.55078125
14546,0.484375
14547,0.51171875
14548,0.45703125
14549,0.5390625
14550,0.578125
14551,0.48046875
14552,0.48046875
14553,0.56640625
14554,0.50390625
14555,0.5625
14556,0.40625
14557,0.5
14558,0.51171875
14559,0.54296875
14560,0.58984375
14561,0.49609375
14562,0.49609375
14563,0.45703125
14564,0.47265625
14565,0.44921875
14566,0.58203125
14567,0.4609375
14568,0.57421875
14569,0.50390625
14570,0.546875
14571,0.44140625
14572,0.48046875
14573,0.51171875
14574,0.4765625
14575,0.4921875
14576,0.4765625
14577,0.51171875
14578,0.5
14579,0.515625
14580,0.5234375
14581,0.51171875
14582,0.4453125
14583,0.50390625
14584,0.4921875
14585,0.46484375
14586,0.52734375
14587,0.4765625
14588,0.4296875
14589,0.46484375
14590,0.48046875
14591,0.54296875
14592,0.53515625
14593,0.42578125
14594,0.5234375
14595,0.46484375
14596,0.4765625
14597,0.484375
14598,0.46875
14599,0.5078125
14600,0.5625
14601,0.5234375
14602,0.45703125
14603,0.5234375
14604,0.578125
14605,0.5
14606,0.48828125
14607,0.54296875
14608,0.5234375
14609,0.47265625
14610,0.48828125
14611,0.51171875
14612,0.48828125
14613,0.51953125
14614,0.515625
14615,0.5
14616,0.4609375
14617,0.5625
14618,0.51953125
14619,0.48046875
14620,0.51953125
14621,0.53515625
14622,0.5
14623,0.5390625
14624,0.49609375
14625,0.5
14626,0.4609375
14627,0.4921875
14628,0.453125
14629,0.45703125
14630,0.4921875
14631,0.52734375
14632,0.48828125
14633,0.45703125
14634,0.50390625
14635,0.484375
14636,0.51171875
14637,0.4609375
14638,0.453125
14639,0.55078125
14640,0.52734375
14641,0.46875
14642,0.50390625
14643,0.4921875
14644,0.4921875
14645,0.4609375
14646,0.4765625
14647,0.53515625
14648,0.515625
14649,0.50390625
14650,0.47265625
14651,0.49609375
14652,0.55078125
14653,0.5078125
14654,0.53125
14655,0.48046875
14656,0.4609375
14657,0.484375
14658,0.49609375
14659,0.52734375
14660,0.5
14661,0.49609375
14662,0.51953125
14663,0.48046875
14664,0.46875
14665,0.5078125
14666,0.53125
14667,0.49609375
14668,0.56640625
14669,0.484375
14670,0.45703125
14671,0.5
14672,0.44921875
14673,0.51953125
14674,0.51171875
14675,0.58203125
14676,0.4609375
14677,0.48046875
14678,0.5
14679,0.546875
14680,0.46484375
14681,0.46484375
14682,0.48046875
14683,0.52734375
14684,0.5703125
14685,0.48046875
14686,0.50390625
14687,0.45703125
14688,0.45703125
14689,0.55078125
14690,0.49609375
14691,0.55078125
14692,0.42578125
14693,0.53515625
14694,0.51953125
14695,0.484375
14696,0.5
14697,0.4609375
14698,0.5390625
14699,0.484375
14700,0.50390625
14701,0.4765625
14702,0.45703125
14703,0.484375
14704,0.4921875
14705,0.5625
14706,0.47265625
14707,0.47265625
14708,0.44921875
14709,0.51953125
14710,0.48828125
14711,0.515625
14712,0.48046875
14713,0.54296875
14714,0.4453125
14715,0.5
14716,0.453125
14717,0.4609375
14718,0.5234375
14719,0.4609375
14720,0.484375
14721,0.51171875
14722,0.52734375
14723,0.54296875
14724,0.47265625
14725,0.4921875
14726,0.53515625
14727,0.49609375
14728,0.578125
14729,0.55859375
14730,0.47265625
14731,0.4375
14732,0.52734375
14733,0.46484375
14734,0.5625
14735,0.47265625
14736,0.52734375
14737,0.48828125
14738,0.49609375
14739,0.5625
14740,0.51953125
14741,0.55078125
14742,0.5546875
14743,0.51953125
14744,0.5078125
14745,0.5390625
14746,0.4765625
14747,0.5
14748,0.51171875
14749,0.5
14750,0.51953125
14751,0.5
14752,0.48046875
14753,0.54296875
14754,0.515625
14755,0.515625
14756,0.6171875
14757,0.55078125
14758,0.515625
14759,0.484375
14760,0.515625
14761,0.52734375
14762,0.53515625
14763,0.46875
14764,0.55078125
14765,0.484375
14766,0.51953125
14767,0.484375
14768,0.48828125
14769,0.4921875
14770,0.4921875
14771,0.5
14772,0.5078125
14773,0.53125
14774,0.43359375
14775,0.5
14776,0.44921875
14777,0.515625
14778,0.55078125
14779,0.48046875
14780,0.5078125
14781,0.50390625
14782,0.48828125
14783,0.55078125
14784,0.4375
14785,0.5078125
14786,0.41796875
14787,0.578125
14788,0.546875
14789,0.55859375
14790,0.49609375
14791,0.4296875
14792,0.46484375
14793,0.4921875
14794,0.46484375
14795,0.53515625
14796,0.48828125
14797,0.58203125
14798,0.515625
14799,0.5234375
14800,0.5703125
14801,0.58984375
14802,0.5
14803,0.47265625
14804,0.5
14805,0.47265625
14806,0.53125
14807,0.4296875
14808,0.5546875
14809,0.55859375
14810,0.453125
14811,0.6015625
14812,0.46484375
14813,0.48828125
14814,0.48046875
14815,0.4609375
14816,0.51953125
14817,0.484375
14818,0.53125
14819,0.484375
14820,0.51171875
14821,0.4609375
14822,0.46484375
14823,0.4453125
14824,0.53125
14825,0.5390625
14826,0.4765625
14827,0.4921875
14828,0.51171875
14829,0.53515625
14830,0.453125
14831,0.46875
14832,0.5625
14833,0.4921875
14834,0.55859375
14835,0.4609375
14836,0.56640625
14837,0.50390625
14838,0.4375
14839,0.49609375
14840,0.43359375
14841,0.48828125
14842,0.5078125
14843,0.53125
14844,0.5859375
14845,0.5703125
14846,0.4375
14847,0.5078125
14848,0.453125
14849,0.46875
14850,0.55078125
14851,0.51171875
14852,0.46484375
14853,0.5078125
14854,0.45703125
14855,0.484375
14856,0.5390625
14857,0.46875
14858,0.48828125
14859,0.484375
14860,0.4296875
14861,0.46875
14862,0.4921875
14863,0.45703125
14864,0.484375
14865,0.51171875
14866,0.46484375
14867,0.46875
14868,0.4609375
14869,0.4765625
14870,0.52734375
14871,0.44140625
14872,0.52734375
14873,0.4453125
14874,0.4921875
14875,0.5
14876,0.4453125
14877,0.4765625
14878,0.46875
14879,0.51953125
14880,0.44921875
14881,0.4765625
14882,0.44921875
14883,0.5390625
14884,0.46484375
14885,0.44140625
14886,0.51171875
14887,0.52734375
14888,0.54296875
14889,0.49609375
14890,0.51171875
14891,0.49609375
14892,0.515625
14893,0.51171875
14894,0.4921875
14895,0.51171875
14896,0.5234375
14897,0.45703125
14898,0.484375
14899,0.48046875
14900,0.45703125
14901,0.50390625
14902,0.43359375
14903,0.53515625
14904,0.54296875
14905,0.4765625
14906,0.46484375
14907,0.52734375
14908,0.52734375
14909,0.4609375
14910,0.51953125
14911,0.55078125
14912,0.4609375
14913,0.50390625
14914,0.54296875
14915,0.46875
14916,0.53125
14917,0.45703125
14918,0.46875
14919,0.4375
14920,0.48828125
14921,0.52734375
14922,0.51953125
14923,0.53515625
14924,0.5234375
14925,0.53515625
14926,0.5078125
14927,0.51171875
14928,0.45703125
14929,0.51953125
14930,0.45703125
14931,0.42578125
14932,0.484375
14933,0.4765625
14934,0.51953125
14935,0.5
14936,0.50390625
14937,0.56640625
14938,0.4453125
14939,0.51171875
14940,0.58984375
14941,0.50390625
14942,0.56640625
14943,0.421875
14944,0.4765625
14945,0.515625
14946,0.4765625
14947,0.48828125
14948,0.5390625
14949,0.5234375
14950,0.50390625
14951,0.48046875
14952,0.4296875
14953,0.51171875
14954,0.5390625
14955,0.54296875
14956,0.49609375
14957,0.4921875
14958,0.53125
14959,0.48828125
14960,0.59765625
14961,0.54296875
14962,0.421875
14963,0.4765625
14964,0.484375
14965,0.515625
14966,0.51953125
14967,0.5
14968,0.515625
14969,0.5234375
14970,0.47265625
14971,0.4921875
14972,0.4609375
14973,0.51953125
14974,0.5625
14975,0.49609375
14976,0.53515625
14977,0.5625
14978,0.4765625
14979,0.50390625
14980,0.46484375
14981,0.49609375
14982,0.5
14983,0.51953125
14984,0.4765625
14985,0.48046875
14986,0.515625
14987,0.515625
14988,0.44140625
14989,0.4921875
14990,0.484375
14991,0.45703125
14992,0.5234375
14993,0.4375
14994,0.44921875
14995,0.49609375
14996,0.53515625
14997,0.53125
14998,0.515625
14999,0.47265625
15000,0.46484375
15001,0.44921875
15002,0.515625
15003,0.4765625
15004,0.51953125
15005,0.5078125
15006,0.5234375
15007,0.484375
15008,0.515625
15009,0.49609375
15010,0.484375
15011,0.5234375
15012,0.5078125
15013,0.52734375
15014,0.546875
15015,0.44921875
15016,0.51171875
15017,0.51171875
15018,0.515625
15019,0.52734375
15020,0.48828125
15021,0.5625
15022,0.5546875
15023,0.5
15024,0.5078125
15025,0.46875
15026,0.46484375
15027,0.484375
15028,0.45703125
15029,0.53125
15030,0.46875
15031,0.5
15032,0.4921875
15033,0.4375
15034,0.48828125
15035,0.53125
15036,0.51171875
15037,0.50390625
15038,0.5390625
15039,0.5078125
15040,0.51171875
15041,0.47265625
15042,0.43359375
15043,0.51171875
15044,0.5625
15045,0.484375
15046,0.53515625
15047,0.44140625
15048,0.50390625
15049,0.453125
15050,0.5234375
15051,0.5078125
15052,0.47265625
15053,0.4375
15054,0.45703125
15055,0.5
15056,0.50390625
15057,0.52734375
15058,0.55859375
15059,0.58203125
15060,0.53515625
15061,0.50390625
15062,0.53125
15063,0.53125
15064,0.421875
15065,0.4609375
15066,0.4765625
15067,0.4609375
15068,0.578125
15069,0.515625
15070,0.53515625
15071,0.484375
15072,0.5
15073,0.546875
15074,0.53125
15075,0.42578125
15076,0.51953125
15077,0.47265625
15078,0.47265625
15079,0.53515625
15080,0.53125
15081,0.55859375
15082,0.48046875
15083,0.48828125
15084,0.50390625
15085,0.4921875
15086,0.48046875
15087,0.484375
15088,0.46875
15089,0.48828125
15090,0.484375
15091,0.51953125
15092,0.47265625
15093,0.5625
15094,0.55078125
15095,0.43359375
15096,0.53515625
15097,0.4609375
15098,0.515625
15099,0.51171875
15100,0.5078125
15101,0.46875
15102,0.57421875
15103,0.44140625
15104,0.45703125
15105,0.578125
15106,0.46875
15107,0.453125
15108,0.50390625
15109,0.515625
15110,0.58203125
15111,0.52734375
15112,0.56640625
15113,0.4921875
15114,0.4453125
15115,0.5234375
15116,0.49609375
15117,0.4765625
15118,0.51953125
15119,0.5078125
15120,0.44140625
15121,0.44921875
15122,0.48828125
15123,0.50390625
15124,0.484375
15125,0.5546875
15126,0.53515625
15127,0.51171875
15128,0.5
15129,0.51953125
15130,0.4765625
15131,0.55859375
15132,0.50390625
15133,0.4375
15134,0.52734375
15135,0.46875
15136,0.44140625
15137,0.43359375
15138,0.515625
15139,0.4921875
15140,0.5078125
15141,0.4765625
15142,0.4921875
15143,0.4609375
15144,0.5625
15145,0.48828125
15146,0.4453125
15147,0.51171875
15148,0.50390625
15149,0.515625
15150,0.5234375
15151,0.50390625
15152,0.48828125
15153,0.47265625
15154,0.546875
15155,0.578125
15156,0.48828125
15157,0.46484375
15158,0.46484375
15159,0.4609375
15160,0.5
15161,0.5
15162,0.47265625
15163,0.49609375
15164,0.45703125
15165,0.54296875
15166,0.5234375
15167,0.51171875
15168,0.46484375
15169,0.48046875
15170,0.57421875
15171,0.5546875
15172,0.48828125
15173,0.49609375
15174,0.453125
15175,0.4453125
15176,0.53515625
15177,0.5625
15178,0.46875
15179,0.5234375
15180,0.51953125
15181,0.38671875
15182,0.51953125
15183,0.5546875
15184,0.52734375
15185,0.5546875
15186,0.5
15187,0.4921875
15188,0.41015625
15189,0.5
15190,0.49609375
15191,0.5
15192,0.53125
15193,0.484375
15194,0.56640625
15195,0.5234375
15196,0.40625
15197,0.51953125
15198,0.4609375
15199,0.4609375
15200,0.50390625
15201,0.515625
15202,0.4765625
15203,0.46875
15204,0.50390625
15205,0.453125
15206,0.49609375
15207,0.51171875
15208,0.5078125
15209,0.57421875
15210,0.49609375
15211,0.5234375
15212,0.54296875
15213,0.56640625
15214,0.52734375
15215,0.5703125
15216,0.55859375
15217,0.47265625
15218,0.55078125
15219,0.4296875
15220,0.45703125
15221,0.52734375
15222,0.4609375
15223,0.50390625
15224,0.51953125
15225,0.453125
15226,0.53515625
15227,0.546875
15228,0.53515625
15229,0.41015625
15230,0.51171875
15231,0.55078125
15232,0.45703125
15233,0.51171875
15234,0.38671875
15235,0.45703125
15236,0.49609375
15237,0.41796875
15238,0.56640625
15239,0.5234375
15240,0.484375
15241,0.609375
15242,0.4921875
15243,0.44140625
15244,0.47265625
15245,0.453125
15246,0.4375
15247,0.52734375
15248,0.50390625
15249,0.40625
15250,0.53515625
15251,0.43359375
15252,0.54296875
15253,0.546875
15254,0.546875
15255,0.4453125
15256,0.515625
15257,0.5625
15258,0.4765625
15259,0.46875
15260,0.5
15261,0.53515625
15262,0.5546875
15263,0.484375
15264,0.49609375
15265,0.4921875
15266,0.4921875
15267,0.48828125
15268,0.50390625
15269,0.453125
15270,0.53125
15271,0.5390625
15272,0.4453125
15273,0.5390625
15274,0.5234375
15275,0.48046875
15276,0.51171875
15277,0.53125
15278,0.48046875
15279,0.51953125
15280,0.50390625
15281,0.4921875
15282,0.5
15283,0.54296875
15284,0.453125
15285,0.44140625
15286,0.5546875
15287,0.5234375
15288,0.4921875
15289,0.546875
15290,0.5
15291,0.51953125
15292,0.53125
15293,0.5
15294,0.49609375
15295,0.54296875
15296,0.4921875
15297,0.46484375
15298,0.453125
15299,0.43359375
15300,0.51953125
15301,0.49609375
15302,0.58203125
15303,0.5625
15304,0.4609375
15305,0.46484375
15306,0.52734375
15307,0.43359375
15308,0.45703125
15309,0.5859375
15310,0.484375
15311,0.55859375
15312,0.46484375
15313,0.51953125
15314,0.4609375
15315,0.51953125
15316,0.484375
15317,0.4921875
15318,0.47265625
15319,0.55859375
15320,0.53515625
15321,0.48046875
15322,0.62109375
15323,0.515625
15324,0.48828125
15325,0.54296875
15326,0.46875
15327,0.5234375
15328,0.53515625
15329,0.5390625
15330,0.42578125
15331,0.55859375
15332,0.44921875
15333,0.4921875
15334,0.5
15335,0.453125
15336,0.51171875
15337,0.53125
15338,0.53515625
15339,0.546875
15340,0.421875
15341,0.41796875
15342,0.51171875
15343,0.5078125
15344,0.47265625
15345,0.59375
15346,0.4140625
15347,0.515625
15348,0.48828125
15349,0.515625
15350,0.55859375
15351,0.51171875
15352,0.46484375
15353,0.4765625
15354,0.51953125
15355,0.51171875
15356,0.46875
15357,0.484375
15358,0.46875
15359,0.5234375
15360,0.484375
15361,0.546875
15362,0.4765625
15363,0.49609375
15364,0.47265625
15365,0.5234375
15366,0.5546875
15367,0.44140625
15368,0.546875
15369,0.4765625
15370,0.52734375
15371,0.50390625
15372,0.4765625
15373,0.5078125
15374,0.5546875
15375,0.4609375
15376,0.484375
15377,0.48828125
15378,0.49609375
15379,0.5
15380,0.48828125
15381,0.52734375
15382,0.49609375
15383,0.51953125
15384,0.53125
15385,0.50390625
15386,0.484375
15387,0.421875
15388,0.4375
15389,0.48828125
15390,0.51171875
15391,0.48828125
15392,0.48046875
15393,0.5078125
15394,0.47265625
15395,0.5234375
15396,0.4453125
15397,0.57421875
15398,0.4921875
15399,0.5390625
15400,0.5078125
15401,0.53125
15402,0.53515625
15403,0.46875
15404,0.515625
15405,0.5078125
15406,0.515625
15407,0.51171875
15408,0.50390625
15409,0.5
15410,0.546875
15411,0.5
15412,0.53515625
15413,0.4453125
15414,0.4375
15415,0.453125
15416,0.48828125
15417,0.45703125
15418,0.484375
15419,0.50390625
15420,0.46484375
15421,0.5234375
15422,0.48828125
15423,0.5
15424,0.484375
15425,0.51171875
15426,0.4609375
15427,0.48046875
15428,0.47265625
15429,0.51171875
15430,0.421875
15431,0.5546875
15432,0.52734375
15433,0.44140625
15434,0.45703125
15435,0.56640625
15436,0.48046875
15437,0.4765625
15438,0.453125
15439,0.4921875
15440,0.5625
15441,0.484375
15442,0.484375
15443,0.5546875
15444,0.46484375
15445,0.53125
15446,0.46875
15447,0.484375
15448,0.5
15449,0.50390625
15450,0.48046875
15451,0.45703125
15452,0.45703125
15453,0.50390625
15454,0.5703125
15455,0.46875
15456,0.54296875
15457,0.5625
15458,0.5546875
15459,0.44140625
15460,0.54296875
15461,0.44921875
15462,0.5234375
15463,0.46875
15464,0.53125
15465,0.5078125
15466,0.515625
15467,0.47265625
15468,0.42578125
15469,0.52734375
15470,0.46484375
15471,0.5078125
15472,0.484375
15473,0.5078125
15474,0.52734375
15475,0.50390625
15476,0.41015625
15477,0.54296875
15478,0.55859375
15479,0.49609375
15480,0.45703125
15481,0.46484375
15482,0.54296875
15483,0.44921875
15484,0.453125
15485,0.4765625
15486,0.53125
15487,0.546875
15488,0.5
15489,0.51171875
15490,0.51953125
15491,0.51171875
15492,0.45703125
15493,0.45703125
15494,0.48828125
15495,0.48828125
15496,0.57421875
15497,0.49609375
15498,0.5078125
15499,0.53515625
15500,0.47265625
15501,0.5234375
15502,0.5
15503,0.58203125
15504,0.45703125
15505,0.5703125
15506,0.46875
15507,0.50390625
15508,0.46484375
15509,0.48828125
15510,0.5234375
15511,0.453125
15512,0.453125
15513,0.4765625
15514,0.4296875
15515,0.48828125
15516,0.515625
15517,0.50390625
15518,0.5
15519,0.546875
15520,0.55859375
15521,0.546875
15522,0.51171875
15523,0.5078125
15524,0.53515625
15525,0.51953125
15526,0.484375
15527,0.46484375
15528,0.4375
15529,0.4609375
15530,0.54296875
15531,0.57421875
15532,0.4765625
15533,0.44921875
15534,0.46875
15535,0.48046875
15536,0.51171875
15537,0.453125
15538,0.49609375
15539,0.48046875
15540,0.453125
15541,0.5234375
15542,0.53125
15543,0.45703125
15544,0.515625
15545,0.45703125
15546,0.45703125
15547,0.52734375
15548,0.53125
15549,0.51953125
15550,0.4375
15551,0.484375
15552,0.47265625
15553,0.51953125
15554,0.53515625
15555,0.5625
15556,0.57421875
15557,0.56640625
15558,0.5078125
15559,0.4453125
15560,0.5234375
15561,0.4765625
15562,0.46484375
15563,0.4921875
15564,0.55859375
15565,0.4765625
15566,0.5078125
15567,0.53125
15568,0.4453125
15569,0.5234375
15570,0.53515625
15571,0.51171875
15572,0.50390625
15573,0.53515625
15574,0.51953125
15575,0.55859375
15576,0.5078125
15577,0.5078125
15578,0.5703125
15579,0.4609375
15580,0.5390625
15581,0.53125
15582,0.5546875
15583,0.484375
15584,0.4609375
15585,0.49609375
15586,0.4765625
15587,0.48828125
15588,0.4921875
15589,0.48046875
15590,0.40234375
15591,0.51171875
15592,0.46875
15593,0.47265625
15594,0.52734375
15595,0.53515625
15596,0.48046875
15597,0.49609375
15598,0.5078125
15599,0.46875
15600,0.4921875
15601,0.51171875
15602,0.453125
15603,0.46875
15604,0.4453125
15605,0.47265625
15606,0.46875
15607,0.49609375
15608,0.53125
15609,0.51171875
15610,0.48046875
15611,0.52734375
15612,0.421875
15613,0.46875
15614,0.5
15615,0.5390625
15616,0.484375
15617,0.5390625
15618,0.484375
15619,0.4765625
15620,0.50390625
15621,0.48046875
15622,0.4921875
15623,0.54296875
15624,0.44140625
15625,0.5078125
15626,0.4453125
15627,0.42578125
15628,0.51171875
15629,0.5546875
15630,0.48046875
15631,0.56640625
15632,0.51953125
15633,0.51171875
15634,0.49609375
15635,0.46875
15636,0.46875
15637,0.515625
15638,0.4921875
15639,0.48828125
15640,0.4921875
15641,0.54296875
15642,0.57421875
15643,0.53125
15644,0.44921875
15645,0.46875
15646,0.4921875
15647,0.5390625
15648,0.46484375
15649,0.4609375
15650,0.51171875
15651,0.453125
15652,0.45703125
15653,0.4609375
15654,0.56640625
15655,0.515625
15656,0.515625
15657,0.5078125
15658,0.46484375
15659,0.44140625
15660,0.52734375
15661,0.53125
15662,0.5546875
15663,0.48046875
15664,0.47265625
15665,0.546875
15666,0.5859375
15667,0.50390625
15668,0.48828125
15669,0.4921875
15670,0.484375
15671,0.5078125
15672,0.48046875
15673,0.54296875
15674,0.3984375
15675,0.51171875
15676,0.515625
15677,0.40625
15678,0.5234375
15679,0.55078125
15680,0.46875
15681,0.51953125
15682,0.51171875
15683,0.4921875
15684,0.51953125
15685,0.5
15686,0.50390625
15687,0.48046875
15688,0.4765625
15689,0.54296875
15690,0.453125
15691,0.5
15692,0.54296875
15693,0.50390625
15694,0.53125
15695,0.46484375
15696,0.5078125
15697,0.51171875
15698,0.5234375
15699,0.4921875
15700,0.5
15701,0.48046875
15702,0.453125
15703,0.5859375
15704,0.4921875
15705,0.45703125
15706,0.53515625
15707,0.5078125
15708,0.4921875
15709,0.4609375
15710,0.49609375
15711,0.48046875
15712,0.46875
15713,0.48046875
15714,0.50390625
15715,0.5078125
15716,0.4765625
15717,0.52734375
15718,0.4765625
15719,0.56640625
15720,0.58203125
15721,0.5390625
15722,0.5078125
15723,0.5234375
15724,0.4921875
15725,0.52734375
15726,0.453125
15727,0.47265625
15728,0.44921875
15729,0.3828125
15730,0.53125
15731,0.51171875
15732,0.54296875
15733,0.4765625
15734,0.48046875
15735,0.453125
15736,0.52734375
15737,0.578125
15738,0.49609375
15739,0.48828125
15740,0.42578125
15741,0.484375
15742,0.4921875
15743,0.5625
15744,0.5078125
15745,0.5
15746,0.484375
15747,0.52734375
15748,0.484375
15749,0.515625
15750,0.515625
15751,0.5
15752,0.56640625
15753,0.52734375
15754,0.53125
15755,0.51171875
15756,0.4921875
15757,0.40625
15758,0.5
15759,0.5078125
15760,0.4375
15761,0.484375
15762,0.4765625
15763,0.515625
15764,0.53515625
15765,0.51171875
15766,0.5
15767,0.42578125
15768,0.47265625
15769,0.49609375
15770,0.51953125
15771,0.51953125
15772,0.48828125
15773,0.49609375
15774,0.51953125
15775,0.484375
15776,0.484375
15777,0.515625
15778,0.48828125
15779,0.55078125
15780,0.51171875
15781,0.5390625
15782,0.54296875
15783,0.49609375
15784,0.51171875
15785,0.54296875
15786,0.4609375
15787,0.46484375
15788,0.55859375
15789,0.484375
15790,0.4765625
15791,0.4921875
15792,0.50390625
15793,0.4609375
15794,0.49609375
15795,0.4453125
15796,0.48828125
15797,0.47265625
15798,0.46875
15799,0.4921875
15800,0.49609375
15801,0.5
15802,0.44921875
15803,0.5625
15804,0.46484375
15805,0.5
15806,0.5078125
15807,0.51171875
15808,0.47265625
15809,0.5546875
15810,0.4609375
15811,0.4921875
15812,0.5546875
15813,0.46484375
15814,0.53515625
15815,0.453125
15816,0.45703125
15817,0.5
15818,0.51953125
15819,0.515625
15820,0.53125
15821,0.53515625
15822,0.5234375
15823,0.44921875
15824,0.54296875
15825,0.48828125
15826,0.48046875
15827,0.44921875
15828,0.49609375
15829,0.4453125
15830,0.515625
15831,0.4921875
15832,0.4765625
15833,0.4609375
15834,0.5390625
15835,0.515625
15836,0.5703125
15837,0.47265625
15838,0.51171875
15839,0.53515625
15840,0.45703125
15841,0.52734375
15842,0.4921875
15843,0.53515625
15844,0.4765625
15845,0.5390625
15846,0.45703125
15847,0.515625
15848,0.46484375
15849,0.53125
15850,0.4921875
15851,0.48046875
15852,0.49609375
15853,0.4296875
15854,0.484375
15855,0.48046875
15856,0.5078125
15857,0.45703125
15858,0.50390625
15859,0.55078125
15860,0.54296875
15861,0.55078125
15862,0.48828125
15863,0.53515625
15864,0.48828125
15865,0.5078125
15866,0.5703125
15867,0.515625
15868,0.48046875
15869,0.5078125
15870,0.48046875
15871,0.56640625
15872,0.4921875
15873,0.4765625
15874,0.44140625
15875,0.453125
15876,0.4296875
15877,0.53515625
15878,0.48828125
15879,0.4765625
15880,0.51953125
15881,0.56640625
15882,0.48828125
15883,0.49609375
15884,0.50390625
15885,0.42578125
15886,0.4453125
15887,0.515625
15888,0.46875
15889,0.5390625
15890,0.56640625
15891,0.49609375
15892,0.45703125
15893,0.5078125
15894,0.484375
15895,0.5625
15896,0.46875
15897,0.48046875
15898,0.48046875
15899,0.54296875
15900,0.4765625
15901,0.53125
15902,0.546875
15903,0.5390625
15904,0.4921875
15905,0.4375
15906,0.46875
15907,0.53125
15908,0.47265625
15909,0.5703125
15910,0.48046875
15911,0.55859375
15912,0.59765625
15913,0.48828125
15914,0.4765625
15915,0.48828125
15916,0.4765625
15917,0.515625
15918,0.44921875
15919,0.53515625
15920,0.48046875
15921,0.49609375
15922,0.43359375
15923,0.52734375
15924,0.48828125
15925,0.5078125
15926,0.5
15927,0.5
15928,0.484375
15929,0.546875
15930,0.3984375
15931,0.51953125
15932,0.484375
15933,0.4765625
15934,0.4765625
15935,0.48828125
15936,0.58984375
15937,0.4375
15938,0.52734375
15939,0.53515625
15940,0.53125
15941,0.5234375
15942,0.484375
15943,0.55859375
15944,0.50390625
15945,0.4296875
15946,0.44140625
15947,0.4609375
15948,0.515625
15949,0.49609375
15950,0.5078125
15951,0.45703125
15952,0.45703125
15953,0.4765625
15954,0.54296875
15955,0.51171875
15956,0.53125
15957,0.515625
15958,0.48046875
15959,0.609375
15960,0.53125
15961,0.5703125
15962,0.5546875
15963,0.46484375
15964,0.50390625
15965,0.43359375
15966,0.5234375
15967,0.5234375
15968,0.53125
15969,0.55859375
15970,0.453125
15971,0.515625
15972,0.52734375
15973,0.53125
15974,0.4609375
15975,0.50390625
15976,0.484375
15977,0.53125
15978,0.4765625
15979,0.4609375
15980,0.484375
15981,0.51953125
15982,0.51171875
15983,0.4765625
15984,0.44140625
15985,0.4609375
15986,0.50390625
15987,0.43359375
15988,0.46484375
15989,0.49609375
15990,0.484375
15991,0.4921875
15992,0.46875
15993,0.51171875
15994,0.49609375
15995,0.4453125
15996,0.5078125
15997,0.51953125
15998,0.46484375
15999,0.48046875
16000,0.44140625
16001,0.56640625
16002,0.51171875
16003,0.5
16004,0.43359375
16005,0.46875
16006,0.4375
16007,0.515625
16008,0.52734375
16009,0.51171875
16010,0.4375
16011,0.5234375
16012,0.5234375
16013,0.515625
16014,0.48828125
16015,0.53515625
16016,0.46484375
16017,0.55859375
16018,0.5078125
16019,0.46484375
16020,0.53125
16021,0.46875
16022,0.52734375
16023,0.48828125
16024,0.453125
16025,0.5078125
16026,0.4453125
16027,0.5625
16028,0.5
16029,0.5
16030,0.5546875
16031,0.4765625
16032,0.5234375
16033,0.484375
16034,0.5078125
16035,0.484375
16036,0.48828125
16037,0.46875
16038,0.546875
16039,0.60546875
16040,0.49609375
16041,0.57421875
16042,0.45703125
16043,0.453125
16044,0.4765625
16045,0.51171875
16046,0.52734375
16047,0.54296875
16048,0.59765625
16049,0.50390625
16050,0.5859375
16051,0.4453125
16052,0.5078125
16053,0.51171875
16054,0.52734375
16055,0.52734375
16056,0.48046875
16057,0.56640625
16058,0.50390625
16059,0.546875
16060,0.51171875
16061,0.515625
16062,0.5
16063,0.49609375
16064,0.515625
16065,0.52734375
16066,0.5234375
16067,0.4453125
16068,0.53125
16069,0.49609375
16070,0.4921875
16071,0.515625
16072,0.4765625
16073,0.375
16074,0.5078125
16075,0.4765625
16076,0.5234375
16077,0.44921875
16078,0.5234375
16079,0.4921875
16080,0.58984375
16081,0.52734375
16082,0.53125
16083,0.48828125
16084,0.453125
16085,0.53125
16086,0.46875
16087,0.5390625
16088,0.4921875
16089,0.42578125
16090,0.578125
16091,0.5
16092,0.46484375
16093,0.453125
16094,0.41796875
16095,0.515625
16096,0.50390625
16097,0.4296875
16098,0.46484375
16099,0.53125
16100,0.5
16101,0.44140625
16102,0.51953125
16103,0.46484375
16104,0.47265625
16105,0.546875
16106,0.5
16107,0.5078125
16108,0.5234375
16109,0.5
16110,0.49609375
16111,0.49609375
16112,0.55078125
16113,0.546875
16114,0.5
16115,0.51171875
16116,0.44921875
16117,0.4765625
16118,0.453125
16119,0.5078125
16120,0.4921875
16121,0.51953125
16122,0.5078125
16123,0.52734375
16124,0.5390625
16125,0.48828125
16126,0.54296875
16127,0.47265625
16128,0.5
16129,0.50390625
16130,0.484375
16131,0.51171875
16132,0.5078125
16133,0.56640625
16134,0.53125
16135,0.48046875
16136,0.49609375
16137,0.5390625
16138,0.56640625
16139,0.53515625
16140,0.4609375
16141,0.48828125
16142,0.52734375
16143,0.51171875
16144,0.46875
16145,0.484375
16146,0.51171875
16147,0.5234375
16148,0.4921875
16149,0.4921875
16150,0.53125
16151,0.4765625
16152,0.55859375
16153,0.58984375
16154,0.56640625
16155,0.53515625
16156,0.48046875
16157,0.48046875
16158,0.44921875
16159,0.484375
16160,0.515625
16161,0.53515625
16162,0.4375
16163,0.55078125
16164,0.48046875
16165,0.53125
16166,0.5078125
16167,0.53515625
16168,0.57421875
16169,0.54296875
16170,0.46875
16171,0.5234375
16172,0.5390625
16173,0.48828125
16174,0.49609375
16175,0.546875
16176,0.54296875
16177,0.5390625
16178,0.50390625
16179,0.515625
16180,0.44921875
16181,0.53125
16182,0.48828125
16183,0.50390625
16184,0.4921875
16185,0.45703125
16186,0.48828125
16187,0.546875
16188,0.41796875
16189,0.49609375
16190,0.484375
16191,0.41796875
16192,0.43359375
16193,0.5234375
16194,0.4609375
16195,0.484375
16196,0.55078125
16197,0.51171875
16198,0.421875
16199,0.5234375
16200,0.5
16201,0.50390625
16202,0.48046875
16203,0.53515625
16204,0.53125
16205,0.48828125
16206,0.49609375
16207,0.49609375
16208,0.4765625
16209,0.45703125
16210,0.44140625
16211,0.55078125
16212,0.4765625
16213,0.484375
16214,0.53515625
16215,0.484375
16216,0.46484375
16217,0.55078125
16218,0.5
16219,0.53125
16220,0.48046875
16221,0.4375
16222,0.51953125
16223,0.4765625
16224,0.51953125
16225,0.53515625
16226,0.484375
16227,0.52734375
16228,0.47265625
16229,0.51171875
16230,0.5078125
16231,0.46484375
16232,0.48828125
16233,0.5625
16234,0.54296875
16235,0.52734375
16236,0.5078125
16237,0.546875
16238,0.48046875
16239,0.5078125
16240,0.4765625
16241,0.48046875
16242,0.5
16243,0.5390625
16244,0.53125
16245,0.4609375
16246,0.45703125
16247,0.53515625
16248,0.515625
16249,0.4921875
16250,0.4296875
16251,0.5078125
16252,0.46484375
16253,0.4921875
16254,0.484375
16255,0.47265625
16256,0.50390625
16257,0.55859375
16258,0.47265625
16259,0.52734375
16260,0.4296875
16261,0.5078125
16262,0.51171875
16263,0.51171875
16264,0.41796875
16265,0.546875
16266,0.51171875
16267,0.48828125
16268,0.44140625
16269,0.5625
16270,0.60546875
16271,0.5
16272,0.47265625
16273,0.58203125
16274,0.44921875
16275,0.5390625
16276,0.45703125
16277,0.51171875
16278,0.51953125
16279,0.4921875
16280,0.57421875
16281,0.4921875
16282,0.578125
16283,0.4609375
16284,0.52734375
16285,0.55078125
16286,0.48828125
16287,0.484375
16288,0.5703125
16289,0.56640625
16290,0.546875
16291,0.4921875
16292,0.5546875
16293,0.57421875
16294,0.5078125
16295,0.46484375
16296,0.453125
16297,0.51171875
16298,0.51953125
16299,0.47265625
16300,0.46875
16301,0.5
16302,0.50390625
16303,0.53125
16304,0.46875
16305,0.58203125
16306,0.49609375
16307,0.453125
16308,0.5546875
16309,0.4765625
16310,0.49609375
16311,0.50390625
16312,0.53125
16313,0.52734375
16314,0.546875
16315,0.48046875
16316,0.51953125
16317,0.4921875
16318,0.46484375
16319,0.50390625
16320,0.4140625
16321,0.50390625
16322,0.48828125
16323,0.53515625
16324,0.515625
16325,0.45703125
16326,0.5546875
16327,0.4765625
16328,0.53125
16329,0.53125
16330,0.48046875
16331,0.4609375
16332,0.453125
16333,0.4765625
16334,0.53125
16335,0.51953125
16336,0.51953125
16337,0.48046875
16338,0.53515625
16339,0.48828125
16340,0.4765625
16341,0.55859375
16342,0.5
16343,0.50390625
16344,0.5
16345,0.45703125
16346,0.546875
16347,0.5234375
16348,0.3984375
16349,0.453125
16350,0.515625
16351,0.4296875
16352,0.4921875
16353,0.5234375
16354,0.50390625
16355,0.54296875
16356,0.546875
16357,0.453125
16358,0.5234375
16359,0.51171875
16360,0.53515625
16361,0.4921875
16362,0.50390625
16363,0.48046875
16364,0.4921875
16365,0.4921875
16366,0.515625
16367,0.515625
16368,0.46875
16369,0.5078125
16370,0.48046875
16371,0.48046875
16372,0.5
16373,0.50390625
16374,0.515625
16375,0.55859375
16376,0.52734375
16377,0.59375
16378,0.4296875
16379,0.54296875
16380,0.4921875
16381,0.5
16382,0.52734375
16383,0.53515625
16384,0.484375
16385,0.43359375
16386,0.44140625
16387,0.52734375
16388,0.5390625
16389,0.53515625
16390,0.51171875
16391,0.43359375
16392,0.53125
16393,0.515625
16394,0.51953125
16395,0.4765625
16396,0.49609375
16397,0.5546875
16398,0.51171875
16399,0.5078125
16400,0.51171875
16401,0.51171875
16402,0.5390625
16403,0.515625
16404,0.5078125
16405,0.56640625
16406,0.53125
16407,0.51171875
16408,0.4609375
16409,0.50390625
16410,0.46875
16411,0.48046875
16412,0.5
16413,0.48046875
16414,0.59375
16415,0.47265625
16416,0.55078125
16417,0.48046875
16418,0.4765625
16419,0.49609375
16420,0.49609375
16421,0.52734375
16422,0.5625
16423,0.5
16424,0.51171875
16425,0.54296875
16426,0.44921875
16427,0.50390625
16428,0.45703125
16429,0.46484375
16430,0.46875
16431,0.515625
16432,0.5
16433,0.4453125
16434,0.5
16435,0.5234375
16436,0.40234375
16437,0.56640625
16438,0.48046875
16439,0.4921875
16440,0.5
16441,0.47265625
16442,0.5078125
16443,0.40625
16444,0.5234375
16445,0.5078125
16446,0.56640625
16447,0.5390625
16448,0.4453125
16449,0.55859375
16450,0.48828125
16451,0.5234375
16452,0.51953125
16453,0.5234375
16454,0.47265625
16455,0.46875
16456,0.51953125
16457,0.4609375
16458,0.5078125
16459,0.55859375
16460,0.46875
16461,0.5390625
16462,0.47265625
16463,0.515625
16464,0.5078125
16465,0.53125
16466,0.5390625
16467,0.4765625
16468,0.515625
16469,0.52734375
16470,0.48046875
16471,0.484375
16472,0.5234375
16473,0.5
16474,0.47265625
16475,0.578125
16476,0.515625
16477,0.4921875
16478,0.48828125
16479,0.46875
16480,0.42578125
16481,0.58984375
16482,0.484375
16483,0.48828125
16484,0.49609375
16485,0.52734375
16486,0.48046875
16487,0.49609375
16488,0.52734375
16489,0.4609375
16490,0.47265625
16491,0.4921875
16492,0.5546875
16493,0.45703125
16494,0.5390625
16495,0.51171875
16496,0.4765625
16497,0.51953125
16498,0.484375
16499,0.5
16500,0.52734375
16501,0.453125
16502,0.484375
16503,0.484375
16504,0.453125
16505,0.5546875
16506,0.5
16507,0.50390625
16508,0.46484375
16509,0.53125
16510,0.4765625
16511,0.5078125
16512,0.44921875
16513,0.515625
16514,0.515625
16515,0.5
16516,0.47265625
16517,0.50390625
16518,0.4921875
16519,0.4921875
16520,0.49609375
16521,0.5
16522,0.51171875
16523,0.47265625
16524,0.55078125
16525,0.49609375
16526,0.4609375
16527,0.4765625
16528,0.55078125
16529,0.546875
16530,0.48828125
16531,0.44921875
16532,0.453125
16533,0.51171875
16534,0.5390625
16535,0.46875
16536,0.51171875
16537,0.484375
16538,0.5078125
16539,0.5078125
16540,0.484375
16541,0.51953125
16542,0.46484375
16543,0.53125
16544,0.54296875
16545,0.5390625
16546,0.54296875
16547,0.48828125
16548,0.5546875
16549,0.51171875
16550,0.5
16551,0.53125
16552,0.4609375
16553,0.51171875
16554,0.52734375
16555,0.5
16556,0.5234375
16557,0.578125
16558,0.5234375
16559,0.47265625
16560,0.52734375
16561,0.4609375
16562,0.44921875
16563,0.4453125
16564,0.5859375
16565,0.5234375
16566,0.53515625
16567,0.515625
16568,0.5
16569,0.46875
16570,0.53125
16571,0.53515625
16572,0.54296875
16573,0.46875
16574,0.47265625
16575,0.51171875
16576,0.53515625
16577,0.58203125
16578,0.43359375
16579,0.50390625
16580,0.4765625
16581,0.46484375
16582,0.48828125
16583,0.55078125
16584,0.55078125
16585,0.4296875
16586,0.5546875
16587,0.5078125
16588,0.49609375
16589,0.484375
16590,0.5078125
16591,0.484375
16592,0.48046875
16593,0.5625
16594,0.43359375
16595,0.48046875
16596,0.48046875
16597,0.51171875
16598,0.546875
16599,0.43359375
16600,0.45703125
16601,0.4765625
16602,0.46875
16603,0.5078125
16604,0.51953125
16605,0.48046875
16606,0.48828125
16607,0.46484375
16608,0.51171875
16609,0.515625
16610,0.41796875
16611,0.49609375
16612,0.53125
16613,0.5
16614,0.46484375
16615,0.55078125
16616,0.54296875
16617,0.484375
16618,0.50390625
16619,0.53515625
16620,0.4609375
16621,0.4375
16622,0.53515625
16623,0.5625
16624,0.55078125
16625,0.546875
16626,0.43359375
16627,0.53125
16628,0.58984375
16629,0.515625
16630,0.49609375
16631,0.484375
16632,0.50390625
16633,0.48828125
16634,0.54296875
16635,0.51953125
16636,0.43359375
16637,0.4921875
16638,0.52734375
16639,0.51953125
16640,0.51953125
16641,0.46484375
16642,0.58984375
16643,0.43359375
16644,0.54296875
16645,0.4609375
16646,0.5
16647,0.50390625
16648,0.46484375
16649,0.421875
16650,0.5234375
16651,0.5703125
16652,0.55859375
16653,0.50390625
16654,0.4609375
16655,0.46875
16656,0.46875
16657,0.4921875
16658,0.5546875
16659,0.42578125
16660,0.53125
16661,0.4921875
16662,0.48828125
16663,0.49609375
16664,0.4921875
16665,0.52734375
16666,0.49609375
16667,0.46484375
16668,0.484375
16669,0.6015625
16670,0.54296875
16671,0.55078125
16672,0.46875
16673,0.4921875
16674,0.421875
16675,0.55078125
16676,0.54296875
16677,0.4921875
16678,0.44921875
16679,0.5078125
16680,0.4453125
16681,0.52734375
16682,0.578125
16683,0.51953125
16684,0.51171875
16685,0.50390625
16686,0.49609375
16687,0.51171875
16688,0.453125
16689,0.53515625
16690,0.484375
16691,0.5234375
16692,0.5546875
16693,0.48046875
16694,0.5
16695,0.53515625
16696,0.4375
16697,0.5
16698,0.51171875
16699,0.53515625
16700,0.50390625
16701,0.48828125
16702,0.50390625
16703,0.5
16704,0.42578125
16705,0.5390625
16706,0.60546875
16707,0.51171875
16708,0.55078125
16709,0.49609375
16710,0.48046875
16711,0.4609375
16712,0.44140625
16713,0.49609375
16714,0.47265625
16715,0.4765625
16716,0.52734375
16717,0.48046875
16718,0.4765625
16719,0.46484375
16720,0.53125
16721,0.53515625
16722,0.546875
16723,0.48828125
16724,0.54296875
16725,0.51953125
16726,0.46875
16727,0.47265625
16728,0.47265625
16729,0.515625
16730,0.5625
16731,0.41015625
16732,0.45703125
16733,0.484375
16734,0.5078125
16735,0.5234375
16736,0.51171875
16737,0.5078125
16738,0.546875
16739,0.51171875
16740,0.4921875
16741,0.55078125
16742,0.54296875
16743,0.5234375
16744,0.4609375
16745,0.47265625
16746,0.53125
16747,0.484375
16748,0.5390625
16749,0.515625
16750,0.515625
16751,0.51953125
16752,0.46875
16753,0.5234375
16754,0.4921875
16755,0.5234375
16756,0.5234375
16757,0.578125
16758,0.53515625
16759,0.5078125
16760,0.53515625
16761,0.53515625
16762,0.49609375
16763,0.47265625
16764,0.40234375
16765,0.47265625
16766,0.46484375
16767,0.5390625
16768,0.48046875
16769,0.4609375
16770,0.4921875
16771,0.4453125
16772,0.5078125
16773,0.53515625
16774,0.515625
16775,0.546875
16776,0.46875
16777,0.53125
16778,0.49609375
16779,0.4609375
16780,0.4921875
16781,0.453125
16782,0.54296875
16783,0.5859375
16784,0.4375
16785,0.46875
16786,0.5
16787,0.41015625
16788,0.4921875
16789,0.5859375
16790,0.55859375
16791,0.46875
16792,0.453125
16793,0.46484375
16794,0.45703125
16795,0.50390625
16796,0.53125
16797,0.55859375
16798,0.51171875
16799,0.515625
16800,0.5
16801,0.484375
16802,0.51171875
16803,0.47265625
16804,0.50390625
16805,0.4765625
16806,0.5625
16807,0.49609375
16808,0.4921875
16809,0.5390625
16810,0.5234375
16811,0.48046875
16812,0.55078125
16813,0.51171875
16814,0.515625
16815,0.5078125
16816,0.515625
16817,0.48828125
16818,0.40625
16819,0.5
16820,0.5234375
16821,0.54296875
16822,0.54296875
16823,0.53515625
16824,0.484375
16825,0.53515625
16826,0.546875
16827,0.484375
16828,0.55078125
16829,0.515625
16830,0.5234375
16831,0.53125
16832,0.50390625
16833,0.46875
16834,0.45703125
16835,0.4765625
16836,0.51953125
16837,0.51171875
16838,0.515625
16839,0.4453125
16840,0.5390625
16841,0.546875
16842,0.5390625
16843,0.5
16844,0.578125
16845,0.45703125
16846,0.44921875
16847,0.5625
16848,0.53125
16849,0.48828125
16850,0.47265625
16851,0.5078125
16852,0.546875
16853,0.5859375
16854,0.53125
16855,0.4609375
16856,0.5
16857,0.48046875
16858,0.47265625
16859,0.484375
16860,0.49609375
16861,0.4921875
16862,0.47265625
16863,0.44140625
16864,0.46484375
16865,0.5234375
16866,0.46875
16867,0.53125
16868,0.49609375
16869,0.5078125
16870,0.48828125
16871,0.48046875
16872,0.4765625
16873,0.49609375
16874,0.51953125
16875,0.51171875
16876,0.47265625
16877,0.51171875
16878,0.54296875
16879,0.55859375
16880,0.50390625
16881,0.453125
16882,0.46875
16883,0.58203125
16884,0.51171875
16885,0.5
16886,0.56640625
16887,0.5234375
16888,0.5703125
16889,0.5390625
16890,0.44921875
16891,0.5078125
16892,0.5546875
16893,0.484375
16894,0.46875
16895,0.48046875
16896,0.4453125
16897,0.51171875
16898,0.48828125
16899,0.5078125
16900,0.484375
16901,0.45703125
16902,0.5234375
16903,0.4453125
16904,0.49609375
16905,0.5078125
16906,0.51171875
16907,0.5625
16908,0.4765625
16909,0.46875
16910,0.4375
16911,0.515625
16912,0.55078125
16913,0.46875
16914,0.4765625
16915,0.515625
16916,0.50390625
16917,0.5234375
16918,0.5
16919,0.4921875
16920,0.46875
16921,0.45703125
16922,0.5703125
16923,0.4921875
16924,0.43359375
16925,0.48828125
16926,0.4453125
16927,0.51171875
16928,0.43359375
16929,0.53125
16930,0.5390625
16931,0.484375
16932,0.4765625
16933,0.46875
16934,0.48046875
16935,0.48828125
16936,0.44921875
16937,0.5
16938,0.51953125
16939,0.5
16940,0.47265625
16941,0.484375
16942,0.515625
16943,0.44140625
16944,0.515625
16945,0.5078125
16946,0.484375
16947,0.51171875
16948,0.4921875
16949,0.5
16950,0.3828125
16951,0.56640625
16952,0.48828125
16953,0.515625
16954,0.5234375
16955,0.5078125
16956,0.5859375
16957,0.45703125
16958,0.42578125
16959,0.46875
16960,0.53125
16961,0.48046875
16962,0.453125
16963,0.46484375
16964,0.5
16965,0.5234375
16966,0.5078125
16967,0.4765625
16968,0.48046875
16969,0.51171875
16970,0.5078125
16971,0.44921875
16972,0.4921875
16973,0.5
16974,0.46875
16975,0.52734375
16976,0.47265625
16977,0.53515625
16978,0.484375
16979,0.5703125
16980,0.53515625
16981,0.4921875
16982,0.4609375
16983,0.4765625
16984,0.48828125
16985,0.453125
16986,0.5546875
16987,0.5703125
16988,0.5390625
16989,0.4921875
16990,0.46484375
16991,0.53515625
16992,0.51171875
16993,0.4765625
16994,0.5234375
16995,0.4921875
16996,0.5625
16997,0.4609375
16998,0.484375
16999,0.37890625
17000,0.5078125
17001,0.51953125
17002,0.50390625
17003,0.45703125
17004,0.46484375
17005,0.484375
17006,0.5
17007,0.51171875
17008,0.5
17009,0.4921875
17010,0.484375
17011,0.44140625
17012,0.4921875
17013,0.453125
17014,0.4375
17015,0.4609375
17016,0.51171875
17017,0.53515625
17018,0.515625
17019,0.4765625
17020,0.5078125
17021,0.58203125
17022,0.4921875
17023,0.48828125
17024,0.51171875
17025,0.53125
17026,0.52734375
17027,0.53515625
17028,0.5546875
17029,0.5078125
17030,0.40234375
17031,0.4140625
17032,0.4765625
17033,0.47265625
17034,0.515625
17035,0.53125
17036,0.43359375
17037,0.5078125
17038,0.51171875
17039,0.5078125
17040,0.55078125
17041,0.4921875
17042,0.46484375
17043,0.45703125
17044,0.50390625
17045,0.46484375
17046,0.484375
17047,0.55078125
17048,0.51953125
17049,0.48046875
17050,0.50390625
17051,0.5
17052,0.5
17053,0.5
17054,0.4921875
17055,0.51171875
17056,0.53515625
17057,0.46484375
17058,0.515625
17059,0.48828125
17060,0.48828125
17061,0.5078125
17062,0.4765625
17063,0.51953125
17064,0.5234375
17065,0.46484375
17066,0.515625
17067,0.5390625
17068,0.48046875
17069,0.55078125
17070,0.50390625
17071,0.4375
17072,0.484375
17073,0.53515625
17074,0.515625
17075,0.546875
17076,0.53125
17077,0.515625
17078,0.46484375
17079,0.5390625
17080,0.50390625
17081,0.5
17082,0.47265625
17083,0.55859375
17084,0.546875
17085,0.50390625
17086,0.42578125
17087,0.50390625
17088,0.48046875
17089,0.4921875
17090,0.51953125
17091,0.51171875
17092,0.45703125
17093,0.5390625
17094,0.51953125
17095,0.453125
17096,0.4921875
17097,0.5078125
17098,0.5078125
17099,0.58203125
17100,0.4921875
17101,0.51171875
17102,0.49609375
17103,0.4765625
17104,0.45703125
17105,0.48046875
17106,0.51953125
17107,0.4921875
17108,0.578125
17109,0.625
17110,0.46484375
17111,0.51953125
17112,0.5390625
17113,0.52734375
17114,0.53515625
17115,0.47265625
17116,0.4921875
17117,0.50390625
17118,0.53515625
17119,0.546875
17120,0.43359375
17121,0.42578125
17122,0.53515625
17123,0.48828125
17124,0.5390625
17125,0.5234375
17126,0.55859375
17127,0.4375
17128,0.4375
17129,0.50390625
17130,0.515625
17131,0.453125
17132,0.5546875
17133,0.5390625
17134,0.484375
17135,0.4765625
17136,0.5625
17137,0.55078125
17138,0.53515625
17139,0.53515625
17140,0.4609375
17141,0.55078125
17142,0.515625
17143,0.51953125
17144,0.49609375
17145,0.38671875
17146,0.4921875
17147,0.5859375
17148,0.46484375
17149,0.484375
17150,0.48828125
17151,0.4609375
17152,0.47265625
17153,0.515625
17154,0.56640625
17155,0.48046875
17156,0.4765625
17157,0.50390625
17158,0.5390625
17159,0.5546875
17160,0.47265625
17161,0.46875
17162,0.58203125
17163,0.41796875
17164,0.48828125
17165,0.5859375
17166,0.50390625
17167,0.55859375
17168,0.4765625
17169,0.5234375
17170,0.4765625
17171,0.48046875
17172,0.49609375
17173,0.55078125
17174,0.46484375
17175,0.5390625
17176,0.55078125
17177,0.48046875
17178,0.6015625
17179,0.49609375
17180,0.43359375
17181,0.46484375
17182,0.50390625
17183,0.49609375
17184,0.44140625
17185,0.48046875
17186,0.5390625
17187,0.51171875
17188,0.46875
17189,0.4765625
17190,0.53515625
17191,0.51171875
17192,0.5078125
17193,0.48828125
17194,0.50390625
17195,0.55078125
17196,0.46484375
17197,0.49609375
17198,0.5
17199,0.5
17200,0.46484375
17201,0.5078125
17202,0.55078125
17203,0.5625
17204,0.4921875
17205,0.48046875
17206,0.45703125
17207,0.46484375
17208,0.54296875
17209,0.4453125
17210,0.453125
17211,0.5546875
17212,0.47265625
17213,0.5078125
17214,0.39453125
17215,0.46484375
17216,0.47265625
17217,0.50390625
17218,0.4921875
17219,0.47265625
17220,0.56640625
17221,0.52734375
17222,0.5625
17223,0.5390625
17224,0.5703125
17225,0.5546875
17226,0.515625
17227,0.52734375
17228,0.4921875
17229,0.55078125
17230,0.48828125
17231,0.51171875
17232,0.48046875
17233,0.515625
17234,0.48046875
17235,0.48046875
17236,0.484375
17237,0.53515625
17238,0.515625
17239,0.58203125
17240,0.47265625
17241,0.42578125
17242,0.51171875
17243,0.55859375
17244,0.51171875
17245,0.5546875
17246,0.49609375
17247,0.51953125
17248,0.51171875
17249,0.51953125
17250,0.43359375
17251,0.57421875
17252,0.51171875
17253,0.57421875
17254,0.48046875
17255,0.48828125
17256,0.52734375
17257,0.44921875
17258,0.51171875
17259,0.44140625
17260,0.4453125
17261,0.44140625
17262,0.48828125
17263,0.45703125
17264,0.5234375
17265,0.4765625
17266,0.51953125
17267,0.46875
17268,0.5
17269,0.48828125
17270,0.50390625
17271,0.54296875
17272,0.56640625
17273,0.4921875
17274,0.55078125
17275,0.4765625
17276,0.49609375
17277,0.44140625
17278,0.51953125
17279,0.4765625
17280,0.53515625
17281,0.46484375
17282,0.5078125
17283,0.50390625
17284,0.4296875
17285,0.4765625
17286,0.4765625
17287,0.51953125
17288,0.5390625
17289,0.46875
17290,0.50390625
17291,0.51171875
17292,0.4296875
17293,0.55078125
17294,0.46484375
17295,0.40234375
17296,0.55859375
17297,0.546875
17298,0.546875
17299,0.5546875
17300,0.53125
17301,0.47265625
17302,0.56640625
17303,0.5234375
17304,0.49609375
17305,0.4140625
17306,0.5078125
17307,0.546875
17308,0.484375
17309,0.5
17310,0.48828125
17311,0.4765625
17312,0.5078125
17313,0.51171875
17314,0.4765625
17315,0.47265625
17316,0.47265625
17317,0.55078125
17318,0.54296875
17319,0.5625
17320,0.54296875
17321,0.51953125
17322,0.48046875
17323,0.515625
17324,0.5859375
17325,0.41796875
17326,0.5546875
17327,0.5
17328,0.484375
17329,0.49609375
17330,0.53125
17331,0.515625
17332,0.55078125
17333,0.5390625
17334,0.53515625
17335,0.54296875
17336,0.49609375
17337,0.453125
17338,0.55078125
17339,0.4921875
17340,0.4453125
17341,0.4921875
17342,0.47265625
17343,0.484375
17344,0.4765625
17345,0.515625
17346,0.49609375
17347,0.5
17348,0.4921875
17349,0.53515625
17350,0.5078125
17351,0.5390625
17352,0.453125
17353,0.51171875
17354,0.5234375
17355,0.50390625
17356,0.5703125
17357,0.546875
17358,0.47265625
17359,0.4375
17360,0.56640625
17361,0.56640625
17362,0.5
17363,0.515625
17364,0.4609375
17365,0.484375
17366,0.50390625
17367,0.5
17368,0.49609375
17369,0.5546875
17370,0.453125
17371,0.55859375
17372,0.49609375
17373,0.51953125
17374,0.5703125
17375,0.4921875
17376,0.50390625
17377,0.55859375
17378,0.5234375
17379,0.48046875
17380,0.48828125
17381,0.51953125
17382,0.51953125
17383,0.51953125
17384,0.515625
17385,0.48046875
17386,0.4296875
17387,0.48828125
17388,0.53515625
17389,0.46484375
17390,0.55859375
17391,0.484375
17392,0.52734375
17393,0.5859375
17394,0.45703125
17395,0.546875
17396,0.53515625
17397,0.515625
17398,0.51953125
17399,0.5
17400,0.51953125
17401,0.49609375
17402,0.46484375
17403,0.546875
17404,0.546875
17405,0.43359375
17406,0.51953125
17407,0.53125
17408,0.5234375
17409,0.5
17410,0.44921875
17411,0.45703125
17412,0.42578125
17413,0.58984375
17414,0.4765625
17415,0.484375
17416,0.54296875
17417,0.5703125
17418,0.515625
17419,0.5078125
17420,0.578125
17421,0.4765625
17422,0.4765625
17423,0.5
17424,0.47265625
17425,0.52734375
17426,0.546875
17427,0.5625
17428,0.46484375
17429,0.47265625
17430,0.421875
17431,0.5
17432,0.52734375
17433,0.4296875
17434,0.51171875
17435,0.546875
17436,0.51171875
17437,0.47265625
17438,0.53515625
17439,0.515625
17440,0.48828125
17441,0.5
17442,0.55859375
17443,0.4296875
17444,0.546875
17445,0.52734375
17446,0.50390625
17447,0.4375
17448,0.44140625
17449,0.49609375
17450,0.5546875
17451,0.5078125
17452,0.5
17453,0.47265625
17454,0.4453125
17455,0.56640625
17456,0.53125
17457,0.4921875
17458,0.46875
17459,0.5546875
17460,0.46875
17461,0.46484375
17462,0.53515625
17463,0.5234375
17464,0.54296875
17465,0.45703125
17466,0.41015625
17467,0.53125
17468,0.6015625
17469,0.50390625
17470,0.5390625
17471,0.50390625
17472,0.51171875
17473,0.5234375
17474,0.46875
17475,0.50390625
17476,0.46484375
17477,0.51953125
17478,0.4765625
17479,0.52734375
17480,0.5625
17481,0.5078125
17482,0.48046875
17483,0.59375
17484,0.4296875
17485,0.4765625
17486,0.4765625
17487,0.43359375
17488,0.51171875
17489,0.46875
17490,0.50390625
17491,0.4609375
17492,0.51171875
17493,0.515625
17494,0.453125
17495,0.484375
17496,0.55078125
17497,0.46875
17498,0.48046875
17499,0.51171875
17500,0.5078125
17501,0.5
17502,0.52734375
17503,0.4921875
17504,0.453125
17505,0.44921875
17506,0.51171875
17507,0.53125
17508,0.546875
17509,0.41796875
17510,0.55078125
17511,0.51953125
17512,0.5
17513,0.56640625
17514,0.56640625
17515,0.51171875
17516,0.50390625
17517,0.484375
17518,0.5078125
17519,0.4296875
17520,0.44140625
17521,0.49609375
17522,0.4609375
17523,0.50390625
17524,0.4921875
17525,0.46484375
17526,0.44921875
17527,0.46484375
17528,0.50390625
17529,0.44921875
17530,0.5
17531,0.49609375
17532,0.55859375
17533,0.46484375
17534,0.51171875
17535,0.48828125
17536,0.55859375
17537,0.578125
17538,0.4765625
17539,0.40625
17540,0.48046875
17541,0.515625
17542,0.515625
17543,0.5234375
17544,0.5078125
17545,0.5546875
17546,0.53125
17547,0.56640625
17548,0.53125
17549,0.5
17550,0.53125
17551,0.55859375
17552,0.515625
17553,0.546875
17554,0.52734375
17555,0.5234375
17556,0.53515625
17557,0.48046875
17558,0.51171875
17559,0.48828125
17560,0.51171875
17561,0.4765625
17562,0.5234375
17563,0.5234375
17564,0.4453125
17565,0.5078125
17566,0.5078125
17567,0.51171875
17568,0.4609375
17569,0.52734375
17570,0.51171875
17571,0.53515625
17572,0.44921875
17573,0.4609375
17574,0.43359375
17575,0.43359375
17576,0.46484375
17577,0.58203125
17578,0.48828125
17579,0.51171875
17580,0.44921875
17581,0.53125
17582,0.45703125
17583,0.47265625
17584,0.5
17585,0.5078125
17586,0.43359375
17587,0.4765625
17588,0.51953125
17589,0.484375
17590,0.51171875
17591,0.53515625
17592,0.43359375
17593,0.5078125
17594,0.5625
17595,0.4765625
17596,0.44921875
17597,0.51953125
17598,0.47265625
17599,0.47265625
17600,0.5546875
17601,0.55859375
17602,0.50390625
17603,0.50390625
17604,0.5
17605,0.5234375
17606,0.53515625
17607,0.5625
17608,0.52734375
17609,0.5078125
17610,0.546875
17611,0.5234375
17612,0.515625
17613,0.578125
17614,0.50390625
17615,0.5703125
17616,0.5234375
17617,0.4921875
17618,0.4296875
17619,0.546875
17620,0.5546875
17621,0.49609375
17622,0.5
17623,0.49609375
17624,0.48046875
17625,0.4609375
17626,0.5078125
17627,0.54296875
17628,0.51171875
17629,0.51953125
17630,0.51953125
17631,0.5078125
17632,0.5390625
17633,0.4453125
17634,0.4375
17635,0.5234375
17636,0.51953125
17637,0.52734375
17638,0.50390625
17639,0.4609375
17640,0.4609375
17641,0.5546875
17642,0.484375
17643,0.48828125
17644,0.546875
17645,0.4609375
17646,0.45703125
17647,0.48046875
17648,0.47265625
17649,0.44140625
17650,0.484375
17651,0.5078125
17652,0.5078125
17653,0.5546875
17654,0.5078125
17655,0.453125
17656,0.50390625
17657,0.57421875
17658,0.51953125
17659,0.4765625
17660,0.484375
17661,0.5
17662,0.48828125
17663,0.51953125
17664,0.515625
17665,0.46875
17666,0.5
17667,0.515625
17668,0.48828125
17669,0.4453125
17670,0.5390625
17671,0.48046875
17672,0.53125
17673,0.4765625
17674,0.4921875
17675,0.53125
17676,0.46875
17677,0.55078125
17678,0.4765625
17679,0.5625
17680,0.5078125
17681,0.56640625
17682,0.4765625
17683,0.43359375
17684,0.51953125
17685,0.5390625
17686,0.48828125
17687,0.4609375
17688,0.46484375
17689,0.546875
17690,0.49609375
17691,0.484375
17692,0.5
17693,0.5
17694,0.5234375
17695,0.4921875
17696,0.48046875
17697,0.5
17698,0.54296875
17699,0.4765625
17700,0.4921875
17701,0.53125
17702,0.43359375
17703,0.5
17704,0.484375
17705,0.49609375
17706,0.5
17707,0.39453125
17708,0.4765625
17709,0.4453125
17710,0.53515625
17711,0.4921875
17712,0.48046875
17713,0.5
17714,0.50390625
17715,0.5703125
17716,0.53125
17717,0.515625
17718,0.51953125
17719,0.54296875
17720,0.51953125
17721,0.45703125
17722,0.53515625
17723,0.4453125
17724,0.5234375
17725,0.484375
17726,0.4921875
17727,0.4921875
17728,0.46484375
17729,0.5703125
17730,0.4921875
17731,0.51953125
17732,0.51953125
17733,0.53515625
17734,0.44921875
17735,0.51171875
17736,0.51953125
17737,0.54296875
17738,0.51953125
17739,0.5
17740,0.45703125
17741,0.5390625
17742,0.5078125
17743,0.4921875
17744,0.51953125
17745,0.5546875
17746,0.515625
17747,0.4921875
17748,0.46484375
17749,0.5625
17750,0.484375
17751,0.48828125
17752,0.55078125
17753,0.515625
17754,0.52734375
17755,0.49609375
17756,0.5703125
17757,0.453125
17758,0.43359375
17759,0.46875
17760,0.50390625
17761,0.49609375
17762,0.4765625
17763,0.4609375
17764,0.51953125
17765,0.4765625
17766,0.546875
17767,0.45703125
17768,0.51953125
17769,0.5390625
17770,0.52734375
17771,0.4375
17772,0.52734375
17773,0.47265625
17774,0.4765625
17775,0.515625
17776,0.5703125
17777,0.4375
17778,0.546875
17779,0.49609375
17780,0.48046875
17781,0.578125
17782,0.5234375
17783,0.48046875
17784,0.5546875
17785,0.5
17786,0.484375
17787,0.51171875
17788,0.51171875
17789,0.4921875
17790,0.4375
17791,0.51953125
17792,0.4609375
17793,0.4921875
17794,0.51171875
17795,0.51171875
17796,0.53125
17797,0.5
17798,0.49609375
17799,0.5
17800,0.47265625
17801,0.4921875
17802,0.5
17803,0.52734375
17804,0.4921875
17805,0.5
17806,0.5625
17807,0.52734375
17808,0.54296875
17809,0.53125
17810,0.4765625
17811,0.5390625
17812,0.46484375
17813,0.4765625
17814,0.515625
17815,0.47265625
17816,0.515625
17817,0.50390625
17818,0.46484375
17819,0.55078125
17820,0.5
17821,0.46875
17822,0.46875
17823,0.484375
17824,0.5390625
17825,0.53125
17826,0.4609375
17827,0.56640625
17828,0.4375
17829,0.5390625
17830,0.55078125
17831,0.5078125
17832,0.44140625
17833,0.4921875
17834,0.4765625
17835,0.484375
17836,0.5390625
17837,0.56640625
17838,0.5390625
17839,0.49609375
17840,0.4609375
17841,0.49609375
17842,0.49609375
17843,0.48046875
17844,0.4609375
17845,0.50390625
17846,0.5
17847,0.50390625
17848,0.44140625
17849,0.5078125
17850,0.52734375
17851,0.4375
17852,0.51171875
17853,0.4765625
17854,0.51171875
17855,0.51171875
17856,0.50390625
17857,0.46875
17858,0.5234375
17859,0.48828125
17860,0.44140625
17861,0.5
17862,0.48828125
17863,0.51953125
17864,0.4921875
17865,0.58984375
17866,0.5390625
17867,0.48046875
17868,0.48828125
17869,0.53125
17870,0.58203125
17871,0.49609375
17872,0.51953125
17873,0.44921875
17874,0.5078125
17875,0.484375
17876,0.5078125
17877,0.5
17878,0.5078125
17879,0.53125
17880,0.46875
17881,0.48046875
17882,0.42578125
17883,0.48046875
17884,0.50390625
17885,0.40625
17886,0.51953125
17887,0.48828125
17888,0.5703125
17889,0.5625
17890,0.578125
17891,0.4921875
17892,0.47265625
17893,0.53125
17894,0.5234375
17895,0.4765625
17896,0.5703125
17897,0.43359375
17898,0.53125
17899,0.5625
17900,0.4140625
17901,0.50390625
17902,0.52734375
17903,0.51171875
17904,0.52734375
17905,0.4765625
17906,0.55078125
17907,0.54296875
17908,0.484375
17909,0.51953125
17910,0.48046875
17911,0.55078125
17912,0.41796875
17913,0.46484375
17914,0.52734375
17915,0.49609375
17916,0.44140625
17917,0.44921875
17918,0.52734375
17919,0.50390625
17920,0.53125
17921,0.5
17922,0.4375
17923,0.44140625
17924,0.51171875
17925,0.5078125
17926,0.51953125
17927,0.50390625
17928,0.51953125
17929,0.47265625
17930,0.5625
17931,0.57421875
17932,0.53515625
17933,0.453125
17934,0.41796875
17935,0.4609375
17936,0.5234375
17937,0.55078125
17938,0.5234375
17939,0.52734375
17940,0.5234375
17941,0.5390625
17942,0.5703125
17943,0.48046875
17944,0.5078125
17945,0.48046875
17946,0.55078125
17947,0.4765625
17948,0.47265625
17949,0.4765625
17950,0.52734375
17951,0.49609375
17952,0.546875
17953,0.4765625
17954,0.49609375
17955,0.4609375
17956,0.44140625
17957,0.5390625
17958,0.50390625
17959,0.5390625
17960,0.51171875
17961,0.50390625
17962,0.46484375
17963,0.5
17964,0.42578125
17965,0.48046875
17966,0.515625
17967,0.5859375
17968,0.4765625
17969,0.453125
17970,0.48828125
17971,0.4921875
17972,0.48828125
17973,0.42578125
17974,0.46484375
17975,0.51171875
17976,0.484375
17977,0.48828125
17978,0.5078125
17979,0.49609375
17980,0.5078125
17981,0.53515625
17982,0.47265625
17983,0.51171875
17984,0.48828125
17985,0.5390625
17986,0.51171875
17987,0.4609375
17988,0.484375
17989,0.4921875
17990,0.53125
17991,0.47265625
17992,0.49609375
17993,0.4765625
17994,0.50390625
17995,0.43359375
17996,0.49609375
17997,0.484375
17998,0.50390625
17999,0.5234375
18000,0.46484375
18001,0.484375
18002,0.44921875
18003,0.484375
18004,0.5546875
18005,0.46875
18006,0.58203125
18007,0.48828125
18008,0.5234375
18009,0.53515625
18010,0.50390625
18011,0.4921875
18012,0.44921875
18013,0.48046875
18014,0.46484375
18015,0.44921875
18016,0.515625
18017,0.59375
18018,0.5234375
18019,0.546875
18020,0.50390625
18021,0.4921875
18022,0.49609375
18023,0.5859375
18024,0.5234375
18025,0.5078125
18026,0.47265625
18027,0.50390625
18028,0.52734375
18029,0.51171875
18030,0.48046875
18031,0.55859375
18032,0.52734375
18033,0.53125
18034,0.47265625
18035,0.44921875
18036,0.46875
18037,0.48828125
18038,0.5078125
18039,0.47265625
18040,0.47265625
18041,0.5625
18042,0.5
18043,0.421875
18044,0.50390625
18045,0.4921875
18046,0.46875
18047,0.48828125
18048,0.484375
18049,0.5078125
18050,0.41015625
18051,0.5078125
18052,0.4765625
18053,0.44921875
18054,0.45703125
18055,0.51171875
18056,0.48828125
18057,0.4765625
18058,0.5078125
18059,0.4921875
18060,0.48828125
18061,0.453125
18062,0.453125
18063,0.51171875
18064,0.45703125
18065,0.48046875
18066,0.5625
18067,0.51953125
18068,0.546875
18069,0.52734375
18070,0.49609375
18071,0.47265625
18072,0.46484375
18073,0.46484375
18074,0.53125
18075,0.44921875
18076,0.53125
18077,0.48828125
18078,0.5546875
18079,0.50390625
18080,0.49609375
18081,0.48046875
18082,0.49609375
18083,0.46484375
18084,0.4453125
18085,0.44921875
18086,0.5546875
18087,0.546875
18088,0.5078125
18089,0.52734375
18090,0.4609375
18091,0.4453125
18092,0.5546875
18093,0.55859375
18094,0.51171875
18095,0.4765625
18096,0.55859375
18097,0.47265625
18098,0.5078125
18099,0.53125
18100,0.5234375
18101,0.43359375
18102,0.54296875
18103,0.55859375
18104,0.546875
18105,0.55078125
18106,0.49609375
18107,0.45703125
18108,0.6171875
18109,0.52734375
18110,0.48046875
18111,0.52734375
18112,0.47265625
18113,0.578125
18114,0.515625
18115,0.5234375
18116,0.53515625
18117,0.52734375
18118,0.5390625
18119,0.4765625
18120,0.5234375
18121,0.53515625
18122,0.52734375
18123,0.5546875
18124,0.5703125
18125,0.53515625
18126,0.5078125
18127,0.5078125
18128,0.5
18129,0.58984375
18130,0.48046875
18131,0.5078125
18132,0.4921875
18133,0.49609375
18134,0.4921875
18135,0.5546875
18136,0.5625
18137,0.46875
18138,0.42578125
18139,0.4921875
18140,0.4921875
18141,0.54296875
18142,0.46484375
18143,0.48828125
18144,0.515625
18145,0.49609375
18146,0.52734375
18147,0.5625
18148,0.4453125
18149,0.50390625
18150,0.5390625
18151,0.4765625
18152,0.4921875
18153,0.484375
18154,0.46875
18155,0.51171875
18156,0.56640625
18157,0.55859375
18158,0.55859375
18159,0.49609375
18160,0.546875
18161,0.46484375
18162,0.5
18163,0.578125
18164,0.4609375
18165,0.515625
18166,0.55078125
18167,0.44140625
18168,0.51171875
18169,0.48046875
18170,0.4609375
18171,0.5546875
18172,0.5234375
18173,0.5078125
18174,0.4765625
18175,0.56640625
18176,0.5078125
18177,0.53125
18178,0.5390625
18179,0.5
18180,0.5625
18181,0.4765625
18182,0.4765625
18183,0.5390625
18184,0.51171875
18185,0.48828125
18186,0.50390625
18187,0.51953125
18188,0.5078125
18189,0.45703125
18190,0.46484375
18191,0.51953125
18192,0.5078125
18193,0.50390625
18194,0.5234375
18195,0.51171875
18196,0.58984375
18197,0.58203125
18198,0.5
18199,0.453125
18200,0.48828125
18201,0.46875
18202,0.48046875
18203,0.53125
18204,0.4765625
18205,0.55078125
18206,0.41015625
18207,0.47265625
18208,0.5078125
18209,0.53515625
18210,0.5546875
18211,0.54296875
18212,0.5703125
18213,0.48046875
18214,0.4609375
18215,0.4765625
18216,0.53515625
18217,0.51171875
18218,0.5390625
18219,0.51171875
18220,0.484375
18221,0.55078125
18222,0.46484375
18223,0.421875
18224,0.53515625
18225,0.46875
18226,0.54296875
18227,0.5703125
18228,0.5078125
18229,0.5078125
18230,0.5703125
18231,0.484375
18232,0.51171875
18233,0.48046875
18234,0.42578125
18235,0.5
18236,0.47265625
18237,0.5
18238,0.49609375
18239,0.4453125
18240,0.44921875
18241,0.47265625
18242,0.5
18243,0.5078125
18244,0.5546875
18245,0.4453125
18246,0.48828125
18247,0.45703125
18248,0.49609375
18249,0.52734375
18250,0.5078125
18251,0.48828125
18252,0.5390625
18253,0.4921875
18254,0.51171875
18255,0.5
18256,0.5
18257,0.48828125
18258,0.49609375
18259,0.5078125
18260,0.5078125
18261,0.40234375
18262,0.4921875
18263,0.51953125
18264,0.5078125
18265,0.51953125
18266,0.46875
18267,0.46484375
18268,0.515625
18269,0.55859375
18270,0.47265625
18271,0.51953125
18272,0.4921875
18273,0.49609375
18274,0.5078125
18275,0.4140625
18276,0.453125
18277,0.4765625
18278,0.484375
18279,0.55078125
18280,0.5234375
18281,0.47265625
18282,0.46875
18283,0.50390625
18284,0.53125
18285,0.51171875
18286,0.4921875
18287,0.5078125
18288,0.49609375
18289,0.51171875
18290,0.53125
18291,0.50390625
18292,0.51171875
18293,0.515625
18294,0.484375
18295,0.56640625
18296,0.53515625
18297,0.53125
18298,0.4296875
18299,0.49609375
18300,0.5
18301,0.49609375
18302,0.51171875
18303,0.515625
18304,0.46484375
18305,0.546875
18306,0.40234375
18307,0.484375
18308,0.484375
18309,0.47265625
18310,0.56640625
18311,0.54296875
18312,0.48046875
18313,0.515625
18314,0.5078125
18315,0.45703125
18316,0.50390625
18317,0.53515625
18318,0.46875
18319,0.51171875
18320,0.48828125
18321,0.4453125
18322,0.51171875
18323,0.5
18324,0.50390625
18325,0.49609375
18326,0.5546875
18327,0.515625
18328,0.45703125
18329,0.46875
18330,0.484375
18331,0.5390625
18332,0.375
18333,0.50390625
18334,0.55078125
18335,0.546875
18336,0.44140625
18337,0.5625
18338,0.48828125
18339,0.44921875
18340,0.45703125
18341,0.50390625
18342,0.4375
18343,0.42578125
18344,0.5703125
18345,0.51953125
18346,0.4921875
18347,0.54296875
18348,0.5
18349,0.51171875
18350,0.50390625
18351,0.55078125
18352,0.50390625
18353,0.49609375
18354,0.47265625
18355,0.515625
18356,0.48828125
18357,0.5
18358,0.4375
18359,0.56640625
18360,0.515625
18361,0.5234375
18362,0.4453125
18363,0.5078125
18364,0.4140625
18365,0.52734375
18366,0.52734375
18367,0.53125
18368,0.5703125
18369,0.4921875
18370,0.5390625
18371,0.47265625
18372,0.5390625
18373,0.50390625
18374,0.5703125
18375,0.546875
18376,0.53515625
18377,0.4375
18378,0.56640625
18379,0.5078125
18380,0.5
18381,0.50390625
18382,0.484375
18383,0.52734375
18384,0.44140625
18385,0.4921875
18386,0.44921875
18387,0.53125
18388,0.5234375
18389,0.6171875
18390,0.47265625
18391,0.4765625
18392,0.546875
18393,0.5390625
18394,0.53515625
18395,0.5078125
18396,0.4375
18397,0.45703125
18398,0.5546875
18399,0.53125
18400,0.55078125
18401,0.59375
18402,0.5
18403,0.47265625
18404,0.48828125
18405,0.5078125
18406,0.5234375
18407,0.5546875
18408,0.4609375
18409,0.453125
18410,0.5234375
18411,0.48828125
18412,0.51171875
18413,0.48046875
18414,0.51953125
18415,0.51171875
18416,0.51171875
18417,0.46484375
18418,0.51171875
18419,0.48046875
18420,0.4921875
18421,0.515625
18422,0.46875
18423,0.46484375
18424,0.46484375
18425,0.52734375
18426,0.48828125
18427,0.49609375
18428,0.50390625
18429,0.5
18430,0.5625
18431,0.51171875
18432,0.52734375
18433,0.51953125
18434,0.484375
18435,0.46484375
18436,0.51171875
18437,0.4765625
18438,0.5234375
18439,0.4765625
18440,0.5
18441,0.48046875
18442,0.51953125
18443,0.546875
18444,0.44140625
18445,0.484375
18446,0.515625
18447,0.49609375
18448,0.5390625
18449,0.5078125
18450,0.46875
18451,0.47265625
18452,0.51171875
18453,0.48046875
18454,0.55859375
18455,0.4765625
18456,0.47265625
18457,0.5234375
18458,0.5703125
18459,0.5078125
18460,0.54296875
18461,0.4609375
18462,0.43359375
18463,0.4609375
18464,0.5390625
18465,0.4609375
18466,0.45703125
18467,0.55078125
18468,0.4765625
18469,0.58203125
18470,0.46875
18471,0.5546875
18472,0.515625
18473,0.49609375
18474,0.39453125
18475,0.421875
18476,0.49609375
18477,0.5859375
18478,0.51171875
18479,0.578125
18480,0.48046875
18481,0.4765625
18482,0.51171875
18483,0.48046875
18484,0.46484375
18485,0.58984375
18486,0.484375
18487,0.51171875
18488,0.4921875
18489,0.46484375
18490,0.546875
18491,0.59375
18492,0.50390625
18493,0.546875
18494,0.50390625
18495,0.40234375
18496,0.48046875
18497,0.5859375
18498,0.5078125
18499,0.4921875
18500,0.5078125
18501,0.4453125
18502,0.49609375
18503,0.51953125
18504,0.5234375
18505,0.52734375
18506,0.4140625
18507,0.4765625
18508,0.50390625
18509,0.44921875
18510,0.5390625
18511,0.46875
18512,0.4921875
18513,0.453125
18514,0.484375
18515,0.53125
18516,0.484375
18517,0.48828125
18518,0.47265625
18519,0.5625
18520,0.48046875
18521,0.5390625
18522,0.54296875
18523,0.4609375
18524,0.4140625
18525,0.48828125
18526,0.53515625
18527,0.51171875
18528,0.50390625
18529,0.484375
18530,0.50390625
18531,0.453125
18532,0.46875
18533,0.5625
18534,0.50390625
18535,0.546875
18536,0.4765625
18537,0.43359375
18538,0.51171875
18539,0.58984375
18540,0.515625
18541,0.515625
18542,0.50390625
18543,0.42578125
18544,0.6015625
18545,0.5390625
18546,0.4765625
18547,0.5
18548,0.4921875
18549,0.44140625
18550,0.44140625
18551,0.59375
18552,0.53515625
18553,0.484375
18554,0.546875
18555,0.53125
18556,0.53125
18557,0.46875
18558,0.43359375
18559,0.44921875
18560,0.44921875
18561,0.4921875
18562,0.4921875
18563,0.52734375
18564,0.4453125
18565,0.51953125
18566,0.49609375
18567,0.4765625
18568,0.45703125
18569,0.4921875
18570,0.56640625
18571,0.59765625
18572,0.421875
18573,0.5703125
18574,0.5234375
18575,0.44921875
18576,0.51171875
18577,0.5546875
18578,0.54296875
18579,0.5078125
18580,0.546875
18581,0.546875
18582,0.54296875
18583,0.5
18584,0.47265625
18585,0.546875
18586,0.45703125
18587,0.51171875
18588,0.546875
18589,0.45703125
18590,0.43359375
18591,0.5234375
18592,0.5078125
18593,0.46875
18594,0.578125
18595,0.484375
18596,0.51171875
18597,0.46484375
18598,0.4765625
18599,0.4921875
18600,0.5390625
18601,0.55078125
18602,0.45703125
18603,0.51953125
18604,0.5
18605,0.4453125
18606,0.4921875
18607,0.4453125
18608,0.4609375
18609,0.48828125
18610,0.515625
18611,0.54296875
18612,0.5078125
18613,0.5
18614,0.46875
18615,0.51171875
18616,0.4375
18617,0.53125
18618,0.46484375
18619,0.61328125
18620,0.4296875
18621,0.53515625
18622,0.4296875
18623,0.5234375
18624,0.546875
18625,0.4609375
18626,0.50390625
18627,0.44140625
18628,0.48046875
18629,0.46484375
18630,0.421875
18631,0.515625
18632,0.4609375
18633,0.4375
18634,0.51171875
18635,0.484375
18636,0.5
18637,0.5390625
18638,0.4921875
18639,0.49609375
18640,0.4765625
18641,0.53515625
18642,0.48046875
18643,0.484375
18644,0.58203125
18645,0.484375
18646,0.51171875
18647,0.53125
18648,0.48828125
18649,0.4921875
18650,0.46484375
18651,0.53515625
18652,0.48828125
18653,0.58984375
18654,0.48828125
18655,0.46875
18656,0.4609375
18657,0.48828125
18658,0.5625
18659,0.55078125
18660,0.48828125
18661,0.4609375
18662,0.48046875
18663,0.46875
18664,0.5
18665,0.5390625
18666,0.5078125
18667,0.51953125
18668,0.51953125
18669,0.484375
18670,0.51171875
18671,0.5234375
18672,0.52734375
18673,0.453125
18674,0.484375
18675,0.5234375
18676,0.5546875
18677,0.4921875
18678,0.53515625
18679,0.48046875
18680,0.43359375
18681,0.44140625
18682,0.51171875
18683,0.46875
18684,0.47265625
18685,0.515625
18686,0.46875
18687,0.46875
18688,0.43359375
18689,0.55859375
18690,0.54296875
18691,0.5
18692,0.5
18693,0.5078125
18694,0.49609375
18695,0.51953125
18696,0.49609375
18697,0.578125
18698,0.43359375
18699,0.5234375
18700,0.49609375
18701,0.4609375
18702,0.49609375
18703,0.484375
18704,0.5234375
18705,0.53515625
18706,0.51171875
18707,0.55078125
18708,0.5234375
18709,0.515625
18710,0.53515625
18711,0.4609375
18712,0.484375
18713,0.5703125
18714,0.4453125
18715,0.48046875
18716,0.5078125
18717,0.48828125
18718,0.4921875
18719,0.44921875
18720,0.49609375
18721,0.44140625
18722,0.46484375
18723,0.51171875
18724,0.5390625
18725,0.44921875
18726,0.5
18727,0.5546875
18728,0.50390625
18729,0.46875
18730,0.48046875
18731,0.52734375
18732,0.51171875
18733,0.47265625
18734,0.4609375
18735,0.46875
18736,0.52734375
18737,0.51171875
18738,0.53515625
18739,0.49609375
18740,0.5390625
18741,0.51953125
18742,0.5390625
18743,0.5
18744,0.53125
18745,0.53515625
18746,0.48828125
18747,0.51953125
18748,0.52734375
18749,0.5234375
18750,0.4921875
18751,0.5
18752,0.44921875
18753,0.515625
18754,0.48828125
18755,0.42578125
18756,0.51171875
18757,0.53515625
18758,0.41796875
18759,0.51171875
18760,0.56640625
18761,0.48828125
18762,0.50390625
18763,0.47265625
18764,0.51953125
18765,0.55078125
18766,0.4609375
18767,0.46484375
18768,0.4921875
18769,0.5390625
18770,0.4609375
18771,0.54296875
18772,0.48046875
18773,0.5390625
18774,0.5390625
18775,0.515625
18776,0.50390625
18777,0.52734375
18778,0.515625
18779,0.546875
18780,0.453125
18781,0.484375
18782,0.4296875
18783,0.50390625
18784,0.50390625
18785,0.55859375
18786,0.5546875
18787,0.453125
18788,0.55078125
18789,0.46484375
18790,0.51953125
18791,0.5
18792,0.48046875
18793,0.57421875
18794,0.51171875
18795,0.453125
18796,0.546875
18797,0.47265625
18798,0.50390625
18799,0.46484375
18800,0.49609375
18801,0.53515625
18802,0.4921875
18803,0.4609375
18804,0.44921875
18805,0.44140625
18806,0.5859375
18807,0.5390625
18808,0.5390625
18809,0.515625
18810,0.49609375
18811,0.484375
18812,0.5625
18813,0.47265625
18814,0.50390625
18815,0.484375
18816,0.5625
18817,0.5
18818,0.5
18819,0.46484375
18820,0.50390625
18821,0.48828125
18822,0.47265625
18823,0.55859375
18824,0.53515625
18825,0.546875
18826,0.4765625
18827,0.52734375
18828,0.51953125
18829,0.4765625
18830,0.51171875
18831,0.55078125
18832,0.50390625
18833,0.4296875
18834,0.515625
18835,0.453125
18836,0.515625
18837,0.50390625
18838,0.48046875
18839,0.44921875
18840,0.5234375
18841,0.45703125
18842,0.55859375
18843,0.51953125
18844,0.515625
18845,0.48046875
18846,0.52734375
18847,0.484375
18848,0.46484375
18849,0.48046875
18850,0.5234375
18851,0.53515625
18852,0.4296875
18853,0.46484375
18854,0.50390625
18855,0.578125
18856,0.42578125
18857,0.4609375
18858,0.4140625
18859,0.4921875
18860,0.4765625
18861,0.49609375
18862,0.50390625
18863,0.4453125
18864,0.46484375
18865,0.5546875
18866,0.4453125
18867,0.46484375
18868,0.55859375
18869,0.5
18870,0.48828125
18871,0.46484375
18872,0.5703125
18873,0.49609375
18874,0.546875
18875,0.5546875
18876,0.49609375
18877,0.48046875
18878,0.578125
18879,0.5546875
18880,0.48046875
18881,0.5078125
18882,0.48046875
18883,0.46484375
18884,0.54296875
18885,0.5
18886,0.421875
18887,0.4921875
18888,0.53125
18889,0.5
18890,0.54296875
18891,0.52734375
18892,0.47265625
18893,0.57421875
18894,0.46875
18895,0.515625
18896,0.51171875
18897,0.4765625
18898,0.53515625
18899,0.4921875
18900,0.546875
18901,0.55859375
18902,0.4296875
18903,0.46875
18904,0.46875
18905,0.48828125
18906,0.5078125
18907,0.515625
18908,0.55859375
18909,0.53125
18910,0.4765625
18911,0.484375
18912,0.4921875
18913,0.44921875
18914,0.46875
18915,0.453125
18916,0.48828125
18917,0.5625
18918,0.52734375
18919,0.49609375
18920,0.48828125
18921,0.47265625
18922,0.52734375
18923,0.46875
18924,0.49609375
18925,0.6015625
18926,0.4453125
18927,0.5234375
18928,0.5
18929,0.4921875
18930,0.484375
18931,0.53125
18932,0.46875
18933,0.5
18934,0.5546875
18935,0.48046875
18936,0.421875
18937,0.4296875
18938,0.5
18939,0.50390625
18940,0.484375
18941,0.51171875
18942,0.484375
18943,0.4921875
18944,0.4921875
18945,0.4765625
18946,0.4921875
18947,0.4609375
18948,0.484375
18949,0.5625
18950,0.5234375
18951,0.5703125
18952,0.4765625
18953,0.52734375
18954,0.53125
18955,0.51171875
18956,0.5234375
18957,0.546875
18958,0.48046875
18959,0.4921875
18960,0.4765625
18961,0.48828125
18962,0.4609375
18963,0.49609375
18964,0.59765625
18965,0.515625
18966,0.46875
18967,0.51953125
18968,0.421875
18969,0.54296875
18970,0.51953125
18971,0.48046875
18972,0.54296875
18973,0.4765625
18974,0.44921875
18975,0.50390625
18976,0.515625
18977,0.50390625
18978,0.53125
18979,0.44921875
18980,0.5078125
18981,0.4921875
18982,0.49609375
18983,0.46484375
18984,0.5
18985,0.4765625
18986,0.546875
18987,0.48046875
18988,0.5390625
18989,0.4765625
18990,0.4765625
18991,0.49609375
18992,0.54296875
18993,0.5546875
18994,0.46484375
18995,0.5859375
18996,0.5234375
18997,0.4453125
18998,0.4921875
18999,0.47265625
19000,0.44140625
19001,0.4609375
19002,0.484375
19003,0.48046875
19004,0.52734375
19005,0.4921875
19006,0.484375
19007,0.4609375
19008,0.46875
19009,0.4375
19010,0.48046875
19011,0.5703125
19012,0.453125
19013,0.51953125
19014,0.4765625
19015,0.484375
19016,0.4609375
19017,0.44921875
19018,0.4296875
19019,0.4453125
19020,0.57421875
19021,0.52734375
19022,0.51953125
19023,0.5390625
19024,0.46484375
19025,0.484375
19026,0.49609375
19027,0.51953125
19028,0.5234375
19029,0.51953125
19030,0.48046875
19031,0.56640625
19032,0.46875
19033,0.48828125
19034,0.44921875
19035,0.4453125
19036,0.4921875
19037,0.46484375
19038,0.515625
19039,0.48046875
19040,0.52734375
19041,0.484375
19042,0.51953125
19043,0.53515625
19044,0.45703125
19045,0.53125
19046,0.43359375
19047,0.39453125
19048,0.5078125
19049,0.4765625
19050,0.5078125
19051,0.47265625
19052,0.55078125
19053,0.484375
19054,0.4453125
19055,0.51953125
19056,0.47265625
19057,0.453125
19058,0.4453125
19059,0.46875
19060,0.49609375
19061,0.49609375
19062,0.50390625
19063,0.48046875
19064,0.4296875
19065,0.44921875
19066,0.47265625
19067,0.49609375
19068,0.5234375
19069,0.48046875
19070,0.5
19071,0.5234375
19072,0.45703125
19073,0.4921875
19074,0.5078125
19075,0.4609375
19076,0.46484375
19077,0.48046875
19078,0.48046875
19079,0.5234375
19080,0.46484375
19081,0.53125
19082,0.484375
19083,0.4609375
19084,0.48828125
19085,0.49609375
19086,0.51953125
19087,0.5234375
19088,0.44921875
19089,0.55859375
19090,0.4765625
19091,0.53515625
19092,0.53515625
19093,0.453125
19094,0.53125
19095,0.42578125
19096,0.57421875
19097,0.5
19098,0.46875
19099,0.5078125
19100,0.53125
19101,0.49609375
19102,0.5
19103,0.51953125
19104,0.546875
19105,0.4609375
19106,0.4921875
19107,0.44921875
19108,0.50390625
19109,0.51171875
19110,0.4296875
19111,0.4453125
19112,0.484375
19113,0.49609375
19114,0.4765625
19115,0.46875
19116,0.484375
19117,0.56640625
19118,0.4453125
19119,0.51953125
19120,0.5390625
19121,0.4609375
19122,0.484375
19123,0.515625
19124,0.5078125
19125,0.5
19126,0.4609375
19127,0.48828125
19128,0.51953125
19129,0.45703125
19130,0.48046875
19131,0.53125
19132,0.46875
19133,0.52734375
19134,0.43359375
19135,0.421875
19136,0.53515625
19137,0.48828125
19138,0.50390625
19139,0.49609375
19140,0.5
19141,0.5
19142,0.546875
19143,0.4921875
19144,0.49609375
19145,0.51953125
19146,0.56640625
19147,0.51171875
19148,0.58203125
19149,0.48828125
19150,0.38671875
19151,0.46484375
19152,0.5625
19153,0.5234375
19154,0.5
19155,0.4296875
19156,0.52734375
19157,0.4375
19158,0.484375
19159,0.44140625
19160,0.4765625
19161,0.5078125
19162,0.50390625
19163,0.41015625
19164,0.48828125
19165,0.51953125
19166,0.50390625
19167,0.4765625
19168,0.51953125
19169,0.46484375
19170,0.48046875
19171,0.49609375
19172,0.52734375
19173,0.5
19174,0.51953125
19175,0.5
19176,0.55078125
19177,0.5
19178,0.51171875
19179,0.5234375
19180,0.53515625
19181,0.40625
19182,0.51953125
19183,0.4453125
19184,0.5078125
19185,0.453125
19186,0.53125
19187,0.5078125
19188,0.46875
19189,0.4609375
19190,0.56640625
19191,0.4609375
19192,0.46484375
19193,0.4921875
19194,0.5234375
19195,0.4921875
19196,0.46875
19197,0.5078125
19198,0.45703125
19199,0.49609375
