,0
0,0.998779296875
1,0.992431640625
2,0.992431640625
3,0.9940185546875
4,0.9918212890625
5,0.9932861328125
6,0.99267578125
7,0.9918212890625
8,0.9912109375
9,0.9930419921875
10,0.992431640625
11,0.9903564453125
12,0.99267578125
13,0.9921875
14,0.99267578125
15,0.992919921875
16,0.9932861328125
17,0.9925537109375
18,0.9927978515625
19,0.9910888671875
20,0.9927978515625
21,0.9927978515625
22,0.992431640625
23,0.9932861328125
24,0.9925537109375
25,0.990234375
26,0.99267578125
27,0.9920654296875
28,0.99267578125
29,0.9923095703125
30,0.992919921875
31,0.9935302734375
32,0.9931640625
33,0.9921875
34,0.9927978515625
35,0.991943359375
36,0.9927978515625
37,0.992919921875
38,0.992919921875
39,0.991943359375
40,0.993408203125
41,0.99267578125
42,0.99267578125
43,0.991943359375
44,0.9910888671875
45,0.992919921875
46,0.9920654296875
47,0.99365234375
48,0.99267578125
49,0.9901123046875
50,0.9930419921875
51,0.992431640625
52,0.991455078125
53,0.991943359375
54,0.991943359375
55,0.9935302734375
56,0.99267578125
57,0.9925537109375
58,0.9918212890625
59,0.992919921875
60,0.9898681640625
61,0.9932861328125
62,0.9918212890625
63,0.9920654296875
64,0.9923095703125
65,0.9925537109375
66,0.9931640625
67,0.9925537109375
68,0.992431640625
69,0.9925537109375
70,0.9935302734375
71,0.9920654296875
72,0.994140625
73,0.9930419921875
74,0.9930419921875
75,0.9921875
76,0.993408203125
77,0.9932861328125
78,0.9932861328125
79,0.992919921875
80,0.9925537109375
81,0.9925537109375
82,0.99267578125
83,0.994140625
84,0.9931640625
85,0.9925537109375
86,0.9932861328125
87,0.9918212890625
88,0.9921875
89,0.9932861328125
90,0.993408203125
91,0.9920654296875
92,0.9932861328125
93,0.994140625
94,0.9925537109375
95,0.992431640625
96,0.9920654296875
97,0.991943359375
98,0.9921875
99,0.9921875
100,0.9923095703125
101,0.9930419921875
102,0.9925537109375
103,0.9925537109375
104,0.9935302734375
105,0.9918212890625
106,0.9923095703125
107,0.991943359375
108,0.9923095703125
109,0.9930419921875
110,0.9925537109375
111,0.992431640625
112,0.992919921875
113,0.9932861328125
114,0.9942626953125
115,0.9930419921875
116,0.992919921875
117,0.9920654296875
118,0.992919921875
119,0.992431640625
120,0.9918212890625
121,0.992919921875
122,0.991455078125
123,0.99169921875
124,0.99267578125
125,0.9923095703125
126,0.992919921875
127,0.9932861328125
128,0.992919921875
129,0.9935302734375
130,0.991455078125
131,0.992431640625
132,0.9931640625
133,0.9940185546875
134,0.9925537109375
135,0.9923095703125
136,0.993408203125
137,0.994140625
138,0.992431640625
139,0.9937744140625
140,0.9937744140625
141,0.992431640625
142,0.9925537109375
143,0.99169921875
144,0.9925537109375
145,0.992431640625
146,0.9912109375
147,0.9918212890625
148,0.9932861328125
149,0.9940185546875
150,0.9923095703125
151,0.9940185546875
152,0.9937744140625
153,0.9921875
154,0.99365234375
155,0.9921875
156,0.992919921875
157,0.993408203125
158,0.992919921875
159,0.9925537109375
160,0.992431640625
161,0.9910888671875
162,0.9913330078125
163,0.9935302734375
164,0.99267578125
165,0.992431640625
166,0.9930419921875
167,0.99267578125
168,0.9908447265625
169,0.9921875
170,0.9927978515625
171,0.9937744140625
172,0.992431640625
173,0.9921875
174,0.99169921875
175,0.9925537109375
176,0.993408203125
177,0.9930419921875
178,0.99267578125
179,0.9942626953125
180,0.99169921875
181,0.9925537109375
182,0.99267578125
183,0.991943359375
184,0.9930419921875
185,0.9920654296875
186,0.9923095703125
187,0.992919921875
188,0.9940185546875
189,0.99365234375
190,0.991943359375
191,0.992431640625
192,0.993896484375
193,0.992919921875
194,0.994140625
195,0.99169921875
196,0.9931640625
197,0.9915771484375
198,0.9920654296875
199,0.993896484375
200,0.9918212890625
201,0.99267578125
202,0.9908447265625
203,0.993408203125
204,0.99267578125
205,0.9925537109375
206,0.9927978515625
207,0.991943359375
208,0.992431640625
209,0.9927978515625
210,0.99267578125
211,0.9921875
212,0.9931640625
213,0.992919921875
214,0.9940185546875
215,0.9927978515625
216,0.9935302734375
217,0.9910888671875
218,0.99267578125
219,0.9925537109375
220,0.9921875
221,0.9927978515625
222,0.9931640625
223,0.9932861328125
224,0.9923095703125
225,0.9923095703125
226,0.9927978515625
227,0.991943359375
228,0.9923095703125
229,0.9920654296875
230,0.9932861328125
231,0.9937744140625
232,0.9930419921875
233,0.9931640625
234,0.994384765625
235,0.9932861328125
236,0.99169921875
237,0.9920654296875
238,0.993408203125
239,0.9923095703125
240,0.992431640625
241,0.9935302734375
242,0.9923095703125
243,0.9932861328125
244,0.9935302734375
245,0.9918212890625
246,0.992919921875
247,0.9927978515625
248,0.9930419921875
249,0.9927978515625
250,0.992431640625
251,0.9937744140625
252,0.9932861328125
253,0.9923095703125
254,0.9923095703125
255,0.9918212890625
256,0.99169921875
257,0.9940185546875
258,0.9930419921875
259,0.9912109375
260,0.9920654296875
261,0.9930419921875
262,0.991943359375
263,0.9920654296875
264,0.9932861328125
265,0.9930419921875
266,0.9931640625
267,0.9921875
268,0.9921875
269,0.9940185546875
270,0.9931640625
271,0.9921875
272,0.9920654296875
273,0.9912109375
274,0.994384765625
275,0.992431640625
276,0.993896484375
277,0.9932861328125
278,0.9921875
279,0.9925537109375
280,0.9931640625
281,0.992919921875
282,0.9921875
283,0.992919921875
284,0.9918212890625
285,0.991943359375
286,0.991943359375
287,0.9920654296875
288,0.9921875
289,0.9921875
290,0.9930419921875
291,0.992431640625
292,0.9913330078125
293,0.99072265625
294,0.993408203125
295,0.9913330078125
296,0.9927978515625
297,0.9931640625
298,0.9927978515625
299,0.99169921875
300,0.990966796875
301,0.99267578125
302,0.9930419921875
303,0.99267578125
304,0.9932861328125
305,0.992919921875
306,0.9927978515625
307,0.9920654296875
308,0.9918212890625
309,0.991943359375
310,0.9920654296875
311,0.991943359375
312,0.9937744140625
313,0.9930419921875
314,0.9935302734375
315,0.9927978515625
316,0.9935302734375
317,0.9915771484375
318,0.9927978515625
319,0.9921875
320,0.9935302734375
321,0.9915771484375
322,0.9931640625
323,0.9923095703125
324,0.9923095703125
325,0.9931640625
326,0.9942626953125
327,0.9925537109375
328,0.9930419921875
329,0.99267578125
330,0.9927978515625
331,0.9915771484375
332,0.9921875
333,0.9927978515625
334,0.9910888671875
335,0.992919921875
336,0.99169921875
337,0.99365234375
338,0.9927978515625
339,0.9927978515625
340,0.9930419921875
341,0.9932861328125
342,0.9921875
343,0.9931640625
344,0.9921875
345,0.9932861328125
346,0.9921875
347,0.993896484375
348,0.9927978515625
349,0.9918212890625
350,0.990966796875
351,0.9920654296875
352,0.99169921875
353,0.99267578125
354,0.9915771484375
355,0.9918212890625
356,0.994140625
357,0.9932861328125
358,0.9915771484375
359,0.992431640625
360,0.99267578125
361,0.993408203125
362,0.9920654296875
363,0.9931640625
364,0.991943359375
365,0.9931640625
366,0.99169921875
367,0.9931640625
368,0.9920654296875
369,0.99365234375
370,0.9930419921875
371,0.9930419921875
372,0.9915771484375
373,0.9930419921875
374,0.99072265625
375,0.9932861328125
376,0.9937744140625
377,0.9927978515625
378,0.9940185546875
379,0.99267578125
380,0.992431640625
381,0.991943359375
382,0.992431640625
383,0.9915771484375
384,0.9920654296875
385,0.9918212890625
386,0.992919921875
387,0.9931640625
388,0.9921875
389,0.99072265625
390,0.994384765625
391,0.9927978515625
392,0.9921875
393,0.9913330078125
394,0.9920654296875
395,0.993408203125
396,0.993408203125
397,0.9912109375
398,0.993408203125
399,0.9925537109375
400,0.99267578125
401,0.991455078125
402,0.991943359375
403,0.99169921875
404,0.9930419921875
405,0.9932861328125
406,0.9920654296875
407,0.990966796875
408,0.9925537109375
409,0.99169921875
410,0.992431640625
411,0.9913330078125
412,0.994140625
413,0.9935302734375
414,0.991943359375
415,0.994384765625
416,0.993408203125
417,0.9921875
418,0.9931640625
419,0.9931640625
420,0.9912109375
421,0.99267578125
422,0.9945068359375
423,0.99365234375
424,0.992431640625
425,0.9940185546875
426,0.992919921875
427,0.9923095703125
428,0.992919921875
429,0.993408203125
430,0.9921875
431,0.99365234375
432,0.9920654296875
433,0.991943359375
434,0.9923095703125
435,0.992431640625
436,0.990966796875
437,0.9932861328125
438,0.993408203125
439,0.9931640625
440,0.990966796875
441,0.99267578125
442,0.9931640625
443,0.9932861328125
444,0.9925537109375
445,0.9918212890625
446,0.9910888671875
447,0.9910888671875
448,0.9932861328125
449,0.9923095703125
450,0.9923095703125
451,0.9921875
452,0.9935302734375
453,0.993408203125
454,0.99365234375
455,0.9935302734375
456,0.9913330078125
457,0.9931640625
458,0.992431640625
459,0.99365234375
460,0.992919921875
461,0.993408203125
462,0.993896484375
463,0.993408203125
464,0.99072265625
465,0.9923095703125
466,0.99365234375
467,0.991455078125
468,0.992431640625
469,0.994140625
470,0.992919921875
471,0.99267578125
472,0.9920654296875
473,0.9942626953125
474,0.992431640625
475,0.99267578125
476,0.99267578125
477,0.9927978515625
478,0.9932861328125
479,0.9921875
480,0.991455078125
481,0.9935302734375
482,0.991943359375
483,0.9931640625
484,0.992919921875
485,0.9940185546875
486,0.9932861328125
487,0.9923095703125
488,0.9935302734375
489,0.9945068359375
490,0.991943359375
491,0.9923095703125
492,0.9921875
493,0.9915771484375
494,0.9921875
495,0.99365234375
496,0.9947509765625
497,0.9942626953125
498,0.99072265625
499,0.9935302734375
500,0.99169921875
501,0.9925537109375
502,0.9913330078125
503,0.9923095703125
504,0.9915771484375
505,0.9931640625
506,0.99365234375
507,0.991455078125
508,0.9937744140625
509,0.992919921875
510,0.9940185546875
511,0.99365234375
512,0.9921875
513,0.9937744140625
514,0.991455078125
515,0.9920654296875
516,0.99267578125
517,0.9935302734375
518,0.993896484375
519,0.9931640625
520,0.9921875
521,0.992919921875
522,0.9932861328125
523,0.992431640625
524,0.992919921875
525,0.991943359375
526,0.9915771484375
527,0.99267578125
528,0.991943359375
529,0.9930419921875
530,0.9915771484375
531,0.9921875
532,0.9930419921875
533,0.9925537109375
534,0.9923095703125
535,0.993408203125
536,0.9925537109375
537,0.9921875
538,0.993896484375
539,0.992919921875
540,0.9923095703125
541,0.991455078125
542,0.9931640625
543,0.9935302734375
544,0.99267578125
545,0.9921875
546,0.9915771484375
547,0.99072265625
548,0.9921875
549,0.9935302734375
550,0.992919921875
551,0.9918212890625
552,0.993896484375
553,0.992919921875
554,0.9923095703125
555,0.991455078125
556,0.9925537109375
557,0.9927978515625
558,0.9925537109375
559,0.99169921875
560,0.9927978515625
561,0.9932861328125
562,0.9935302734375
563,0.992431640625
564,0.99267578125
565,0.993896484375
566,0.9918212890625
567,0.992431640625
568,0.9920654296875
569,0.9932861328125
570,0.992431640625
571,0.9921875
572,0.9910888671875
573,0.9912109375
574,0.9937744140625
575,0.99267578125
576,0.9940185546875
577,0.9913330078125
578,0.991455078125
579,0.992919921875
580,0.9921875
581,0.9932861328125
582,0.9930419921875
583,0.9915771484375
584,0.993408203125
585,0.9921875
586,0.9927978515625
587,0.99365234375
588,0.9915771484375
589,0.9931640625
590,0.99169921875
591,0.992919921875
592,0.9918212890625
593,0.993408203125
594,0.9935302734375
595,0.99169921875
596,0.9931640625
597,0.993408203125
598,0.993408203125
599,0.992431640625
600,0.9932861328125
601,0.9935302734375
602,0.99267578125
603,0.9920654296875
604,0.992919921875
605,0.9927978515625
606,0.9925537109375
607,0.9930419921875
608,0.992919921875
609,0.9931640625
610,0.993896484375
611,0.99267578125
612,0.993408203125
613,0.9935302734375
614,0.9921875
615,0.9927978515625
616,0.99365234375
617,0.9927978515625
618,0.9930419921875
619,0.9945068359375
620,0.9915771484375
621,0.9932861328125
622,0.9908447265625
623,0.9921875
624,0.994140625
625,0.994384765625
626,0.993408203125
627,0.99365234375
628,0.9918212890625
629,0.99169921875
630,0.992919921875
631,0.9915771484375
632,0.991943359375
633,0.993896484375
634,0.9931640625
635,0.9920654296875
636,0.9915771484375
637,0.9925537109375
638,0.9930419921875
639,0.9923095703125
640,0.9921875
641,0.9923095703125
642,0.9927978515625
643,0.9931640625
644,0.9921875
645,0.9930419921875
646,0.9920654296875
647,0.9925537109375
648,0.993408203125
649,0.9927978515625
650,0.993408203125
651,0.994384765625
652,0.99267578125
653,0.9913330078125
654,0.9915771484375
655,0.9931640625
656,0.994140625
657,0.991455078125
658,0.9915771484375
659,0.9920654296875
660,0.9913330078125
661,0.9937744140625
662,0.9920654296875
663,0.99365234375
664,0.99365234375
665,0.993896484375
666,0.9935302734375
667,0.9921875
668,0.9920654296875
669,0.9930419921875
670,0.99267578125
671,0.99365234375
672,0.9931640625
673,0.993408203125
674,0.99169921875
675,0.9918212890625
676,0.9918212890625
677,0.9940185546875
678,0.992431640625
679,0.9927978515625
680,0.9935302734375
681,0.9935302734375
682,0.9918212890625
683,0.993408203125
684,0.9918212890625
685,0.99365234375
686,0.9923095703125
687,0.9910888671875
688,0.993408203125
689,0.993408203125
690,0.99169921875
691,0.993408203125
692,0.9931640625
693,0.9901123046875
694,0.9918212890625
695,0.9935302734375
696,0.9921875
697,0.9931640625
698,0.991943359375
699,0.991943359375
700,0.99169921875
701,0.9937744140625
702,0.9921875
703,0.9927978515625
704,0.991455078125
705,0.9930419921875
706,0.9921875
707,0.990478515625
708,0.992919921875
709,0.992431640625
710,0.9923095703125
711,0.9935302734375
712,0.9923095703125
713,0.9940185546875
714,0.9921875
715,0.992431640625
716,0.9918212890625
717,0.9923095703125
718,0.9921875
719,0.9932861328125
720,0.9923095703125
721,0.9935302734375
722,0.992431640625
723,0.9925537109375
724,0.9910888671875
725,0.9930419921875
726,0.992431640625
727,0.990966796875
728,0.992431640625
729,0.9937744140625
730,0.992919921875
731,0.992431640625
732,0.9931640625
733,0.9940185546875
734,0.9931640625
735,0.99169921875
736,0.9932861328125
737,0.9923095703125
738,0.992919921875
739,0.9913330078125
740,0.991455078125
741,0.99267578125
742,0.993408203125
743,0.9935302734375
744,0.9918212890625
745,0.992919921875
746,0.9930419921875
747,0.992919921875
748,0.9923095703125
749,0.9918212890625
750,0.9930419921875
751,0.99267578125
752,0.992919921875
753,0.993408203125
754,0.9925537109375
755,0.9927978515625
756,0.9935302734375
757,0.993896484375
758,0.9930419921875
759,0.9931640625
760,0.9920654296875
761,0.992919921875
762,0.9918212890625
763,0.9920654296875
764,0.992431640625
765,0.9925537109375
766,0.991455078125
767,0.9925537109375
768,0.992431640625
769,0.991943359375
770,0.99072265625
771,0.990478515625
772,0.9925537109375
773,0.9925537109375
774,0.992919921875
775,0.991943359375
776,0.9931640625
777,0.9931640625
778,0.9927978515625
779,0.993408203125
780,0.992431640625
781,0.991455078125
782,0.99267578125
783,0.9931640625
784,0.99365234375
785,0.9940185546875
786,0.9913330078125
787,0.990478515625
788,0.992431640625
789,0.9920654296875
790,0.9920654296875
791,0.9927978515625
792,0.9930419921875
793,0.9935302734375
794,0.9925537109375
795,0.9935302734375
796,0.9925537109375
797,0.991943359375
798,0.9927978515625
799,0.9915771484375
800,0.99267578125
801,0.993408203125
802,0.99365234375
803,0.9951171875
804,0.9930419921875
805,0.9931640625
806,0.994140625
807,0.9940185546875
808,0.99365234375
809,0.9923095703125
810,0.9935302734375
811,0.9937744140625
812,0.9930419921875
813,0.991455078125
814,0.991943359375
815,0.9932861328125
816,0.99169921875
817,0.992919921875
818,0.9930419921875
819,0.99365234375
820,0.992919921875
821,0.9930419921875
822,0.99169921875
823,0.9931640625
824,0.9932861328125
825,0.9921875
826,0.9921875
827,0.9910888671875
828,0.993408203125
829,0.9920654296875
830,0.993896484375
831,0.9921875
832,0.99267578125
833,0.9903564453125
834,0.993896484375
835,0.99267578125
836,0.992919921875
837,0.9923095703125
838,0.9921875
839,0.991943359375
840,0.9932861328125
841,0.9920654296875
842,0.9918212890625
843,0.9910888671875
844,0.99267578125
845,0.99169921875
846,0.99169921875
847,0.992431640625
848,0.992431640625
849,0.9927978515625
850,0.992919921875
851,0.9913330078125
852,0.9913330078125
853,0.9927978515625
854,0.9931640625
855,0.992431640625
856,0.9925537109375
857,0.9935302734375
858,0.990966796875
859,0.9930419921875
860,0.991943359375
861,0.991455078125
862,0.9915771484375
863,0.9930419921875
864,0.9925537109375
865,0.9930419921875
866,0.9927978515625
867,0.9942626953125
868,0.99267578125
869,0.9930419921875
870,0.9931640625
871,0.9915771484375
872,0.991943359375
873,0.993408203125
874,0.9913330078125
875,0.992431640625
876,0.9918212890625
877,0.99267578125
878,0.9935302734375
879,0.9921875
880,0.9925537109375
881,0.9925537109375
882,0.992431640625
883,0.99462890625
884,0.991943359375
885,0.9931640625
886,0.991943359375
887,0.992431640625
888,0.990966796875
889,0.993408203125
890,0.992431640625
891,0.99169921875
892,0.9913330078125
893,0.9930419921875
894,0.992431640625
895,0.9935302734375
896,0.9915771484375
897,0.9921875
898,0.991455078125
899,0.9927978515625
900,0.99267578125
901,0.9925537109375
902,0.9921875
903,0.9931640625
904,0.9918212890625
905,0.99169921875
906,0.991943359375
907,0.992919921875
908,0.9940185546875
909,0.99267578125
910,0.9931640625
911,0.9940185546875
912,0.99267578125
913,0.992431640625
914,0.9923095703125
915,0.9927978515625
916,0.991943359375
917,0.9910888671875
918,0.99365234375
919,0.9940185546875
920,0.9925537109375
921,0.992919921875
922,0.9923095703125
923,0.992919921875
924,0.9927978515625
925,0.993408203125
926,0.991943359375
927,0.9925537109375
928,0.9930419921875
929,0.9927978515625
930,0.9906005859375
931,0.9927978515625
932,0.9925537109375
933,0.99169921875
934,0.9921875
935,0.9918212890625
936,0.992919921875
937,0.992919921875
938,0.9921875
939,0.9915771484375
940,0.9931640625
941,0.9927978515625
942,0.9920654296875
943,0.991943359375
944,0.992919921875
945,0.9921875
946,0.99267578125
947,0.9921875
948,0.991943359375
949,0.9913330078125
950,0.993408203125
951,0.99365234375
952,0.9925537109375
953,0.9923095703125
954,0.992919921875
955,0.99267578125
956,0.9931640625
957,0.992431640625
958,0.99365234375
959,0.992431640625
960,0.992431640625
961,0.9923095703125
962,0.9927978515625
963,0.9937744140625
964,0.990234375
965,0.991943359375
966,0.9913330078125
967,0.9925537109375
968,0.9925537109375
969,0.9920654296875
970,0.9930419921875
971,0.991943359375
972,0.992919921875
973,0.994140625
974,0.9925537109375
975,0.992431640625
976,0.993896484375
977,0.9921875
978,0.99169921875
979,0.9937744140625
980,0.9945068359375
981,0.9925537109375
982,0.99267578125
983,0.9920654296875
984,0.9940185546875
985,0.9923095703125
986,0.99267578125
987,0.9921875
988,0.99169921875
989,0.992431640625
990,0.992919921875
991,0.9927978515625
992,0.9925537109375
993,0.99169921875
994,0.99267578125
995,0.994140625
996,0.9925537109375
997,0.992431640625
998,0.992919921875
999,0.9923095703125
1000,0.991943359375
1001,0.9932861328125
1002,0.99267578125
1003,0.9931640625
1004,0.9921875
1005,0.993408203125
1006,0.992919921875
1007,0.9925537109375
1008,0.9920654296875
1009,0.992919921875
1010,0.9935302734375
1011,0.991943359375
1012,0.994140625
1013,0.9932861328125
1014,0.992431640625
1015,0.9920654296875
1016,0.991455078125
1017,0.9931640625
1018,0.990966796875
1019,0.990478515625
1020,0.9927978515625
1021,0.992431640625
1022,0.9921875
1023,0.9927978515625
1024,0.99169921875
1025,0.9923095703125
1026,0.993408203125
1027,0.9912109375
1028,0.9935302734375
1029,0.9920654296875
1030,0.992431640625
1031,0.9918212890625
1032,0.9942626953125
1033,0.9921875
1034,0.99169921875
1035,0.991455078125
1036,0.9930419921875
1037,0.99267578125
1038,0.9931640625
1039,0.99169921875
1040,0.991943359375
1041,0.9925537109375
1042,0.9931640625
1043,0.9923095703125
1044,0.9930419921875
1045,0.9918212890625
1046,0.9931640625
1047,0.9921875
1048,0.9921875
1049,0.9927978515625
1050,0.9940185546875
1051,0.9915771484375
1052,0.9923095703125
1053,0.9937744140625
1054,0.99267578125
1055,0.9927978515625
1056,0.9923095703125
1057,0.991943359375
1058,0.9920654296875
1059,0.992919921875
1060,0.993408203125
1061,0.99267578125
1062,0.9915771484375
1063,0.9925537109375
1064,0.9923095703125
1065,0.9932861328125
1066,0.99267578125
1067,0.99267578125
1068,0.991943359375
1069,0.9920654296875
1070,0.9920654296875
1071,0.9915771484375
1072,0.99267578125
1073,0.9925537109375
1074,0.9918212890625
1075,0.9925537109375
1076,0.9930419921875
1077,0.99267578125
1078,0.9935302734375
1079,0.992919921875
1080,0.9931640625
1081,0.992919921875
1082,0.993408203125
1083,0.99267578125
1084,0.9930419921875
1085,0.993408203125
1086,0.9925537109375
1087,0.99365234375
1088,0.991455078125
1089,0.9937744140625
1090,0.993408203125
1091,0.9930419921875
1092,0.9923095703125
1093,0.9937744140625
1094,0.992919921875
1095,0.9923095703125
1096,0.9915771484375
1097,0.9931640625
1098,0.9921875
1099,0.9932861328125
1100,0.992431640625
1101,0.99267578125
1102,0.9935302734375
1103,0.9920654296875
1104,0.990966796875
1105,0.992431640625
1106,0.9925537109375
1107,0.9935302734375
1108,0.9920654296875
1109,0.9940185546875
1110,0.992431640625
1111,0.9923095703125
1112,0.9921875
1113,0.9913330078125
1114,0.99365234375
1115,0.9920654296875
1116,0.992431640625
1117,0.9925537109375
1118,0.99169921875
1119,0.9915771484375
1120,0.9927978515625
1121,0.992919921875
1122,0.9921875
1123,0.993408203125
1124,0.9925537109375
1125,0.99267578125
1126,0.9923095703125
1127,0.9932861328125
1128,0.9923095703125
1129,0.9932861328125
1130,0.99169921875
1131,0.9918212890625
1132,0.9931640625
1133,0.9927978515625
1134,0.9931640625
1135,0.9923095703125
1136,0.9935302734375
1137,0.9935302734375
1138,0.9930419921875
1139,0.9932861328125
1140,0.9927978515625
1141,0.9921875
1142,0.9908447265625
1143,0.9925537109375
1144,0.9942626953125
1145,0.9920654296875
1146,0.9932861328125
1147,0.9923095703125
1148,0.992431640625
1149,0.9931640625
1150,0.9920654296875
1151,0.9931640625
1152,0.9930419921875
1153,0.99267578125
1154,0.9925537109375
1155,0.9925537109375
1156,0.9915771484375
1157,0.9931640625
1158,0.9927978515625
1159,0.9940185546875
1160,0.9927978515625
1161,0.993408203125
1162,0.9932861328125
1163,0.9920654296875
1164,0.9921875
1165,0.99169921875
1166,0.993896484375
1167,0.9927978515625
1168,0.99365234375
1169,0.9920654296875
1170,0.9931640625
1171,0.99267578125
1172,0.99169921875
1173,0.9927978515625
1174,0.991943359375
1175,0.99365234375
1176,0.9921875
1177,0.9927978515625
1178,0.992919921875
1179,0.993408203125
1180,0.99267578125
1181,0.9925537109375
1182,0.9923095703125
1183,0.9921875
1184,0.992919921875
1185,0.99267578125
1186,0.9927978515625
1187,0.9925537109375
1188,0.9925537109375
1189,0.9923095703125
1190,0.9927978515625
1191,0.991455078125
1192,0.9923095703125
1193,0.992431640625
1194,0.99267578125
1195,0.9921875
1196,0.991943359375
1197,0.9931640625
1198,0.9935302734375
1199,0.9920654296875
1200,0.99365234375
1201,0.9927978515625
1202,0.9918212890625
1203,0.99169921875
1204,0.9931640625
1205,0.99169921875
1206,0.992431640625
1207,0.99267578125
1208,0.9931640625
1209,0.993896484375
1210,0.9910888671875
1211,0.9920654296875
1212,0.99267578125
1213,0.9921875
1214,0.992919921875
1215,0.991943359375
1216,0.9915771484375
1217,0.9921875
1218,0.9925537109375
1219,0.99267578125
1220,0.9915771484375
1221,0.9920654296875
1222,0.9931640625
1223,0.9927978515625
1224,0.9940185546875
1225,0.9913330078125
1226,0.99267578125
1227,0.99169921875
1228,0.9912109375
1229,0.9932861328125
1230,0.9930419921875
1231,0.99267578125
1232,0.9923095703125
1233,0.993408203125
1234,0.9918212890625
1235,0.994384765625
1236,0.992431640625
1237,0.9920654296875
1238,0.992431640625
1239,0.9912109375
1240,0.992919921875
1241,0.99267578125
1242,0.99169921875
1243,0.992431640625
1244,0.9925537109375
1245,0.9935302734375
1246,0.9921875
1247,0.9932861328125
1248,0.990966796875
1249,0.9930419921875
1250,0.9940185546875
1251,0.99169921875
1252,0.9921875
1253,0.990478515625
1254,0.993896484375
1255,0.9915771484375
1256,0.992431640625
1257,0.99365234375
1258,0.9918212890625
1259,0.991943359375
1260,0.9940185546875
1261,0.9927978515625
1262,0.9932861328125
1263,0.9930419921875
1264,0.992431640625
1265,0.9930419921875
1266,0.9925537109375
1267,0.99365234375
1268,0.9918212890625
1269,0.9921875
1270,0.9932861328125
1271,0.992919921875
1272,0.992431640625
1273,0.992431640625
1274,0.993408203125
1275,0.9920654296875
1276,0.993408203125
1277,0.9927978515625
1278,0.993896484375
1279,0.992919921875
1280,0.9920654296875
1281,0.99169921875
1282,0.9918212890625
1283,0.9930419921875
1284,0.9920654296875
1285,0.9937744140625
1286,0.9910888671875
1287,0.991943359375
1288,0.9932861328125
1289,0.991455078125
1290,0.99365234375
1291,0.9930419921875
1292,0.9935302734375
1293,0.9923095703125
1294,0.992431640625
1295,0.9935302734375
1296,0.9920654296875
1297,0.9931640625
1298,0.9920654296875
1299,0.9923095703125
1300,0.9935302734375
1301,0.9927978515625
1302,0.991943359375
1303,0.9921875
1304,0.99267578125
1305,0.9923095703125
1306,0.993896484375
1307,0.9930419921875
1308,0.9921875
1309,0.9927978515625
1310,0.993896484375
1311,0.992431640625
1312,0.99365234375
1313,0.9912109375
1314,0.9932861328125
1315,0.99267578125
1316,0.9930419921875
1317,0.99365234375
1318,0.9921875
1319,0.99169921875
1320,0.9937744140625
1321,0.9932861328125
1322,0.991943359375
1323,0.9931640625
1324,0.9937744140625
1325,0.994873046875
1326,0.9932861328125
1327,0.9918212890625
1328,0.9930419921875
1329,0.9921875
1330,0.992919921875
1331,0.9930419921875
1332,0.9927978515625
1333,0.99365234375
1334,0.9920654296875
1335,0.992919921875
1336,0.99267578125
1337,0.9931640625
1338,0.9918212890625
1339,0.9937744140625
1340,0.9935302734375
1341,0.99267578125
1342,0.992431640625
1343,0.992919921875
1344,0.9937744140625
1345,0.9925537109375
1346,0.9920654296875
1347,0.9921875
1348,0.9923095703125
1349,0.9923095703125
1350,0.993408203125
1351,0.992919921875
1352,0.9925537109375
1353,0.994384765625
1354,0.9918212890625
1355,0.9927978515625
1356,0.990966796875
1357,0.990478515625
1358,0.9925537109375
1359,0.9935302734375
1360,0.9923095703125
1361,0.9932861328125
1362,0.9915771484375
1363,0.9935302734375
1364,0.9923095703125
1365,0.991943359375
1366,0.992431640625
1367,0.9925537109375
1368,0.992431640625
1369,0.9931640625
1370,0.992431640625
1371,0.9935302734375
1372,0.99365234375
1373,0.99365234375
1374,0.9913330078125
1375,0.9920654296875
1376,0.993408203125
1377,0.991943359375
1378,0.991455078125
1379,0.9910888671875
1380,0.9935302734375
1381,0.9931640625
1382,0.9910888671875
1383,0.9923095703125
1384,0.991943359375
1385,0.9937744140625
1386,0.99462890625
1387,0.992919921875
1388,0.99267578125
1389,0.99169921875
1390,0.992919921875
1391,0.9915771484375
1392,0.9930419921875
1393,0.994140625
1394,0.993896484375
1395,0.991943359375
1396,0.9931640625
1397,0.9913330078125
1398,0.9927978515625
1399,0.99267578125
1400,0.99267578125
1401,0.993408203125
1402,0.9935302734375
1403,0.9921875
1404,0.9930419921875
1405,0.9923095703125
1406,0.9931640625
1407,0.99169921875
1408,0.9932861328125
1409,0.9931640625
1410,0.9930419921875
1411,0.992919921875
1412,0.9927978515625
1413,0.9932861328125
1414,0.99365234375
1415,0.9937744140625
1416,0.9921875
1417,0.9923095703125
1418,0.993896484375
1419,0.9915771484375
1420,0.992431640625
1421,0.991943359375
1422,0.9913330078125
1423,0.9920654296875
1424,0.992431640625
1425,0.993408203125
1426,0.9930419921875
1427,0.99365234375
1428,0.9937744140625
1429,0.9923095703125
1430,0.99267578125
1431,0.99267578125
1432,0.9927978515625
1433,0.992431640625
1434,0.9918212890625
1435,0.99365234375
1436,0.992919921875
1437,0.9921875
1438,0.9920654296875
1439,0.9925537109375
1440,0.9925537109375
1441,0.9921875
1442,0.9915771484375
1443,0.9927978515625
1444,0.9940185546875
1445,0.9925537109375
1446,0.9930419921875
1447,0.9921875
1448,0.99267578125
1449,0.9925537109375
1450,0.9925537109375
1451,0.9923095703125
1452,0.993408203125
1453,0.991943359375
1454,0.9930419921875
1455,0.99365234375
1456,0.99365234375
1457,0.99267578125
1458,0.99365234375
1459,0.992919921875
1460,0.99267578125
1461,0.992919921875
1462,0.9925537109375
1463,0.9935302734375
1464,0.9930419921875
1465,0.9925537109375
1466,0.9931640625
1467,0.99267578125
1468,0.993408203125
1469,0.9930419921875
1470,0.9935302734375
1471,0.993408203125
1472,0.9935302734375
1473,0.9931640625
1474,0.99169921875
1475,0.9920654296875
1476,0.992919921875
1477,0.99267578125
1478,0.9918212890625
1479,0.9932861328125
1480,0.9920654296875
1481,0.9935302734375
1482,0.994384765625
1483,0.99169921875
1484,0.9921875
1485,0.9935302734375
1486,0.9918212890625
1487,0.99267578125
1488,0.9931640625
1489,0.9925537109375
1490,0.992919921875
1491,0.991943359375
1492,0.99267578125
1493,0.9930419921875
1494,0.9923095703125
1495,0.9937744140625
1496,0.994140625
1497,0.992919921875
1498,0.992431640625
1499,0.99365234375
1500,0.99365234375
1501,0.9921875
1502,0.992431640625
1503,0.9925537109375
1504,0.9918212890625
1505,0.9927978515625
1506,0.99267578125
1507,0.9918212890625
1508,0.993896484375
1509,0.9932861328125
1510,0.99267578125
1511,0.99365234375
1512,0.9913330078125
1513,0.993408203125
1514,0.9921875
1515,0.9935302734375
1516,0.992919921875
1517,0.993896484375
1518,0.991943359375
1519,0.993408203125
1520,0.9935302734375
1521,0.9920654296875
1522,0.9923095703125
1523,0.991455078125
1524,0.9931640625
1525,0.99267578125
1526,0.9927978515625
1527,0.9931640625
1528,0.99169921875
1529,0.99365234375
1530,0.991455078125
1531,0.9935302734375
1532,0.9925537109375
1533,0.99267578125
1534,0.9932861328125
1535,0.9921875
1536,0.992431640625
1537,0.9921875
1538,0.99169921875
1539,0.9920654296875
1540,0.992919921875
1541,0.9930419921875
1542,0.9925537109375
1543,0.9925537109375
1544,0.9923095703125
1545,0.9921875
1546,0.9925537109375
1547,0.9932861328125
1548,0.9942626953125
1549,0.9932861328125
1550,0.9918212890625
1551,0.9932861328125
1552,0.993408203125
1553,0.9921875
1554,0.990478515625
1555,0.9921875
1556,0.993408203125
1557,0.99365234375
1558,0.9931640625
1559,0.99169921875
1560,0.9930419921875
1561,0.9915771484375
1562,0.992431640625
1563,0.992431640625
1564,0.99267578125
1565,0.9915771484375
1566,0.9920654296875
1567,0.992431640625
1568,0.9940185546875
1569,0.99462890625
1570,0.9915771484375
1571,0.9932861328125
1572,0.9927978515625
1573,0.993408203125
1574,0.992919921875
1575,0.9935302734375
1576,0.9923095703125
1577,0.9925537109375
1578,0.9942626953125
1579,0.9921875
1580,0.992431640625
1581,0.9920654296875
1582,0.992431640625
1583,0.991943359375
1584,0.9930419921875
1585,0.99267578125
1586,0.9921875
1587,0.99365234375
1588,0.9927978515625
1589,0.99169921875
1590,0.992431640625
1591,0.9930419921875
1592,0.9920654296875
1593,0.9930419921875
1594,0.992919921875
1595,0.992431640625
1596,0.9910888671875
1597,0.991455078125
1598,0.9932861328125
1599,0.992919921875
1600,0.9927978515625
1601,0.9930419921875
1602,0.9921875
1603,0.9931640625
1604,0.9925537109375
1605,0.99267578125
1606,0.9923095703125
1607,0.992919921875
1608,0.992431640625
1609,0.992431640625
1610,0.993896484375
1611,0.9940185546875
1612,0.9930419921875
1613,0.992431640625
1614,0.992919921875
1615,0.990966796875
1616,0.9931640625
1617,0.992431640625
1618,0.99169921875
1619,0.9908447265625
1620,0.99072265625
1621,0.992919921875
1622,0.9920654296875
1623,0.9912109375
1624,0.993896484375
1625,0.992431640625
1626,0.992919921875
1627,0.9927978515625
1628,0.9931640625
1629,0.9932861328125
1630,0.991455078125
1631,0.99267578125
1632,0.991455078125
1633,0.9927978515625
1634,0.9931640625
1635,0.9942626953125
1636,0.9920654296875
1637,0.9923095703125
1638,0.9923095703125
1639,0.9925537109375
1640,0.9923095703125
1641,0.9931640625
1642,0.990966796875
1643,0.9932861328125
1644,0.99365234375
1645,0.9940185546875
1646,0.993408203125
1647,0.9930419921875
1648,0.994873046875
1649,0.9915771484375
1650,0.992919921875
1651,0.993408203125
1652,0.992919921875
1653,0.994384765625
1654,0.99169921875
1655,0.9931640625
1656,0.993408203125
1657,0.9930419921875
1658,0.9918212890625
1659,0.99267578125
1660,0.99072265625
1661,0.992431640625
1662,0.9920654296875
1663,0.9930419921875
1664,0.9912109375
1665,0.99365234375
1666,0.9930419921875
1667,0.992431640625
1668,0.9921875
1669,0.9935302734375
1670,0.9920654296875
1671,0.992919921875
1672,0.9913330078125
1673,0.9947509765625
1674,0.9921875
1675,0.992919921875
1676,0.9910888671875
1677,0.9931640625
1678,0.9930419921875
1679,0.9932861328125
1680,0.9912109375
1681,0.99267578125
1682,0.993896484375
1683,0.9931640625
1684,0.9925537109375
1685,0.992919921875
1686,0.9931640625
1687,0.9927978515625
1688,0.993896484375
1689,0.992919921875
1690,0.9927978515625
1691,0.992431640625
1692,0.992431640625
1693,0.99365234375
1694,0.9935302734375
1695,0.99365234375
1696,0.9923095703125
1697,0.9927978515625
1698,0.9925537109375
1699,0.992919921875
1700,0.9927978515625
1701,0.9918212890625
1702,0.9918212890625
1703,0.9925537109375
1704,0.9920654296875
1705,0.9925537109375
1706,0.9930419921875
1707,0.9925537109375
1708,0.992431640625
1709,0.99267578125
1710,0.99169921875
1711,0.9931640625
1712,0.993408203125
1713,0.9932861328125
1714,0.9920654296875
1715,0.992431640625
1716,0.9932861328125
1717,0.99462890625
1718,0.9940185546875
1719,0.9930419921875
1720,0.992431640625
1721,0.9921875
1722,0.994873046875
1723,0.99267578125
1724,0.993408203125
1725,0.9931640625
1726,0.99365234375
1727,0.9932861328125
1728,0.992431640625
1729,0.9921875
1730,0.9921875
1731,0.992919921875
1732,0.992431640625
1733,0.993408203125
1734,0.99267578125
1735,0.9940185546875
1736,0.992919921875
1737,0.9932861328125
1738,0.9927978515625
1739,0.9925537109375
1740,0.9927978515625
1741,0.9937744140625
1742,0.9927978515625
1743,0.9923095703125
1744,0.993408203125
1745,0.992919921875
1746,0.9930419921875
1747,0.991455078125
1748,0.9935302734375
1749,0.9931640625
1750,0.9925537109375
1751,0.9918212890625
1752,0.99169921875
1753,0.9910888671875
1754,0.994140625
1755,0.990234375
1756,0.993408203125
1757,0.992919921875
1758,0.9923095703125
1759,0.99462890625
1760,0.9923095703125
1761,0.9925537109375
1762,0.9923095703125
1763,0.9935302734375
1764,0.9925537109375
1765,0.9932861328125
1766,0.9930419921875
1767,0.9935302734375
1768,0.9932861328125
1769,0.9927978515625
1770,0.9930419921875
1771,0.9931640625
1772,0.992431640625
1773,0.9923095703125
1774,0.9937744140625
1775,0.9918212890625
1776,0.9913330078125
1777,0.9935302734375
1778,0.9898681640625
1779,0.99365234375
1780,0.99267578125
1781,0.993408203125
1782,0.991943359375
1783,0.9906005859375
1784,0.9923095703125
1785,0.99267578125
1786,0.9918212890625
1787,0.991943359375
1788,0.9923095703125
1789,0.9923095703125
1790,0.993408203125
1791,0.991943359375
1792,0.9912109375
1793,0.9920654296875
1794,0.9935302734375
1795,0.9927978515625
1796,0.9930419921875
1797,0.992919921875
1798,0.99365234375
1799,0.993896484375
1800,0.9920654296875
1801,0.9918212890625
1802,0.99267578125
1803,0.9940185546875
1804,0.9937744140625
1805,0.9925537109375
1806,0.9937744140625
1807,0.99169921875
1808,0.9923095703125
1809,0.992431640625
1810,0.9937744140625
1811,0.9932861328125
1812,0.9921875
1813,0.9930419921875
1814,0.9930419921875
1815,0.9935302734375
1816,0.99267578125
1817,0.9931640625
1818,0.9910888671875
1819,0.991943359375
1820,0.9940185546875
1821,0.991943359375
1822,0.9921875
1823,0.9927978515625
1824,0.9930419921875
1825,0.9906005859375
1826,0.9927978515625
1827,0.9918212890625
1828,0.9918212890625
1829,0.9942626953125
1830,0.993408203125
1831,0.9931640625
1832,0.9927978515625
1833,0.992431640625
1834,0.9935302734375
1835,0.993408203125
1836,0.992431640625
1837,0.9915771484375
1838,0.991943359375
1839,0.992919921875
1840,0.9937744140625
1841,0.9940185546875
1842,0.9906005859375
1843,0.9937744140625
1844,0.992919921875
1845,0.9920654296875
1846,0.990966796875
1847,0.993896484375
1848,0.9925537109375
1849,0.9927978515625
1850,0.9931640625
1851,0.991455078125
1852,0.9923095703125
1853,0.9927978515625
1854,0.9908447265625
1855,0.9935302734375
1856,0.9915771484375
1857,0.9927978515625
1858,0.99267578125
1859,0.9913330078125
1860,0.9931640625
1861,0.9921875
1862,0.991943359375
1863,0.992431640625
1864,0.992919921875
1865,0.993408203125
1866,0.9915771484375
1867,0.99267578125
1868,0.993896484375
1869,0.991943359375
1870,0.992919921875
1871,0.99169921875
1872,0.9927978515625
1873,0.992919921875
1874,0.9930419921875
1875,0.9931640625
1876,0.9927978515625
1877,0.9925537109375
1878,0.9930419921875
1879,0.99169921875
1880,0.99169921875
1881,0.9932861328125
1882,0.9930419921875
1883,0.9930419921875
1884,0.9925537109375
1885,0.9949951171875
1886,0.99267578125
1887,0.9925537109375
1888,0.9920654296875
1889,0.9921875
1890,0.9931640625
1891,0.9932861328125
1892,0.9930419921875
1893,0.9932861328125
1894,0.9920654296875
1895,0.992919921875
1896,0.992431640625
1897,0.99169921875
1898,0.9923095703125
1899,0.9921875
1900,0.992919921875
1901,0.9923095703125
1902,0.9930419921875
1903,0.9932861328125
1904,0.9920654296875
1905,0.992431640625
1906,0.9912109375
1907,0.9925537109375
1908,0.992919921875
1909,0.99267578125
1910,0.991943359375
1911,0.99169921875
1912,0.9918212890625
1913,0.9923095703125
1914,0.9927978515625
1915,0.9925537109375
1916,0.99169921875
1917,0.992919921875
1918,0.99267578125
1919,0.9923095703125
1920,0.992431640625
1921,0.9930419921875
1922,0.993408203125
1923,0.99267578125
1924,0.9927978515625
1925,0.9920654296875
1926,0.99169921875
1927,0.992919921875
1928,0.9921875
1929,0.9923095703125
1930,0.9931640625
1931,0.992919921875
1932,0.9921875
1933,0.9932861328125
1934,0.9932861328125
1935,0.991943359375
1936,0.99267578125
1937,0.99169921875
1938,0.993408203125
1939,0.9927978515625
1940,0.9927978515625
1941,0.9921875
1942,0.991943359375
1943,0.9923095703125
1944,0.99365234375
1945,0.991943359375
1946,0.9920654296875
1947,0.99267578125
1948,0.992919921875
1949,0.9925537109375
1950,0.9925537109375
1951,0.9940185546875
1952,0.991943359375
1953,0.9932861328125
1954,0.9932861328125
1955,0.991943359375
1956,0.9927978515625
1957,0.99462890625
1958,0.9921875
1959,0.992919921875
1960,0.992919921875
1961,0.9927978515625
1962,0.9927978515625
1963,0.99365234375
1964,0.9921875
1965,0.9921875
1966,0.9923095703125
1967,0.9927978515625
1968,0.9925537109375
1969,0.9932861328125
1970,0.992919921875
1971,0.99365234375
1972,0.99365234375
1973,0.9925537109375
1974,0.9925537109375
1975,0.992431640625
1976,0.9920654296875
1977,0.993408203125
1978,0.99365234375
1979,0.992919921875
1980,0.992431640625
1981,0.9920654296875
1982,0.9925537109375
1983,0.99267578125
1984,0.992919921875
1985,0.9932861328125
1986,0.9918212890625
1987,0.9920654296875
1988,0.9925537109375
1989,0.99169921875
1990,0.991943359375
1991,0.99267578125
1992,0.9935302734375
1993,0.993408203125
1994,0.9923095703125
1995,0.9932861328125
1996,0.9937744140625
1997,0.99365234375
1998,0.991943359375
1999,0.990966796875
2000,0.992919921875
2001,0.99169921875
2002,0.9925537109375
2003,0.9923095703125
2004,0.9932861328125
2005,0.99267578125
2006,0.9925537109375
2007,0.9945068359375
2008,0.99267578125
2009,0.99169921875
2010,0.9918212890625
2011,0.9921875
2012,0.9925537109375
2013,0.9923095703125
2014,0.9923095703125
2015,0.992431640625
2016,0.993896484375
2017,0.9921875
2018,0.992431640625
2019,0.992431640625
2020,0.9925537109375
2021,0.9930419921875
2022,0.9935302734375
2023,0.9920654296875
2024,0.993408203125
2025,0.9912109375
2026,0.9930419921875
2027,0.992431640625
2028,0.9918212890625
2029,0.9931640625
2030,0.9920654296875
2031,0.992919921875
2032,0.9918212890625
2033,0.9923095703125
2034,0.9927978515625
2035,0.9931640625
2036,0.9927978515625
2037,0.9931640625
2038,0.9930419921875
2039,0.99365234375
2040,0.9918212890625
2041,0.992919921875
2042,0.9921875
2043,0.9931640625
2044,0.9921875
2045,0.9927978515625
2046,0.9925537109375
2047,0.99169921875
2048,0.9910888671875
2049,0.9923095703125
2050,0.9913330078125
2051,0.9925537109375
2052,0.99267578125
2053,0.9932861328125
2054,0.9931640625
2055,0.992919921875
2056,0.9930419921875
2057,0.991455078125
2058,0.9925537109375
2059,0.994384765625
2060,0.993408203125
2061,0.992919921875
2062,0.9925537109375
2063,0.9932861328125
2064,0.9937744140625
2065,0.9923095703125
2066,0.992919921875
2067,0.9923095703125
2068,0.9932861328125
2069,0.991943359375
2070,0.9937744140625
2071,0.9915771484375
2072,0.9921875
2073,0.993896484375
2074,0.9918212890625
2075,0.9932861328125
2076,0.9913330078125
2077,0.993896484375
2078,0.99267578125
2079,0.9918212890625
2080,0.9931640625
2081,0.9920654296875
2082,0.9921875
2083,0.9923095703125
2084,0.99267578125
2085,0.9913330078125
2086,0.993408203125
2087,0.99169921875
2088,0.991943359375
2089,0.9930419921875
2090,0.993408203125
2091,0.9935302734375
2092,0.9920654296875
2093,0.9930419921875
2094,0.992919921875
2095,0.9923095703125
2096,0.993408203125
2097,0.9925537109375
2098,0.9927978515625
2099,0.99365234375
2100,0.9925537109375
2101,0.9913330078125
2102,0.9937744140625
2103,0.9923095703125
2104,0.9921875
2105,0.9920654296875
2106,0.991943359375
2107,0.99267578125
2108,0.9937744140625
2109,0.9921875
2110,0.992919921875
2111,0.99365234375
2112,0.99169921875
2113,0.9930419921875
2114,0.9906005859375
2115,0.9927978515625
2116,0.993408203125
2117,0.9927978515625
2118,0.992919921875
2119,0.992919921875
2120,0.992919921875
2121,0.9925537109375
2122,0.993408203125
2123,0.9921875
2124,0.9925537109375
2125,0.9921875
2126,0.9925537109375
2127,0.99267578125
2128,0.9930419921875
2129,0.9935302734375
2130,0.99267578125
2131,0.991455078125
2132,0.99267578125
2133,0.99267578125
2134,0.991943359375
2135,0.991943359375
2136,0.992919921875
2137,0.9925537109375
2138,0.992919921875
2139,0.9927978515625
2140,0.9920654296875
2141,0.99169921875
2142,0.99365234375
2143,0.9923095703125
2144,0.9923095703125
2145,0.9932861328125
2146,0.9915771484375
2147,0.9925537109375
2148,0.992919921875
2149,0.992919921875
2150,0.9930419921875
2151,0.9927978515625
2152,0.992919921875
2153,0.9931640625
2154,0.9920654296875
2155,0.9942626953125
2156,0.9927978515625
2157,0.9921875
2158,0.9927978515625
2159,0.992431640625
2160,0.99267578125
2161,0.9930419921875
2162,0.99267578125
2163,0.992919921875
2164,0.991455078125
2165,0.9923095703125
2166,0.9910888671875
2167,0.9925537109375
2168,0.9927978515625
2169,0.9913330078125
2170,0.99267578125
2171,0.993408203125
2172,0.9908447265625
2173,0.99169921875
2174,0.9931640625
2175,0.993408203125
2176,0.9920654296875
2177,0.9932861328125
2178,0.9927978515625
2179,0.99267578125
2180,0.993408203125
2181,0.993408203125
2182,0.9931640625
2183,0.992431640625
2184,0.9931640625
2185,0.9920654296875
2186,0.9923095703125
2187,0.99267578125
2188,0.9920654296875
2189,0.992431640625
2190,0.9918212890625
2191,0.99072265625
2192,0.99072265625
2193,0.99169921875
2194,0.9915771484375
2195,0.9931640625
2196,0.99267578125
2197,0.991455078125
2198,0.9930419921875
2199,0.9925537109375
2200,0.9931640625
2201,0.9912109375
2202,0.9931640625
2203,0.992919921875
2204,0.9931640625
2205,0.9927978515625
2206,0.99365234375
2207,0.9932861328125
2208,0.99267578125
2209,0.9935302734375
2210,0.9920654296875
2211,0.992919921875
2212,0.9921875
2213,0.9925537109375
2214,0.99267578125
2215,0.9940185546875
2216,0.993408203125
2217,0.9921875
2218,0.9932861328125
2219,0.9910888671875
2220,0.990966796875
2221,0.99169921875
2222,0.9937744140625
2223,0.99169921875
2224,0.99267578125
2225,0.9906005859375
2226,0.993408203125
2227,0.99365234375
2228,0.992431640625
2229,0.99267578125
2230,0.99072265625
2231,0.9937744140625
2232,0.9920654296875
2233,0.9915771484375
2234,0.99267578125
2235,0.9927978515625
2236,0.991455078125
2237,0.9932861328125
2238,0.991455078125
2239,0.9920654296875
2240,0.99267578125
2241,0.9932861328125
2242,0.9913330078125
2243,0.9932861328125
2244,0.9925537109375
2245,0.9918212890625
2246,0.99267578125
2247,0.99169921875
2248,0.9925537109375
2249,0.9918212890625
2250,0.9923095703125
2251,0.9935302734375
2252,0.9920654296875
2253,0.99267578125
2254,0.992431640625
2255,0.993408203125
2256,0.9930419921875
2257,0.9925537109375
2258,0.992919921875
2259,0.993896484375
2260,0.9910888671875
2261,0.9908447265625
2262,0.9927978515625
2263,0.991943359375
2264,0.9912109375
2265,0.99267578125
2266,0.992431640625
2267,0.9915771484375
2268,0.9915771484375
2269,0.9912109375
2270,0.9932861328125
2271,0.9921875
2272,0.9927978515625
2273,0.991943359375
2274,0.9915771484375
2275,0.993408203125
2276,0.9920654296875
2277,0.9927978515625
2278,0.9931640625
2279,0.9923095703125
2280,0.9927978515625
2281,0.9925537109375
2282,0.992919921875
2283,0.9931640625
2284,0.9931640625
2285,0.9931640625
2286,0.993896484375
2287,0.992919921875
2288,0.9930419921875
2289,0.994384765625
2290,0.9918212890625
2291,0.9930419921875
2292,0.9927978515625
2293,0.991943359375
2294,0.991455078125
2295,0.9920654296875
2296,0.9935302734375
2297,0.9931640625
2298,0.9932861328125
2299,0.9925537109375
2300,0.994140625
2301,0.992919921875
2302,0.992919921875
2303,0.99267578125
2304,0.9927978515625
2305,0.9937744140625
2306,0.99365234375
2307,0.9937744140625
2308,0.99365234375
2309,0.9932861328125
2310,0.9925537109375
2311,0.9925537109375
2312,0.99267578125
2313,0.99267578125
2314,0.9935302734375
2315,0.9931640625
2316,0.9925537109375
2317,0.9920654296875
2318,0.9918212890625
2319,0.9935302734375
2320,0.991943359375
2321,0.992431640625
2322,0.993408203125
2323,0.9932861328125
2324,0.992431640625
2325,0.9931640625
2326,0.992919921875
2327,0.9925537109375
2328,0.991943359375
2329,0.991455078125
2330,0.9932861328125
2331,0.9930419921875
2332,0.99267578125
2333,0.9930419921875
2334,0.992431640625
2335,0.9912109375
2336,0.9932861328125
2337,0.9920654296875
2338,0.9925537109375
2339,0.9908447265625
2340,0.992431640625
2341,0.9930419921875
2342,0.9925537109375
2343,0.992431640625
2344,0.991455078125
2345,0.9923095703125
2346,0.9927978515625
2347,0.9921875
2348,0.991943359375
2349,0.992919921875
2350,0.9920654296875
2351,0.992431640625
2352,0.992431640625
2353,0.9927978515625
2354,0.9932861328125
2355,0.9918212890625
2356,0.9918212890625
2357,0.99169921875
2358,0.9912109375
2359,0.9927978515625
2360,0.9923095703125
2361,0.991943359375
2362,0.9940185546875
2363,0.9937744140625
2364,0.9923095703125
2365,0.9925537109375
2366,0.9942626953125
2367,0.99267578125
2368,0.9927978515625
2369,0.9935302734375
2370,0.9923095703125
2371,0.9927978515625
2372,0.9908447265625
2373,0.9918212890625
2374,0.9921875
2375,0.9918212890625
2376,0.9920654296875
2377,0.9915771484375
2378,0.9935302734375
2379,0.9921875
2380,0.99072265625
2381,0.9925537109375
2382,0.99267578125
2383,0.9927978515625
2384,0.9927978515625
2385,0.9937744140625
2386,0.99267578125
2387,0.991943359375
2388,0.9923095703125
2389,0.99267578125
2390,0.9918212890625
2391,0.9927978515625
2392,0.991943359375
2393,0.9920654296875
2394,0.9913330078125
2395,0.99169921875
2396,0.991943359375
2397,0.9932861328125
2398,0.9915771484375
2399,0.9927978515625
2400,0.99169921875
2401,0.99072265625
2402,0.9927978515625
2403,0.99365234375
2404,0.9918212890625
2405,0.990966796875
2406,0.9932861328125
2407,0.9927978515625
2408,0.9931640625
2409,0.99169921875
2410,0.99365234375
2411,0.9930419921875
2412,0.991455078125
2413,0.99169921875
2414,0.99169921875
2415,0.9921875
2416,0.9925537109375
2417,0.993408203125
2418,0.9937744140625
2419,0.9927978515625
2420,0.9931640625
2421,0.9923095703125
2422,0.9930419921875
2423,0.9937744140625
2424,0.9931640625
2425,0.9931640625
2426,0.992431640625
2427,0.9925537109375
2428,0.993896484375
2429,0.9918212890625
2430,0.9927978515625
2431,0.9931640625
2432,0.99267578125
2433,0.9920654296875
2434,0.993408203125
2435,0.99072265625
2436,0.992431640625
2437,0.99365234375
2438,0.9921875
2439,0.9925537109375
2440,0.9925537109375
2441,0.9921875
2442,0.9920654296875
2443,0.994140625
2444,0.9920654296875
2445,0.9932861328125
2446,0.992919921875
2447,0.9932861328125
2448,0.99365234375
2449,0.9921875
2450,0.991943359375
2451,0.9920654296875
2452,0.9925537109375
2453,0.992431640625
2454,0.9927978515625
2455,0.992919921875
2456,0.9915771484375
2457,0.9921875
2458,0.991455078125
2459,0.9927978515625
2460,0.9935302734375
2461,0.992919921875
2462,0.9927978515625
2463,0.9931640625
2464,0.9925537109375
2465,0.992919921875
2466,0.9932861328125
2467,0.992919921875
2468,0.9918212890625
2469,0.99267578125
2470,0.99267578125
2471,0.9918212890625
2472,0.99267578125
2473,0.9913330078125
2474,0.9932861328125
2475,0.99267578125
2476,0.9932861328125
2477,0.993408203125
2478,0.9935302734375
2479,0.993408203125
2480,0.991455078125
2481,0.9942626953125
2482,0.9927978515625
2483,0.9918212890625
2484,0.9927978515625
2485,0.990966796875
2486,0.9932861328125
2487,0.9931640625
2488,0.9927978515625
2489,0.9913330078125
2490,0.9921875
2491,0.991943359375
2492,0.991455078125
2493,0.9925537109375
2494,0.9923095703125
2495,0.9937744140625
2496,0.9921875
2497,0.9923095703125
2498,0.99169921875
2499,0.9935302734375
2500,0.992919921875
2501,0.9947509765625
2502,0.9923095703125
2503,0.99267578125
2504,0.9918212890625
2505,0.9931640625
2506,0.992919921875
2507,0.992919921875
2508,0.9935302734375
2509,0.992919921875
2510,0.9945068359375
2511,0.994140625
2512,0.9927978515625
2513,0.9940185546875
2514,0.9918212890625
2515,0.992919921875
2516,0.9927978515625
2517,0.9918212890625
2518,0.9945068359375
2519,0.9923095703125
2520,0.9925537109375
2521,0.9927978515625
2522,0.99365234375
2523,0.9932861328125
2524,0.992431640625
2525,0.9930419921875
2526,0.99267578125
2527,0.99169921875
2528,0.9920654296875
2529,0.9925537109375
2530,0.99365234375
2531,0.99267578125
2532,0.9912109375
2533,0.992431640625
2534,0.99169921875
2535,0.993408203125
2536,0.9923095703125
2537,0.991455078125
2538,0.9915771484375
2539,0.993896484375
2540,0.9931640625
2541,0.992919921875
2542,0.9915771484375
2543,0.991455078125
2544,0.9923095703125
2545,0.9932861328125
2546,0.9945068359375
2547,0.99267578125
2548,0.994140625
2549,0.9923095703125
2550,0.993896484375
2551,0.9931640625
2552,0.992431640625
2553,0.9925537109375
2554,0.9918212890625
2555,0.9935302734375
2556,0.992431640625
2557,0.992431640625
2558,0.9925537109375
2559,0.9925537109375
2560,0.9923095703125
2561,0.992919921875
2562,0.9931640625
2563,0.9927978515625
2564,0.992431640625
2565,0.9925537109375
2566,0.9920654296875
2567,0.9930419921875
2568,0.9931640625
2569,0.9923095703125
2570,0.9927978515625
2571,0.9920654296875
2572,0.992919921875
2573,0.991943359375
2574,0.9930419921875
2575,0.99365234375
2576,0.9915771484375
2577,0.9931640625
2578,0.9942626953125
2579,0.992919921875
2580,0.9923095703125
2581,0.99169921875
2582,0.9912109375
2583,0.9937744140625
2584,0.9915771484375
2585,0.9923095703125
2586,0.9923095703125
2587,0.9923095703125
2588,0.99267578125
2589,0.992431640625
2590,0.99267578125
2591,0.9923095703125
2592,0.992431640625
2593,0.992431640625
2594,0.991943359375
2595,0.993408203125
2596,0.9927978515625
2597,0.9921875
2598,0.99072265625
2599,0.9925537109375
2600,0.9932861328125
2601,0.991455078125
2602,0.991943359375
2603,0.992431640625
2604,0.9930419921875
2605,0.9932861328125
2606,0.992431640625
2607,0.99267578125
2608,0.9932861328125
2609,0.9930419921875
2610,0.9932861328125
2611,0.992919921875
2612,0.9932861328125
2613,0.9912109375
2614,0.9923095703125
2615,0.991455078125
2616,0.9927978515625
2617,0.9918212890625
2618,0.993408203125
2619,0.9913330078125
2620,0.992919921875
2621,0.9912109375
2622,0.9930419921875
2623,0.99169921875
2624,0.9925537109375
2625,0.9931640625
2626,0.992431640625
2627,0.9945068359375
2628,0.9910888671875
2629,0.993408203125
2630,0.9935302734375
2631,0.991943359375
2632,0.9937744140625
2633,0.9920654296875
2634,0.9921875
2635,0.9925537109375
2636,0.9921875
2637,0.991943359375
2638,0.99267578125
2639,0.9923095703125
2640,0.9927978515625
2641,0.9930419921875
2642,0.9927978515625
2643,0.9921875
2644,0.9923095703125
2645,0.9927978515625
2646,0.991943359375
2647,0.992431640625
2648,0.9927978515625
2649,0.992919921875
2650,0.99365234375
2651,0.9915771484375
2652,0.9935302734375
2653,0.9942626953125
2654,0.992431640625
2655,0.9935302734375
2656,0.9927978515625
2657,0.991455078125
2658,0.993408203125
2659,0.9921875
2660,0.9913330078125
2661,0.9920654296875
2662,0.9918212890625
2663,0.99169921875
2664,0.9923095703125
2665,0.9925537109375
2666,0.992431640625
2667,0.9927978515625
2668,0.991455078125
2669,0.992919921875
2670,0.9923095703125
2671,0.9925537109375
2672,0.9927978515625
2673,0.991943359375
2674,0.9908447265625
2675,0.9921875
2676,0.992431640625
2677,0.9920654296875
2678,0.991943359375
2679,0.9921875
2680,0.9925537109375
2681,0.9918212890625
2682,0.9930419921875
2683,0.9915771484375
2684,0.9930419921875
2685,0.9930419921875
2686,0.9925537109375
2687,0.991943359375
2688,0.991943359375
2689,0.9920654296875
2690,0.9931640625
2691,0.99169921875
2692,0.9925537109375
2693,0.991943359375
2694,0.9932861328125
2695,0.9925537109375
2696,0.9923095703125
2697,0.993408203125
2698,0.9937744140625
2699,0.9932861328125
2700,0.991455078125
2701,0.9925537109375
2702,0.9918212890625
2703,0.992431640625
2704,0.9931640625
2705,0.991943359375
2706,0.99267578125
2707,0.9930419921875
2708,0.992431640625
2709,0.9930419921875
2710,0.99365234375
2711,0.994384765625
2712,0.9940185546875
2713,0.9927978515625
2714,0.9923095703125
2715,0.9915771484375
2716,0.99169921875
2717,0.992431640625
2718,0.9923095703125
2719,0.991455078125
2720,0.9925537109375
2721,0.992919921875
2722,0.9921875
2723,0.9940185546875
2724,0.9935302734375
2725,0.9925537109375
2726,0.9920654296875
2727,0.99267578125
2728,0.990966796875
2729,0.99267578125
2730,0.9935302734375
2731,0.9931640625
2732,0.993896484375
2733,0.99267578125
2734,0.9921875
2735,0.9921875
2736,0.99267578125
2737,0.992919921875
2738,0.9935302734375
2739,0.99169921875
2740,0.9932861328125
2741,0.992919921875
2742,0.991943359375
2743,0.9908447265625
2744,0.992919921875
2745,0.9930419921875
2746,0.992919921875
2747,0.9932861328125
2748,0.9931640625
2749,0.99267578125
2750,0.99169921875
2751,0.992919921875
2752,0.99169921875
2753,0.9912109375
2754,0.99267578125
2755,0.9915771484375
2756,0.993408203125
2757,0.9932861328125
2758,0.992431640625
2759,0.993896484375
2760,0.9932861328125
2761,0.9930419921875
2762,0.9921875
2763,0.9935302734375
2764,0.9931640625
2765,0.9927978515625
2766,0.9942626953125
2767,0.9931640625
2768,0.991455078125
2769,0.9923095703125
2770,0.9927978515625
2771,0.992919921875
2772,0.99169921875
2773,0.99169921875
2774,0.9923095703125
2775,0.99169921875
2776,0.99169921875
2777,0.9925537109375
2778,0.9935302734375
2779,0.992431640625
2780,0.991455078125
2781,0.9918212890625
2782,0.9930419921875
2783,0.993408203125
2784,0.9915771484375
2785,0.990966796875
2786,0.9932861328125
2787,0.9930419921875
2788,0.992919921875
2789,0.9931640625
2790,0.993408203125
2791,0.991455078125
2792,0.9931640625
2793,0.9932861328125
2794,0.9918212890625
2795,0.9915771484375
2796,0.9931640625
2797,0.9930419921875
2798,0.9921875
2799,0.9920654296875
2800,0.99169921875
2801,0.9930419921875
2802,0.99072265625
2803,0.9921875
2804,0.9930419921875
2805,0.9915771484375
2806,0.992919921875
2807,0.990478515625
2808,0.99169921875
2809,0.9912109375
2810,0.993408203125
2811,0.9920654296875
2812,0.99169921875
2813,0.9903564453125
2814,0.993896484375
2815,0.992919921875
2816,0.9930419921875
2817,0.991943359375
2818,0.9940185546875
2819,0.99267578125
2820,0.9927978515625
2821,0.9931640625
2822,0.990478515625
2823,0.991455078125
2824,0.9923095703125
2825,0.991943359375
2826,0.9932861328125
2827,0.99267578125
2828,0.9932861328125
2829,0.9931640625
2830,0.993896484375
2831,0.991943359375
2832,0.991943359375
2833,0.9925537109375
2834,0.992919921875
2835,0.9913330078125
2836,0.9935302734375
2837,0.991943359375
2838,0.99169921875
2839,0.992431640625
2840,0.9930419921875
2841,0.9925537109375
2842,0.991455078125
2843,0.993408203125
2844,0.9920654296875
2845,0.9925537109375
2846,0.994140625
2847,0.993896484375
2848,0.9932861328125
2849,0.9920654296875
2850,0.9927978515625
2851,0.9912109375
2852,0.99267578125
2853,0.9925537109375
2854,0.993896484375
2855,0.9921875
2856,0.9942626953125
2857,0.992431640625
2858,0.9930419921875
2859,0.992431640625
2860,0.9932861328125
2861,0.9915771484375
2862,0.991943359375
2863,0.9923095703125
2864,0.991943359375
2865,0.9927978515625
2866,0.992431640625
2867,0.9931640625
2868,0.9921875
2869,0.9930419921875
2870,0.99169921875
2871,0.99267578125
2872,0.994384765625
2873,0.99267578125
2874,0.9918212890625
2875,0.9935302734375
2876,0.991943359375
2877,0.9925537109375
2878,0.99267578125
2879,0.9940185546875
2880,0.9927978515625
2881,0.991943359375
2882,0.99267578125
2883,0.99365234375
2884,0.992431640625
2885,0.9920654296875
2886,0.9920654296875
2887,0.9920654296875
2888,0.9923095703125
2889,0.99267578125
2890,0.9920654296875
2891,0.9923095703125
2892,0.9925537109375
2893,0.993408203125
2894,0.9921875
2895,0.992919921875
2896,0.9915771484375
2897,0.992919921875
2898,0.99267578125
2899,0.9920654296875
2900,0.9932861328125
2901,0.9937744140625
2902,0.993408203125
2903,0.9927978515625
2904,0.9923095703125
2905,0.992431640625
2906,0.9935302734375
2907,0.9930419921875
2908,0.9923095703125
2909,0.992431640625
2910,0.9935302734375
2911,0.9930419921875
2912,0.9915771484375
2913,0.991943359375
2914,0.993408203125
2915,0.9931640625
2916,0.99072265625
2917,0.9925537109375
2918,0.9925537109375
2919,0.99365234375
2920,0.9925537109375
2921,0.9920654296875
2922,0.99169921875
2923,0.9915771484375
2924,0.993408203125
2925,0.992919921875
2926,0.993408203125
2927,0.991455078125
2928,0.9927978515625
2929,0.993896484375
2930,0.9931640625
2931,0.991455078125
2932,0.9930419921875
2933,0.9923095703125
2934,0.9915771484375
2935,0.991455078125
2936,0.9913330078125
2937,0.9932861328125
2938,0.992919921875
2939,0.9908447265625
2940,0.99267578125
2941,0.9932861328125
2942,0.9918212890625
2943,0.99267578125
2944,0.992431640625
2945,0.9915771484375
2946,0.9923095703125
2947,0.9935302734375
2948,0.993896484375
2949,0.9930419921875
2950,0.9912109375
2951,0.9927978515625
2952,0.9931640625
2953,0.991943359375
2954,0.9925537109375
2955,0.993896484375
2956,0.99267578125
2957,0.99169921875
2958,0.9937744140625
2959,0.992431640625
2960,0.9925537109375
2961,0.9930419921875
2962,0.9940185546875
2963,0.9923095703125
2964,0.9935302734375
2965,0.9915771484375
2966,0.9920654296875
2967,0.9932861328125
2968,0.9931640625
2969,0.9918212890625
2970,0.9920654296875
2971,0.9921875
2972,0.993896484375
2973,0.9920654296875
2974,0.992431640625
2975,0.9918212890625
2976,0.99267578125
2977,0.99267578125
2978,0.99267578125
2979,0.9912109375
2980,0.9935302734375
2981,0.9930419921875
2982,0.993408203125
2983,0.991943359375
2984,0.9921875
2985,0.992919921875
2986,0.99169921875
2987,0.992919921875
2988,0.9937744140625
2989,0.9935302734375
2990,0.9937744140625
2991,0.9925537109375
2992,0.9915771484375
2993,0.9935302734375
2994,0.99267578125
2995,0.9923095703125
2996,0.99365234375
2997,0.9921875
2998,0.992919921875
2999,0.992919921875
3000,0.9930419921875
3001,0.9927978515625
3002,0.992919921875
3003,0.992919921875
3004,0.99169921875
3005,0.994140625
3006,0.9921875
3007,0.991455078125
3008,0.9910888671875
3009,0.992431640625
3010,0.992431640625
3011,0.9927978515625
3012,0.9940185546875
3013,0.9920654296875
3014,0.991943359375
3015,0.9915771484375
3016,0.9945068359375
3017,0.9913330078125
3018,0.9923095703125
3019,0.9921875
3020,0.9931640625
3021,0.9915771484375
3022,0.9912109375
3023,0.9918212890625
3024,0.9921875
3025,0.992919921875
3026,0.9927978515625
3027,0.9932861328125
3028,0.990966796875
3029,0.9931640625
3030,0.9925537109375
3031,0.9942626953125
3032,0.9930419921875
3033,0.99267578125
3034,0.99169921875
3035,0.9932861328125
3036,0.991943359375
3037,0.9923095703125
3038,0.9940185546875
3039,0.99365234375
3040,0.9921875
3041,0.9915771484375
3042,0.99267578125
3043,0.9931640625
3044,0.9915771484375
3045,0.9935302734375
3046,0.9932861328125
3047,0.992431640625
3048,0.9937744140625
3049,0.9918212890625
3050,0.9918212890625
3051,0.9937744140625
3052,0.9918212890625
3053,0.992919921875
3054,0.9925537109375
3055,0.9925537109375
3056,0.99267578125
3057,0.993408203125
3058,0.9915771484375
3059,0.9927978515625
3060,0.9921875
3061,0.993896484375
3062,0.99365234375
3063,0.9930419921875
3064,0.994384765625
3065,0.9935302734375
3066,0.9927978515625
3067,0.9921875
3068,0.9930419921875
3069,0.9921875
3070,0.9930419921875
3071,0.9927978515625
3072,0.99169921875
3073,0.99267578125
3074,0.99267578125
3075,0.9913330078125
3076,0.9923095703125
3077,0.992919921875
3078,0.9937744140625
3079,0.9921875
3080,0.9931640625
3081,0.993408203125
3082,0.9921875
3083,0.99169921875
3084,0.992919921875
3085,0.992431640625
3086,0.9925537109375
3087,0.9915771484375
3088,0.9921875
3089,0.9910888671875
3090,0.9918212890625
3091,0.9930419921875
3092,0.9910888671875
3093,0.9931640625
3094,0.992431640625
3095,0.992919921875
3096,0.9906005859375
3097,0.991943359375
3098,0.992919921875
3099,0.99462890625
3100,0.9925537109375
3101,0.9912109375
3102,0.9920654296875
3103,0.9935302734375
3104,0.9932861328125
3105,0.9932861328125
3106,0.99267578125
3107,0.993896484375
3108,0.994140625
3109,0.992919921875
3110,0.9918212890625
3111,0.9920654296875
3112,0.9925537109375
3113,0.9930419921875
3114,0.9927978515625
3115,0.99365234375
3116,0.9920654296875
3117,0.9923095703125
3118,0.9927978515625
3119,0.9927978515625
3120,0.99267578125
3121,0.989990234375
3122,0.991943359375
3123,0.9925537109375
3124,0.991455078125
3125,0.9913330078125
3126,0.9915771484375
3127,0.9921875
3128,0.992431640625
3129,0.9921875
3130,0.9920654296875
3131,0.9931640625
3132,0.9913330078125
3133,0.9942626953125
3134,0.99267578125
3135,0.99267578125
3136,0.99169921875
3137,0.9915771484375
3138,0.9927978515625
3139,0.99365234375
3140,0.99169921875
3141,0.992919921875
3142,0.992431640625
3143,0.99365234375
3144,0.992431640625
3145,0.9925537109375
3146,0.9920654296875
3147,0.9930419921875
3148,0.993408203125
3149,0.9927978515625
3150,0.992919921875
3151,0.9920654296875
3152,0.9927978515625
3153,0.9923095703125
3154,0.993408203125
3155,0.9923095703125
3156,0.991455078125
3157,0.9932861328125
3158,0.993408203125
3159,0.991455078125
3160,0.9925537109375
3161,0.99267578125
3162,0.9927978515625
3163,0.99267578125
3164,0.9906005859375
3165,0.9930419921875
3166,0.9925537109375
3167,0.992919921875
3168,0.9915771484375
3169,0.992919921875
3170,0.99365234375
3171,0.9923095703125
3172,0.992919921875
3173,0.9927978515625
3174,0.993408203125
3175,0.9925537109375
3176,0.99267578125
3177,0.9931640625
3178,0.9918212890625
3179,0.9931640625
3180,0.992431640625
3181,0.9923095703125
3182,0.992919921875
3183,0.992919921875
3184,0.9923095703125
3185,0.9927978515625
3186,0.99169921875
3187,0.991943359375
3188,0.9931640625
3189,0.9915771484375
3190,0.9912109375
3191,0.9921875
3192,0.9945068359375
3193,0.9930419921875
3194,0.9923095703125
3195,0.9931640625
3196,0.993408203125
3197,0.9927978515625
3198,0.9927978515625
3199,0.991943359375
3200,0.993408203125
3201,0.9935302734375
3202,0.9925537109375
3203,0.991943359375
3204,0.992919921875
3205,0.9910888671875
3206,0.992431640625
3207,0.9923095703125
3208,0.9923095703125
3209,0.9935302734375
3210,0.9925537109375
3211,0.9923095703125
3212,0.99169921875
3213,0.9908447265625
3214,0.9930419921875
3215,0.9927978515625
3216,0.9925537109375
3217,0.9913330078125
3218,0.9918212890625
3219,0.9930419921875
3220,0.99267578125
3221,0.99267578125
3222,0.9932861328125
3223,0.9921875
3224,0.991943359375
3225,0.9937744140625
3226,0.9921875
3227,0.9931640625
3228,0.9927978515625
3229,0.9915771484375
3230,0.9930419921875
3231,0.993408203125
3232,0.9925537109375
3233,0.9923095703125
3234,0.993896484375
3235,0.9915771484375
3236,0.9931640625
3237,0.992431640625
3238,0.99267578125
3239,0.99169921875
3240,0.9921875
3241,0.9927978515625
3242,0.9920654296875
3243,0.991455078125
3244,0.9930419921875
3245,0.9923095703125
3246,0.9912109375
3247,0.9931640625
3248,0.9921875
3249,0.9932861328125
3250,0.9931640625
3251,0.992919921875
3252,0.9932861328125
3253,0.9925537109375
3254,0.9912109375
3255,0.992431640625
3256,0.992431640625
3257,0.9925537109375
3258,0.9932861328125
3259,0.99169921875
3260,0.992919921875
3261,0.9937744140625
3262,0.9915771484375
3263,0.9935302734375
3264,0.9930419921875
3265,0.9921875
3266,0.9931640625
3267,0.9920654296875
3268,0.992431640625
3269,0.992919921875
3270,0.9915771484375
3271,0.993408203125
3272,0.9925537109375
3273,0.991455078125
3274,0.991943359375
3275,0.993896484375
3276,0.9923095703125
3277,0.993408203125
3278,0.9923095703125
3279,0.9921875
3280,0.9927978515625
3281,0.99267578125
3282,0.9923095703125
3283,0.992431640625
3284,0.9921875
3285,0.9921875
3286,0.9940185546875
3287,0.99267578125
3288,0.993408203125
3289,0.9925537109375
3290,0.9927978515625
3291,0.992431640625
3292,0.9932861328125
3293,0.9921875
3294,0.992431640625
3295,0.991455078125
3296,0.991943359375
3297,0.9930419921875
3298,0.9923095703125
3299,0.993408203125
3300,0.9925537109375
3301,0.993408203125
3302,0.9923095703125
3303,0.991943359375
3304,0.991943359375
3305,0.9930419921875
3306,0.9925537109375
3307,0.992431640625
3308,0.9935302734375
3309,0.992919921875
3310,0.99267578125
3311,0.992431640625
3312,0.9927978515625
3313,0.9930419921875
3314,0.9935302734375
3315,0.9931640625
3316,0.993408203125
3317,0.991943359375
3318,0.9935302734375
3319,0.9925537109375
3320,0.991943359375
3321,0.9935302734375
3322,0.9908447265625
3323,0.99169921875
3324,0.9930419921875
3325,0.991455078125
3326,0.993408203125
3327,0.9925537109375
3328,0.9915771484375
3329,0.992431640625
3330,0.9932861328125
3331,0.992919921875
3332,0.9918212890625
3333,0.9920654296875
3334,0.9923095703125
3335,0.992431640625
3336,0.9913330078125
3337,0.9923095703125
3338,0.992431640625
3339,0.993408203125
3340,0.991943359375
3341,0.9925537109375
3342,0.994384765625
3343,0.991943359375
3344,0.991943359375
3345,0.9913330078125
3346,0.992919921875
3347,0.9927978515625
3348,0.992431640625
3349,0.9925537109375
3350,0.9920654296875
3351,0.9918212890625
3352,0.9932861328125
3353,0.9932861328125
3354,0.992919921875
3355,0.9930419921875
3356,0.9940185546875
3357,0.9921875
3358,0.993408203125
3359,0.990966796875
3360,0.9918212890625
3361,0.9921875
3362,0.9940185546875
3363,0.9920654296875
3364,0.9921875
3365,0.994140625
3366,0.993408203125
3367,0.9925537109375
3368,0.9940185546875
3369,0.992431640625
3370,0.9920654296875
3371,0.9931640625
3372,0.9912109375
3373,0.992919921875
3374,0.9931640625
3375,0.9920654296875
3376,0.9913330078125
3377,0.9931640625
3378,0.99365234375
3379,0.9931640625
3380,0.993408203125
3381,0.9927978515625
3382,0.992431640625
3383,0.9921875
3384,0.9935302734375
3385,0.99267578125
3386,0.9903564453125
3387,0.991455078125
3388,0.99267578125
3389,0.992431640625
3390,0.9923095703125
3391,0.9931640625
3392,0.9932861328125
3393,0.992431640625
3394,0.9920654296875
3395,0.992919921875
3396,0.9923095703125
3397,0.9927978515625
3398,0.991455078125
3399,0.9913330078125
3400,0.993408203125
3401,0.9906005859375
3402,0.9923095703125
3403,0.99169921875
3404,0.9937744140625
3405,0.9913330078125
3406,0.9931640625
3407,0.992919921875
3408,0.99267578125
3409,0.9923095703125
3410,0.9921875
3411,0.9927978515625
3412,0.9931640625
3413,0.9915771484375
3414,0.993408203125
3415,0.992919921875
3416,0.9921875
3417,0.9927978515625
3418,0.99267578125
3419,0.9923095703125
3420,0.9930419921875
3421,0.99169921875
3422,0.99365234375
3423,0.9937744140625
3424,0.992919921875
3425,0.9921875
3426,0.99267578125
3427,0.9923095703125
3428,0.99365234375
3429,0.991943359375
3430,0.991455078125
3431,0.991943359375
3432,0.9918212890625
3433,0.9915771484375
3434,0.9923095703125
3435,0.99267578125
3436,0.9923095703125
3437,0.993408203125
3438,0.9912109375
3439,0.9927978515625
3440,0.9931640625
3441,0.9918212890625
3442,0.9927978515625
3443,0.9918212890625
3444,0.9915771484375
3445,0.9920654296875
3446,0.992919921875
3447,0.992431640625
3448,0.9918212890625
3449,0.9921875
3450,0.9923095703125
3451,0.992919921875
3452,0.9923095703125
3453,0.99365234375
3454,0.99365234375
3455,0.9925537109375
3456,0.9931640625
3457,0.9921875
3458,0.991943359375
3459,0.9921875
3460,0.993896484375
3461,0.9931640625
3462,0.992431640625
3463,0.99169921875
3464,0.99365234375
3465,0.9940185546875
3466,0.992919921875
3467,0.99365234375
3468,0.993408203125
3469,0.993408203125
3470,0.99267578125
3471,0.99365234375
3472,0.992431640625
3473,0.993896484375
3474,0.9937744140625
3475,0.9923095703125
3476,0.9931640625
3477,0.9932861328125
3478,0.9927978515625
3479,0.993408203125
3480,0.9923095703125
3481,0.9915771484375
3482,0.99267578125
3483,0.9931640625
3484,0.992431640625
3485,0.9932861328125
3486,0.992919921875
3487,0.9931640625
3488,0.9920654296875
3489,0.9921875
3490,0.9925537109375
3491,0.99169921875
3492,0.99365234375
3493,0.9935302734375
3494,0.990478515625
3495,0.9927978515625
3496,0.9912109375
3497,0.99267578125
3498,0.9925537109375
3499,0.9920654296875
3500,0.993896484375
3501,0.99267578125
3502,0.9908447265625
3503,0.9925537109375
3504,0.9923095703125
3505,0.99267578125
3506,0.9923095703125
3507,0.9921875
3508,0.99267578125
3509,0.992919921875
3510,0.9935302734375
3511,0.9912109375
3512,0.9912109375
3513,0.9920654296875
3514,0.993408203125
3515,0.99169921875
3516,0.9927978515625
3517,0.99365234375
3518,0.9918212890625
3519,0.993408203125
3520,0.9923095703125
3521,0.992431640625
3522,0.99169921875
3523,0.993408203125
3524,0.992919921875
3525,0.9925537109375
3526,0.99169921875
3527,0.991943359375
3528,0.99267578125
3529,0.9918212890625
3530,0.991455078125
3531,0.991455078125
3532,0.9920654296875
3533,0.9931640625
3534,0.9923095703125
3535,0.9930419921875
3536,0.9910888671875
3537,0.9921875
3538,0.9912109375
3539,0.9925537109375
3540,0.9923095703125
3541,0.992431640625
3542,0.993896484375
3543,0.992919921875
3544,0.9931640625
3545,0.9931640625
3546,0.99267578125
3547,0.9937744140625
3548,0.9925537109375
3549,0.9913330078125
3550,0.9913330078125
3551,0.992919921875
3552,0.9923095703125
3553,0.9927978515625
3554,0.99169921875
3555,0.9931640625
3556,0.992431640625
3557,0.9913330078125
3558,0.99365234375
3559,0.9925537109375
3560,0.990966796875
3561,0.993408203125
3562,0.9918212890625
3563,0.9920654296875
3564,0.99365234375
3565,0.9932861328125
3566,0.9940185546875
3567,0.992431640625
3568,0.9932861328125
3569,0.9912109375
3570,0.9931640625
3571,0.9923095703125
3572,0.99072265625
3573,0.9923095703125
3574,0.9913330078125
3575,0.99267578125
3576,0.9921875
3577,0.9935302734375
3578,0.992431640625
3579,0.9942626953125
3580,0.99267578125
3581,0.9932861328125
3582,0.9920654296875
3583,0.9923095703125
3584,0.99365234375
3585,0.992431640625
3586,0.9921875
3587,0.9930419921875
3588,0.9915771484375
3589,0.990478515625
3590,0.99169921875
3591,0.9927978515625
3592,0.9921875
3593,0.99365234375
3594,0.9930419921875
3595,0.9921875
3596,0.99267578125
3597,0.993896484375
3598,0.9947509765625
3599,0.9931640625
3600,0.9918212890625
3601,0.9923095703125
3602,0.9915771484375
3603,0.9935302734375
3604,0.9925537109375
3605,0.9921875
3606,0.9925537109375
3607,0.9935302734375
3608,0.992431640625
3609,0.9920654296875
3610,0.9925537109375
3611,0.9925537109375
3612,0.9927978515625
3613,0.9927978515625
3614,0.99365234375
3615,0.991943359375
3616,0.9930419921875
3617,0.99267578125
3618,0.9918212890625
3619,0.9927978515625
3620,0.9921875
3621,0.9931640625
3622,0.99365234375
3623,0.9918212890625
3624,0.9937744140625
3625,0.9923095703125
3626,0.990966796875
3627,0.9912109375
3628,0.9912109375
3629,0.99267578125
3630,0.991943359375
3631,0.993408203125
3632,0.991455078125
3633,0.9925537109375
3634,0.9930419921875
3635,0.99169921875
3636,0.9932861328125
3637,0.9937744140625
3638,0.991943359375
3639,0.9915771484375
3640,0.992431640625
3641,0.9921875
3642,0.9927978515625
3643,0.9932861328125
3644,0.99169921875
3645,0.9923095703125
3646,0.9932861328125
3647,0.9937744140625
3648,0.992919921875
3649,0.991943359375
3650,0.994140625
3651,0.9930419921875
3652,0.992919921875
3653,0.991943359375
3654,0.9932861328125
3655,0.99169921875
3656,0.9932861328125
3657,0.991943359375
3658,0.9927978515625
3659,0.9931640625
3660,0.9931640625
3661,0.9921875
3662,0.99267578125
3663,0.993408203125
3664,0.9935302734375
3665,0.9930419921875
3666,0.9910888671875
3667,0.9920654296875
3668,0.993408203125
3669,0.9927978515625
3670,0.992431640625
3671,0.993408203125
3672,0.9920654296875
3673,0.9920654296875
3674,0.994140625
3675,0.99169921875
3676,0.9935302734375
3677,0.9935302734375
3678,0.9937744140625
3679,0.9931640625
3680,0.990966796875
3681,0.99267578125
3682,0.991455078125
3683,0.9927978515625
3684,0.9927978515625
3685,0.9913330078125
3686,0.992431640625
3687,0.9921875
3688,0.993408203125
3689,0.9920654296875
3690,0.9915771484375
3691,0.992431640625
3692,0.992919921875
3693,0.993408203125
3694,0.994384765625
3695,0.990966796875
3696,0.992431640625
3697,0.9925537109375
3698,0.993408203125
3699,0.993896484375
3700,0.9925537109375
3701,0.99365234375
3702,0.9930419921875
3703,0.9923095703125
3704,0.9931640625
3705,0.99169921875
3706,0.9913330078125
3707,0.9921875
3708,0.9913330078125
3709,0.9932861328125
3710,0.9937744140625
3711,0.991943359375
3712,0.991455078125
3713,0.9935302734375
3714,0.991943359375
3715,0.9935302734375
3716,0.991455078125
3717,0.9925537109375
3718,0.99365234375
3719,0.992919921875
3720,0.99169921875
3721,0.9918212890625
3722,0.9920654296875
3723,0.991943359375
3724,0.993896484375
3725,0.9923095703125
3726,0.9931640625
3727,0.992431640625
3728,0.9918212890625
3729,0.9925537109375
3730,0.9925537109375
3731,0.9925537109375
3732,0.9932861328125
3733,0.99169921875
3734,0.9935302734375
3735,0.992919921875
3736,0.9930419921875
3737,0.9925537109375
3738,0.9921875
3739,0.9923095703125
3740,0.993408203125
3741,0.9920654296875
3742,0.9930419921875
3743,0.9923095703125
3744,0.99169921875
3745,0.991455078125
3746,0.99365234375
3747,0.9925537109375
3748,0.990966796875
3749,0.992431640625
3750,0.9915771484375
3751,0.9918212890625
3752,0.99169921875
3753,0.9921875
3754,0.9921875
3755,0.9935302734375
3756,0.99267578125
3757,0.992431640625
3758,0.9940185546875
3759,0.9937744140625
3760,0.9915771484375
3761,0.9920654296875
3762,0.9918212890625
3763,0.9935302734375
3764,0.9927978515625
3765,0.992919921875
3766,0.9927978515625
3767,0.99267578125
3768,0.99267578125
3769,0.9925537109375
3770,0.9915771484375
3771,0.991455078125
3772,0.9930419921875
3773,0.9915771484375
3774,0.9925537109375
3775,0.9923095703125
3776,0.991943359375
3777,0.9925537109375
3778,0.9932861328125
3779,0.99169921875
3780,0.99267578125
3781,0.9931640625
3782,0.9921875
3783,0.992431640625
3784,0.9920654296875
3785,0.99072265625
3786,0.9931640625
3787,0.9931640625
3788,0.9930419921875
3789,0.99267578125
3790,0.9925537109375
3791,0.992919921875
3792,0.9918212890625
3793,0.9925537109375
3794,0.9932861328125
3795,0.992431640625
3796,0.9937744140625
3797,0.9923095703125
3798,0.992919921875
3799,0.9918212890625
3800,0.9920654296875
3801,0.9935302734375
3802,0.9927978515625
3803,0.9920654296875
3804,0.9931640625
3805,0.9942626953125
3806,0.9918212890625
3807,0.9920654296875
3808,0.9915771484375
3809,0.9925537109375
3810,0.992919921875
3811,0.9912109375
3812,0.9918212890625
3813,0.9925537109375
3814,0.991943359375
3815,0.9923095703125
3816,0.9927978515625
3817,0.9920654296875
3818,0.9920654296875
3819,0.9932861328125
3820,0.9935302734375
3821,0.994384765625
3822,0.9908447265625
3823,0.991455078125
3824,0.9930419921875
3825,0.9942626953125
3826,0.9925537109375
3827,0.99267578125
3828,0.9921875
3829,0.9918212890625
3830,0.9923095703125
3831,0.990966796875
3832,0.992431640625
3833,0.992431640625
3834,0.99169921875
3835,0.99462890625
3836,0.9937744140625
3837,0.9927978515625
3838,0.9925537109375
3839,0.9915771484375
3840,0.990966796875
3841,0.9930419921875
3842,0.99365234375
3843,0.9940185546875
3844,0.9935302734375
3845,0.99365234375
3846,0.9915771484375
3847,0.9925537109375
3848,0.9913330078125
3849,0.992431640625
3850,0.9920654296875
3851,0.9918212890625
3852,0.9925537109375
3853,0.99267578125
3854,0.9920654296875
3855,0.9945068359375
3856,0.9931640625
3857,0.9923095703125
3858,0.991943359375
3859,0.9921875
3860,0.992919921875
3861,0.9935302734375
3862,0.9942626953125
3863,0.9923095703125
3864,0.9921875
3865,0.99267578125
3866,0.9910888671875
3867,0.992431640625
3868,0.993408203125
3869,0.992919921875
3870,0.9927978515625
3871,0.9931640625
3872,0.992919921875
3873,0.993408203125
3874,0.992919921875
3875,0.992431640625
3876,0.9921875
3877,0.9937744140625
3878,0.992919921875
3879,0.992919921875
3880,0.992919921875
3881,0.9915771484375
3882,0.992431640625
3883,0.9930419921875
3884,0.9923095703125
3885,0.9920654296875
3886,0.993408203125
3887,0.9925537109375
3888,0.9930419921875
3889,0.9921875
3890,0.9931640625
3891,0.993408203125
3892,0.9923095703125
3893,0.993408203125
3894,0.99169921875
3895,0.9942626953125
3896,0.9923095703125
3897,0.99169921875
3898,0.9927978515625
3899,0.9932861328125
3900,0.9935302734375
3901,0.9921875
3902,0.9931640625
3903,0.9931640625
3904,0.9930419921875
3905,0.99267578125
3906,0.991455078125
3907,0.9921875
3908,0.9920654296875
3909,0.99267578125
3910,0.9925537109375
3911,0.9915771484375
3912,0.9921875
3913,0.99267578125
3914,0.99267578125
3915,0.9940185546875
3916,0.9925537109375
3917,0.9915771484375
3918,0.9927978515625
3919,0.99267578125
3920,0.994384765625
3921,0.990966796875
3922,0.992431640625
3923,0.992431640625
3924,0.9921875
3925,0.99267578125
3926,0.99267578125
3927,0.9931640625
3928,0.992431640625
3929,0.993896484375
3930,0.992919921875
3931,0.9913330078125
3932,0.9937744140625
3933,0.993408203125
3934,0.99267578125
3935,0.9925537109375
3936,0.99169921875
3937,0.9931640625
3938,0.99365234375
3939,0.9927978515625
3940,0.99169921875
3941,0.9940185546875
3942,0.9935302734375
3943,0.990966796875
3944,0.991943359375
3945,0.9923095703125
3946,0.9932861328125
3947,0.9927978515625
3948,0.9937744140625
3949,0.993896484375
3950,0.9935302734375
3951,0.9927978515625
3952,0.992431640625
3953,0.9920654296875
3954,0.993408203125
3955,0.9918212890625
3956,0.991943359375
3957,0.9920654296875
3958,0.992919921875
3959,0.9935302734375
3960,0.99267578125
3961,0.9908447265625
3962,0.9923095703125
3963,0.993408203125
3964,0.99267578125
3965,0.9932861328125
3966,0.9920654296875
3967,0.9920654296875
3968,0.9927978515625
3969,0.9921875
3970,0.992919921875
3971,0.99267578125
3972,0.9923095703125
3973,0.993408203125
3974,0.9910888671875
3975,0.9923095703125
3976,0.99169921875
3977,0.992431640625
3978,0.993408203125
3979,0.991943359375
3980,0.992431640625
3981,0.9931640625
3982,0.994140625
3983,0.9920654296875
3984,0.991943359375
3985,0.9913330078125
3986,0.99267578125
3987,0.9920654296875
3988,0.9937744140625
3989,0.9920654296875
3990,0.9925537109375
3991,0.9931640625
3992,0.9915771484375
3993,0.993408203125
3994,0.992431640625
3995,0.9925537109375
3996,0.99267578125
3997,0.9915771484375
3998,0.9927978515625
3999,0.9925537109375
4000,0.9932861328125
4001,0.9935302734375
4002,0.9931640625
4003,0.99267578125
4004,0.9940185546875
4005,0.9925537109375
4006,0.9932861328125
4007,0.992431640625
4008,0.993408203125
4009,0.9927978515625
4010,0.993408203125
4011,0.99267578125
4012,0.9935302734375
4013,0.9930419921875
4014,0.9932861328125
4015,0.99267578125
4016,0.9923095703125
4017,0.9940185546875
4018,0.993408203125
4019,0.992431640625
4020,0.9927978515625
4021,0.9937744140625
4022,0.9937744140625
4023,0.9920654296875
4024,0.9923095703125
4025,0.992431640625
4026,0.9910888671875
4027,0.9918212890625
4028,0.993408203125
4029,0.9921875
4030,0.9931640625
4031,0.992919921875
4032,0.9932861328125
4033,0.99365234375
4034,0.9932861328125
4035,0.993408203125
4036,0.9925537109375
4037,0.9925537109375
4038,0.991455078125
4039,0.9921875
4040,0.99267578125
4041,0.9945068359375
4042,0.992431640625
4043,0.99267578125
4044,0.9925537109375
4045,0.994140625
4046,0.9931640625
4047,0.9920654296875
4048,0.991455078125
4049,0.9947509765625
4050,0.9932861328125
4051,0.9940185546875
4052,0.9927978515625
4053,0.992919921875
4054,0.992431640625
4055,0.9930419921875
4056,0.9918212890625
4057,0.9937744140625
4058,0.9931640625
4059,0.99365234375
4060,0.99267578125
4061,0.9923095703125
4062,0.9918212890625
4063,0.99169921875
4064,0.99462890625
4065,0.9920654296875
4066,0.9925537109375
4067,0.991455078125
4068,0.9921875
4069,0.992919921875
4070,0.9918212890625
4071,0.991943359375
4072,0.9908447265625
4073,0.9923095703125
4074,0.9921875
4075,0.99267578125
4076,0.9925537109375
4077,0.991943359375
4078,0.991455078125
4079,0.9910888671875
4080,0.992431640625
4081,0.9923095703125
4082,0.9937744140625
4083,0.9921875
4084,0.9925537109375
4085,0.99267578125
4086,0.993408203125
4087,0.9931640625
4088,0.991455078125
4089,0.9931640625
4090,0.99267578125
4091,0.99267578125
4092,0.9918212890625
4093,0.992431640625
4094,0.9920654296875
4095,0.991943359375
4096,0.992919921875
4097,0.992431640625
4098,0.9923095703125
4099,0.9913330078125
4100,0.9912109375
4101,0.9921875
4102,0.991455078125
4103,0.9932861328125
4104,0.991455078125
4105,0.9931640625
4106,0.992431640625
4107,0.9915771484375
4108,0.9921875
4109,0.9925537109375
4110,0.9932861328125
4111,0.9932861328125
4112,0.992431640625
4113,0.9931640625
4114,0.9918212890625
4115,0.9930419921875
4116,0.9932861328125
4117,0.991943359375
4118,0.9931640625
4119,0.992919921875
4120,0.9930419921875
4121,0.9915771484375
4122,0.991943359375
4123,0.9927978515625
4124,0.99267578125
4125,0.99365234375
4126,0.9930419921875
4127,0.991943359375
4128,0.9932861328125
4129,0.99169921875
4130,0.9918212890625
4131,0.9910888671875
4132,0.99267578125
4133,0.992919921875
4134,0.9931640625
4135,0.994140625
4136,0.9913330078125
4137,0.9932861328125
4138,0.9930419921875
4139,0.9920654296875
4140,0.9915771484375
4141,0.9918212890625
4142,0.990478515625
4143,0.9923095703125
4144,0.993408203125
4145,0.9930419921875
4146,0.9921875
4147,0.99267578125
4148,0.9932861328125
4149,0.991455078125
4150,0.9921875
4151,0.9935302734375
4152,0.9930419921875
4153,0.992431640625
4154,0.9927978515625
4155,0.99267578125
4156,0.9923095703125
4157,0.9930419921875
4158,0.991455078125
4159,0.9920654296875
4160,0.99267578125
4161,0.9930419921875
4162,0.9923095703125
4163,0.99267578125
4164,0.991943359375
4165,0.993408203125
4166,0.99169921875
4167,0.9918212890625
4168,0.990966796875
4169,0.9937744140625
4170,0.9935302734375
4171,0.9931640625
4172,0.992919921875
4173,0.9923095703125
4174,0.99169921875
4175,0.9921875
4176,0.993408203125
4177,0.9932861328125
4178,0.9923095703125
4179,0.9937744140625
4180,0.9930419921875
4181,0.9921875
4182,0.991455078125
4183,0.993408203125
4184,0.99169921875
4185,0.99267578125
4186,0.9921875
4187,0.9932861328125
4188,0.9923095703125
4189,0.992431640625
4190,0.99267578125
4191,0.992919921875
4192,0.9923095703125
4193,0.992431640625
4194,0.9931640625
4195,0.9925537109375
4196,0.9921875
4197,0.994140625
4198,0.9925537109375
4199,0.9937744140625
4200,0.992919921875
4201,0.9920654296875
4202,0.9921875
4203,0.99267578125
4204,0.9920654296875
4205,0.9923095703125
4206,0.9921875
4207,0.9921875
4208,0.9932861328125
4209,0.99267578125
4210,0.9918212890625
4211,0.9930419921875
4212,0.9925537109375
4213,0.9918212890625
4214,0.993896484375
4215,0.9912109375
4216,0.994140625
4217,0.991943359375
4218,0.9925537109375
4219,0.9930419921875
4220,0.9937744140625
4221,0.992919921875
4222,0.989990234375
4223,0.992431640625
4224,0.9920654296875
4225,0.9921875
4226,0.99169921875
4227,0.9931640625
4228,0.9923095703125
4229,0.9923095703125
4230,0.9920654296875
4231,0.9923095703125
4232,0.9932861328125
4233,0.99267578125
4234,0.9931640625
4235,0.99169921875
4236,0.992431640625
4237,0.99365234375
4238,0.9925537109375
4239,0.9927978515625
4240,0.99267578125
4241,0.991943359375
4242,0.99365234375
4243,0.9932861328125
4244,0.9920654296875
4245,0.9912109375
4246,0.9920654296875
4247,0.9923095703125
4248,0.9923095703125
4249,0.99169921875
4250,0.9947509765625
4251,0.9932861328125
4252,0.9920654296875
4253,0.9918212890625
4254,0.991943359375
4255,0.991455078125
4256,0.9913330078125
4257,0.9925537109375
4258,0.9932861328125
4259,0.992919921875
4260,0.9927978515625
4261,0.9915771484375
4262,0.9930419921875
4263,0.9921875
4264,0.993896484375
4265,0.9930419921875
4266,0.9927978515625
4267,0.9915771484375
4268,0.990966796875
4269,0.9923095703125
4270,0.992431640625
4271,0.99267578125
4272,0.9920654296875
4273,0.99169921875
4274,0.9925537109375
4275,0.9927978515625
4276,0.9942626953125
4277,0.993896484375
4278,0.993408203125
4279,0.9927978515625
4280,0.9908447265625
4281,0.9921875
4282,0.993408203125
4283,0.9931640625
4284,0.9931640625
4285,0.9912109375
4286,0.9932861328125
4287,0.9942626953125
4288,0.9915771484375
4289,0.9935302734375
4290,0.9921875
4291,0.9931640625
4292,0.9935302734375
4293,0.9932861328125
4294,0.992919921875
4295,0.993408203125
4296,0.99267578125
4297,0.9920654296875
4298,0.9920654296875
4299,0.9912109375
4300,0.9927978515625
4301,0.9923095703125
4302,0.991943359375
4303,0.9942626953125
4304,0.9920654296875
4305,0.992919921875
4306,0.992919921875
4307,0.9935302734375
4308,0.9931640625
4309,0.9913330078125
4310,0.9930419921875
4311,0.991943359375
4312,0.9925537109375
4313,0.9921875
4314,0.992431640625
4315,0.9930419921875
4316,0.9930419921875
4317,0.990478515625
4318,0.993896484375
4319,0.993896484375
4320,0.9920654296875
4321,0.99365234375
4322,0.9886474609375
4323,0.991943359375
4324,0.9930419921875
4325,0.9925537109375
4326,0.992431640625
4327,0.9908447265625
4328,0.9921875
4329,0.991455078125
4330,0.9920654296875
4331,0.9932861328125
4332,0.9920654296875
4333,0.993896484375
4334,0.9930419921875
4335,0.992431640625
4336,0.9927978515625
4337,0.9925537109375
4338,0.9935302734375
4339,0.9918212890625
4340,0.9923095703125
4341,0.9931640625
4342,0.99365234375
4343,0.992431640625
4344,0.99169921875
4345,0.9923095703125
4346,0.9920654296875
4347,0.992431640625
4348,0.9920654296875
4349,0.9932861328125
4350,0.9935302734375
4351,0.9932861328125
4352,0.9945068359375
4353,0.9935302734375
4354,0.99365234375
4355,0.9930419921875
4356,0.9932861328125
4357,0.99267578125
4358,0.99169921875
4359,0.993896484375
4360,0.991943359375
4361,0.991943359375
4362,0.9930419921875
4363,0.9912109375
4364,0.9923095703125
4365,0.9925537109375
4366,0.992431640625
4367,0.9937744140625
4368,0.9935302734375
4369,0.9915771484375
4370,0.9921875
4371,0.9915771484375
4372,0.9913330078125
4373,0.9937744140625
4374,0.991943359375
4375,0.9930419921875
4376,0.990478515625
4377,0.993408203125
4378,0.99169921875
4379,0.9937744140625
4380,0.9912109375
4381,0.992431640625
4382,0.992431640625
4383,0.9910888671875
4384,0.9913330078125
4385,0.991943359375
4386,0.994140625
4387,0.9912109375
4388,0.9932861328125
4389,0.9935302734375
4390,0.991455078125
4391,0.9918212890625
4392,0.9940185546875
4393,0.991943359375
4394,0.992919921875
4395,0.9918212890625
4396,0.9912109375
4397,0.9931640625
4398,0.992919921875
4399,0.991943359375
4400,0.9937744140625
4401,0.9951171875
4402,0.994140625
4403,0.9931640625
4404,0.9920654296875
4405,0.9935302734375
4406,0.9918212890625
4407,0.990966796875
4408,0.9935302734375
4409,0.993408203125
4410,0.9935302734375
4411,0.99169921875
4412,0.9913330078125
4413,0.993408203125
4414,0.9931640625
4415,0.9927978515625
4416,0.99365234375
4417,0.992919921875
4418,0.9935302734375
4419,0.9925537109375
4420,0.9921875
4421,0.991943359375
4422,0.9927978515625
4423,0.9930419921875
4424,0.99169921875
4425,0.9912109375
4426,0.99267578125
4427,0.9918212890625
4428,0.9920654296875
4429,0.9942626953125
4430,0.9932861328125
4431,0.993896484375
4432,0.9932861328125
4433,0.9920654296875
4434,0.992919921875
4435,0.9921875
4436,0.9930419921875
4437,0.991943359375
4438,0.9930419921875
4439,0.9930419921875
4440,0.9931640625
4441,0.9915771484375
4442,0.9925537109375
4443,0.9931640625
4444,0.9935302734375
4445,0.9931640625
4446,0.9927978515625
4447,0.992431640625
4448,0.992431640625
4449,0.99267578125
4450,0.99365234375
4451,0.9923095703125
4452,0.9923095703125
4453,0.9935302734375
4454,0.992919921875
4455,0.9921875
4456,0.9932861328125
4457,0.9931640625
4458,0.9923095703125
4459,0.9923095703125
4460,0.9923095703125
4461,0.99267578125
4462,0.991455078125
4463,0.9932861328125
4464,0.99169921875
4465,0.9913330078125
4466,0.9930419921875
4467,0.9918212890625
4468,0.993896484375
4469,0.9920654296875
4470,0.992919921875
4471,0.991943359375
4472,0.9935302734375
4473,0.992919921875
4474,0.99072265625
4475,0.99365234375
4476,0.99267578125
4477,0.9935302734375
4478,0.9927978515625
4479,0.992431640625
4480,0.9923095703125
4481,0.991455078125
4482,0.9930419921875
4483,0.9935302734375
4484,0.991943359375
4485,0.9927978515625
4486,0.9937744140625
4487,0.9932861328125
4488,0.9918212890625
4489,0.9923095703125
4490,0.9921875
4491,0.9915771484375
4492,0.9935302734375
4493,0.9930419921875
4494,0.9925537109375
4495,0.9920654296875
4496,0.9923095703125
4497,0.9940185546875
4498,0.992919921875
4499,0.9931640625
4500,0.9927978515625
4501,0.99365234375
4502,0.99072265625
4503,0.9940185546875
4504,0.9920654296875
4505,0.9937744140625
4506,0.992431640625
4507,0.992919921875
4508,0.99169921875
4509,0.9932861328125
4510,0.992431640625
4511,0.9923095703125
4512,0.9920654296875
4513,0.9932861328125
4514,0.9942626953125
4515,0.991943359375
4516,0.99365234375
4517,0.9927978515625
4518,0.9927978515625
4519,0.9927978515625
4520,0.9935302734375
4521,0.9927978515625
4522,0.9920654296875
4523,0.99267578125
4524,0.993896484375
4525,0.992919921875
4526,0.9923095703125
4527,0.9923095703125
4528,0.9942626953125
4529,0.99169921875
4530,0.99267578125
4531,0.9925537109375
4532,0.9921875
4533,0.9910888671875
4534,0.9925537109375
4535,0.99365234375
4536,0.9921875
4537,0.9915771484375
4538,0.9930419921875
4539,0.9915771484375
4540,0.9925537109375
4541,0.9930419921875
4542,0.9920654296875
4543,0.9921875
4544,0.9930419921875
4545,0.99365234375
4546,0.99365234375
4547,0.9918212890625
4548,0.9923095703125
4549,0.9931640625
4550,0.9930419921875
4551,0.99462890625
4552,0.9925537109375
4553,0.992431640625
4554,0.9921875
4555,0.9932861328125
4556,0.991943359375
4557,0.9920654296875
4558,0.9930419921875
4559,0.9918212890625
4560,0.9930419921875
4561,0.9930419921875
4562,0.993408203125
4563,0.9925537109375
4564,0.9925537109375
4565,0.9927978515625
4566,0.992919921875
4567,0.991943359375
4568,0.991943359375
4569,0.992431640625
4570,0.993896484375
4571,0.9940185546875
4572,0.9925537109375
4573,0.99267578125
4574,0.9921875
4575,0.9937744140625
4576,0.9923095703125
4577,0.9915771484375
4578,0.9923095703125
4579,0.992431640625
4580,0.9937744140625
4581,0.992919921875
4582,0.9927978515625
4583,0.9920654296875
4584,0.9927978515625
4585,0.9925537109375
4586,0.9908447265625
4587,0.9925537109375
4588,0.9930419921875
4589,0.9910888671875
4590,0.9927978515625
4591,0.9927978515625
4592,0.9930419921875
4593,0.9918212890625
4594,0.992431640625
4595,0.9923095703125
4596,0.9913330078125
4597,0.993408203125
4598,0.99267578125
4599,0.992919921875
4600,0.9923095703125
4601,0.99169921875
4602,0.991455078125
4603,0.991943359375
4604,0.99365234375
4605,0.991943359375
4606,0.9937744140625
4607,0.9920654296875
4608,0.9942626953125
4609,0.9935302734375
4610,0.9930419921875
4611,0.9935302734375
4612,0.99169921875
4613,0.9918212890625
4614,0.991943359375
4615,0.9932861328125
4616,0.9931640625
4617,0.9925537109375
4618,0.9921875
4619,0.9913330078125
4620,0.99267578125
4621,0.9918212890625
4622,0.99072265625
4623,0.9930419921875
4624,0.991455078125
4625,0.9932861328125
4626,0.994140625
4627,0.9925537109375
4628,0.9932861328125
4629,0.991943359375
4630,0.992431640625
4631,0.99267578125
4632,0.9931640625
4633,0.9912109375
4634,0.9925537109375
4635,0.9932861328125
4636,0.993896484375
4637,0.993408203125
4638,0.9923095703125
4639,0.9940185546875
4640,0.99267578125
4641,0.9920654296875
4642,0.9920654296875
4643,0.992431640625
4644,0.9921875
4645,0.9925537109375
4646,0.993408203125
4647,0.9927978515625
4648,0.9925537109375
4649,0.9947509765625
4650,0.99267578125
4651,0.9927978515625
4652,0.9925537109375
4653,0.992919921875
4654,0.9913330078125
4655,0.9925537109375
4656,0.99365234375
4657,0.9930419921875
4658,0.990966796875
4659,0.992431640625
4660,0.9927978515625
4661,0.99365234375
4662,0.99169921875
4663,0.9931640625
4664,0.9925537109375
4665,0.99267578125
4666,0.992431640625
4667,0.99267578125
4668,0.991943359375
4669,0.9923095703125
4670,0.9930419921875
4671,0.9920654296875
4672,0.99169921875
4673,0.992919921875
4674,0.9927978515625
4675,0.993408203125
4676,0.992431640625
4677,0.9935302734375
4678,0.9925537109375
4679,0.9925537109375
4680,0.9932861328125
4681,0.992919921875
4682,0.9935302734375
4683,0.992919921875
4684,0.9923095703125
4685,0.99267578125
4686,0.9915771484375
4687,0.991943359375
4688,0.992431640625
4689,0.991455078125
4690,0.9935302734375
4691,0.992919921875
4692,0.992431640625
4693,0.9927978515625
4694,0.991943359375
4695,0.991943359375
4696,0.9920654296875
4697,0.99462890625
4698,0.99169921875
4699,0.9935302734375
4700,0.9910888671875
4701,0.9930419921875
4702,0.9923095703125
4703,0.9925537109375
4704,0.993408203125
4705,0.994140625
4706,0.9910888671875
4707,0.99267578125
4708,0.990966796875
4709,0.992431640625
4710,0.9930419921875
4711,0.9920654296875
4712,0.9921875
4713,0.994140625
4714,0.9921875
4715,0.9923095703125
4716,0.9918212890625
4717,0.9940185546875
4718,0.991455078125
4719,0.9923095703125
4720,0.9931640625
4721,0.9923095703125
4722,0.9930419921875
4723,0.9925537109375
4724,0.9927978515625
4725,0.9925537109375
4726,0.992431640625
4727,0.9915771484375
4728,0.9932861328125
4729,0.9908447265625
4730,0.9925537109375
4731,0.9920654296875
4732,0.99169921875
4733,0.9927978515625
4734,0.99267578125
4735,0.9925537109375
4736,0.9920654296875
4737,0.9923095703125
4738,0.9918212890625
4739,0.9930419921875
4740,0.992431640625
4741,0.9918212890625
4742,0.994140625
4743,0.9937744140625
4744,0.9935302734375
4745,0.9930419921875
4746,0.9942626953125
4747,0.9921875
4748,0.9927978515625
4749,0.9937744140625
4750,0.9932861328125
4751,0.9915771484375
4752,0.99365234375
4753,0.9931640625
4754,0.99365234375
4755,0.991943359375
4756,0.9918212890625
4757,0.99267578125
4758,0.99267578125
4759,0.99267578125
4760,0.99267578125
4761,0.9932861328125
4762,0.994140625
4763,0.992919921875
4764,0.99169921875
4765,0.992431640625
4766,0.9930419921875
4767,0.993408203125
4768,0.9930419921875
4769,0.993408203125
4770,0.9937744140625
4771,0.99267578125
4772,0.9930419921875
4773,0.994140625
4774,0.994140625
4775,0.993896484375
4776,0.9921875
4777,0.9935302734375
4778,0.9920654296875
4779,0.9918212890625
4780,0.992919921875
4781,0.991943359375
4782,0.9912109375
4783,0.9913330078125
4784,0.991455078125
4785,0.9918212890625
4786,0.99267578125
4787,0.9930419921875
4788,0.99169921875
4789,0.993408203125
4790,0.9932861328125
4791,0.9913330078125
4792,0.99169921875
4793,0.99267578125
4794,0.994140625
4795,0.9925537109375
4796,0.9910888671875
4797,0.992919921875
4798,0.99365234375
4799,0.993408203125
4800,0.993408203125
4801,0.9915771484375
4802,0.9930419921875
4803,0.993408203125
4804,0.9913330078125
4805,0.9940185546875
4806,0.9921875
4807,0.9927978515625
4808,0.9920654296875
4809,0.9935302734375
4810,0.9932861328125
4811,0.9913330078125
4812,0.991943359375
4813,0.9921875
4814,0.9931640625
4815,0.991943359375
4816,0.9925537109375
4817,0.99267578125
4818,0.994384765625
4819,0.99267578125
4820,0.9927978515625
4821,0.9920654296875
4822,0.992919921875
4823,0.991455078125
4824,0.99267578125
4825,0.9930419921875
4826,0.992919921875
4827,0.9925537109375
4828,0.992431640625
4829,0.992919921875
4830,0.9927978515625
4831,0.992919921875
4832,0.9927978515625
4833,0.9923095703125
4834,0.9923095703125
4835,0.9923095703125
4836,0.992919921875
4837,0.99072265625
4838,0.9915771484375
4839,0.992431640625
4840,0.9923095703125
4841,0.992919921875
4842,0.9927978515625
4843,0.991943359375
4844,0.992919921875
4845,0.99365234375
4846,0.9930419921875
4847,0.991943359375
4848,0.9921875
4849,0.993408203125
4850,0.9913330078125
4851,0.99169921875
4852,0.993408203125
4853,0.9931640625
4854,0.9923095703125
4855,0.9923095703125
4856,0.991455078125
4857,0.9935302734375
4858,0.9930419921875
4859,0.9915771484375
4860,0.9927978515625
4861,0.9927978515625
4862,0.99267578125
4863,0.991943359375
4864,0.9927978515625
4865,0.99267578125
4866,0.9918212890625
4867,0.993408203125
4868,0.992919921875
4869,0.9930419921875
4870,0.992431640625
4871,0.9927978515625
4872,0.9927978515625
4873,0.993896484375
4874,0.993408203125
4875,0.9932861328125
4876,0.993896484375
4877,0.99267578125
4878,0.9920654296875
4879,0.992919921875
4880,0.992431640625
4881,0.9921875
4882,0.99267578125
4883,0.9927978515625
4884,0.993408203125
4885,0.9913330078125
4886,0.9920654296875
4887,0.9935302734375
4888,0.99365234375
4889,0.99169921875
4890,0.99365234375
4891,0.9930419921875
4892,0.991455078125
4893,0.9932861328125
4894,0.9930419921875
4895,0.9930419921875
4896,0.9915771484375
4897,0.994140625
4898,0.99169921875
4899,0.9925537109375
4900,0.99267578125
4901,0.9918212890625
4902,0.993896484375
4903,0.9927978515625
4904,0.9912109375
4905,0.9930419921875
4906,0.992431640625
4907,0.99169921875
4908,0.9932861328125
4909,0.992919921875
4910,0.992431640625
4911,0.9923095703125
4912,0.99462890625
4913,0.9920654296875
4914,0.9930419921875
4915,0.9930419921875
4916,0.9923095703125
4917,0.9925537109375
4918,0.9920654296875
4919,0.9932861328125
4920,0.9930419921875
4921,0.99267578125
4922,0.992919921875
4923,0.993408203125
4924,0.993408203125
4925,0.993408203125
4926,0.991455078125
4927,0.9935302734375
4928,0.9930419921875
4929,0.993408203125
4930,0.9923095703125
4931,0.9930419921875
4932,0.991943359375
4933,0.9920654296875
4934,0.992431640625
4935,0.9940185546875
4936,0.99267578125
4937,0.9935302734375
4938,0.9920654296875
4939,0.9931640625
4940,0.9930419921875
4941,0.9932861328125
4942,0.992919921875
4943,0.99462890625
4944,0.992431640625
4945,0.9931640625
4946,0.992431640625
4947,0.9935302734375
4948,0.9932861328125
4949,0.992919921875
4950,0.9935302734375
4951,0.9932861328125
4952,0.99169921875
4953,0.9930419921875
4954,0.9915771484375
4955,0.992431640625
4956,0.9925537109375
4957,0.9918212890625
4958,0.991455078125
4959,0.9921875
4960,0.99267578125
4961,0.99169921875
4962,0.9940185546875
4963,0.9923095703125
4964,0.991943359375
4965,0.992431640625
4966,0.9930419921875
4967,0.99267578125
4968,0.9942626953125
4969,0.993408203125
4970,0.9923095703125
4971,0.9935302734375
4972,0.992431640625
4973,0.9918212890625
4974,0.9921875
4975,0.9923095703125
4976,0.991943359375
4977,0.991455078125
4978,0.99267578125
4979,0.9918212890625
4980,0.992431640625
4981,0.9920654296875
4982,0.99365234375
4983,0.9932861328125
4984,0.99169921875
4985,0.99169921875
4986,0.9923095703125
4987,0.992431640625
4988,0.99169921875
4989,0.9930419921875
4990,0.9921875
4991,0.99169921875
4992,0.993408203125
4993,0.99365234375
4994,0.9930419921875
4995,0.991455078125
4996,0.9921875
4997,0.993408203125
4998,0.9940185546875
4999,0.992919921875
5000,0.9920654296875
5001,0.993408203125
5002,0.992431640625
5003,0.9923095703125
5004,0.9923095703125
5005,0.99267578125
5006,0.9932861328125
5007,0.992431640625
5008,0.992919921875
5009,0.993408203125
5010,0.9932861328125
5011,0.9921875
5012,0.9925537109375
5013,0.994873046875
5014,0.991943359375
5015,0.991455078125
5016,0.993408203125
5017,0.99267578125
5018,0.9931640625
5019,0.9927978515625
5020,0.994384765625
5021,0.9927978515625
5022,0.9937744140625
5023,0.992919921875
5024,0.9920654296875
5025,0.992919921875
5026,0.9932861328125
5027,0.9920654296875
5028,0.99169921875
5029,0.99267578125
5030,0.9940185546875
5031,0.9925537109375
5032,0.99169921875
5033,0.9918212890625
5034,0.992431640625
5035,0.9920654296875
5036,0.992919921875
5037,0.9920654296875
5038,0.992431640625
5039,0.9923095703125
5040,0.993408203125
5041,0.9935302734375
5042,0.99267578125
5043,0.9931640625
5044,0.9920654296875
5045,0.9932861328125
5046,0.9920654296875
5047,0.9925537109375
5048,0.9915771484375
5049,0.99169921875
5050,0.9925537109375
5051,0.9921875
5052,0.9932861328125
5053,0.9930419921875
5054,0.9931640625
5055,0.9932861328125
5056,0.9931640625
5057,0.9908447265625
5058,0.992919921875
5059,0.992919921875
5060,0.9925537109375
5061,0.9931640625
5062,0.9931640625
5063,0.9935302734375
5064,0.9912109375
5065,0.9930419921875
5066,0.9930419921875
5067,0.9940185546875
5068,0.9913330078125
5069,0.9921875
5070,0.9921875
5071,0.9921875
5072,0.9942626953125
5073,0.9923095703125
5074,0.9931640625
5075,0.9920654296875
5076,0.991455078125
5077,0.993408203125
5078,0.9913330078125
5079,0.9915771484375
5080,0.99267578125
5081,0.9923095703125
5082,0.9932861328125
5083,0.992431640625
5084,0.9923095703125
5085,0.9931640625
5086,0.9915771484375
5087,0.9935302734375
5088,0.9915771484375
5089,0.991943359375
5090,0.9932861328125
5091,0.9918212890625
5092,0.9925537109375
5093,0.992919921875
5094,0.99365234375
5095,0.992919921875
5096,0.99267578125
5097,0.9927978515625
5098,0.992431640625
5099,0.9932861328125
5100,0.9925537109375
5101,0.9921875
5102,0.9920654296875
5103,0.9920654296875
5104,0.993408203125
5105,0.9915771484375
5106,0.9931640625
5107,0.9925537109375
5108,0.993408203125
5109,0.9942626953125
5110,0.992431640625
5111,0.9927978515625
5112,0.9918212890625
5113,0.99267578125
5114,0.992431640625
5115,0.992431640625
5116,0.9923095703125
5117,0.9931640625
5118,0.9918212890625
5119,0.99365234375
5120,0.9918212890625
5121,0.9912109375
5122,0.9923095703125
5123,0.9940185546875
5124,0.9923095703125
5125,0.992431640625
5126,0.9925537109375
5127,0.99169921875
5128,0.992919921875
5129,0.9923095703125
5130,0.9930419921875
5131,0.99267578125
5132,0.993896484375
5133,0.992431640625
5134,0.9923095703125
5135,0.9918212890625
5136,0.9927978515625
5137,0.9920654296875
5138,0.9898681640625
5139,0.992431640625
5140,0.99365234375
5141,0.9935302734375
5142,0.9910888671875
5143,0.992431640625
5144,0.99267578125
5145,0.992919921875
5146,0.9932861328125
5147,0.9915771484375
5148,0.9923095703125
5149,0.994384765625
5150,0.9940185546875
5151,0.992431640625
5152,0.9932861328125
5153,0.9927978515625
5154,0.9920654296875
5155,0.9906005859375
5156,0.992431640625
5157,0.991943359375
5158,0.993896484375
5159,0.9921875
5160,0.9927978515625
5161,0.992431640625
5162,0.9920654296875
5163,0.991943359375
5164,0.9932861328125
5165,0.99169921875
5166,0.9937744140625
5167,0.9923095703125
5168,0.991455078125
5169,0.9921875
5170,0.9927978515625
5171,0.9920654296875
5172,0.9927978515625
5173,0.992431640625
5174,0.993896484375
5175,0.9930419921875
5176,0.993408203125
5177,0.9931640625
5178,0.9930419921875
5179,0.9942626953125
5180,0.993896484375
5181,0.9925537109375
5182,0.9930419921875
5183,0.993896484375
5184,0.9910888671875
5185,0.9930419921875
5186,0.9923095703125
5187,0.991455078125
5188,0.9925537109375
5189,0.9915771484375
5190,0.9912109375
5191,0.9920654296875
5192,0.99267578125
5193,0.9925537109375
5194,0.9915771484375
5195,0.99365234375
5196,0.9931640625
5197,0.99169921875
5198,0.9921875
5199,0.9927978515625
5200,0.9920654296875
5201,0.9918212890625
5202,0.9925537109375
5203,0.992919921875
5204,0.9921875
5205,0.993408203125
5206,0.992431640625
5207,0.9923095703125
5208,0.9925537109375
5209,0.9927978515625
5210,0.9921875
5211,0.9920654296875
5212,0.9901123046875
5213,0.9920654296875
5214,0.9927978515625
5215,0.993896484375
5216,0.9908447265625
5217,0.991943359375
5218,0.9937744140625
5219,0.9932861328125
5220,0.9915771484375
5221,0.9921875
5222,0.9923095703125
5223,0.9903564453125
5224,0.9935302734375
5225,0.9921875
5226,0.9920654296875
5227,0.9921875
5228,0.9932861328125
5229,0.9923095703125
5230,0.9915771484375
5231,0.9921875
5232,0.9920654296875
5233,0.9925537109375
5234,0.992431640625
5235,0.993896484375
5236,0.9913330078125
5237,0.99169921875
5238,0.993408203125
5239,0.992919921875
5240,0.9930419921875
5241,0.9915771484375
5242,0.9915771484375
5243,0.9913330078125
5244,0.992431640625
5245,0.99169921875
5246,0.991943359375
5247,0.992431640625
5248,0.9925537109375
5249,0.9918212890625
5250,0.992431640625
5251,0.9923095703125
5252,0.9923095703125
5253,0.9923095703125
5254,0.9923095703125
5255,0.99267578125
5256,0.9920654296875
5257,0.993896484375
5258,0.9908447265625
5259,0.9945068359375
5260,0.99267578125
5261,0.9925537109375
5262,0.991943359375
5263,0.99267578125
5264,0.9935302734375
5265,0.993408203125
5266,0.9925537109375
5267,0.992919921875
5268,0.992919921875
5269,0.99365234375
5270,0.9927978515625
5271,0.9915771484375
5272,0.9912109375
5273,0.99267578125
5274,0.99267578125
5275,0.99267578125
5276,0.993896484375
5277,0.9945068359375
5278,0.9921875
5279,0.992919921875
5280,0.992431640625
5281,0.9915771484375
5282,0.9920654296875
5283,0.993408203125
5284,0.9920654296875
5285,0.992919921875
5286,0.9923095703125
5287,0.9927978515625
5288,0.994873046875
5289,0.9921875
5290,0.9921875
5291,0.9923095703125
5292,0.9923095703125
5293,0.9918212890625
5294,0.9930419921875
5295,0.992919921875
5296,0.9932861328125
5297,0.9920654296875
5298,0.9920654296875
5299,0.99169921875
5300,0.990478515625
5301,0.99462890625
5302,0.992919921875
5303,0.9918212890625
5304,0.9925537109375
5305,0.9925537109375
5306,0.992919921875
5307,0.9910888671875
5308,0.9932861328125
5309,0.99267578125
5310,0.994140625
5311,0.9921875
5312,0.9923095703125
5313,0.9927978515625
5314,0.9940185546875
5315,0.99267578125
5316,0.9918212890625
5317,0.9923095703125
5318,0.992431640625
5319,0.9932861328125
5320,0.9930419921875
5321,0.99365234375
5322,0.9923095703125
5323,0.9915771484375
5324,0.9913330078125
5325,0.9921875
5326,0.99169921875
5327,0.9927978515625
5328,0.9927978515625
5329,0.993408203125
5330,0.9910888671875
5331,0.9920654296875
5332,0.9927978515625
5333,0.991943359375
5334,0.993408203125
5335,0.9915771484375
5336,0.9913330078125
5337,0.9932861328125
5338,0.9912109375
5339,0.9927978515625
5340,0.9940185546875
5341,0.993408203125
5342,0.993408203125
5343,0.99169921875
5344,0.9920654296875
5345,0.9912109375
5346,0.9925537109375
5347,0.99365234375
5348,0.9925537109375
5349,0.991943359375
5350,0.9931640625
5351,0.9927978515625
5352,0.9927978515625
5353,0.992431640625
5354,0.9923095703125
5355,0.9942626953125
5356,0.991455078125
5357,0.992431640625
5358,0.9921875
5359,0.993408203125
5360,0.99267578125
5361,0.99365234375
5362,0.9930419921875
5363,0.992431640625
5364,0.99365234375
5365,0.9925537109375
5366,0.991943359375
5367,0.992919921875
5368,0.9930419921875
5369,0.9925537109375
5370,0.99267578125
5371,0.993896484375
5372,0.9940185546875
5373,0.9927978515625
5374,0.993408203125
5375,0.99267578125
5376,0.993408203125
5377,0.9930419921875
5378,0.9918212890625
5379,0.9930419921875
5380,0.991943359375
5381,0.9940185546875
5382,0.99365234375
5383,0.9918212890625
5384,0.9931640625
5385,0.994140625
5386,0.9945068359375
5387,0.992919921875
5388,0.991943359375
5389,0.9927978515625
5390,0.9925537109375
5391,0.99267578125
5392,0.9931640625
5393,0.9918212890625
5394,0.9921875
5395,0.99169921875
5396,0.991943359375
5397,0.992431640625
5398,0.9925537109375
5399,0.993408203125
5400,0.9925537109375
5401,0.991943359375
5402,0.992431640625
5403,0.9930419921875
5404,0.9920654296875
5405,0.9925537109375
5406,0.9923095703125
5407,0.9910888671875
5408,0.9931640625
5409,0.9921875
5410,0.9925537109375
5411,0.99267578125
5412,0.9945068359375
5413,0.99169921875
5414,0.9931640625
5415,0.9930419921875
5416,0.9927978515625
5417,0.993408203125
5418,0.9918212890625
5419,0.991943359375
5420,0.99267578125
5421,0.99169921875
5422,0.9925537109375
5423,0.9931640625
5424,0.99267578125
5425,0.991455078125
5426,0.9937744140625
5427,0.99267578125
5428,0.9931640625
5429,0.9927978515625
5430,0.9932861328125
5431,0.9910888671875
5432,0.9923095703125
5433,0.9920654296875
5434,0.9912109375
5435,0.991943359375
5436,0.9908447265625
5437,0.991943359375
5438,0.99267578125
5439,0.9912109375
5440,0.992919921875
5441,0.9923095703125
5442,0.992919921875
5443,0.9921875
5444,0.9930419921875
5445,0.9923095703125
5446,0.9932861328125
5447,0.9920654296875
5448,0.99169921875
5449,0.992431640625
5450,0.9915771484375
5451,0.992431640625
5452,0.9912109375
5453,0.991943359375
5454,0.9913330078125
5455,0.9918212890625
5456,0.9920654296875
5457,0.99365234375
5458,0.9935302734375
5459,0.992919921875
5460,0.992431640625
5461,0.9920654296875
5462,0.99169921875
5463,0.992431640625
5464,0.9942626953125
5465,0.991943359375
5466,0.9931640625
5467,0.9947509765625
5468,0.9927978515625
5469,0.9927978515625
5470,0.992431640625
5471,0.9923095703125
5472,0.991943359375
5473,0.99267578125
5474,0.9925537109375
5475,0.991943359375
5476,0.99365234375
5477,0.99267578125
5478,0.99267578125
5479,0.9925537109375
5480,0.9923095703125
5481,0.99169921875
5482,0.9923095703125
5483,0.99365234375
5484,0.9921875
5485,0.9913330078125
5486,0.991943359375
5487,0.9910888671875
5488,0.9931640625
5489,0.9918212890625
5490,0.9931640625
5491,0.9930419921875
5492,0.99365234375
5493,0.991455078125
5494,0.9918212890625
5495,0.9945068359375
5496,0.9927978515625
5497,0.9935302734375
5498,0.992431640625
5499,0.9925537109375
5500,0.992431640625
5501,0.99169921875
5502,0.9945068359375
5503,0.993408203125
5504,0.994873046875
5505,0.991455078125
5506,0.9930419921875
5507,0.991943359375
5508,0.9925537109375
5509,0.9931640625
5510,0.99169921875
5511,0.9932861328125
5512,0.992431640625
5513,0.9931640625
5514,0.9927978515625
5515,0.99267578125
5516,0.9915771484375
5517,0.9923095703125
5518,0.9931640625
5519,0.993896484375
5520,0.99267578125
5521,0.9927978515625
5522,0.992431640625
5523,0.991943359375
5524,0.9925537109375
5525,0.9915771484375
5526,0.991455078125
5527,0.9918212890625
5528,0.993896484375
5529,0.9931640625
5530,0.9925537109375
5531,0.99267578125
5532,0.9923095703125
5533,0.9927978515625
5534,0.99169921875
5535,0.9940185546875
5536,0.9908447265625
5537,0.9915771484375
5538,0.992431640625
5539,0.9925537109375
5540,0.9921875
5541,0.9906005859375
5542,0.993408203125
5543,0.991943359375
5544,0.9932861328125
5545,0.9930419921875
5546,0.99169921875
5547,0.9906005859375
5548,0.9930419921875
5549,0.992919921875
5550,0.9910888671875
5551,0.9923095703125
5552,0.9918212890625
5553,0.992919921875
5554,0.9923095703125
5555,0.9932861328125
5556,0.991943359375
5557,0.9925537109375
5558,0.992919921875
5559,0.993408203125
5560,0.9927978515625
5561,0.993896484375
5562,0.9932861328125
5563,0.9927978515625
5564,0.9930419921875
5565,0.993896484375
5566,0.9937744140625
5567,0.992431640625
5568,0.99267578125
5569,0.9915771484375
5570,0.9923095703125
5571,0.99267578125
5572,0.99267578125
5573,0.9921875
5574,0.9930419921875
5575,0.9930419921875
5576,0.991943359375
5577,0.99267578125
5578,0.9921875
5579,0.9931640625
5580,0.9927978515625
5581,0.9925537109375
5582,0.992431640625
5583,0.9940185546875
5584,0.9920654296875
5585,0.9932861328125
5586,0.992919921875
5587,0.99267578125
5588,0.9915771484375
5589,0.992431640625
5590,0.9925537109375
5591,0.9906005859375
5592,0.991943359375
5593,0.9931640625
5594,0.9920654296875
5595,0.992431640625
5596,0.9925537109375
5597,0.99169921875
5598,0.991943359375
5599,0.9913330078125
5600,0.9932861328125
5601,0.9949951171875
5602,0.9930419921875
5603,0.99267578125
5604,0.9931640625
5605,0.9930419921875
5606,0.9930419921875
5607,0.992919921875
5608,0.9931640625
5609,0.992919921875
5610,0.992431640625
5611,0.99267578125
5612,0.991455078125
5613,0.99462890625
5614,0.993896484375
5615,0.9918212890625
5616,0.9921875
5617,0.9925537109375
5618,0.9923095703125
5619,0.9923095703125
5620,0.9940185546875
5621,0.992431640625
5622,0.9930419921875
5623,0.992919921875
5624,0.99267578125
5625,0.9937744140625
5626,0.991943359375
5627,0.992431640625
5628,0.9930419921875
5629,0.9927978515625
5630,0.9930419921875
5631,0.99267578125
5632,0.992919921875
5633,0.992431640625
5634,0.9915771484375
5635,0.993408203125
5636,0.9925537109375
5637,0.9920654296875
5638,0.991455078125
5639,0.9915771484375
5640,0.993896484375
5641,0.992431640625
5642,0.99267578125
5643,0.992919921875
5644,0.99169921875
5645,0.9920654296875
5646,0.9930419921875
5647,0.993408203125
5648,0.991943359375
5649,0.99365234375
5650,0.9925537109375
5651,0.99169921875
5652,0.990966796875
5653,0.992431640625
5654,0.9932861328125
5655,0.9937744140625
5656,0.993408203125
5657,0.993408203125
5658,0.9920654296875
5659,0.992431640625
5660,0.9927978515625
5661,0.9918212890625
5662,0.992919921875
5663,0.9931640625
5664,0.9910888671875
5665,0.9930419921875
5666,0.99267578125
5667,0.9898681640625
5668,0.9935302734375
5669,0.991943359375
5670,0.993408203125
5671,0.992919921875
5672,0.9925537109375
5673,0.9931640625
5674,0.992919921875
5675,0.9923095703125
5676,0.9925537109375
5677,0.9935302734375
5678,0.9930419921875
5679,0.992431640625
5680,0.9915771484375
5681,0.9937744140625
5682,0.991943359375
5683,0.9932861328125
5684,0.9935302734375
5685,0.9937744140625
5686,0.993408203125
5687,0.9920654296875
5688,0.9930419921875
5689,0.9921875
5690,0.9930419921875
5691,0.990966796875
5692,0.9921875
5693,0.993896484375
5694,0.992919921875
5695,0.9921875
5696,0.994384765625
5697,0.9930419921875
5698,0.9931640625
5699,0.9932861328125
5700,0.992919921875
5701,0.9930419921875
5702,0.992431640625
5703,0.9921875
5704,0.99267578125
5705,0.992431640625
5706,0.991943359375
5707,0.992431640625
5708,0.9940185546875
5709,0.9920654296875
5710,0.9923095703125
5711,0.9931640625
5712,0.9920654296875
5713,0.9918212890625
5714,0.9921875
5715,0.9908447265625
5716,0.991943359375
5717,0.991943359375
5718,0.9925537109375
5719,0.9923095703125
5720,0.9937744140625
5721,0.9915771484375
5722,0.9927978515625
5723,0.993408203125
5724,0.9913330078125
5725,0.9940185546875
5726,0.991943359375
5727,0.9927978515625
5728,0.9918212890625
5729,0.9908447265625
5730,0.9942626953125
5731,0.9927978515625
5732,0.99169921875
5733,0.9932861328125
5734,0.9932861328125
5735,0.9910888671875
5736,0.9915771484375
5737,0.9913330078125
5738,0.9915771484375
5739,0.9925537109375
5740,0.99267578125
5741,0.9930419921875
5742,0.9908447265625
5743,0.993408203125
5744,0.991455078125
5745,0.992919921875
5746,0.99267578125
5747,0.9927978515625
5748,0.9937744140625
5749,0.992431640625
5750,0.9930419921875
5751,0.9925537109375
5752,0.992431640625
5753,0.9908447265625
5754,0.992919921875
5755,0.9912109375
5756,0.9927978515625
5757,0.9940185546875
5758,0.9931640625
5759,0.993408203125
5760,0.991943359375
5761,0.992431640625
5762,0.9913330078125
5763,0.9942626953125
5764,0.992431640625
5765,0.9913330078125
5766,0.9915771484375
5767,0.9935302734375
5768,0.9930419921875
5769,0.991943359375
5770,0.9931640625
5771,0.991943359375
5772,0.993408203125
5773,0.9932861328125
5774,0.9913330078125
5775,0.9931640625
5776,0.991455078125
5777,0.992919921875
5778,0.993896484375
5779,0.9930419921875
5780,0.991943359375
5781,0.9920654296875
5782,0.9930419921875
5783,0.99365234375
5784,0.9925537109375
5785,0.9923095703125
5786,0.9918212890625
5787,0.99169921875
5788,0.9920654296875
5789,0.9918212890625
5790,0.9912109375
5791,0.9935302734375
5792,0.9940185546875
5793,0.9923095703125
5794,0.992919921875
5795,0.9925537109375
5796,0.9925537109375
5797,0.99169921875
5798,0.9918212890625
5799,0.9931640625
5800,0.9921875
5801,0.9925537109375
5802,0.9930419921875
5803,0.99267578125
5804,0.99267578125
5805,0.9918212890625
5806,0.9935302734375
5807,0.99169921875
5808,0.99267578125
5809,0.990966796875
5810,0.992919921875
5811,0.9920654296875
5812,0.9920654296875
5813,0.991455078125
5814,0.992431640625
5815,0.9931640625
5816,0.9920654296875
5817,0.9915771484375
5818,0.991455078125
5819,0.9930419921875
5820,0.9932861328125
5821,0.9930419921875
5822,0.99267578125
5823,0.9927978515625
5824,0.9910888671875
5825,0.9915771484375
5826,0.9930419921875
5827,0.9925537109375
5828,0.993408203125
5829,0.9937744140625
5830,0.992431640625
5831,0.9923095703125
5832,0.99267578125
5833,0.99169921875
5834,0.9920654296875
5835,0.9925537109375
5836,0.9920654296875
5837,0.99267578125
5838,0.9935302734375
5839,0.9925537109375
5840,0.9925537109375
5841,0.9932861328125
5842,0.9940185546875
5843,0.9915771484375
5844,0.9918212890625
5845,0.992919921875
5846,0.9930419921875
5847,0.991455078125
5848,0.9930419921875
5849,0.990966796875
5850,0.99169921875
5851,0.9923095703125
5852,0.9930419921875
5853,0.993896484375
5854,0.9935302734375
5855,0.9932861328125
5856,0.9920654296875
5857,0.9920654296875
5858,0.991455078125
5859,0.991943359375
5860,0.9935302734375
5861,0.9931640625
5862,0.9932861328125
5863,0.9925537109375
5864,0.992431640625
5865,0.99169921875
5866,0.993408203125
5867,0.9932861328125
5868,0.9927978515625
5869,0.9930419921875
5870,0.99267578125
5871,0.9925537109375
5872,0.9925537109375
5873,0.9920654296875
5874,0.9920654296875
5875,0.9927978515625
5876,0.9930419921875
5877,0.993408203125
5878,0.9927978515625
5879,0.9930419921875
5880,0.9913330078125
5881,0.9920654296875
5882,0.9927978515625
5883,0.9921875
5884,0.9920654296875
5885,0.9930419921875
5886,0.992431640625
5887,0.9935302734375
5888,0.992919921875
5889,0.992919921875
5890,0.9925537109375
5891,0.9932861328125
5892,0.991455078125
5893,0.9932861328125
5894,0.99267578125
5895,0.992431640625
5896,0.9927978515625
5897,0.9915771484375
5898,0.99267578125
5899,0.9932861328125
5900,0.9931640625
5901,0.992431640625
5902,0.9923095703125
5903,0.991943359375
5904,0.99267578125
5905,0.9927978515625
5906,0.99169921875
5907,0.992919921875
5908,0.99365234375
5909,0.992431640625
5910,0.994140625
5911,0.9918212890625
5912,0.9921875
5913,0.9925537109375
5914,0.9942626953125
5915,0.992919921875
5916,0.9903564453125
5917,0.9927978515625
5918,0.9927978515625
5919,0.9921875
5920,0.993896484375
5921,0.992919921875
5922,0.9918212890625
5923,0.9923095703125
5924,0.9935302734375
5925,0.9925537109375
5926,0.991455078125
5927,0.9927978515625
5928,0.9932861328125
5929,0.99267578125
5930,0.990478515625
5931,0.9927978515625
5932,0.9923095703125
5933,0.9935302734375
5934,0.993896484375
5935,0.9921875
5936,0.9932861328125
5937,0.9945068359375
5938,0.9920654296875
5939,0.9931640625
5940,0.9921875
5941,0.9932861328125
5942,0.994140625
5943,0.99365234375
5944,0.992431640625
5945,0.991943359375
5946,0.991943359375
5947,0.9935302734375
5948,0.994140625
5949,0.9913330078125
5950,0.99267578125
5951,0.992919921875
5952,0.9932861328125
5953,0.9942626953125
5954,0.9930419921875
5955,0.9942626953125
5956,0.992431640625
5957,0.992431640625
5958,0.9920654296875
5959,0.9921875
5960,0.99365234375
5961,0.9925537109375
5962,0.9932861328125
5963,0.991455078125
5964,0.9921875
5965,0.9925537109375
5966,0.9927978515625
5967,0.9921875
5968,0.9915771484375
5969,0.9925537109375
5970,0.9932861328125
5971,0.9918212890625
5972,0.9925537109375
5973,0.992919921875
5974,0.994140625
5975,0.9920654296875
5976,0.991943359375
5977,0.9915771484375
5978,0.9927978515625
5979,0.992431640625
5980,0.992431640625
5981,0.992431640625
5982,0.993408203125
5983,0.9923095703125
5984,0.9927978515625
5985,0.991455078125
5986,0.992431640625
5987,0.9921875
5988,0.9923095703125
5989,0.9918212890625
5990,0.9918212890625
5991,0.99365234375
5992,0.992919921875
5993,0.9921875
5994,0.99365234375
5995,0.9918212890625
5996,0.9931640625
5997,0.992431640625
5998,0.9935302734375
5999,0.9930419921875
6000,0.9927978515625
6001,0.9925537109375
6002,0.991943359375
6003,0.9925537109375
6004,0.9921875
6005,0.99169921875
6006,0.9903564453125
6007,0.9937744140625
6008,0.9937744140625
6009,0.9930419921875
6010,0.9931640625
6011,0.9931640625
6012,0.9927978515625
6013,0.9920654296875
6014,0.9940185546875
6015,0.992431640625
6016,0.992431640625
6017,0.9921875
6018,0.9932861328125
6019,0.9932861328125
6020,0.9920654296875
6021,0.9931640625
6022,0.99267578125
6023,0.991943359375
6024,0.992431640625
6025,0.99365234375
6026,0.9915771484375
6027,0.992431640625
6028,0.9925537109375
6029,0.9935302734375
6030,0.9927978515625
6031,0.9921875
6032,0.9906005859375
6033,0.9930419921875
6034,0.992919921875
6035,0.9932861328125
6036,0.9931640625
6037,0.992919921875
6038,0.9923095703125
6039,0.992919921875
6040,0.9935302734375
6041,0.9937744140625
6042,0.9937744140625
6043,0.9930419921875
6044,0.99462890625
6045,0.9930419921875
6046,0.9925537109375
6047,0.9931640625
6048,0.9920654296875
6049,0.992919921875
6050,0.993896484375
6051,0.991943359375
6052,0.99169921875
6053,0.991943359375
6054,0.9930419921875
6055,0.9930419921875
6056,0.99169921875
6057,0.99267578125
6058,0.9927978515625
6059,0.992919921875
6060,0.991943359375
6061,0.9937744140625
6062,0.9930419921875
6063,0.992919921875
6064,0.992919921875
6065,0.992919921875
6066,0.99267578125
6067,0.992919921875
6068,0.9927978515625
6069,0.9931640625
6070,0.9910888671875
6071,0.99365234375
6072,0.9930419921875
6073,0.9923095703125
6074,0.9918212890625
6075,0.994384765625
6076,0.9927978515625
6077,0.99267578125
6078,0.9930419921875
6079,0.9918212890625
6080,0.9923095703125
6081,0.9912109375
6082,0.993408203125
6083,0.9918212890625
6084,0.9930419921875
6085,0.9927978515625
6086,0.9927978515625
6087,0.9915771484375
6088,0.9920654296875
6089,0.9915771484375
6090,0.9930419921875
6091,0.991943359375
6092,0.9923095703125
6093,0.9915771484375
6094,0.992431640625
6095,0.9923095703125
6096,0.9942626953125
6097,0.993896484375
6098,0.9923095703125
6099,0.9925537109375
6100,0.9930419921875
6101,0.9920654296875
6102,0.99365234375
6103,0.9923095703125
6104,0.9932861328125
6105,0.9930419921875
6106,0.9932861328125
6107,0.9920654296875
6108,0.9921875
6109,0.9931640625
6110,0.991455078125
6111,0.993408203125
6112,0.9918212890625
6113,0.9949951171875
6114,0.992919921875
6115,0.992919921875
6116,0.9927978515625
6117,0.9932861328125
6118,0.992431640625
6119,0.9932861328125
6120,0.9932861328125
6121,0.9921875
6122,0.99267578125
6123,0.992919921875
6124,0.9921875
6125,0.9923095703125
6126,0.9923095703125
6127,0.9921875
6128,0.9923095703125
6129,0.9921875
6130,0.993408203125
6131,0.991455078125
6132,0.9921875
6133,0.993896484375
6134,0.992431640625
6135,0.9925537109375
6136,0.993896484375
6137,0.9920654296875
6138,0.9927978515625
6139,0.9920654296875
6140,0.9932861328125
6141,0.99169921875
6142,0.99365234375
6143,0.9932861328125
6144,0.99267578125
6145,0.993896484375
6146,0.9925537109375
6147,0.9930419921875
6148,0.991455078125
6149,0.9918212890625
6150,0.9923095703125
6151,0.9932861328125
6152,0.99365234375
6153,0.9913330078125
6154,0.9921875
6155,0.99169921875
6156,0.9925537109375
6157,0.9923095703125
6158,0.9935302734375
6159,0.9932861328125
6160,0.9927978515625
6161,0.992919921875
6162,0.9918212890625
6163,0.992919921875
6164,0.9931640625
6165,0.9913330078125
6166,0.9912109375
6167,0.9921875
6168,0.9925537109375
6169,0.9927978515625
6170,0.9931640625
6171,0.992431640625
6172,0.9923095703125
6173,0.9930419921875
6174,0.99267578125
6175,0.9912109375
6176,0.9930419921875
6177,0.9930419921875
6178,0.9925537109375
6179,0.99267578125
6180,0.992919921875
6181,0.9921875
6182,0.99267578125
6183,0.993408203125
6184,0.9935302734375
6185,0.993896484375
6186,0.992919921875
6187,0.99267578125
6188,0.992919921875
6189,0.99365234375
6190,0.9927978515625
6191,0.9901123046875
6192,0.99365234375
6193,0.99267578125
6194,0.9921875
6195,0.992431640625
6196,0.990966796875
6197,0.9918212890625
6198,0.9920654296875
6199,0.99267578125
6200,0.9925537109375
6201,0.99169921875
6202,0.992919921875
6203,0.9908447265625
6204,0.9927978515625
6205,0.9931640625
6206,0.9932861328125
6207,0.9937744140625
6208,0.9920654296875
6209,0.99169921875
6210,0.993408203125
6211,0.9925537109375
6212,0.9930419921875
6213,0.9920654296875
6214,0.9912109375
6215,0.9925537109375
6216,0.9912109375
6217,0.993408203125
6218,0.9915771484375
6219,0.9925537109375
6220,0.9930419921875
6221,0.9920654296875
6222,0.9913330078125
6223,0.99169921875
6224,0.9908447265625
6225,0.9915771484375
6226,0.993896484375
6227,0.9920654296875
6228,0.9920654296875
6229,0.9915771484375
6230,0.99365234375
6231,0.9918212890625
6232,0.9930419921875
6233,0.9921875
6234,0.9930419921875
6235,0.991455078125
6236,0.993408203125
6237,0.992431640625
6238,0.9930419921875
6239,0.9930419921875
6240,0.991943359375
6241,0.9930419921875
6242,0.99267578125
6243,0.9915771484375
6244,0.9925537109375
6245,0.9906005859375
6246,0.9927978515625
6247,0.99267578125
6248,0.9915771484375
6249,0.9935302734375
6250,0.99267578125
6251,0.992431640625
6252,0.99169921875
6253,0.99169921875
6254,0.9920654296875
6255,0.994140625
6256,0.9913330078125
6257,0.9923095703125
6258,0.992431640625
6259,0.994384765625
6260,0.9937744140625
6261,0.9932861328125
6262,0.9915771484375
6263,0.9921875
6264,0.991943359375
6265,0.9921875
6266,0.99267578125
6267,0.992919921875
6268,0.99365234375
6269,0.9927978515625
6270,0.9930419921875
6271,0.9932861328125
6272,0.992919921875
6273,0.992431640625
6274,0.991943359375
6275,0.9923095703125
6276,0.9932861328125
6277,0.992919921875
6278,0.9921875
6279,0.993408203125
6280,0.99365234375
6281,0.9931640625
6282,0.993408203125
6283,0.9925537109375
6284,0.9921875
6285,0.99169921875
6286,0.9927978515625
6287,0.99169921875
6288,0.9913330078125
6289,0.9915771484375
6290,0.9927978515625
6291,0.9923095703125
6292,0.9935302734375
6293,0.9935302734375
6294,0.99365234375
6295,0.9912109375
6296,0.9925537109375
6297,0.9923095703125
6298,0.9920654296875
6299,0.99169921875
6300,0.9925537109375
6301,0.994384765625
6302,0.992431640625
6303,0.991943359375
6304,0.9932861328125
6305,0.9932861328125
6306,0.9931640625
6307,0.9925537109375
6308,0.9908447265625
6309,0.9910888671875
6310,0.9932861328125
6311,0.991943359375
6312,0.9921875
6313,0.9927978515625
6314,0.9918212890625
6315,0.9937744140625
6316,0.99267578125
6317,0.9910888671875
6318,0.9932861328125
6319,0.991943359375
6320,0.9925537109375
6321,0.993408203125
6322,0.9923095703125
6323,0.993408203125
6324,0.991943359375
6325,0.9935302734375
6326,0.993896484375
6327,0.992431640625
6328,0.9923095703125
6329,0.992919921875
6330,0.9901123046875
6331,0.9932861328125
6332,0.992431640625
6333,0.992431640625
6334,0.9931640625
6335,0.992919921875
6336,0.993408203125
6337,0.993408203125
6338,0.9930419921875
6339,0.9927978515625
6340,0.9915771484375
6341,0.992919921875
6342,0.99365234375
6343,0.992431640625
6344,0.9930419921875
6345,0.9925537109375
6346,0.9927978515625
6347,0.9915771484375
6348,0.992431640625
6349,0.9931640625
6350,0.9910888671875
6351,0.9915771484375
6352,0.99267578125
6353,0.992919921875
6354,0.9925537109375
6355,0.9931640625
6356,0.9923095703125
6357,0.99169921875
6358,0.9937744140625
6359,0.9925537109375
6360,0.991943359375
6361,0.9912109375
6362,0.991943359375
6363,0.9921875
6364,0.9927978515625
6365,0.991943359375
6366,0.9930419921875
6367,0.9920654296875
6368,0.993408203125
6369,0.991943359375
6370,0.9912109375
6371,0.992919921875
6372,0.9925537109375
6373,0.9925537109375
6374,0.9940185546875
6375,0.991455078125
6376,0.9931640625
6377,0.991943359375
6378,0.9913330078125
6379,0.9920654296875
6380,0.9930419921875
6381,0.9921875
6382,0.9930419921875
6383,0.9932861328125
6384,0.9931640625
6385,0.9930419921875
6386,0.990234375
6387,0.992919921875
6388,0.9931640625
6389,0.992431640625
6390,0.9925537109375
6391,0.9927978515625
6392,0.99267578125
6393,0.9913330078125
6394,0.992431640625
6395,0.9915771484375
6396,0.99169921875
6397,0.9921875
6398,0.9927978515625
6399,0.9931640625
6400,0.9932861328125
6401,0.9935302734375
6402,0.9921875
6403,0.99169921875
6404,0.9942626953125
6405,0.9927978515625
6406,0.9921875
6407,0.9937744140625
6408,0.99267578125
6409,0.9930419921875
6410,0.9935302734375
6411,0.9930419921875
6412,0.9927978515625
6413,0.992919921875
6414,0.9925537109375
6415,0.9921875
6416,0.9937744140625
6417,0.991943359375
6418,0.9925537109375
6419,0.9925537109375
6420,0.991943359375
6421,0.9930419921875
6422,0.99169921875
6423,0.9931640625
6424,0.992919921875
6425,0.99169921875
6426,0.99267578125
6427,0.990966796875
6428,0.9930419921875
6429,0.9925537109375
6430,0.99267578125
6431,0.9925537109375
6432,0.9923095703125
6433,0.992431640625
6434,0.9921875
6435,0.9912109375
6436,0.99267578125
6437,0.9923095703125
6438,0.9927978515625
6439,0.9935302734375
6440,0.9927978515625
6441,0.99365234375
6442,0.993408203125
6443,0.991943359375
6444,0.9920654296875
6445,0.9920654296875
6446,0.992431640625
6447,0.99169921875
6448,0.99267578125
6449,0.9923095703125
6450,0.9925537109375
6451,0.9930419921875
6452,0.99267578125
6453,0.9932861328125
6454,0.99267578125
6455,0.9920654296875
6456,0.9918212890625
6457,0.9925537109375
6458,0.9935302734375
6459,0.9930419921875
6460,0.9932861328125
6461,0.9923095703125
6462,0.9932861328125
6463,0.992431640625
6464,0.9931640625
6465,0.9918212890625
6466,0.99267578125
6467,0.992431640625
6468,0.9937744140625
6469,0.9927978515625
6470,0.992919921875
6471,0.9923095703125
6472,0.991943359375
6473,0.9925537109375
6474,0.9927978515625
6475,0.9923095703125
6476,0.9937744140625
6477,0.9930419921875
6478,0.9932861328125
6479,0.9921875
6480,0.992431640625
6481,0.992919921875
6482,0.9927978515625
6483,0.992431640625
6484,0.991943359375
6485,0.9925537109375
6486,0.993408203125
6487,0.9923095703125
6488,0.99365234375
6489,0.9925537109375
6490,0.9923095703125
6491,0.9930419921875
6492,0.9935302734375
6493,0.99267578125
6494,0.9923095703125
6495,0.9931640625
6496,0.9925537109375
6497,0.9932861328125
6498,0.9925537109375
6499,0.993408203125
6500,0.990966796875
6501,0.993896484375
6502,0.993408203125
6503,0.99267578125
6504,0.99365234375
6505,0.9918212890625
6506,0.99365234375
6507,0.9918212890625
6508,0.992431640625
6509,0.992431640625
6510,0.99267578125
6511,0.992431640625
6512,0.9930419921875
6513,0.99365234375
6514,0.9906005859375
6515,0.9931640625
6516,0.9923095703125
6517,0.993408203125
6518,0.991943359375
6519,0.993408203125
6520,0.9913330078125
6521,0.9925537109375
6522,0.992431640625
6523,0.9925537109375
6524,0.9932861328125
6525,0.99267578125
6526,0.9923095703125
6527,0.9921875
6528,0.993408203125
6529,0.9927978515625
6530,0.9931640625
6531,0.9935302734375
6532,0.9931640625
6533,0.9927978515625
6534,0.9930419921875
6535,0.9920654296875
6536,0.9923095703125
6537,0.9921875
6538,0.99072265625
6539,0.9927978515625
6540,0.9931640625
6541,0.991455078125
6542,0.993408203125
6543,0.99267578125
6544,0.9918212890625
6545,0.9923095703125
6546,0.9931640625
6547,0.9927978515625
6548,0.9923095703125
6549,0.9925537109375
6550,0.992919921875
6551,0.991943359375
6552,0.9930419921875
6553,0.992919921875
6554,0.9927978515625
6555,0.9930419921875
6556,0.992919921875
6557,0.992919921875
6558,0.99169921875
6559,0.991943359375
6560,0.992919921875
6561,0.991943359375
6562,0.9927978515625
6563,0.99267578125
6564,0.9925537109375
6565,0.9935302734375
6566,0.991943359375
6567,0.9920654296875
6568,0.992431640625
6569,0.99169921875
6570,0.9942626953125
6571,0.992431640625
6572,0.9918212890625
6573,0.99267578125
6574,0.9930419921875
6575,0.992919921875
6576,0.9920654296875
6577,0.9935302734375
6578,0.993408203125
6579,0.9945068359375
6580,0.9915771484375
6581,0.9908447265625
6582,0.99267578125
6583,0.9931640625
6584,0.993408203125
6585,0.9927978515625
6586,0.99267578125
6587,0.9925537109375
6588,0.9918212890625
6589,0.9931640625
6590,0.993408203125
6591,0.9920654296875
6592,0.9927978515625
6593,0.99267578125
6594,0.991943359375
6595,0.9930419921875
6596,0.9930419921875
6597,0.9927978515625
6598,0.9940185546875
6599,0.992431640625
6600,0.992919921875
6601,0.9930419921875
6602,0.9937744140625
6603,0.991455078125
6604,0.99365234375
6605,0.9910888671875
6606,0.9918212890625
6607,0.9927978515625
6608,0.9930419921875
6609,0.9923095703125
6610,0.9915771484375
6611,0.991943359375
6612,0.9932861328125
6613,0.9910888671875
6614,0.992919921875
6615,0.9921875
6616,0.991455078125
6617,0.9918212890625
6618,0.9932861328125
6619,0.99267578125
6620,0.99267578125
6621,0.992431640625
6622,0.9930419921875
6623,0.9918212890625
6624,0.992431640625
6625,0.99267578125
6626,0.993896484375
6627,0.9921875
6628,0.9925537109375
6629,0.9918212890625
6630,0.9910888671875
6631,0.99267578125
6632,0.9931640625
6633,0.993408203125
6634,0.9932861328125
6635,0.9927978515625
6636,0.992431640625
6637,0.9932861328125
6638,0.991943359375
6639,0.9942626953125
6640,0.9935302734375
6641,0.9932861328125
6642,0.9920654296875
6643,0.992431640625
6644,0.9915771484375
6645,0.9931640625
6646,0.9935302734375
6647,0.9925537109375
6648,0.9931640625
6649,0.9921875
6650,0.99267578125
6651,0.994140625
6652,0.9930419921875
6653,0.99267578125
6654,0.9923095703125
6655,0.9930419921875
6656,0.9920654296875
6657,0.9931640625
6658,0.9931640625
6659,0.99365234375
6660,0.991943359375
6661,0.9913330078125
6662,0.9925537109375
6663,0.9923095703125
6664,0.9931640625
6665,0.9937744140625
6666,0.9937744140625
6667,0.99267578125
6668,0.992431640625
6669,0.9927978515625
6670,0.9925537109375
6671,0.99267578125
6672,0.992919921875
6673,0.9927978515625
6674,0.994873046875
6675,0.99169921875
6676,0.9930419921875
6677,0.992431640625
6678,0.9925537109375
6679,0.9918212890625
6680,0.9927978515625
6681,0.99365234375
6682,0.9931640625
6683,0.9927978515625
6684,0.99169921875
6685,0.99267578125
6686,0.9920654296875
6687,0.992919921875
6688,0.9920654296875
6689,0.992431640625
6690,0.9930419921875
6691,0.99169921875
6692,0.992431640625
6693,0.993408203125
6694,0.994140625
6695,0.992919921875
6696,0.9930419921875
6697,0.9921875
6698,0.991943359375
6699,0.99267578125
6700,0.993408203125
6701,0.9930419921875
6702,0.9932861328125
6703,0.9910888671875
6704,0.99267578125
6705,0.9923095703125
6706,0.991943359375
6707,0.9915771484375
6708,0.9937744140625
6709,0.9921875
6710,0.9920654296875
6711,0.9920654296875
6712,0.9930419921875
6713,0.9931640625
6714,0.9927978515625
6715,0.991943359375
6716,0.9930419921875
6717,0.991943359375
6718,0.994384765625
6719,0.991943359375
6720,0.9932861328125
6721,0.99169921875
6722,0.9932861328125
6723,0.9935302734375
6724,0.9937744140625
6725,0.9921875
6726,0.993408203125
6727,0.99365234375
6728,0.9923095703125
6729,0.9947509765625
6730,0.992431640625
6731,0.9921875
6732,0.994140625
6733,0.9930419921875
6734,0.9923095703125
6735,0.9931640625
6736,0.99267578125
6737,0.9920654296875
6738,0.9925537109375
6739,0.9932861328125
6740,0.991943359375
6741,0.994140625
6742,0.9925537109375
6743,0.9921875
6744,0.9927978515625
6745,0.99267578125
6746,0.9925537109375
6747,0.992919921875
6748,0.9932861328125
6749,0.9915771484375
6750,0.99365234375
6751,0.992919921875
6752,0.9921875
6753,0.9930419921875
6754,0.9921875
6755,0.9920654296875
6756,0.9925537109375
6757,0.991943359375
6758,0.9906005859375
6759,0.9931640625
6760,0.993896484375
6761,0.9923095703125
6762,0.9921875
6763,0.9912109375
6764,0.992431640625
6765,0.9920654296875
6766,0.9937744140625
6767,0.9921875
6768,0.9932861328125
6769,0.9921875
6770,0.991943359375
6771,0.9923095703125
6772,0.9923095703125
6773,0.992919921875
6774,0.991943359375
6775,0.9921875
6776,0.9931640625
6777,0.991943359375
6778,0.99267578125
6779,0.993408203125
6780,0.9932861328125
6781,0.9920654296875
6782,0.9927978515625
6783,0.9925537109375
6784,0.9925537109375
6785,0.993408203125
6786,0.9945068359375
6787,0.992919921875
6788,0.9942626953125
6789,0.9908447265625
6790,0.991943359375
6791,0.9918212890625
6792,0.9920654296875
6793,0.992919921875
6794,0.9932861328125
6795,0.9937744140625
6796,0.9927978515625
6797,0.9927978515625
6798,0.9925537109375
6799,0.992919921875
6800,0.990478515625
6801,0.9927978515625
6802,0.99169921875
6803,0.9920654296875
6804,0.9921875
6805,0.9920654296875
6806,0.9935302734375
6807,0.9923095703125
6808,0.991943359375
6809,0.990966796875
6810,0.9921875
6811,0.9937744140625
6812,0.993408203125
6813,0.9920654296875
6814,0.9927978515625
6815,0.9915771484375
6816,0.9931640625
6817,0.9913330078125
6818,0.993408203125
6819,0.991455078125
6820,0.99267578125
6821,0.9930419921875
6822,0.99365234375
6823,0.9927978515625
6824,0.9920654296875
6825,0.9925537109375
6826,0.9923095703125
6827,0.9925537109375
6828,0.9923095703125
6829,0.9930419921875
6830,0.9913330078125
6831,0.99267578125
6832,0.992431640625
6833,0.9910888671875
6834,0.992431640625
6835,0.9932861328125
6836,0.9925537109375
6837,0.9935302734375
6838,0.994140625
6839,0.9915771484375
6840,0.9947509765625
6841,0.99267578125
6842,0.9931640625
6843,0.99267578125
6844,0.9940185546875
6845,0.992431640625
6846,0.992431640625
6847,0.992919921875
6848,0.9925537109375
6849,0.9913330078125
6850,0.9918212890625
6851,0.9923095703125
6852,0.99365234375
6853,0.9923095703125
6854,0.9940185546875
6855,0.991455078125
6856,0.9935302734375
6857,0.992431640625
6858,0.992919921875
6859,0.9927978515625
6860,0.992431640625
6861,0.9927978515625
6862,0.9921875
6863,0.99267578125
6864,0.992919921875
6865,0.992431640625
6866,0.9923095703125
6867,0.99267578125
6868,0.9927978515625
6869,0.9932861328125
6870,0.9925537109375
6871,0.9920654296875
6872,0.992919921875
6873,0.9925537109375
6874,0.9920654296875
6875,0.9925537109375
6876,0.992919921875
6877,0.99169921875
6878,0.991455078125
6879,0.9923095703125
6880,0.9913330078125
6881,0.992431640625
6882,0.9915771484375
6883,0.9937744140625
6884,0.99462890625
6885,0.993408203125
6886,0.9931640625
6887,0.9927978515625
6888,0.9927978515625
6889,0.9937744140625
6890,0.9923095703125
6891,0.9927978515625
6892,0.993896484375
6893,0.993408203125
6894,0.992919921875
6895,0.9925537109375
6896,0.992431640625
6897,0.9906005859375
6898,0.9921875
6899,0.991455078125
6900,0.9925537109375
6901,0.9912109375
6902,0.9925537109375
6903,0.994140625
6904,0.9927978515625
6905,0.993408203125
6906,0.9942626953125
6907,0.9932861328125
6908,0.99267578125
6909,0.994140625
6910,0.993896484375
6911,0.9931640625
6912,0.993408203125
6913,0.992919921875
6914,0.99169921875
6915,0.9925537109375
6916,0.9935302734375
6917,0.9931640625
6918,0.9923095703125
6919,0.9921875
6920,0.9931640625
6921,0.9920654296875
6922,0.9918212890625
6923,0.990478515625
6924,0.9927978515625
6925,0.992919921875
6926,0.9930419921875
6927,0.9925537109375
6928,0.9925537109375
6929,0.99462890625
6930,0.9930419921875
6931,0.993408203125
6932,0.99169921875
6933,0.9930419921875
6934,0.9940185546875
6935,0.99169921875
6936,0.99169921875
6937,0.9918212890625
6938,0.9918212890625
6939,0.9925537109375
6940,0.99267578125
6941,0.9932861328125
6942,0.9918212890625
6943,0.992431640625
6944,0.991455078125
6945,0.9927978515625
6946,0.9925537109375
6947,0.9927978515625
6948,0.9915771484375
6949,0.9927978515625
6950,0.9920654296875
6951,0.9923095703125
6952,0.992919921875
6953,0.9930419921875
6954,0.992919921875
6955,0.9921875
6956,0.9935302734375
6957,0.9930419921875
6958,0.9931640625
6959,0.991455078125
6960,0.9923095703125
6961,0.992919921875
6962,0.99267578125
6963,0.9925537109375
6964,0.993896484375
6965,0.99365234375
6966,0.993408203125
6967,0.991943359375
6968,0.9920654296875
6969,0.991943359375
6970,0.9930419921875
6971,0.992431640625
6972,0.9937744140625
6973,0.9920654296875
6974,0.9937744140625
6975,0.991943359375
6976,0.991943359375
6977,0.9920654296875
6978,0.9925537109375
6979,0.9932861328125
6980,0.9910888671875
6981,0.99267578125
6982,0.99365234375
6983,0.991455078125
6984,0.9913330078125
6985,0.9920654296875
6986,0.9921875
6987,0.99169921875
6988,0.9915771484375
6989,0.993896484375
6990,0.9931640625
6991,0.99267578125
6992,0.992431640625
6993,0.9918212890625
6994,0.9932861328125
6995,0.9925537109375
6996,0.9923095703125
6997,0.992919921875
6998,0.9932861328125
6999,0.9932861328125
7000,0.9935302734375
7001,0.9935302734375
7002,0.992919921875
7003,0.9912109375
7004,0.9925537109375
7005,0.9937744140625
7006,0.9931640625
7007,0.991943359375
7008,0.9930419921875
7009,0.991943359375
7010,0.99267578125
7011,0.9912109375
7012,0.9913330078125
7013,0.99365234375
7014,0.9912109375
7015,0.994140625
7016,0.992431640625
7017,0.9920654296875
7018,0.9920654296875
7019,0.9923095703125
7020,0.9915771484375
7021,0.99365234375
7022,0.99267578125
7023,0.991455078125
7024,0.9921875
7025,0.9921875
7026,0.992919921875
7027,0.9930419921875
7028,0.9925537109375
7029,0.992919921875
7030,0.993896484375
7031,0.9923095703125
7032,0.9932861328125
7033,0.9927978515625
7034,0.9918212890625
7035,0.9910888671875
7036,0.9937744140625
7037,0.9930419921875
7038,0.9925537109375
7039,0.994384765625
7040,0.9920654296875
7041,0.9915771484375
7042,0.9918212890625
7043,0.992919921875
7044,0.9921875
7045,0.991943359375
7046,0.9937744140625
7047,0.9930419921875
7048,0.992431640625
7049,0.99267578125
7050,0.9930419921875
7051,0.9927978515625
7052,0.9923095703125
7053,0.9927978515625
7054,0.993408203125
7055,0.9915771484375
7056,0.9937744140625
7057,0.9923095703125
7058,0.9932861328125
7059,0.992919921875
7060,0.9931640625
7061,0.9935302734375
7062,0.9932861328125
7063,0.9923095703125
7064,0.9925537109375
7065,0.992431640625
7066,0.9923095703125
7067,0.992431640625
7068,0.9937744140625
7069,0.9942626953125
7070,0.992919921875
7071,0.9927978515625
7072,0.991455078125
7073,0.9925537109375
7074,0.99365234375
7075,0.991943359375
7076,0.9930419921875
7077,0.9921875
7078,0.992431640625
7079,0.9923095703125
7080,0.9920654296875
7081,0.9920654296875
7082,0.9923095703125
7083,0.9920654296875
7084,0.992431640625
7085,0.9923095703125
7086,0.991455078125
7087,0.9930419921875
7088,0.992431640625
7089,0.9913330078125
7090,0.99267578125
7091,0.99169921875
7092,0.9921875
7093,0.99169921875
7094,0.9918212890625
7095,0.9920654296875
7096,0.9930419921875
7097,0.9923095703125
7098,0.991943359375
7099,0.9947509765625
7100,0.9940185546875
7101,0.9932861328125
7102,0.9918212890625
7103,0.992431640625
7104,0.99267578125
7105,0.9930419921875
7106,0.990966796875
7107,0.99267578125
7108,0.99365234375
7109,0.9918212890625
7110,0.991943359375
7111,0.9921875
7112,0.9931640625
7113,0.99267578125
7114,0.9918212890625
7115,0.9925537109375
7116,0.993408203125
7117,0.991943359375
7118,0.9920654296875
7119,0.9920654296875
7120,0.992431640625
7121,0.9913330078125
7122,0.99365234375
7123,0.9927978515625
7124,0.9920654296875
7125,0.9942626953125
7126,0.9932861328125
7127,0.993896484375
7128,0.9932861328125
7129,0.9921875
7130,0.9927978515625
7131,0.9931640625
7132,0.9923095703125
7133,0.9908447265625
7134,0.9921875
7135,0.99365234375
7136,0.9921875
7137,0.9935302734375
7138,0.9921875
7139,0.991455078125
7140,0.99365234375
7141,0.9931640625
7142,0.9925537109375
7143,0.9925537109375
7144,0.9935302734375
7145,0.992431640625
7146,0.991943359375
7147,0.9920654296875
7148,0.9920654296875
7149,0.9920654296875
7150,0.9927978515625
7151,0.9923095703125
7152,0.9945068359375
7153,0.9932861328125
7154,0.9921875
7155,0.99267578125
7156,0.9930419921875
7157,0.9925537109375
7158,0.9925537109375
7159,0.9925537109375
7160,0.992919921875
7161,0.994140625
7162,0.9927978515625
7163,0.99267578125
7164,0.991943359375
7165,0.992431640625
7166,0.992431640625
7167,0.9918212890625
7168,0.9921875
7169,0.9930419921875
7170,0.9932861328125
7171,0.9908447265625
7172,0.9915771484375
7173,0.993408203125
7174,0.9931640625
7175,0.993408203125
7176,0.9935302734375
7177,0.992431640625
7178,0.99072265625
7179,0.99365234375
7180,0.9937744140625
7181,0.992431640625
7182,0.99169921875
7183,0.992919921875
7184,0.9931640625
7185,0.992919921875
7186,0.9927978515625
7187,0.992431640625
7188,0.9923095703125
7189,0.9915771484375
7190,0.9915771484375
7191,0.9930419921875
7192,0.9925537109375
7193,0.9923095703125
7194,0.99365234375
7195,0.9927978515625
7196,0.9920654296875
7197,0.9920654296875
7198,0.9932861328125
7199,0.991943359375
7200,0.9920654296875
7201,0.9923095703125
7202,0.993408203125
7203,0.9920654296875
7204,0.99267578125
7205,0.9923095703125
7206,0.99365234375
7207,0.99267578125
7208,0.993408203125
7209,0.9918212890625
7210,0.9921875
7211,0.991943359375
7212,0.991943359375
7213,0.9913330078125
7214,0.9925537109375
7215,0.9935302734375
7216,0.9931640625
7217,0.9920654296875
7218,0.992431640625
7219,0.993408203125
7220,0.9927978515625
7221,0.9920654296875
7222,0.9915771484375
7223,0.9930419921875
7224,0.9927978515625
7225,0.9937744140625
7226,0.9920654296875
7227,0.9937744140625
7228,0.9927978515625
7229,0.992919921875
7230,0.9920654296875
7231,0.992919921875
7232,0.9923095703125
7233,0.9937744140625
7234,0.99169921875
7235,0.9930419921875
7236,0.9925537109375
7237,0.991943359375
7238,0.992431640625
7239,0.9931640625
7240,0.9931640625
7241,0.9918212890625
7242,0.9932861328125
7243,0.9925537109375
7244,0.993408203125
7245,0.9935302734375
7246,0.9921875
7247,0.9931640625
7248,0.99169921875
7249,0.9925537109375
7250,0.9932861328125
7251,0.992919921875
7252,0.992431640625
7253,0.9921875
7254,0.9920654296875
7255,0.9935302734375
7256,0.9920654296875
7257,0.99365234375
7258,0.9942626953125
7259,0.9930419921875
7260,0.9921875
7261,0.9923095703125
7262,0.9925537109375
7263,0.9930419921875
7264,0.9940185546875
7265,0.9930419921875
7266,0.991943359375
7267,0.9925537109375
7268,0.991943359375
7269,0.9925537109375
7270,0.991943359375
7271,0.9912109375
7272,0.9932861328125
7273,0.993408203125
7274,0.992431640625
7275,0.992431640625
7276,0.992431640625
7277,0.991943359375
7278,0.991943359375
7279,0.9925537109375
7280,0.9930419921875
7281,0.993408203125
7282,0.9927978515625
7283,0.9945068359375
7284,0.9930419921875
7285,0.993408203125
7286,0.9925537109375
7287,0.9923095703125
7288,0.99267578125
7289,0.9923095703125
7290,0.9931640625
7291,0.993896484375
7292,0.9945068359375
7293,0.992431640625
7294,0.9930419921875
7295,0.9921875
7296,0.992919921875
7297,0.9930419921875
7298,0.993408203125
7299,0.991943359375
7300,0.9923095703125
7301,0.9927978515625
7302,0.9923095703125
7303,0.9932861328125
7304,0.991943359375
7305,0.9923095703125
7306,0.9927978515625
7307,0.9932861328125
7308,0.9923095703125
7309,0.9930419921875
7310,0.9935302734375
7311,0.9920654296875
7312,0.9918212890625
7313,0.9930419921875
7314,0.991455078125
7315,0.9935302734375
7316,0.9937744140625
7317,0.993408203125
7318,0.9920654296875
7319,0.9923095703125
7320,0.9913330078125
7321,0.9931640625
7322,0.9921875
7323,0.992919921875
7324,0.991943359375
7325,0.99365234375
7326,0.993408203125
7327,0.9931640625
7328,0.9930419921875
7329,0.99365234375
7330,0.992431640625
7331,0.9925537109375
7332,0.9931640625
7333,0.99169921875
7334,0.992431640625
7335,0.991455078125
7336,0.99365234375
7337,0.9942626953125
7338,0.99267578125
7339,0.9921875
7340,0.9923095703125
7341,0.9920654296875
7342,0.9915771484375
7343,0.9906005859375
7344,0.9915771484375
7345,0.99267578125
7346,0.99267578125
7347,0.9927978515625
7348,0.992919921875
7349,0.993408203125
7350,0.992919921875
7351,0.993408203125
7352,0.992431640625
7353,0.9923095703125
7354,0.9931640625
7355,0.9930419921875
7356,0.9920654296875
7357,0.9923095703125
7358,0.9935302734375
7359,0.991455078125
7360,0.9925537109375
7361,0.99169921875
7362,0.9930419921875
7363,0.9935302734375
7364,0.99365234375
7365,0.992919921875
7366,0.9927978515625
7367,0.9927978515625
7368,0.991943359375
7369,0.993408203125
7370,0.993896484375
7371,0.992431640625
7372,0.9930419921875
7373,0.9925537109375
7374,0.99267578125
7375,0.9921875
7376,0.9925537109375
7377,0.9918212890625
7378,0.9923095703125
7379,0.9935302734375
7380,0.990478515625
7381,0.9927978515625
7382,0.99169921875
7383,0.9932861328125
7384,0.9935302734375
7385,0.99267578125
7386,0.9937744140625
7387,0.9920654296875
7388,0.9935302734375
7389,0.9940185546875
7390,0.9932861328125
7391,0.990478515625
7392,0.9921875
7393,0.9923095703125
7394,0.991943359375
7395,0.993408203125
7396,0.990234375
7397,0.990478515625
7398,0.9915771484375
7399,0.99267578125
7400,0.9923095703125
7401,0.9937744140625
7402,0.9921875
7403,0.993408203125
7404,0.9931640625
7405,0.9931640625
7406,0.9921875
7407,0.99169921875
7408,0.991943359375
7409,0.9927978515625
7410,0.992919921875
7411,0.9910888671875
7412,0.991455078125
7413,0.9918212890625
7414,0.9923095703125
7415,0.9925537109375
7416,0.992919921875
7417,0.994384765625
7418,0.9925537109375
7419,0.99365234375
7420,0.9918212890625
7421,0.99267578125
7422,0.9908447265625
7423,0.992431640625
7424,0.9923095703125
7425,0.9927978515625
7426,0.9913330078125
7427,0.9921875
7428,0.9927978515625
7429,0.9931640625
7430,0.9915771484375
7431,0.99462890625
7432,0.9903564453125
7433,0.9930419921875
7434,0.9920654296875
7435,0.9923095703125
7436,0.9932861328125
7437,0.9940185546875
7438,0.991943359375
7439,0.9931640625
7440,0.9925537109375
7441,0.9931640625
7442,0.9921875
7443,0.99267578125
7444,0.9931640625
7445,0.9918212890625
7446,0.99169921875
7447,0.993896484375
7448,0.992431640625
7449,0.9927978515625
7450,0.99169921875
7451,0.9920654296875
7452,0.9923095703125
7453,0.9921875
7454,0.9930419921875
7455,0.9920654296875
7456,0.9920654296875
7457,0.9937744140625
7458,0.9927978515625
7459,0.99169921875
7460,0.9927978515625
7461,0.9925537109375
7462,0.993408203125
7463,0.9925537109375
7464,0.9920654296875
7465,0.9925537109375
7466,0.9937744140625
7467,0.9935302734375
7468,0.9935302734375
7469,0.991943359375
7470,0.9930419921875
7471,0.9937744140625
7472,0.992431640625
7473,0.9931640625
7474,0.9949951171875
7475,0.992919921875
7476,0.9927978515625
7477,0.99169921875
7478,0.992919921875
7479,0.992919921875
7480,0.992919921875
7481,0.991943359375
7482,0.9923095703125
7483,0.9932861328125
7484,0.9925537109375
7485,0.9925537109375
7486,0.9915771484375
7487,0.9930419921875
7488,0.99267578125
7489,0.9910888671875
7490,0.991943359375
7491,0.993408203125
7492,0.9913330078125
7493,0.99169921875
7494,0.992431640625
7495,0.9920654296875
7496,0.9910888671875
7497,0.9931640625
7498,0.9915771484375
7499,0.9925537109375
7500,0.9937744140625
7501,0.9923095703125
7502,0.992919921875
7503,0.99267578125
7504,0.9921875
7505,0.9932861328125
7506,0.9927978515625
7507,0.9925537109375
7508,0.9931640625
7509,0.9932861328125
7510,0.992431640625
7511,0.993408203125
7512,0.9921875
7513,0.9932861328125
7514,0.9918212890625
7515,0.992431640625
7516,0.9932861328125
7517,0.99365234375
7518,0.9921875
7519,0.992431640625
7520,0.992919921875
7521,0.992431640625
7522,0.9945068359375
7523,0.9923095703125
7524,0.9932861328125
7525,0.9921875
7526,0.992919921875
7527,0.992431640625
7528,0.9921875
7529,0.9915771484375
7530,0.992919921875
7531,0.9937744140625
7532,0.994140625
7533,0.992919921875
7534,0.99365234375
7535,0.9923095703125
7536,0.9937744140625
7537,0.9931640625
7538,0.9927978515625
7539,0.99267578125
7540,0.99267578125
7541,0.992431640625
7542,0.9921875
7543,0.9927978515625
7544,0.9930419921875
7545,0.9918212890625
7546,0.9925537109375
7547,0.9937744140625
7548,0.9935302734375
7549,0.9927978515625
7550,0.9921875
7551,0.9937744140625
7552,0.99267578125
7553,0.9932861328125
7554,0.99267578125
7555,0.9913330078125
7556,0.991943359375
7557,0.9915771484375
7558,0.993896484375
7559,0.992431640625
7560,0.99169921875
7561,0.991943359375
7562,0.992919921875
7563,0.993408203125
7564,0.9927978515625
7565,0.9932861328125
7566,0.9949951171875
7567,0.99267578125
7568,0.992919921875
7569,0.991943359375
7570,0.9923095703125
7571,0.991943359375
7572,0.9920654296875
7573,0.9927978515625
7574,0.992919921875
7575,0.992431640625
7576,0.9927978515625
7577,0.9931640625
7578,0.9925537109375
7579,0.99365234375
7580,0.9923095703125
7581,0.9930419921875
7582,0.991943359375
7583,0.9918212890625
7584,0.9921875
7585,0.9923095703125
7586,0.9935302734375
7587,0.99267578125
7588,0.992919921875
7589,0.993896484375
7590,0.9920654296875
7591,0.9932861328125
7592,0.9923095703125
7593,0.9923095703125
7594,0.9921875
7595,0.99267578125
7596,0.9913330078125
7597,0.9912109375
7598,0.9932861328125
7599,0.991455078125
7600,0.992919921875
7601,0.9935302734375
7602,0.992919921875
7603,0.991943359375
7604,0.994140625
7605,0.99365234375
7606,0.9930419921875
7607,0.9927978515625
7608,0.9921875
7609,0.991455078125
7610,0.992431640625
7611,0.9930419921875
7612,0.99267578125
7613,0.992919921875
7614,0.9918212890625
7615,0.9920654296875
7616,0.991943359375
7617,0.99365234375
7618,0.991943359375
7619,0.9921875
7620,0.9931640625
7621,0.99169921875
7622,0.9931640625
7623,0.9931640625
7624,0.9927978515625
7625,0.992919921875
7626,0.9932861328125
7627,0.9923095703125
7628,0.9921875
7629,0.9927978515625
7630,0.9932861328125
7631,0.9925537109375
7632,0.9935302734375
7633,0.9920654296875
7634,0.9927978515625
7635,0.9925537109375
7636,0.992431640625
7637,0.99267578125
7638,0.9925537109375
7639,0.9931640625
7640,0.9910888671875
7641,0.9923095703125
7642,0.9935302734375
7643,0.991943359375
7644,0.9923095703125
7645,0.9932861328125
7646,0.9930419921875
7647,0.993408203125
7648,0.992431640625
7649,0.9925537109375
7650,0.9918212890625
7651,0.9918212890625
7652,0.99267578125
7653,0.992919921875
7654,0.9920654296875
7655,0.9927978515625
7656,0.992919921875
7657,0.9945068359375
7658,0.9912109375
7659,0.992919921875
7660,0.991943359375
7661,0.9935302734375
7662,0.9927978515625
7663,0.9925537109375
7664,0.992919921875
7665,0.9920654296875
7666,0.991943359375
7667,0.9913330078125
7668,0.9925537109375
7669,0.9942626953125
7670,0.9921875
7671,0.99267578125
7672,0.9942626953125
7673,0.9915771484375
7674,0.9925537109375
7675,0.993408203125
7676,0.992919921875
7677,0.9931640625
7678,0.991943359375
7679,0.991943359375
7680,0.9932861328125
7681,0.991455078125
7682,0.99267578125
7683,0.992919921875
7684,0.9942626953125
7685,0.9925537109375
7686,0.99169921875
7687,0.992919921875
7688,0.9915771484375
7689,0.9927978515625
7690,0.9925537109375
7691,0.991455078125
7692,0.9910888671875
7693,0.9906005859375
7694,0.993896484375
7695,0.9932861328125
7696,0.9942626953125
7697,0.9930419921875
7698,0.9931640625
7699,0.9932861328125
7700,0.9925537109375
7701,0.99169921875
7702,0.9923095703125
7703,0.99267578125
7704,0.993896484375
7705,0.9935302734375
7706,0.992919921875
7707,0.9927978515625
7708,0.9945068359375
7709,0.9932861328125
7710,0.993408203125
7711,0.9935302734375
7712,0.992919921875
7713,0.9930419921875
7714,0.992431640625
7715,0.991943359375
7716,0.9932861328125
7717,0.9932861328125
7718,0.9921875
7719,0.9918212890625
7720,0.99365234375
7721,0.9925537109375
7722,0.9930419921875
7723,0.9920654296875
7724,0.9932861328125
7725,0.9908447265625
7726,0.9920654296875
7727,0.992919921875
7728,0.9930419921875
7729,0.9915771484375
7730,0.994140625
7731,0.9935302734375
7732,0.9920654296875
7733,0.9927978515625
7734,0.9918212890625
7735,0.99365234375
7736,0.9935302734375
7737,0.9932861328125
7738,0.993896484375
7739,0.9920654296875
7740,0.991943359375
7741,0.9931640625
7742,0.9921875
7743,0.9921875
7744,0.992431640625
7745,0.9932861328125
7746,0.9918212890625
7747,0.9927978515625
7748,0.99267578125
7749,0.9925537109375
7750,0.992431640625
7751,0.9910888671875
7752,0.9921875
7753,0.993408203125
7754,0.993408203125
7755,0.992919921875
7756,0.9921875
7757,0.994384765625
7758,0.9921875
7759,0.9923095703125
7760,0.9920654296875
7761,0.9921875
7762,0.9942626953125
7763,0.9921875
7764,0.9935302734375
7765,0.991455078125
7766,0.994873046875
7767,0.9912109375
7768,0.992919921875
7769,0.9930419921875
7770,0.99169921875
7771,0.9931640625
7772,0.9921875
7773,0.99267578125
7774,0.991943359375
7775,0.99365234375
7776,0.9937744140625
7777,0.9925537109375
7778,0.9935302734375
7779,0.991455078125
7780,0.9915771484375
7781,0.99365234375
7782,0.9932861328125
7783,0.9918212890625
7784,0.9930419921875
7785,0.9912109375
7786,0.9915771484375
7787,0.9931640625
7788,0.990234375
7789,0.9921875
7790,0.9923095703125
7791,0.991455078125
7792,0.992431640625
7793,0.9930419921875
7794,0.9927978515625
7795,0.9930419921875
7796,0.9915771484375
7797,0.9920654296875
7798,0.99169921875
7799,0.99169921875
7800,0.9949951171875
7801,0.99169921875
7802,0.9925537109375
7803,0.9937744140625
7804,0.9935302734375
7805,0.992431640625
7806,0.99169921875
7807,0.992919921875
7808,0.9925537109375
7809,0.991943359375
7810,0.9927978515625
7811,0.99267578125
7812,0.9920654296875
7813,0.9910888671875
7814,0.9921875
7815,0.99365234375
7816,0.992431640625
7817,0.992919921875
7818,0.9932861328125
7819,0.9925537109375
7820,0.9935302734375
7821,0.99267578125
7822,0.992919921875
7823,0.9923095703125
7824,0.9930419921875
7825,0.99267578125
7826,0.9931640625
7827,0.990966796875
7828,0.9931640625
7829,0.9931640625
7830,0.992919921875
7831,0.99267578125
7832,0.9931640625
7833,0.9930419921875
7834,0.9920654296875
7835,0.9923095703125
7836,0.9932861328125
7837,0.9912109375
7838,0.991943359375
7839,0.9935302734375
7840,0.9932861328125
7841,0.9930419921875
7842,0.9923095703125
7843,0.9927978515625
7844,0.9915771484375
7845,0.993896484375
7846,0.9932861328125
7847,0.99267578125
7848,0.9935302734375
7849,0.992431640625
7850,0.9937744140625
7851,0.993408203125
7852,0.991943359375
7853,0.99267578125
7854,0.9927978515625
7855,0.993408203125
7856,0.9942626953125
7857,0.9925537109375
7858,0.9915771484375
7859,0.9913330078125
7860,0.991943359375
7861,0.994384765625
7862,0.9925537109375
7863,0.9923095703125
7864,0.9923095703125
7865,0.9921875
7866,0.9918212890625
7867,0.9915771484375
7868,0.992919921875
7869,0.99365234375
7870,0.9921875
7871,0.991455078125
7872,0.9935302734375
7873,0.992919921875
7874,0.991455078125
7875,0.9921875
7876,0.9932861328125
7877,0.9915771484375
7878,0.991943359375
7879,0.9945068359375
7880,0.9912109375
7881,0.9913330078125
7882,0.99267578125
7883,0.99365234375
7884,0.9925537109375
7885,0.9923095703125
7886,0.99267578125
7887,0.992431640625
7888,0.992431640625
7889,0.99365234375
7890,0.99267578125
7891,0.9932861328125
7892,0.9915771484375
7893,0.994873046875
7894,0.992919921875
7895,0.99365234375
7896,0.9923095703125
7897,0.9915771484375
7898,0.99267578125
7899,0.992431640625
7900,0.9923095703125
7901,0.9921875
7902,0.9927978515625
7903,0.9925537109375
7904,0.991943359375
7905,0.9910888671875
7906,0.99267578125
7907,0.9930419921875
7908,0.9908447265625
7909,0.9921875
7910,0.9931640625
7911,0.9927978515625
7912,0.9918212890625
7913,0.992431640625
7914,0.992431640625
7915,0.9921875
7916,0.9923095703125
7917,0.993408203125
7918,0.9937744140625
7919,0.99365234375
7920,0.9913330078125
7921,0.9931640625
7922,0.9937744140625
7923,0.992431640625
7924,0.9912109375
7925,0.9921875
7926,0.9927978515625
7927,0.9920654296875
7928,0.9918212890625
7929,0.99267578125
7930,0.9932861328125
7931,0.9925537109375
7932,0.993408203125
7933,0.991943359375
7934,0.9927978515625
7935,0.9925537109375
7936,0.9937744140625
7937,0.9925537109375
7938,0.99169921875
7939,0.9942626953125
7940,0.992919921875
7941,0.9931640625
7942,0.9927978515625
7943,0.9932861328125
7944,0.9915771484375
7945,0.992919921875
7946,0.9927978515625
7947,0.9918212890625
7948,0.992919921875
7949,0.9930419921875
7950,0.992431640625
7951,0.9921875
7952,0.992919921875
7953,0.992431640625
7954,0.9932861328125
7955,0.9925537109375
7956,0.9920654296875
7957,0.9923095703125
7958,0.9913330078125
7959,0.992431640625
7960,0.9927978515625
7961,0.9927978515625
7962,0.99267578125
7963,0.9921875
7964,0.9923095703125
7965,0.9923095703125
7966,0.991943359375
7967,0.99267578125
7968,0.9945068359375
7969,0.9930419921875
7970,0.9927978515625
7971,0.99365234375
7972,0.992431640625
7973,0.993408203125
7974,0.9925537109375
7975,0.991455078125
7976,0.992919921875
7977,0.992919921875
7978,0.9920654296875
7979,0.9925537109375
7980,0.9923095703125
7981,0.9927978515625
7982,0.99267578125
7983,0.992431640625
7984,0.990966796875
7985,0.992431640625
7986,0.9921875
7987,0.993408203125
7988,0.9918212890625
7989,0.9923095703125
7990,0.9921875
7991,0.992431640625
7992,0.9942626953125
7993,0.992431640625
7994,0.9951171875
7995,0.9923095703125
7996,0.9918212890625
7997,0.9925537109375
7998,0.9935302734375
7999,0.993408203125
8000,0.99365234375
8001,0.9923095703125
8002,0.9930419921875
8003,0.9921875
8004,0.9923095703125
8005,0.9918212890625
8006,0.9921875
8007,0.9921875
8008,0.9918212890625
8009,0.9927978515625
8010,0.9927978515625
8011,0.9920654296875
8012,0.9923095703125
8013,0.9927978515625
8014,0.992919921875
8015,0.9927978515625
8016,0.9927978515625
8017,0.9921875
8018,0.9910888671875
8019,0.9931640625
8020,0.9930419921875
8021,0.9925537109375
8022,0.992919921875
8023,0.993896484375
8024,0.9935302734375
8025,0.991943359375
8026,0.991943359375
8027,0.9927978515625
8028,0.99267578125
8029,0.9932861328125
8030,0.9921875
8031,0.9932861328125
8032,0.9918212890625
8033,0.991943359375
8034,0.993408203125
8035,0.992431640625
8036,0.99365234375
8037,0.9925537109375
8038,0.99267578125
8039,0.992431640625
8040,0.993896484375
8041,0.99072265625
8042,0.992431640625
8043,0.9932861328125
8044,0.9930419921875
8045,0.9927978515625
8046,0.9921875
8047,0.992919921875
8048,0.9931640625
8049,0.9931640625
8050,0.9912109375
8051,0.9921875
8052,0.993896484375
8053,0.9910888671875
8054,0.9927978515625
8055,0.9937744140625
8056,0.9912109375
8057,0.9935302734375
8058,0.9921875
8059,0.99267578125
8060,0.9920654296875
8061,0.9931640625
8062,0.99267578125
8063,0.994140625
8064,0.993408203125
8065,0.992919921875
8066,0.992431640625
8067,0.9931640625
8068,0.9923095703125
8069,0.990966796875
8070,0.9927978515625
8071,0.994384765625
8072,0.9918212890625
8073,0.9918212890625
8074,0.992919921875
8075,0.9927978515625
8076,0.993896484375
8077,0.9940185546875
8078,0.9930419921875
8079,0.992431640625
8080,0.9932861328125
8081,0.9931640625
8082,0.992919921875
8083,0.9913330078125
8084,0.9931640625
8085,0.9932861328125
8086,0.9937744140625
8087,0.992919921875
8088,0.9913330078125
8089,0.9923095703125
8090,0.9937744140625
8091,0.9927978515625
8092,0.9908447265625
8093,0.992431640625
8094,0.99267578125
8095,0.9913330078125
8096,0.99267578125
8097,0.993408203125
8098,0.991943359375
8099,0.9930419921875
8100,0.9927978515625
8101,0.9920654296875
8102,0.9937744140625
8103,0.9930419921875
8104,0.99267578125
8105,0.9918212890625
8106,0.991943359375
8107,0.9925537109375
8108,0.9923095703125
8109,0.9937744140625
8110,0.9925537109375
8111,0.99365234375
8112,0.9937744140625
8113,0.9925537109375
8114,0.9925537109375
8115,0.9931640625
8116,0.9930419921875
8117,0.9921875
8118,0.9937744140625
8119,0.9920654296875
8120,0.9923095703125
8121,0.993408203125
8122,0.9921875
8123,0.9920654296875
8124,0.9931640625
8125,0.9920654296875
8126,0.99267578125
8127,0.9927978515625
8128,0.9921875
8129,0.99267578125
8130,0.9937744140625
8131,0.9908447265625
8132,0.992431640625
8133,0.992431640625
8134,0.9923095703125
8135,0.9927978515625
8136,0.9920654296875
8137,0.9921875
8138,0.992431640625
8139,0.9923095703125
8140,0.9930419921875
8141,0.9923095703125
8142,0.990966796875
8143,0.991943359375
8144,0.991943359375
8145,0.99365234375
8146,0.994140625
8147,0.9921875
8148,0.9930419921875
8149,0.9932861328125
8150,0.9921875
8151,0.9927978515625
8152,0.9942626953125
8153,0.9921875
8154,0.9935302734375
8155,0.9930419921875
8156,0.9931640625
8157,0.9923095703125
8158,0.99267578125
8159,0.9925537109375
8160,0.9908447265625
8161,0.99365234375
8162,0.991943359375
8163,0.9913330078125
8164,0.9927978515625
8165,0.9923095703125
8166,0.992919921875
8167,0.992919921875
8168,0.9923095703125
8169,0.9932861328125
8170,0.994140625
8171,0.99365234375
8172,0.9930419921875
8173,0.99169921875
8174,0.9923095703125
8175,0.9931640625
8176,0.99267578125
8177,0.9942626953125
8178,0.9925537109375
8179,0.991943359375
8180,0.993408203125
8181,0.9923095703125
8182,0.9921875
8183,0.9920654296875
8184,0.9912109375
8185,0.99267578125
8186,0.9921875
8187,0.9912109375
8188,0.992919921875
8189,0.9913330078125
8190,0.9942626953125
8191,0.99072265625
